Label	Total Fwd Packets	Total Backward Packets	Flow Bytes/s	Flow Packets/s	Flow Duration	FIN Flag Count	SYN Flag Count	ACK Flag Count	Packet Length Mean	Down/Up Ratio	Average Packet Size
BENIGN DDoS	continuous	continuous	continuous	continuous	continuous	continuous	continuous	continuous	continuous	continuous	continuous
class											
DDoS	5	0	2.59456	0.432426	1.15627e+07	0	0	1	6	0	7.2
BENIGN	2	2	16743.6	128.304	31176	0	0	0	111.4	1	139.25
DDoS	9	5	124.121	0.148992	9.3965e+07	0	0	1	777.933	0	833.5
DDoS	5	0	5.75937	0.959894	5.20891e+06	0	0	1	6	0	7.2
BENIGN	2	2	1.25275e+06	21978	182	0	0	0	55.4	1	69.25
DDoS	5	0	8.39166	1.39861	3.57498e+06	0	0	1	6	0	7.2
DDoS	3	6	18676	14.4489	622884	0	0	0	1163.3	2	1292.56
DDoS	3	5	16869.8	11.6014	689574	0	0	0	1292.56	1	1454.12
DDoS	4	0	2.37701	0.396168	1.00967e+07	0	0	1	6	0	7.5
BENIGN	2	2	8320.87	130.014	30766	0	0	0	61.2	1	76.5
DDoS	4	0	4.93129	0.821881	4.86688e+06	0	0	1	6	0	7.5
DDoS	3	5	315385	217.002	36866	0	0	0	1291.89	1	1453.38
BENIGN	2	2	733728	11834.3	338	0	0	0	55.4	1	69.25
DDoS	3	5	6162.46	4.23792	1.88772e+06	0	0	0	1292.56	1	1454.12
BENIGN	2	2	400853	4264.39	938	0	0	0	84.4	1	105.5
BENIGN	5	0	97.7787	16.8584	296588	0	0	1	4.83333	0	5.8
BENIGN	1	1	0	22222.2	90	0	0	1	0	1	0
BENIGN	1	1	272727	45454.5	44	0	0	1	6	1	9
DDoS	5	0	3.15864	0.52644	9.49776e+06	0	0	1	6	0	7.2
BENIGN	2	2	893281	15810.3	253	0	0	0	52	1	65
BENIGN	2	2	5547.31	129.007	31006	0	0	0	41.4	1	51.75
BENIGN	1	1	0	40816.3	49	0	0	1	0	1	0
DDoS	8	5	160.257	0.178628	7.2777e+07	0	0	1	833.5	0	897.615
DDoS	3	5	11839.2	8.1418	982584	0	0	0	1292.56	1	1454.12
BENIGN	3	0	0	400.16	7497	0	0	1	0	0	0
DDoS	3	4	318557	191.786	36499	0	0	0	1453.38	1	1661
DDoS	5	0	4.25965	0.709942	7.04283e+06	0	0	1	6	0	7.2
BENIGN	2	2	1.26667e+06	22222.2	180	0	0	0	53	1	66.25
BENIGN	2	2	7896.83	127.368	31405	0	0	0	57.4	1	71.75
DDoS	3	5	6462.15	4.44401	1.80017e+06	0	0	0	1292.56	1	1454.12
DDoS	4	0	11.137	1.85616	2.15498e+06	0	0	1	6	0	7.5
BENIGN	2	0	3e+06	500000	4	1	0	0	6	0	9
DDoS	3	4	9597.27	5.77502	1.21212e+06	0	0	0	1454.12	1	1661.86
BENIGN	2	2	1.4186e+06	23255.8	172	0	0	0	55.2	1	69
BENIGN	1	1	0	31250	64	0	0	1	0	1	0
DDoS	4	0	4.48694	0.747823	5.34886e+06	0	0	1	6	0	7.5
BENIGN	2	0	1.55e+07	1e+06	2	0	1	1	20.6667	0	31
BENIGN	2	2	1.35849e+06	25157.2	159	0	0	0	52.4	1	65.5
DDoS	4	0	3.12862	0.521437	7.67112e+06	0	0	1	6	0	7.5
DDoS	4	0	2.99971	0.499952	8.00077e+06	0	0	1	6	0	7.5
BENIGN	10	8	1976.09	4.42464	4.06812e+06	0	0	0	423.105	0	446.611
DDoS	5	0	10.7074	1.78456	2.80181e+06	0	0	1	6	0	7.2
DDoS	3	5	942220	648.298	12340	0	0	0	1291.89	1	1453.38
BENIGN	2	2	1.28421e+06	21052.6	190	0	0	0	55.8	1	69.75
DDoS	3	5	338535	232.931	34345	0	0	0	1291.89	1	1453.38
BENIGN	1	1	7870.73	64.2508	31128	0	0	0	99.3333	1	149
BENIGN	2	2	869565	21739.1	184	0	0	0	38.4	1	48
BENIGN	1	1	2157.45	23.7082	84359	0	0	0	80	1	120
DDoS	5	0	555.155	92.5258	54039	0	0	1	6	0	7.2
DDoS	3	5	106681	73.3642	109045	0	0	0	1292.56	1	1454.12
BENIGN	2	2	4800.56	63.1652	63326	0	0	0	72.2	1	90.25
BENIGN	10	9	87.04	0.371381	5.11604e+07	0	0	0	222.65	0	234.368
BENIGN	2	1	208738	14563.1	206	0	1	1	20	0	26.6667
DDoS	5	0	11.2954	1.88256	2.65595e+06	0	0	1	6	0	7.2
DDoS	8	5	120.18	0.134026	9.69963e+07	0	0	1	833.071	0	897.154
DDoS	5	0	3.20245	0.533742	9.36782e+06	0	0	1	6	0	7.2
BENIGN	1	1	0	25641	78	0	0	1	0	1	0
DDoS	3	5	8975.73	6.1726	1.29605e+06	0	0	0	1292.56	1	1454.12
BENIGN	2	0	9.25e+06	500000	4	0	1	1	24.6667	0	37
DDoS	3	4	9391.05	5.65094	1.23873e+06	0	0	0	1454.12	1	1661.86
BENIGN	1	1	184615	30769.2	65	0	0	1	6	1	9
DDoS	9	7	162.931	0.223518	7.15826e+07	0	0	1	686.412	0	729.312
BENIGN	20	17	49.5504	0.320238	1.15539e+08	0	0	0	150.658	0	154.73
DDoS	5	0	1.44973	0.241622	2.06934e+07	0	0	1	6	0	7.2
DDoS	3	5	126842	87.2743	91665	0	0	0	1291.89	1	1453.38
DDoS	3	4	6916.94	4.16432	1.68095e+06	0	0	0	1453.38	1	1661
BENIGN	6	6	32824.9	95.1905	126063	0	0	0	318.308	1	344.833
BENIGN	2	0	4e+06	666667	3	0	0	1	6	0	9
BENIGN	1	1	89.6168	4.16822	479821	1	0	0	16.3333	1	24.5
DDoS	8	7	130.334	0.167711	8.94396e+07	0	0	1	728.938	0	777.533
DDoS	3	7	6707.27	5.7687	1.73349e+06	0	0	0	1057	2	1162.7
DDoS	3	3	10151.3	5.23846	1.14538e+06	0	0	0	1661	1	1937.83
DDoS	3	4	13737.3	8.27049	846383	0	0	0	1453.38	1	1661
DDoS	8	5	160.566	0.179064	7.25996e+07	0	0	1	833.071	0	897.154
BENIGN	2	0	9.2446	0.249854	8.00467e+06	0	1	1	37	0	55.5
BENIGN	2	1	74074.1	12345.7	243	0	0	1	6	0	8
BENIGN	18	26	2296.13	2.83393	1.55261e+07	0	0	0	792.222	1	810.227
DDoS	3	5	6698.4	4.60648	1.73668e+06	0	0	0	1292.56	1	1454.12
BENIGN	1	1	1743.28	16.2923	122757	0	0	0	90.6667	1	136
DDoS	3	5	537073	369.344	21660	0	0	0	1292.56	1	1454.12
BENIGN	2	2	725664	17699.1	226	0	0	0	39.4	1	49.25
DDoS	3	6	8915.16	6.89731	1.30486e+06	0	0	0	1163.3	2	1292.56
BENIGN	2	1	204762	14285.7	210	0	1	1	20	0	26.6667
DDoS	5	0	2.52094	0.420156	1.19003e+07	0	0	1	6	0	7.2
BENIGN	2	2	7907.19	129.626	30858	0	0	0	55.2	1	69
BENIGN	2	0	160.402	26.7337	74812	0	0	1	6	0	9
DDoS	3	6	11227.8	8.68651	1.03609e+06	0	0	0	1163.3	2	1292.56
DDoS	4	0	3.26146	0.543577	7.35866e+06	0	0	1	6	0	7.5
BENIGN	2	2	1.03604e+06	18018	222	0	0	0	53.6	1	67
DDoS	4	0	3.98346	0.66391	6.02492e+06	0	0	1	6	0	7.5
BENIGN	2	2	1.26829e+06	24390.2	164	0	0	0	50.4	1	63
DDoS	3	6	9343.96	7.22906	1.24498e+06	0	0	0	1163.3	2	1292.56
DDoS	8	5	142.95	0.159337	8.15881e+07	0	0	1	833.5	0	897.615
DDoS	5	0	9.56656	1.59443	3.13592e+06	0	0	1	6	0	7.2
DDoS	5	0	2.85152	0.475253	1.05207e+07	0	0	1	6	0	7.2
DDoS	5	0	3.28058	0.546763	9.14474e+06	0	0	1	6	0	7.2
DDoS	3	5	376900	259.328	30849	0	0	0	1291.89	1	1453.38
DDoS	3	7	6542.09	5.62664	1.77726e+06	0	0	0	1057	2	1162.7
DDoS	8	6	154.218	0.185215	7.55879e+07	0	0	1	777.533	0	833.071
DDoS	3	5	31645	21.7623	367609	0	0	0	1292.56	1	1454.12
DDoS	3	6	46718	36.1626	248876	0	0	0	1162.7	2	1291.89
DDoS	8	6	141.349	0.169672	8.25122e+07	0	0	1	777.933	0	833.5
DDoS	8	5	157.782	0.17596	7.38805e+07	0	0	1	833.071	0	897.154
DDoS	3	4	550912	331.675	21105	0	0	0	1453.38	1	1661
BENIGN	7	4	135.907	1.99065	5.52583e+06	0	0	0	62.5833	0	68.2727
DDoS	8	4	119.548	0.123003	9.75588e+07	0	0	1	897.615	0	972.417
BENIGN	6	4	11.2956	0.116209	8.60516e+07	0	0	0	91.6364	0	100.8
DDoS	3	6	26877.7	20.7942	432812	0	0	0	1163.3	2	1292.56
BENIGN	3	0	9.25e+06	750000	4	0	0	1	9.25	0	12.3333
BENIGN	1	1	2996.83	58.7613	34036	0	0	0	48.3333	1	72.5
BENIGN	16	14	90.4411	0.493943	6.07357e+07	0	0	0	177.194	0	183.1
BENIGN	1	1	592.579	11.8516	168754	0	0	0	47.3333	1	71
BENIGN	2	2	11924.8	126.859	31531	0	0	0	81.6	1	102
DDoS	3	5	8828.72	6.0715	1.31763e+06	0	0	0	1292.56	1	1454.12
BENIGN	2	0	0	666667	3	0	0	1	0	0	0
BENIGN	1	1	99173.6	16528.9	121	0	0	1	6	1	9
DDoS	5	0	4.97525	0.829209	6.02985e+06	0	0	1	6	0	7.2
DDoS	3	6	6393.24	4.94875	1.81864e+06	0	0	0	1162.7	2	1291.89
DDoS	5	0	16.3396	2.72327	1.83602e+06	0	0	1	6	0	7.2
DDoS	4	0	11.9048	1.98414	2.01599e+06	0	0	1	6	0	7.5
BENIGN	1	1	0	26666.7	75	0	0	1	0	1	0
BENIGN	2	2	1.22013e+06	12578.6	318	0	0	0	83.8	1	104.75
BENIGN	14	10	61438.8	145.748	164668	0	0	0	404.68	0	421.542
DDoS	3	4	12734	7.66253	913536	0	0	0	1454.12	1	1661.86
BENIGN	2	2	4311.62	65.8263	60766	0	0	0	59.8	1	74.75
DDoS	3	6	6148.23	4.75665	1.89209e+06	0	0	0	1163.3	2	1292.56
BENIGN	1	1	4e+06	666667	3	0	0	1	6	1	9
BENIGN	1	1	222222	37037	54	0	0	1	6	1	9
DDoS	4	0	3.36144	0.56024	7.1398e+06	0	0	1	6	0	7.5
DDoS	3	5	6759.57	4.64855	1.72097e+06	0	0	0	1292.56	1	1454.12
DDoS	3	5	7844.92	5.39494	1.48287e+06	0	0	0	1292.56	1	1454.12
BENIGN	1	1	1018.59	21.2206	94248	0	0	0	48	1	72
DDoS	8	6	141.416	0.16984	8.24304e+07	0	0	1	777.533	0	833.071
DDoS	8	5	121.531	0.135462	9.59676e+07	0	0	1	833.5	0	897.615
DDoS	8	4	122.162	0.125757	9.54224e+07	0	0	1	897.154	0	971.917
DDoS	9	5	121.636	0.145934	9.59336e+07	0	0	1	778.333	0	833.929
DDoS	4	0	5.02092	0.83682	4.78e+06	0	0	1	6	0	7.5
BENIGN	10	7	60705	212.649	79944	0	0	0	269.611	0	285.471
DDoS	3	5	15495	10.6614	750371	0	0	0	1291.89	1	1453.38
DDoS	4	0	3.35823	0.559705	7.14662e+06	0	0	1	6	0	7.5
BENIGN	10	5	15855.7	183.941	81548	0	0	0	80.8125	0	86.2
BENIGN	5	1	29.8186	0.988461	6.07004e+06	0	1	1	32.4286	0	37.8333
BENIGN	2	2	1.7801e+06	20942.4	191	0	0	0	77.2	1	96.5
DDoS	3	5	7861.74	5.40651	1.4797e+06	0	0	0	1292.56	1	1454.12
DDoS	8	4	144.138	0.148379	8.08741e+07	0	0	1	897.154	0	971.917
DDoS	8	4	131.705	0.13551	8.8554e+07	0	0	1	897.615	0	972.417
BENIGN	2	0	155844	25974	77	0	0	1	6	0	9
DDoS	9	6	126.728	0.162987	9.20319e+07	0	0	1	729.312	0	777.933
DDoS	5	0	3.09861	0.516435	9.68176e+06	0	0	1	6	0	7.2
DDoS	3	4	251367	151.335	46255	0	0	0	1453.38	1	1661
DDoS	4	0	5.86959	0.978266	4.08887e+06	0	0	1	6	0	7.5
BENIGN	3	1	0	0.695072	5.7548e+06	0	0	0	0	0	0
BENIGN	4	4	320.221	1.51137	5.29321e+06	0	0	0	188.333	1	211.875
BENIGN	2	2	17300.3	402.334	9942	0	0	0	41.4	1	51.75
DDoS	3	5	15554.4	10.6967	747893	0	0	0	1292.56	1	1454.12
DDoS	4	0	3.37034	0.561723	7.12095e+06	0	0	1	6	0	7.5
BENIGN	1	1	80.2995	0.597023	3.34996e+06	0	0	0	106.667	1	160
DDoS	3	4	142298	85.6259	81751	0	0	0	1454.12	1	1661.86
DDoS	3	4	46777.1	28.1475	248690	0	0	0	1454.12	1	1661.86
DDoS	3	6	20357.8	15.7501	571426	0	0	0	1163.3	2	1292.56
DDoS	3	5	21985.1	15.1269	528859	0	0	0	1291.89	1	1453.38
BENIGN	2	2	1.28643e+06	20100.5	199	0	0	0	58.8	1	73.5
BENIGN	1	1	0	58823.5	34	0	0	1	0	1	0
BENIGN	2	2	1.7095e+06	22346.4	179	0	0	0	67.4	1	84.25
BENIGN	1	2	290323	48387.1	62	0	0	1	6	2	8
BENIGN	2	2	3756.4	70.8755	56437	0	0	0	49.2	1	61.5
BENIGN	35	38	531.473	0.905892	8.05835e+07	0	0	0	578.757	1	586.685
DDoS	3	5	211471	145.428	55010	0	0	0	1292.56	1	1454.12
BENIGN	2	2	420.271	8.08213	494919	0	0	0	48.8	1	61
BENIGN	5	1	26.1455	0.992866	6.04311e+06	0	1	1	28.4286	0	33.1667
DDoS	4	0	2.01127	0.335212	1.19327e+07	0	0	1	6	0	7.5
DDoS	3	7	6226.45	5.35517	1.86736e+06	0	0	0	1057	2	1162.7
BENIGN	1	1	0	40816.3	49	0	0	1	0	1	0
BENIGN	2	0	4e+06	666667	3	0	0	1	6	0	9
DDoS	5	0	10.5045	1.75074	2.85593e+06	0	0	1	6	0	7.2
DDoS	3	4	46440.4	27.9449	250493	0	0	0	1454.12	1	1661.86
DDoS	4	0	5.9515	0.991917	4.0326e+06	0	0	1	6	0	7.5
DDoS	3	4	170722	102.73	68140	0	0	0	1454.12	1	1661.86
BENIGN	1	1	5431.62	64.6621	30930	0	0	0	74.6667	1	112
BENIGN	2	2	5611.88	81.9252	48825	0	0	0	63.2	1	79
DDoS	4	0	76.6893	12.7816	312951	0	0	1	6	0	7.5
BENIGN	16	13	10.1477	0.250241	1.15888e+08	0	0	0	39.2	0	40.5517
DDoS	4	0	3.03235	0.505391	7.91466e+06	0	0	1	6	0	7.5
BENIGN	1	1	230769	38461.5	52	0	0	1	6	1	9
BENIGN	1	1	3498.07	33.157	60319	0	0	0	90.6667	1	136
BENIGN	1	1	3644.65	75.9301	26340	0	0	0	48	1	72
DDoS	3	5	31605.5	21.7351	368069	0	0	0	1292.56	1	1454.12
BENIGN	1	1	400000	66666.7	30	0	0	1	6	1	9
BENIGN	2	2	1.19101e+06	22471.9	178	0	0	0	51.4	1	64.25
DDoS	3	6	8669.12	6.70696	1.34189e+06	0	0	0	1163.3	2	1292.56
DDoS	3	5	12235.6	8.41437	950754	0	0	0	1292.56	1	1454.12
DDoS	3	7	9462.62	8.13849	1.22873e+06	0	0	0	1057	2	1162.7
DDoS	4	0	5.77076	0.961793	4.1589e+06	0	0	1	6	0	7.5
BENIGN	7	4	147.054	2.07119	5.31096e+06	0	0	0	65.0833	0	71
DDoS	3	6	14318.7	11.0836	812013	0	0	0	1162.7	2	1291.89
DDoS	3	4	9531.09	5.73816	1.2199e+06	0	0	0	1453.38	1	1661
BENIGN	2	0	1.23333e+07	666667	3	0	1	1	22.6667	0	34
BENIGN	2	2	1.57692e+06	12820.5	312	0	0	0	110.2	1	137.75
DDoS	3	6	204337	158.169	56901	0	0	0	1162.7	2	1291.89
DDoS	3	6	15376.8	11.8964	756529	0	0	0	1163.3	2	1292.56
BENIGN	2	2	2173.15	30.3938	131606	0	0	0	65.8	1	82.25
DDoS	8	5	151.484	0.168936	7.6952e+07	0	0	1	833.071	0	897.154
DDoS	5	0	3.72727	0.621212	8.04878e+06	0	0	1	6	0	7.2
DDoS	3	5	13391	9.20899	868716	0	0	0	1292.56	1	1454.12
DDoS	8	6	163.16	0.195954	7.14454e+07	0	0	1	777.533	0	833.071
DDoS	8	4	126.592	0.130317	9.20831e+07	0	0	1	897.154	0	971.917
BENIGN	1	1	2118.4	28.2454	70808	0	0	0	65.6667	1	98.5
BENIGN	2	1	118.444	59.2218	50657	0	0	1	1.5	0	2
DDoS	3	6	6591.33	5.10209	1.76398e+06	0	0	0	1162.7	2	1291.89
BENIGN	5	5	175.615	1.9578	5.10777e+06	0	0	0	81.5455	1	89.7
DDoS	3	5	9732.02	6.6927	1.19533e+06	0	0	0	1292.56	1	1454.12
DDoS	3	6	271191	209.81	42896	0	0	0	1163.3	2	1292.56
DDoS	4	0	9.99593	1.66599	2.40098e+06	0	0	1	6	0	7.5
DDoS	2	6	12417.3	8.54379	936353	0	0	0	1291.89	3	1453.38
DDoS	3	5	247789	170.492	46923	0	0	0	1291.89	1	1453.38
DDoS	3	6	8817.41	6.82169	1.31932e+06	0	0	0	1163.3	2	1292.56
BENIGN	15	10	123096	346.476	72155	0	0	0	341.615	0	355.28
BENIGN	1	1	14337.8	85.8553	23295	0	0	0	124.333	1	186.5
DDoS	3	6	6309.33	4.88129	1.84378e+06	0	0	0	1163.3	2	1292.56
BENIGN	2	2	4325.8	47.0195	85071	0	0	0	82	1	102.5
DDoS	3	6	364986	282.521	31856	0	0	0	1162.7	2	1291.89
DDoS	7	4	119.103	0.11239	9.78735e+07	0	0	1	971.917	0	1060.27
DDoS	4	0	4.77907	0.796511	5.0219e+06	0	0	1	6	0	7.5
DDoS	4	0	5.28652	0.881086	4.53985e+06	0	0	1	6	0	7.5
DDoS	3	6	18430.7	14.2591	631176	0	0	0	1163.3	2	1292.56
DDoS	8	4	121.573	0.125086	9.59343e+07	0	0	1	897.615	0	972.417
BENIGN	8	6	1343.49	3.34319	4.18761e+06	0	0	0	375.067	0	401.857
DDoS	9	4	148.255	0.165165	7.87091e+07	0	0	1	833.929	0	898.077
BENIGN	86	180	2184.08	2.27278	1.17037e+08	0	0	0	957.375	2	960.974
DDoS	3	5	84342.9	58.0324	137854	0	0	0	1291.89	1	1453.38
BENIGN	2	0	49180.3	8196.72	244	0	0	1	6	0	9
BENIGN	8	7	1017.62	2.41638	6.20764e+06	0	0	0	394.812	0	421.133
DDoS	5	0	3.73099	0.621832	8.04076e+06	0	0	1	6	0	7.2
BENIGN	2	0	4e+06	666667	3	1	0	0	6	0	9
BENIGN	22	16	69.6927	0.320116	1.18707e+08	0	0	0	212.128	0	217.711
BENIGN	71	51	325.348	1.03455	1.17926e+08	0	0	0	311.927	0	314.484
BENIGN	1	1	0	27027	74	0	0	1	0	1	0
BENIGN	1	1	93023.3	15503.9	129	0	0	1	6	1	9
BENIGN	10	5	7581.69	50.4325	297427	0	0	0	140.938	0	150.333
BENIGN	2	1	0	83.1762	36068	0	0	1	0	0	0
BENIGN	2	2	2.19883e+06	23391.8	171	0	0	0	84.4	1	105.5
DDoS	3	5	244766	168.325	47527	0	0	0	1292.56	1	1454.12
DDoS	3	5	16298.6	11.2085	713744	0	0	0	1292.56	1	1454.12
BENIGN	1	1	0	38461.5	52	0	0	1	0	1	0
BENIGN	1	1	2285.3	40.093	49884	0	0	0	52.3333	1	78.5
BENIGN	1	1	480000	80000	25	0	0	1	6	1	9
DDoS	3	6	26925.4	20.8419	431823	0	0	0	1162.7	2	1291.89
DDoS	9	5	128.128	0.153802	9.10262e+07	0	0	1	777.933	0	833.5
BENIGN	2	1	895833	62500	48	0	1	1	18.5	0	24.6667
BENIGN	2	0	0	252.27	7928	0	0	1	0	0	0
DDoS	4	0	18.4451	3.07419	1.30116e+06	0	0	1	6	0	7.5
BENIGN	1	1	0	47619	42	0	0	1	0	1	0
DDoS	9	6	130.691	0.167998	8.92869e+07	0	0	1	729.688	0	778.333
DDoS	3	5	6184.37	4.25298	1.88103e+06	0	0	0	1292.56	1	1454.12
BENIGN	15	11	23989.2	74.5986	348532	0	0	0	309.667	0	321.577
BENIGN	16	14	11.474	0.260378	1.15217e+08	0	0	0	42.6452	0	44.0667
BENIGN	2	2	1.03704e+06	21164	189	0	0	0	46.2	1	57.75
BENIGN	2	2	40.6737	0.633054	6.31857e+06	0	0	0	59.2	1	74
BENIGN	1	1	0	51.5983	38761	0	0	1	0	1	0
DDoS	8	6	115.63	0.1388	1.00865e+08	0	0	1	777.933	0	833.5
DDoS	6	0	5.93195	0.988658	6.06883e+06	0	0	1	6	0	7
DDoS	3	5	12846.5	8.83908	905072	0	0	0	1291.89	1	1453.38
BENIGN	1	1	1202.5	20.3813	98129	0	0	0	56.3333	1	84.5
DDoS	8	6	145.326	0.174447	8.02538e+07	0	0	1	777.933	0	833.5
BENIGN	2	0	98360.7	16393.4	122	0	0	1	6	0	9
BENIGN	2	2	1.80247e+06	16460.9	243	0	0	0	95.6	1	119.5
DDoS	3	5	96528.1	66.4165	120452	0	0	0	1291.89	1	1453.38
BENIGN	2	2	811321	18867.9	212	0	0	0	41.4	1	51.75
BENIGN	1	1	352941	58823.5	34	0	0	1	6	1	9
DDoS	3	6	299572	231.887	38812	0	0	0	1162.7	2	1291.89
BENIGN	2	0	0	666667	3	0	0	1	0	0	0
DDoS	3	4	99233.6	59.7433	117168	0	0	0	1453.38	1	1661
BENIGN	1	1	206.32	1.8842	1.06146e+06	0	0	0	90.6667	1	136
DDoS	3	6	9597.04	7.42868	1.21152e+06	0	0	0	1162.7	2	1291.89
DDoS	4	0	5.90165	0.983609	4.06666e+06	0	0	1	6	0	7.5
DDoS	3	6	14402.1	11.1423	807732	0	0	0	1163.3	2	1292.56
BENIGN	1	1	5318.98	65.2635	30645	0	0	0	68	1	102
DDoS	4	0	2.97553	0.495922	8.06579e+06	0	0	1	6	0	7.5
BENIGN	2	2	1.90863e+06	20304.6	197	0	0	0	84.4	1	105.5
DDoS	4	0	3.73004	0.621673	6.43425e+06	0	0	1	6	0	7.5
BENIGN	1	1	2611.04	54.3966	36767	0	0	0	48	1	72
BENIGN	2	2	8092.49	165.153	24220	0	0	0	46.2	1	57.75
DDoS	3	5	6616.1	4.54988	1.75829e+06	0	0	0	1292.56	1	1454.12
DDoS	3	6	63305.5	49.0023	183665	0	0	0	1162.7	2	1291.89
DDoS	4	0	2.74169	0.456948	8.75373e+06	0	0	1	6	0	7.5
BENIGN	1	1	5523.42	37.1948	53771	0	0	0	115.333	1	173
BENIGN	5	2	78571.8	112.383	62287	0	0	1	611.75	0	699.143
DDoS	3	5	27864.7	19.1625	417482	0	0	0	1292.56	1	1454.12
DDoS	3	4	189479	114.075	61363	0	0	0	1453.38	1	1661
BENIGN	2	0	4e+06	666667	3	1	0	0	6	0	9
DDoS	4	0	1.86965	0.311608	1.28367e+07	0	0	1	6	0	7.5
DDoS	5	0	7.34231	1.22372	4.08591e+06	0	0	1	6	0	7.2
DDoS	3	4	6390.46	3.84736	1.81943e+06	0	0	0	1453.38	1	1661
DDoS	8	4	147.717	0.151986	7.89549e+07	0	0	1	897.615	0	972.417
DDoS	8	4	116.872	0.120311	9.97417e+07	0	0	1	897.154	0	971.917
BENIGN	2	2	2.17341e+06	23121.4	173	0	0	0	84.4	1	105.5
DDoS	8	6	163.162	0.195956	7.14445e+07	0	0	1	777.533	0	833.071
DDoS	3	6	6509.35	5.03863	1.7862e+06	0	0	0	1162.7	2	1291.89
BENIGN	1	1	4666.65	52.4343	38143	0	0	0	75.3333	1	113
DDoS	3	5	8677.48	5.9675	1.3406e+06	0	0	0	1292.56	1	1454.12
BENIGN	2	2	8094.52	65.2784	61276	0	0	0	106.8	1	133.5
DDoS	4	0	3.91204	0.652007	6.13491e+06	0	0	1	6	0	7.5
BENIGN	1	1	1481.99	20.0268	99866	0	0	0	65.3333	1	98
DDoS	3	6	133099	103.027	87356	0	0	0	1162.7	2	1291.89
DDoS	5	0	3.86298	0.64383	7.76602e+06	0	0	1	6	0	7.2
DDoS	4	0	212.384	35.3973	113003	0	0	1	6	0	7.5
BENIGN	4	4	4336.96	44.711	178927	0	0	0	94.3333	1	106.125
BENIGN	2	2	1.33641e+06	18433.2	217	0	0	0	67.4	1	84.25
DDoS	3	5	6416.3	4.41476	1.8121e+06	0	0	0	1291.89	1	1453.38
DDoS	3	4	29731.8	17.8907	391265	0	0	0	1454.12	1	1661.86
BENIGN	1	1	3719.9	65.2614	30646	0	0	0	54.3333	1	81.5
DDoS	5	0	4.91734	0.819557	6.10086e+06	0	0	1	6	0	7.2
BENIGN	2	2	4266.96	40.0653	99837	0	0	0	95	1	118.75
BENIGN	2	2	9519.61	76.771	52103	0	0	0	106	1	132.5
BENIGN	4	5	41721.5	139.381	64571	0	0	0	269.4	1	299.333
DDoS	5	0	2.52915	0.421525	1.18617e+07	0	0	1	6	0	7.2
DDoS	3	4	11661.2	7.02059	997067	0	0	0	1453.38	1	1661
BENIGN	1	1	44.1412	7.35686	271855	0	0	1	6	1	9
BENIGN	1	1	1.33333e+06	222222	9	0	0	1	6	1	9
DDoS	3	6	28103.1	21.7423	413940	0	0	0	1163.3	2	1292.56
DDoS	3	5	8573.1	5.89571	1.35692e+06	0	0	0	1292.56	1	1454.12
BENIGN	22	21	78.1248	0.371694	1.15687e+08	0	0	0	205.409	0	210.186
DDoS	4	0	8.36542	1.39424	2.86895e+06	0	0	1	6	0	7.5
DDoS	4	0	14.5367	2.42278	1.651e+06	0	0	1	6	0	7.5
DDoS	5	0	2.85069	0.475116	1.05238e+07	0	0	1	6	0	7.2
DDoS	3	5	6375.39	4.38435	1.82467e+06	0	0	0	1292.56	1	1454.12
BENIGN	1	1	6259.28	64.5286	30994	0	0	0	86	1	129
DDoS	8	6	147.166	0.176745	7.92101e+07	0	0	1	777.533	0	833.071
BENIGN	1	1	266667	44444.4	45	0	0	1	6	1	9
BENIGN	8	5	641.774	2.38783	5.44428e+06	0	0	0	249.571	0	268.769
BENIGN	2	2	2461.54	29.304	136500	0	0	0	74.6	1	93.25
DDoS	5	0	2.83027	0.471711	1.05997e+07	0	0	1	6	0	7.2
BENIGN	2	2	5802.4	126.139	31711	0	0	0	44.4	1	55.5
BENIGN	4	2	4279.86	67.5767	88788	0	0	0	60.8571	0	71
DDoS	4	0	4.06033	0.676721	5.91085e+06	0	0	1	6	0	7.5
DDoS	8	5	143.482	0.15993	8.12857e+07	0	0	1	833.5	0	897.615
BENIGN	4	2	4221.03	71.9493	83392	0	0	0	55.5714	0	64.8333
DDoS	5	0	10.4605	1.74342	2.86793e+06	0	0	1	6	0	7.2
DDoS	3	5	203639	140.115	57096	0	0	0	1291.89	1	1453.38
DDoS	3	6	10174.2	7.87142	1.14338e+06	0	0	0	1163.3	2	1292.56
DDoS	4	0	3.84383	0.640638	6.24378e+06	0	0	1	6	0	7.5
DDoS	3	4	14000.1	8.42435	830925	0	0	0	1454.12	1	1661.86
DDoS	3	4	1.25318e+06	754.473	9278	0	0	0	1453.38	1	1661
DDoS	4	0	70.3755	11.7292	341028	0	0	1	6	0	7.5
DDoS	3	6	20518.2	15.8742	566959	0	0	0	1163.3	2	1292.56
DDoS	3	4	7704.77	4.63624	1.50984e+06	0	0	0	1454.12	1	1661.86
BENIGN	2	2	6495.19	64.9519	61584	0	0	0	87	1	108.75
BENIGN	2	2	2.35676e+06	21621.6	185	0	0	0	97	1	121.25
DDoS	8	6	1331.01	1.59853	8.75802e+06	0	0	1	777.533	0	833.071
BENIGN	6	5	159.511	3.97873	2.7647e+06	0	0	0	36.75	0	40.0909
BENIGN	1	1	3568.5	41.9824	47639	0	0	0	75	1	112.5
DDoS	3	4	9259.42	5.57173	1.25634e+06	0	0	0	1454.12	1	1661.86
BENIGN	2	2	1.11013e+06	17621.1	227	0	0	0	57.8	1	72.25
DDoS	5	0	16.9493	2.82488	1.76999e+06	0	0	1	6	0	7.2
DDoS	4	0	5.04832	0.841386	4.75406e+06	0	0	1	6	0	7.5
BENIGN	17	24	3397.09	23.6229	1.7356e+06	0	0	0	140.381	1	143.805
DDoS	3	4	74665.8	44.9291	155801	0	0	0	1454.12	1	1661.86
BENIGN	2	2	7848.94	128.671	31087	0	0	0	55.2	1	69
DDoS	3	5	22533.3	15.5041	515993	0	0	0	1291.89	1	1453.38
BENIGN	2	2	10876.3	130.255	30709	0	0	0	75	1	93.75
DDoS	8	6	119.192	0.143075	9.78507e+07	0	0	1	777.933	0	833.5
BENIGN	2	2	919540	22988.5	174	0	0	0	38.4	1	48
DDoS	5	0	3.31389	0.552314	9.05282e+06	0	0	1	6	0	7.2
BENIGN	10	7	412.938	1.90552	8.92145e+06	0	0	0	204.667	0	216.706
BENIGN	4	4	263.418	3.29272	2.4296e+06	0	0	0	74.4444	1	83.75
DDoS	8	5	144.524	0.161091	8.06995e+07	0	0	1	833.5	0	897.615
DDoS	3	4	12462.7	7.49927	933424	0	0	0	1454.12	1	1661.86
DDoS	4	0	2.63598	0.43933	9.10477e+06	0	0	1	6	0	7.5
DDoS	3	5	23267.3	16.0091	499715	0	0	0	1291.89	1	1453.38
DDoS	8	6	115.66	0.138836	1.00838e+08	0	0	1	777.933	0	833.5
DDoS	4	0	2.38358	0.397264	1.00689e+07	0	0	1	6	0	7.5
BENIGN	3	4	10845.3	27.9827	250155	0	0	0	339.125	1	387.571
DDoS	5	0	2.94016	0.490027	1.02035e+07	0	0	1	6	0	7.2
BENIGN	1	1	179104	29850.7	67	0	0	1	6	1	9
DDoS	4	0	2.40055	0.400091	9.99773e+06	0	0	1	6	0	7.5
BENIGN	2	0	0	366.636	5455	0	0	1	0	0	0
BENIGN	2	2	1.54902e+06	19607.8	204	0	0	0	71	1	88.75
BENIGN	2	0	9.25e+06	500000	4	0	1	1	22.6667	0	34
BENIGN	2	2	6686.78	163.092	24526	0	0	0	39.4	1	49.25
DDoS	5	0	7.39298	1.23216	4.0579e+06	0	0	1	6	0	7.2
BENIGN	1	1	500000	83333.3	24	0	0	1	6	1	9
BENIGN	2	2	68.6122	22.8707	174896	0	0	1	2.4	1	3
DDoS	8	6	164.732	0.197741	7.07998e+07	0	0	1	777.933	0	833.5
BENIGN	6	6	97.5608	0.521483	2.30113e+07	0	0	0	172.692	1	187.083
DDoS	5	0	5.62227	0.937045	5.33592e+06	0	0	1	6	0	7.2
DDoS	4	0	3.3624	0.5604	7.13776e+06	0	0	1	6	0	7.5
BENIGN	2	2	5503.87	97.4137	41062	0	0	0	52	1	65
DDoS	3	5	8724.04	5.99951	1.33344e+06	0	0	0	1292.56	1	1454.12
DDoS	5	0	2.75667	0.459445	1.08827e+07	0	0	1	6	0	7.2
DDoS	5	0	3.16263	0.527105	9.48577e+06	0	0	1	6	0	7.2
DDoS	8	5	144.371	0.160921	8.07849e+07	0	0	1	833.5	0	897.615
DDoS	3	6	257405	199.247	45170	0	0	0	1162.7	2	1291.89
BENIGN	1	1	730.638	12.8182	156028	0	0	0	57	1	85.5
DDoS	8	5	133.158	0.148423	8.75877e+07	0	0	1	833.5	0	897.615
DDoS	4	0	15.2959	2.54931	1.56905e+06	0	0	1	6	0	7.5
BENIGN	1	1	292683	48780.5	41	0	0	1	6	1	9
DDoS	4	0	27.5519	4.59198	871084	0	0	1	6	0	7.5
DDoS	4	0	2.9634	0.4939	8.09881e+06	0	0	1	6	0	7.5
BENIGN	13	0	9.02353e+07	764706	17	0	0	0	118	0	127.077
DDoS	4	0	2.5158	0.4193	9.5397e+06	0	0	1	6	0	7.5
DDoS	5	0	131.545	21.9242	228058	0	0	1	6	0	7.2
DDoS	3	4	200310	120.596	58045	0	0	0	1453.38	1	1661
DDoS	5	0	15.0303	2.50505	1.99597e+06	0	0	1	6	0	7.2
BENIGN	4	2	8904.44	190.809	31445	0	0	0	45.1429	0	52.6667
DDoS	4	0	2.43538	0.405897	9.85472e+06	0	0	1	6	0	7.5
DDoS	4	0	3.36478	0.560796	7.13271e+06	0	0	1	6	0	7.5
DDoS	8	4	141.037	0.145187	8.26519e+07	0	0	1	897.154	0	971.917
BENIGN	1	1	387097	64516.1	31	0	0	1	6	1	9
BENIGN	15	14	112.583	0.477537	6.07283e+07	0	0	0	227.9	0	235.759
DDoS	3	6	6641.92	5.14125	1.75055e+06	0	0	0	1162.7	2	1291.89
BENIGN	1	1	0	500000	4	0	0	1	0	1	0
BENIGN	3	1	473684	105263	38	1	0	0	4.8	0	6
BENIGN	2	0	12.0064	2.00107	999463	0	0	1	6	0	9
BENIGN	4	3	1300.5	97.887	71511	0	0	0	11.625	0	13.2857
DDoS	3	6	143808	111.316	80851	0	0	0	1162.7	2	1291.89
BENIGN	10	5	15486.6	194.881	76970	0	0	0	74.5	0	79.4667
DDoS	9	5	159.734	0.191642	7.30528e+07	0	0	1	778.333	0	833.929
BENIGN	2	0	9.25e+06	500000	4	0	1	1	24.6667	0	37
BENIGN	1	1	2887.02	54.4722	36716	0	0	0	50.3333	1	75.5
BENIGN	12	11	636.672	2.20235	1.04434e+07	0	0	0	277.042	0	289.087
BENIGN	2	0	72289.2	12048.2	166	0	0	1	6	0	9
BENIGN	7	8	26.414	0.249345	6.01575e+07	0	0	0	99.3125	1	105.933
BENIGN	1	1	285714	47619	42	0	0	1	6	1	9
BENIGN	6	6	1611.31	6.19336	1.93756e+06	0	0	0	240.154	1	260.167
BENIGN	15	10	14401.7	43.0622	580555	0	0	0	321.577	0	334.44
BENIGN	12	8	23711.5	127.859	156422	0	0	0	176.619	0	185.45
BENIGN	2	0	1.23333e+07	666667	3	0	1	1	24.6667	0	37
BENIGN	2	0	0	4415.01	453	0	0	1	0	0	0
BENIGN	2	0	1.23333e+07	666667	3	0	1	1	24.6667	0	37
BENIGN	2	0	1.23333e+07	666667	3	0	1	1	24.6667	0	37
DDoS	4	0	3.88926	0.64821	6.17084e+06	0	0	1	6	0	7.5
DDoS	3	4	709569	427.194	16386	0	0	0	1453.38	1	1661
DDoS	9	4	162.121	0.180613	7.1977e+07	0	0	1	833.929	0	898.077
DDoS	4	0	2.86062	0.47677	8.38978e+06	0	0	1	6	0	7.5
DDoS	3	5	9447.62	6.49711	1.23132e+06	0	0	0	1292.56	1	1454.12
DDoS	3	5	6819.66	4.68987	1.7058e+06	0	0	0	1292.56	1	1454.12
DDoS	6	0	10.9287	1.82145	3.29408e+06	0	0	1	6	0	7
BENIGN	5	2	69.2485	2.28651	3.06144e+06	0	0	0	26.5	0	30.2857
BENIGN	20	24	30507.2	40.584	1.08417e+06	0	0	0	735	1	751.705
BENIGN	1	1	0	51282.1	39	0	0	1	0	1	0
DDoS	3	5	6652.13	4.57466	1.74876e+06	0	0	0	1292.56	1	1454.12
DDoS	8	5	129.733	0.144605	8.98999e+07	0	0	1	833.5	0	897.615
DDoS	3	4	552247	332.478	21054	0	0	0	1453.38	1	1661
DDoS	4	0	36.1047	6.01744	664734	0	0	1	6	0	7.5
BENIGN	6	6	15698.7	45.5695	263334	0	0	0	318	1	344.5
DDoS	3	5	545689	375.27	21318	0	0	0	1292.56	1	1454.12
DDoS	3	4	29056.9	17.4936	400146	0	0	0	1453.38	1	1661
BENIGN	1	3	421053	70175.4	57	0	0	1	6	3	7.5
BENIGN	2	0	1.23333e+07	666667	3	0	1	1	24.6667	0	37
BENIGN	2	2	7170.91	65.1901	61359	0	0	0	97.2	1	121.5
BENIGN	1	1	545455	90909.1	22	0	0	1	6	1	9
BENIGN	1	1	0	23255.8	86	0	0	1	0	1	0
BENIGN	1	1	0	37735.8	53	0	0	1	0	1	0
DDoS	5	0	3.76087	0.626812	7.97687e+06	0	0	1	6	0	7.2
BENIGN	5	1	38.0927	1.26274	4.75156e+06	0	1	1	32.4286	0	37.8333
BENIGN	2	0	1.23333e+07	666667	3	0	1	1	22.6667	0	34
DDoS	4	0	22.6417	3.77361	1.05999e+06	0	0	1	6	0	7.5
DDoS	3	5	8678.27	5.96804	1.34047e+06	0	0	0	1292.56	1	1454.12
BENIGN	8	4	632.212	1.3217	9.07924e+06	0	0	0	441.538	0	478.333
BENIGN	3	1	2.07996	0.693321	5.76934e+06	0	0	0	2.4	0	3
BENIGN	1	1	0	16.3994	121956	0	0	1	0	1	0
BENIGN	2	1	0	56.9336	52693	0	0	1	0	0	0
BENIGN	20	25	4362.93	319.759	140731	0	0	0	13.3478	1	13.6444
BENIGN	1	1	0	39.5077	50623	0	0	1	0	1	0
DDoS	5	0	7.40577	1.23429	4.0509e+06	0	0	1	6	0	7.2
BENIGN	3	3	0.199842	0.066614	9.00712e+07	0	0	1	3.42857	1	4
DDoS	3	5	27282.2	18.7716	426176	0	0	0	1291.89	1	1453.38
DDoS	4	0	6.3803	1.06338	3.76158e+06	0	0	1	6	0	7.5
BENIGN	4	2	10454.3	193.598	30992	0	0	0	51.7143	0	60.3333
DDoS	9	4	143.632	0.160015	8.12424e+07	0	0	1	833.929	0	898.077
BENIGN	10	8	155.584	1.11886	1.60878e+07	0	0	0	131.737	0	139.056
DDoS	4	0	2.67356	0.445593	8.9768e+06	0	0	1	6	0	7.5
DDoS	3	5	6458.55	4.44154	1.80118e+06	0	0	0	1292.56	1	1454.12
DDoS	3	6	8917.46	6.89909	1.30452e+06	0	0	0	1163.3	2	1292.56
BENIGN	2	0	12.0071	2.00118	999411	0	0	1	6	0	9
BENIGN	4	4	7655.86	107.075	74714	0	0	0	68.4444	1	77
BENIGN	1	1	0	30303	66	0	0	1	0	1	0
BENIGN	14	15	91.4831	0.411894	7.04064e+07	0	0	0	214.7	1	222.103
DDoS	8	6	141.692	0.170084	8.23122e+07	0	0	1	777.933	0	833.5
DDoS	3	5	19520.5	13.4242	595937	0	0	0	1292.56	1	1454.12
BENIGN	1	1	0	245.912	8133	0	0	1	0	1	0
BENIGN	21	18	46.9351	0.336731	1.15819e+08	0	0	0	135.9	0	139.385
DDoS	3	5	8250.79	5.67698	1.4092e+06	0	0	0	1291.89	1	1453.38
DDoS	5	0	12.0196	2.00327	2.49591e+06	0	0	1	6	0	7.2
BENIGN	2	2	1.40397e+06	26490.1	151	0	0	0	49.2	1	61.5
DDoS	3	5	121506	83.6024	95691	0	0	0	1291.89	1	1453.38
DDoS	5	0	3.32876	0.554793	9.01237e+06	0	0	1	6	0	7.2
BENIGN	2	2	1.87448e+06	16736.4	239	0	0	0	96.4	1	120.5
BENIGN	1	1	0	90909.1	22	0	0	1	0	1	0
BENIGN	2	2	13286.1	127.751	31311	0	0	0	95.8	1	119.75
DDoS	3	5	12343.5	8.48863	942437	0	0	0	1292.56	1	1454.12
DDoS	5	0	4.53183	0.755305	6.61984e+06	0	0	1	6	0	7.2
DDoS	3	6	755196	584.567	15396	0	0	0	1162.7	2	1291.89
DDoS	3	6	14144.5	10.9431	822438	0	0	0	1163.3	2	1292.56
BENIGN	2	0	0	666667	3	0	0	1	0	0	0
DDoS	5	0	2.51031	0.418386	1.19507e+07	0	0	1	6	0	7.2
BENIGN	1	1	0	15503.9	129	0	0	1	0	1	0
DDoS	3	5	8131.13	5.59177	1.43067e+06	0	0	0	1292.56	1	1454.12
DDoS	3	6	14571.7	11.2736	798327	0	0	0	1163.3	2	1292.56
DDoS	3	5	24796.1	17.0522	469147	0	0	0	1292.56	1	1454.12
DDoS	4	0	4.06374	0.677289	5.9059e+06	0	0	1	6	0	7.5
BENIGN	17	15	18.3147	0.27684	1.1559e+08	0	0	0	64.1515	0	66.1562
DDoS	3	5	21895.9	15.0656	531012	0	0	0	1291.89	1	1453.38
DDoS	5	0	14.7277	2.45462	2.03697e+06	0	0	1	6	0	7.2
BENIGN	3	4	3547.29	24.2728	288389	0	0	0	127.875	1	146.143
BENIGN	2	2	6658.62	166.466	24029	0	0	0	38.4	1	48
BENIGN	2	1	165385	11538.5	260	0	1	1	20	0	26.6667
BENIGN	2	2	1.7563e+06	16806.7	238	0	0	0	91.6	1	114.5
BENIGN	2	2	3.11681	0.0445258	8.98355e+07	0	0	0	65.8	1	82.25
DDoS	4	0	3.39134	0.565224	7.07684e+06	0	0	1	6	0	7.5
BENIGN	2	0	1.23333e+07	666667	3	0	1	1	24.6667	0	37
BENIGN	2	2	4912.63	32.9707	121320	0	0	0	125.6	1	157
DDoS	3	5	22225.4	15.2844	523409	0	0	0	1292.56	1	1454.12
BENIGN	2	0	1.23333e+07	666667	3	0	1	1	24.6667	0	37
BENIGN	1	1	3674.26	30.1169	66408	0	0	0	100.667	1	151
DDoS	3	6	7759.14	6.00295	1.49926e+06	0	0	0	1163.3	2	1292.56
BENIGN	2	2	418182	18181.8	220	0	0	0	23	1	28.75
DDoS	8	6	142.095	0.170568	8.20786e+07	0	0	1	777.933	0	833.5
DDoS	3	5	6184.77	4.25326	1.88091e+06	0	0	0	1292.56	1	1454.12
BENIGN	2	2	1.04683e+06	11019.3	363	0	0	0	83.8	1	104.75
DDoS	4	0	4.69127	0.781878	5.11589e+06	0	0	1	6	0	7.5
BENIGN	5	3	16431.3	107.482	74431	0	0	0	135.889	0	152.875
DDoS	3	4	20490.7	12.33	567720	0	0	0	1454.12	1	1661.86
DDoS	3	5	8467.06	5.82279	1.37391e+06	0	0	0	1292.56	1	1454.12
DDoS	7	6	1558.21	1.73863	7.47715e+06	0	0	1	832.643	0	896.692
BENIGN	1	1	2967.24	41.792	47856	0	0	0	65.6667	1	98.5
BENIGN	11	12	715.762	1.49293	1.5406e+07	0	0	0	459.458	1	479.435
DDoS	9	4	117.447	0.130843	9.93558e+07	0	0	1	833.929	0	898.077
DDoS	3	4	139640	84.0699	83264	0	0	0	1453.38	1	1661
DDoS	5	0	2.86212	0.477021	1.04817e+07	0	0	1	6	0	7.2
BENIGN	2	2	1.29577e+06	28169	142	0	0	0	44.4	1	55.5
BENIGN	11	10	2394.21	10.4725	2.00525e+06	0	0	0	218.227	0	228.619
DDoS	3	7	6226.03	5.3548	1.86748e+06	0	0	0	1057	2	1162.7
BENIGN	2	2	1.6381e+06	19047.6	210	0	0	0	75.4	1	94.25
BENIGN	2	2	1.21154e+06	19230.8	208	0	0	0	56.8	1	71
DDoS	4	0	3.05777	0.509629	7.84885e+06	0	0	1	6	0	7.5
BENIGN	1	1	9015.52	85.0521	23515	0	0	0	87.3333	1	131
DDoS	3	4	14338.5	8.63246	810893	0	0	0	1453.38	1	1661
BENIGN	23	19	66.0426	0.363394	1.15577e+08	0	0	0	177.512	0	181.738
DDoS	3	5	504270	346.786	23069	0	0	0	1292.56	1	1454.12
DDoS	9	4	159.644	0.177945	7.30564e+07	0	0	1	833.5	0	897.615
DDoS	4	0	11.7017	1.95028	2.05099e+06	0	0	1	6	0	7.5
DDoS	3	6	11771.9	9.11212	987695	0	0	0	1162.7	2	1291.89
DDoS	3	5	6916.43	4.75888	1.68107e+06	0	0	0	1291.89	1	1453.38
DDoS	8	5	145.367	0.162114	8.01903e+07	0	0	1	833.071	0	897.154
BENIGN	10	5	17529.1	247.586	60585	0	0	0	66.375	0	70.8
BENIGN	4	2	6293.74	98.3397	61013	0	0	0	59.1429	0	69
DDoS	5	0	13.277	2.21284	2.25954e+06	0	0	1	6	0	7.2
DDoS	8	6	141.37	0.169697	8.25e+07	0	0	1	777.933	0	833.5
DDoS	5	0	28.8827	4.81378	1.03868e+06	0	0	1	6	0	7.2
BENIGN	2	2	9772.4	126.095	31722	0	0	0	69	1	86.25
BENIGN	2	0	58536.6	9756.1	205	0	0	1	6	0	9
DDoS	4	0	8.52272	1.42045	2.816e+06	0	0	1	6	0	7.5
DDoS	5	0	67.1111	11.1852	447020	0	0	1	6	0	7.2
DDoS	4	0	3.9268	0.654467	6.11184e+06	0	0	1	6	0	7.5
BENIGN	2	2	2.90805	0.0605844	6.60236e+07	0	0	0	48	1	60
BENIGN	2	0	4e+06	666667	3	1	0	0	6	0	9
BENIGN	2	2	1.44e+06	26666.7	150	0	0	0	52.4	1	65.5
DDoS	3	6	10492.1	8.11731	1.10874e+06	0	0	0	1163.3	2	1292.56
BENIGN	1	1	6203.31	64.9562	30790	0	0	0	80	1	120
BENIGN	7	4	154.79	2.18014	5.04554e+06	0	0	0	65.0833	0	71
BENIGN	1	1	923077	153846	13	0	0	1	6	1	9
BENIGN	2	0	1.23333e+07	666667	3	0	1	1	22.6667	0	34
DDoS	3	4	113411	68.2434	102574	0	0	0	1454.12	1	1661.86
BENIGN	1	1	0	22.9279	87230	0	0	1	0	1	0
DDoS	3	5	6544.23	4.50046	1.7776e+06	0	0	0	1292.56	1	1454.12
BENIGN	3	1	2.74713	0.784896	5.09622e+06	0	0	0	2.8	0	3.5
BENIGN	1	1	3190.51	63.8101	31343	0	0	0	47.3333	1	71
DDoS	3	6	257851	199.592	45092	0	0	0	1162.7	2	1291.89
DDoS	3	5	341154	234.611	34099	0	0	0	1292.56	1	1454.12
DDoS	3	5	574059	394.984	20254	0	0	0	1291.89	1	1453.38
DDoS	4	0	3.41962	0.569936	7.01833e+06	0	0	1	6	0	7.5
DDoS	5	0	2.65799	0.442998	1.12867e+07	0	0	1	6	0	7.2
DDoS	8	6	126.564	0.152002	9.2104e+07	0	0	1	777.533	0	833.071
BENIGN	2	0	4e+06	666667	3	0	0	1	6	0	9
BENIGN	2	0	4e+06	666667	3	0	0	1	6	0	9
BENIGN	2	2	4940.44	83.7363	47769	0	0	0	54.8	1	68.5
DDoS	3	5	118196	81.2835	98421	0	0	0	1292.56	1	1454.12
BENIGN	1	1	0	666667	3	0	0	1	0	1	0
BENIGN	35	45	239401	274.814	291106	0	0	0	860.383	1	871.138
DDoS	3	4	16527.4	9.94512	703863	0	0	0	1454.12	1	1661.86
BENIGN	2	2	4905.35	36.3359	110084	0	0	0	118.2	1	147.75
BENIGN	2	0	51.8381	8.63968	231490	0	0	1	6	0	9
DDoS	8	4	132.128	0.136016	8.8225e+07	0	0	1	897.154	0	971.917
BENIGN	2	2	2.91667e+06	20833.3	192	0	0	0	120.8	1	151
BENIGN	2	2	2609.61	43.1341	92734	0	0	0	55.8	1	69.75
BENIGN	2	2	1.60894e+06	22346.4	179	0	0	0	66	1	82.5
DDoS	3	5	45004.9	30.9498	258483	0	0	0	1292.56	1	1454.12
DDoS	5	0	4.10972	0.684954	7.29976e+06	0	0	1	6	0	7.2
DDoS	3	6	7016.43	5.43114	1.65711e+06	0	0	0	1162.7	2	1291.89
DDoS	3	6	27005.6	20.8932	430762	0	0	0	1163.3	2	1292.56
DDoS	3	5	19985.3	13.7439	582077	0	0	0	1292.56	1	1454.12
DDoS	4	0	4.35976	0.726627	5.50489e+06	0	0	1	6	0	7.5
BENIGN	11	7	2664.68	14.9328	1.2054e+06	0	0	0	169.053	0	178.444
BENIGN	2	2	4.77764	0.0718443	5.5676e+07	0	0	0	62.2	1	77.75
BENIGN	10	8	25192.3	96.2969	186922	0	0	0	247.842	0	261.611
BENIGN	12	12	25.1568	0.265858	9.02738e+07	0	0	0	90.84	1	94.625
BENIGN	2	1	358.916	59.8193	50151	0	0	1	6	0	8
BENIGN	2	2	1.18182e+06	18181.8	220	0	0	0	59.8	1	74.75
DDoS	5	0	4.06624	0.677707	7.37782e+06	0	0	1	6	0	7.2
DDoS	3	4	9358.64	5.63143	1.24302e+06	0	0	0	1454.12	1	1661.86
BENIGN	2	2	561205	3766.48	1062	0	0	0	126.6	1	158.25
DDoS	3	6	14155.8	10.9518	821783	0	0	0	1163.3	2	1292.56
BENIGN	1	1	0	24096.4	83	0	0	1	0	1	0
BENIGN	2	2	6566.72	123.9	32284	0	0	0	49.8	1	62.25
DDoS	3	4	313059	188.476	37140	0	0	0	1453.38	1	1661
DDoS	4	0	2.87954	0.479923	8.33467e+06	0	0	1	6	0	7.5
DDoS	7	5	1197.97	1.23322	9.73065e+06	0	0	1	897.154	0	971.917
DDoS	4	0	8.97599	1.496	2.6738e+06	0	0	1	6	0	7.5
BENIGN	2	2	1.30811e+06	21621.6	185	0	0	0	54.8	1	68.5
DDoS	8	4	116.644	0.120076	9.99367e+07	0	0	1	897.154	0	971.917
BENIGN	1	1	444444	74074.1	27	0	0	1	6	1	9
DDoS	5	0	7.43323	1.23887	4.03593e+06	0	0	1	6	0	7.2
DDoS	3	6	42705.3	33.0565	272261	0	0	0	1162.7	2	1291.89
BENIGN	1	1	73.9784	3.99883	500146	1	0	0	14.3333	1	21.5
DDoS	3	6	235371	182.098	49424	0	0	0	1163.3	2	1292.56
BENIGN	7	4	147.359	2.07548	5.29997e+06	0	0	0	65.0833	0	71
BENIGN	2	0	4.3e+07	2e+06	1	0	0	1	16.3333	0	24.5
DDoS	3	6	10961.2	8.48027	1.06129e+06	0	0	0	1163.3	2	1292.56
DDoS	5	0	3.30259	0.550432	9.08377e+06	0	0	1	6	0	7.2
BENIGN	2	0	0	666667	3	0	0	1	0	0	0
BENIGN	3	4	27281.9	147.016	47614	0	0	0	162.375	1	185.571
DDoS	3	6	128507	99.4211	90524	0	0	0	1163.3	2	1292.56
DDoS	4	0	3.52584	0.587639	6.8069e+06	0	0	1	6	0	7.5
DDoS	3	6	8291.6	6.41488	1.40299e+06	0	0	0	1163.3	2	1292.56
BENIGN	5	1	45.0706	1.49405	4.01592e+06	0	1	1	32.4286	0	37.8333
DDoS	3	6	12067.3	9.33598	964012	0	0	0	1163.3	2	1292.56
BENIGN	15	10	32612.4	97.5134	256375	0	0	0	321.577	0	334.44
BENIGN	12	7	17554.5	88.8008	213962	0	0	0	187.8	0	197.684
BENIGN	1	1	141176	23529.4	85	0	0	1	6	1	9
DDoS	5	0	4.41317	0.735529	6.79783e+06	0	0	1	6	0	7.2
DDoS	3	6	6679.51	5.16768	1.74159e+06	0	0	0	1163.3	2	1292.56
DDoS	3	6	75969.6	58.8051	153048	0	0	0	1162.7	2	1291.89
BENIGN	2	2	1.82278e+06	25316.5	158	0	0	0	66.4	1	83
BENIGN	1	1	5626.91	81.5494	24525	0	0	0	59.6667	1	89.5
BENIGN	2	2	3002.32	43.5118	91929	0	0	0	60.8	1	76
DDoS	4	0	7.861	1.31017	3.05305e+06	0	0	1	6	0	7.5
DDoS	5	0	3.69969	0.616615	8.10879e+06	0	0	1	6	0	7.2
DDoS	3	5	103069	70.8805	112866	0	0	0	1292.56	1	1454.12
DDoS	3	6	21292.6	16.4732	546341	0	0	0	1163.3	2	1292.56
DDoS	3	6	59799.9	46.2649	194532	0	0	0	1163.3	2	1292.56
DDoS	3	5	18186.2	12.5066	639662	0	0	0	1292.56	1	1454.12
DDoS	5	0	38.6097	6.43495	777007	0	0	1	6	0	7.2
DDoS	4	0	6.51475	1.08579	3.68395e+06	0	0	1	6	0	7.5
BENIGN	2	2	9030.21	127.186	31450	0	0	0	63.4	1	79.25
BENIGN	2	0	3.7e+07	2e+06	1	0	1	1	24.6667	0	37
BENIGN	3	1	21524.7	3587.44	1115	1	0	0	6	0	7.5
DDoS	4	0	2.9896	0.498267	8.02783e+06	0	0	1	6	0	7.5
DDoS	3	6	7266.5	5.62471	1.60008e+06	0	0	0	1162.7	2	1291.89
DDoS	8	6	163.282	0.196101	7.13917e+07	0	0	1	777.533	0	833.071
BENIGN	2	2	1.70068e+06	27210.9	147	0	0	0	56.8	1	71
DDoS	9	4	164.408	0.183161	7.09759e+07	0	0	1	833.929	0	898.077
BENIGN	2	0	645833	41666.7	48	0	1	1	20.6667	0	31
BENIGN	2	0	1.10256e+06	51282.1	39	0	1	1	26.6667	0	40
DDoS	5	0	3.80769	0.634615	7.8788e+06	0	0	1	6	0	7.2
DDoS	4	0	8.29026	1.38171	2.89496e+06	0	0	1	6	0	7.5
BENIGN	2	0	1.23333e+07	666667	3	0	1	1	24.6667	0	37
DDoS	8	4	142.379	0.146569	8.18729e+07	0	0	1	897.154	0	971.917
BENIGN	10	7	1056.7	3.25079	5.2295e+06	0	0	0	307	0	325.059
BENIGN	2	2	9278.79	129.773	30823	0	0	0	65.4	1	81.75
DDoS	3	4	133310	80.2173	87263	0	0	0	1454.12	1	1661.86
DDoS	3	6	7989.71	6.18133	1.456e+06	0	0	0	1163.3	2	1292.56
DDoS	3	5	276432	190.2	42061	0	0	0	1291.89	1	1453.38
DDoS	3	5	201924	138.935	57581	0	0	0	1291.89	1	1453.38
BENIGN	16	14	10.7225	0.259835	1.15458e+08	0	0	0	39.9355	0	41.2667
DDoS	3	4	118029	71.0588	98510	0	0	0	1453.38	1	1661
DDoS	8	6	141.427	0.169853	8.24243e+07	0	0	1	777.533	0	833.071
BENIGN	2	2	14299.9	165.317	24196	0	0	0	76.6	1	95.75
BENIGN	1	1	0	37735.8	53	0	0	1	0	1	0
BENIGN	20	16	19.7727	0.312611	1.15159e+08	0	0	0	61.5405	0	63.25
DDoS	8	5	148.57	0.165601	7.85018e+07	0	0	1	833.5	0	897.615
DDoS	5	0	2.48513	0.414189	1.20718e+07	0	0	1	6	0	7.2
BENIGN	1	1	2841.63	31.9285	62640	0	0	0	78	1	117
DDoS	4	0	12.139	2.02316	1.9771e+06	0	0	1	6	0	7.5
BENIGN	2	2	635659	15503.9	258	0	0	0	39.4	1	49.25
DDoS	3	6	15503.2	11.9943	750359	0	0	0	1163.3	2	1292.56
DDoS	8	6	114.427	0.137426	1.01873e+08	0	0	1	777.533	0	833.071
BENIGN	1	1	2757.46	29.9724	66728	0	0	0	75	1	112.5
BENIGN	1	1	1184.66	24.6804	81036	0	0	0	48	1	72
BENIGN	2	2	1.16832e+06	19802	202	0	0	0	55.2	1	69
DDoS	3	4	289085	174.043	40220	0	0	0	1453.38	1	1661
BENIGN	2	2	2539.38	23.1907	172483	0	0	0	95	1	118.75
BENIGN	2	2	1.86008e+06	16460.9	243	0	0	0	97	1	121.25
BENIGN	1	1	0	166667	12	0	0	1	0	1	0
BENIGN	2	2	922.575	23.6558	169092	0	0	0	37.4	1	46.75
DDoS	4	0	5.91149	0.985249	4.05989e+06	0	0	1	6	0	7.5
BENIGN	1	1	0	86.9301	23007	0	0	1	0	1	0
BENIGN	3	1	2.06276	0.687588	5.81744e+06	0	0	0	2.4	0	3
DDoS	3	6	9291.8	7.18871	1.25196e+06	0	0	0	1163.3	2	1292.56
BENIGN	2	2	1.90588e+06	23529.4	170	0	0	0	70.8	1	88.5
DDoS	5	0	8.85477	1.4758	3.388e+06	0	0	1	6	0	7.2
DDoS	3	6	17015.1	13.1707	683333	0	0	0	1162.7	2	1291.89
DDoS	5	0	3.0221	0.503684	9.92686e+06	0	0	1	6	0	7.2
BENIGN	2	2	19836.6	166.694	23996	0	0	0	101.2	1	126.5
DDoS	4	0	3.46029	0.576715	6.93583e+06	0	0	1	6	0	7.5
DDoS	3	6	16431.4	12.7189	707610	0	0	0	1162.7	2	1291.89
BENIGN	2	2	5940.77	59.1121	67668	0	0	0	91.2	1	114
BENIGN	2	0	1.23333e+07	666667	3	0	1	1	24.6667	0	37
DDoS	3	6	25838.9	19.9905	450213	0	0	0	1163.3	2	1292.56
BENIGN	2	2	12396.7	165.289	24200	0	0	0	66.6	1	83.25
DDoS	4	0	4.98349	0.830582	4.8159e+06	0	0	1	6	0	7.5
BENIGN	4	0	40.5813	5.59742	714615	0	0	1	5.8	0	7.25
BENIGN	2	2	1.48148e+06	14814.8	270	0	0	0	87.2	1	109
DDoS	3	5	9704.43	6.67717	1.19811e+06	0	0	0	1291.89	1	1453.38
BENIGN	1	1	0	39.3802	50787	0	0	1	0	1	0
DDoS	3	5	9198.02	6.32873	1.26408e+06	0	0	0	1291.89	1	1453.38
DDoS	4	0	3.20562	0.53427	7.48685e+06	0	0	1	6	0	7.5
DDoS	4	0	14.8967	2.48279	1.61109e+06	0	0	1	6	0	7.5
DDoS	8	5	120.564	0.134385	9.67368e+07	0	0	1	833.5	0	897.615
DDoS	4	0	2.83973	0.473288	8.45151e+06	0	0	1	6	0	7.5
DDoS	3	6	12560.7	9.7177	926145	0	0	0	1163.3	2	1292.56
DDoS	5	0	4.17603	0.696005	7.18386e+06	0	0	1	6	0	7.2
DDoS	5	0	4.70823	0.784704	6.37183e+06	0	0	1	6	0	7.2
BENIGN	2	2	27886.6	165.01	24241	0	0	0	141.2	1	176.5
BENIGN	2	0	4e+06	666667	3	0	0	1	6	0	9
DDoS	5	0	2.99769	0.499615	1.00077e+07	0	0	1	6	0	7.2
DDoS	4	0	13.7067	2.28444	1.75097e+06	0	0	1	6	0	7.5
BENIGN	1	3	272727	60606.1	66	0	0	1	3.6	3	4.5
DDoS	5	0	17.8472	2.97453	1.68094e+06	0	0	1	6	0	7.2
DDoS	3	4	6784.47	4.08247	1.71465e+06	0	0	0	1454.12	1	1661.86
BENIGN	1	1	0	66666.7	30	0	0	1	0	1	0
DDoS	4	0	3.16752	0.52792	7.5769e+06	0	0	1	6	0	7.5
DDoS	9	5	158.728	0.190436	7.35157e+07	0	0	1	778.333	0	833.929
BENIGN	1	1	14293.7	65.4172	30573	0	0	0	161.333	1	242
DDoS	3	5	108989	74.9513	106736	0	0	0	1292.56	1	1454.12
DDoS	3	5	36488.6	25.0932	318812	0	0	0	1292.56	1	1454.12
BENIGN	1	1	0	54054.1	37	0	0	1	0	1	0
DDoS	3	6	21986.9	17.0192	528816	0	0	0	1162.7	2	1291.89
DDoS	5	0	1247.61	207.935	24046	0	0	1	6	0	7.2
DDoS	5	0	34.9639	5.82732	858028	0	0	1	6	0	7.2
DDoS	8	4	148.564	0.152857	7.85047e+07	0	0	1	897.615	0	972.417
BENIGN	2	0	1.23333e+07	666667	3	0	1	1	22.6667	0	34
BENIGN	1	1	4073.15	84.8572	23569	0	0	0	48	1	72
DDoS	3	6	268528	207.857	43299	0	0	0	1162.7	2	1291.89
BENIGN	2	0	1.0355e+09	1e+06	2	0	1	1	1378.67	0	2068
BENIGN	3	0	345745	15957.4	188	0	0	1	17.75	0	23.6667
BENIGN	1	1	0	17543.9	114	0	0	1	0	1	0
DDoS	3	6	209755	162.279	55460	0	0	0	1163.3	2	1292.56
DDoS	8	5	123.8	0.137991	9.42087e+07	0	0	1	833.5	0	897.615
DDoS	4	0	3.4583	0.576384	6.93982e+06	0	0	1	6	0	7.5
BENIGN	1	1	218182	36363.6	55	0	0	1	6	1	9
DDoS	5	0	5.05457	0.842428	5.93522e+06	0	0	1	6	0	7.2
BENIGN	22	13	94.7034	0.354808	9.86448e+07	0	0	0	259.5	0	266.914
DDoS	3	3	197034	101.678	59010	0	0	0	1661	1	1937.83
DDoS	3	5	6670.21	4.58946	1.74312e+06	0	0	0	1291.89	1	1453.38
DDoS	4	0	12.0301	2.00501	1.995e+06	0	0	1	6	0	7.5
BENIGN	2	2	811594	19323.7	207	0	0	0	40.4	1	50.5
BENIGN	3	1	237864	19417.5	206	0	0	1	11	0	13.75
DDoS	3	5	16946.4	11.654	686457	0	0	0	1292.56	1	1454.12
DDoS	3	4	17928.8	10.7884	648845	0	0	0	1454.12	1	1661.86
DDoS	3	4	173297	104.333	67093	0	0	0	1453.38	1	1661
BENIGN	9	9	161141	228.839	78658	0	0	0	667.105	1	704.167
DDoS	3	5	136019	93.5399	85525	0	0	0	1292.56	1	1454.12
BENIGN	22	20	82.8386	0.363859	1.15429e+08	0	0	0	222.372	0	227.667
DDoS	3	5	261498	179.925	44463	0	0	0	1291.89	1	1453.38
DDoS	3	5	9099.58	6.25777	1.27841e+06	0	0	0	1292.56	1	1454.12
BENIGN	8	6	31.1325	0.154943	9.03558e+07	0	0	0	187.533	0	200.929
DDoS	3	6	31478.7	24.3664	369361	0	0	0	1162.7	2	1291.89
BENIGN	1	1	0	30769.2	65	0	0	1	0	1	0
BENIGN	1	1	3730.25	41.9129	47718	0	0	0	78	1	117
BENIGN	5	8	8070.46	15.9738	813832	0	0	0	469.143	1	505.231
BENIGN	8	6	752.006	2.72114	5.14491e+06	0	0	0	257.933	0	276.357
DDoS	4	0	3.96079	0.660132	6.05939e+06	0	0	1	6	0	7.5
DDoS	5	0	135.017	22.5029	222194	0	0	1	6	0	7.2
DDoS	5	0	1.29739	0.216232	2.31234e+07	0	0	1	6	0	7.2
DDoS	5	0	422.285	70.3809	71042	0	0	1	6	0	7.2
DDoS	5	0	3.71807	0.619679	8.06869e+06	0	0	1	6	0	7.2
DDoS	6	0	8.8108	1.46847	4.08589e+06	0	0	1	6	0	7
BENIGN	1	1	3038.74	29.9383	66804	0	0	0	87	1	130.5
DDoS	8	4	1275.52	1.31238	9.14372e+06	0	0	1	897.615	0	972.417
BENIGN	2	0	5.66983	0.944971	2.11647e+06	0	0	1	6	0	9
DDoS	3	6	22456.4	17.3826	517759	0	0	0	1162.7	2	1291.89
DDoS	4	0	3.67864	0.613106	6.52416e+06	0	0	1	6	0	7.5
BENIGN	5	3	10559.8	84.8176	94320	0	0	0	110.667	0	124.5
BENIGN	9	9	703.089	2.37307	7.5851e+06	0	0	0	280.684	1	296.278
BENIGN	4	2	7135.14	122.317	49053	0	0	0	55.8571	0	65.1667
BENIGN	2	2	8998.59	128.551	31116	0	0	0	62.8	1	78.5
DDoS	4	0	4.02829	0.671382	5.95786e+06	0	0	1	6	0	7.5
DDoS	5	0	3.21139	0.535232	9.34174e+06	0	0	1	6	0	7.2
BENIGN	3	0	0	4504.5	666	0	0	1	0	0	0
BENIGN	2	2	10321	129.824	30811	0	0	0	70.4	1	88
BENIGN	4	2	9316.62	98.0697	61181	0	0	0	86.8571	0	101.333
DDoS	4	0	2.38456	0.397426	1.00648e+07	0	0	1	6	0	7.5
DDoS	5	0	2.50379	0.417299	1.19818e+07	0	0	1	6	0	7.2
BENIGN	7	6	98.4043	0.323371	4.02015e+07	0	0	0	282.571	0	304.308
DDoS	5	0	7.54737	1.25789	3.9749e+06	0	0	1	6	0	7.2
BENIGN	3	1	2.21651	0.738836	5.41392e+06	0	0	0	2.4	0	3
BENIGN	1	1	342857	57142.9	35	0	0	1	6	1	9
BENIGN	1	1	307692	51282.1	39	0	0	1	6	1	9
BENIGN	2	2	42.15	0.393007	1.01779e+07	0	0	0	98.6	1	123.25
BENIGN	1	1	1574.16	16.6578	120064	0	0	0	78.3333	1	117.5
BENIGN	1	1	230769	38461.5	52	0	0	1	6	1	9
DDoS	3	4	13006.5	7.8265	894397	0	0	0	1454.12	1	1661.86
BENIGN	12	9	42.5948	0.433587	4.84331e+07	0	0	0	93.7727	0	98.2381
DDoS	3	4	110263	66.3834	105448	0	0	0	1453.38	1	1661
DDoS	3	6	10623.1	8.21871	1.09506e+06	0	0	0	1163.3	2	1292.56
DDoS	3	6	26497.6	20.5002	439021	0	0	0	1163.3	2	1292.56
DDoS	3	5	16782.6	11.5413	693160	0	0	0	1292.56	1	1454.12
BENIGN	18	20	50678.9	72.7266	522505	0	0	0	678.974	1	696.842
BENIGN	2	2	9541.8	128.078	31231	0	0	0	67.8	1	84.75
DDoS	5	0	3.92167	0.653612	7.6498e+06	0	0	1	6	0	7.2
BENIGN	1	1	0	37.4378	53422	0	0	1	0	1	0
BENIGN	2	2	338926	3355.7	1192	0	0	0	86.8	1	108.5
DDoS	3	5	21770.6	14.9793	534070	0	0	0	1291.89	1	1453.38
BENIGN	1	1	2641.51	41.9287	47700	0	0	0	57.6667	1	86.5
DDoS	5	0	21.0958	3.51597	1.42208e+06	0	0	1	6	0	7.2
BENIGN	2	0	385417	20833.3	96	0	1	1	24.6667	0	37
BENIGN	1	1	0	17699.1	113	0	0	1	0	1	0
DDoS	4	0	14.4844	2.41407	1.65695e+06	0	0	1	6	0	7.5
DDoS	4	0	3.88988	0.648313	6.16986e+06	0	0	1	6	0	7.5
DDoS	4	0	2.91341	0.485568	8.23778e+06	0	0	1	6	0	7.5
DDoS	5	0	2.64675	0.441125	1.13346e+07	0	0	1	6	0	7.2
BENIGN	11	7	661.385	3.29777	5.45824e+06	0	0	0	190	0	200.556
DDoS	3	5	14371.7	9.88849	809021	0	0	0	1291.89	1	1453.38
BENIGN	3	0	1.55e+07	1.5e+06	2	0	0	1	7.75	0	10.3333
BENIGN	1	1	0	38461.5	52	0	0	1	0	1	0
BENIGN	2	2	1.58621e+06	22988.5	174	0	0	0	62.6	1	78.25
DDoS	3	5	327918	225.625	35457	0	0	0	1291.89	1	1453.38
DDoS	4	0	3.93492	0.65582	6.09923e+06	0	0	1	6	0	7.5
DDoS	3	6	253499	196.224	45866	0	0	0	1162.7	2	1291.89
DDoS	9	5	141.834	0.170254	8.223e+07	0	0	1	777.933	0	833.5
BENIGN	2	0	1.23333e+07	666667	3	0	1	1	24.6667	0	37
BENIGN	2	2	12851.8	128.518	31124	0	0	0	87.2	1	109
DDoS	3	5	85339.1	58.6876	136315	0	0	0	1292.56	1	1454.12
DDoS	3	6	9971.25	7.71437	1.16665e+06	0	0	0	1163.3	2	1292.56
BENIGN	2	2	3604.81	51.4973	77674	0	0	0	63.2	1	79
BENIGN	2	0	3.7e+07	2e+06	1	0	1	1	24.6667	0	37
DDoS	4	0	1.98008	0.330014	1.21207e+07	0	0	1	6	0	7.5
BENIGN	13	11	32234.2	115.466	207854	0	0	0	268	0	279.167
BENIGN	1	1	0	14705.9	136	0	0	1	0	1	0
DDoS	5	0	2.50759	0.417931	1.19637e+07	0	0	1	6	0	7.2
BENIGN	7	4	134.039	1.92484	5.71476e+06	0	0	0	63.8333	0	69.6364
DDoS	8	6	157.804	0.189424	7.39081e+07	0	0	1	777.933	0	833.5
BENIGN	2	2	9096.19	129.024	31002	0	0	0	65	1	81.25
DDoS	3	4	280604	168.85	41457	0	0	0	1454.12	1	1661.86
BENIGN	1	1	3579.78	41.3847	48327	0	0	0	76.3333	1	114.5
BENIGN	3	1	2.03277	0.677589	5.90329e+06	0	0	0	2.4	0	3
BENIGN	1	1	6e+06	1e+06	2	0	0	1	6	1	9
BENIGN	20	16	31.4921	0.306493	1.17458e+08	0	0	0	99.973	0	102.75
BENIGN	2	0	3.7e+07	2e+06	1	0	1	1	22.6667	0	34
DDoS	8	5	160.538	0.178941	7.26495e+07	0	0	1	833.5	0	897.615
BENIGN	2	0	266667	44444.4	45	1	0	0	6	0	9
BENIGN	1	1	3132.85	65.2678	30643	0	0	0	45.3333	1	68
DDoS	3	6	8615.35	6.66536	1.35026e+06	0	0	0	1163.3	2	1292.56
DDoS	4	0	2.14387	0.357312	1.11947e+07	0	0	1	6	0	7.5
BENIGN	5	3	13483.6	152.573	52434	0	0	0	78.5556	0	88.375
DDoS	8	6	125.674	0.150857	9.28033e+07	0	0	1	777.933	0	833.5
BENIGN	1	1	3777.76	65.1339	30706	0	0	0	55.3333	1	83
BENIGN	35	42	6710.36	53.4883	1.43957e+06	0	0	0	123.846	1	125.455
BENIGN	1	3	380952	63492.1	63	0	0	1	6	3	7.5
DDoS	3	6	99642.8	77.0898	116747	0	0	0	1163.3	2	1292.56
BENIGN	5	3	16480.8	154.387	51818	0	0	0	94.8889	0	106.75
BENIGN	1	1	6315.79	85.9291	23275	0	0	0	63.6667	1	95.5
BENIGN	10	5	13986.3	176.003	85226	0	0	0	74.5	0	79.4667
DDoS	8	4	145.46	0.149663	8.01801e+07	0	0	1	897.615	0	972.417
DDoS	8	7	162.485	0.209082	7.17421e+07	0	0	1	728.938	0	777.533
BENIGN	1	1	5183.27	61.7055	32412	0	0	0	70.3333	1	105.5
BENIGN	2	2	2.03243e+06	21621.6	185	0	0	0	84.4	1	105.5
DDoS	3	6	9224.28	7.13647	1.26113e+06	0	0	0	1163.3	2	1292.56
BENIGN	4	0	332090	14925.4	268	0	0	1	19	0	23.75
DDoS	4	0	12.1908	2.0318	1.9687e+06	0	0	1	6	0	7.5
BENIGN	2	2	5661.57	65.0756	61467	0	0	0	76.6	1	95.75
BENIGN	2	2	61.1572	0.67577	5.91917e+06	0	0	0	82.4	1	103
BENIGN	1	1	4086.88	65.9174	30341	0	0	0	59.3333	1	89
DDoS	3	5	9887.67	6.79974	1.17652e+06	0	0	0	1292.56	1	1454.12
DDoS	9	6	125.26	0.161016	9.31584e+07	0	0	1	729.688	0	778.333
DDoS	5	0	9.07989	1.51332	3.304e+06	0	0	1	6	0	7.2
BENIGN	2	2	6548.77	64.8393	61691	0	0	0	86.8	1	108.5
DDoS	8	6	157.594	0.18927	7.39684e+07	0	0	1	777.533	0	833.071
BENIGN	2	2	7100.89	169.069	23659	0	0	0	40.4	1	50.5
DDoS	3	6	11031.6	8.53914	1.05397e+06	0	0	0	1162.7	2	1291.89
BENIGN	1	1	6141.22	65.6814	30450	0	0	0	79.3333	1	119
BENIGN	70	88	1067.91	2.50122	6.31691e+07	0	0	0	424.27	1	426.956
BENIGN	1	1	160000	26666.7	75	0	0	1	6	1	9
BENIGN	49	26	159557	2117.27	35423	0	0	0	74.3684	0	75.36
BENIGN	2	2	1.52486e+06	22099.4	181	0	0	0	64.8	1	81
BENIGN	2	0	9.25e+06	500000	4	0	1	1	22.6667	0	34
DDoS	3	4	28178	16.9645	412627	0	0	0	1453.38	1	1661
DDoS	8	4	1197.07	1.2323	9.73793e+06	0	0	1	897.154	0	971.917
BENIGN	13	11	30412.7	134.272	178741	0	0	0	217.44	0	226.5
BENIGN	2	2	15815.2	130.166	30730	0	0	0	103.4	1	129.25
DDoS	5	0	4.51955	0.753258	6.63784e+06	0	0	1	6	0	7.2
BENIGN	2	2	5503.92	65.9152	60684	0	0	0	74.4	1	93
DDoS	3	4	399814	240.707	29081	0	0	0	1453.38	1	1661
BENIGN	2	2	288.71	4.3415	921341	0	0	0	60.8	1	76
BENIGN	1	1	0	111111	18	0	0	1	0	1	0
BENIGN	2	2	6.73315	0.0430233	9.29728e+07	0	0	0	141.4	1	176.75
BENIGN	2	2	16778.5	167.785	23840	0	0	0	87.2	1	109
DDoS	4	0	13.5671	2.26118	1.76898e+06	0	0	1	6	0	7.5
BENIGN	2	2	117.811	39.2704	101858	0	0	1	2.4	1	3
BENIGN	2	2	367764	4540.3	881	0	0	0	70.8	1	88.5
BENIGN	2	2	675556	17777.8	225	0	0	0	36.4	1	45.5
DDoS	8	4	1444.91	1.48666	8.07179e+06	0	0	1	897.615	0	972.417
DDoS	4	0	3.93583	0.655971	6.09783e+06	0	0	1	6	0	7.5
BENIGN	3	2	0.199903	0.0555287	9.00436e+07	0	0	1	4	0	4.8
BENIGN	1	1	0	21505.4	93	0	0	1	0	1	0
DDoS	5	0	4.15924	0.693206	7.21286e+06	0	0	1	6	0	7.2
BENIGN	1	1	81081.1	13513.5	148	0	0	1	6	1	9
DDoS	4	0	3.15756	0.52626	7.60081e+06	0	0	1	6	0	7.5
BENIGN	2	2	7839.13	170.416	23472	0	0	0	43.2	1	54
BENIGN	1	1	0	7017.54	285	0	0	1	0	1	0
BENIGN	2	1	0	33333.3	90	0	0	1	0	0	0
DDoS	3	6	490322	379.539	23713	0	0	0	1162.7	2	1291.89
BENIGN	1	1	0	37037	54	0	0	1	0	1	0
BENIGN	2	0	9.25e+06	500000	4	0	1	1	24.6667	0	37
BENIGN	1	1	6660.2	84.3064	23723	0	0	0	67.6667	1	101.5
BENIGN	1	1	0	43478.3	46	0	0	1	0	1	0
BENIGN	1	1	0	19417.5	103	0	0	1	0	1	0
BENIGN	1	1	0	34482.8	58	0	0	1	0	1	0
BENIGN	5	0	0	0.332977	1.50161e+07	0	0	0	0	0	0
BENIGN	20	21	76.3195	0.350717	1.16903e+08	0	0	0	212.429	1	217.61
BENIGN	13	9	13954.6	46.2768	475400	0	0	0	288.435	0	301.545
DDoS	3	6	19916.9	15.4168	583777	0	0	0	1162.7	2	1291.89
BENIGN	3	1	0	0.765141	5.2278e+06	0	0	0	0	0	0
DDoS	4	0	2.39579	0.399298	1.00176e+07	0	0	1	6	0	7.5
DDoS	4	0	3.53441	0.589069	6.79038e+06	0	0	1	6	0	7.5
DDoS	4	0	15.4343	2.57238	1.55498e+06	0	0	1	6	0	7.5
BENIGN	1	1	2944.53	33.0846	60451	0	0	0	74	1	111
BENIGN	17	12	44553.9	106.641	271940	0	0	0	403.867	0	417.793
BENIGN	10	5	4741.98	30.0505	499159	0	0	0	147.938	0	157.8
BENIGN	10	16	36371.9	43.7041	594910	0	0	0	801.407	1	832.231
DDoS	4	0	2.60961	0.434935	9.19677e+06	0	0	1	6	0	7.5
BENIGN	1	1	1041.5	12.1813	164186	0	0	0	75.6667	1	113.5
DDoS	4	0	17.9107	2.98511	1.33998e+06	0	0	1	6	0	7.5
BENIGN	13	13	598.63	2.80895	9.25613e+06	0	0	0	205.222	1	213.115
DDoS	8	7	152.982	0.196753	7.62378e+07	0	0	1	729.312	0	777.933
BENIGN	2	2	229649	3427.59	1167	0	0	0	62	1	77.5
DDoS	3	6	6309.75	4.88412	1.8427e+06	0	0	0	1162.7	2	1291.89
DDoS	3	4	16912.5	10.1821	687481	0	0	0	1453.38	1	1661
BENIGN	1	1	426614	3913.89	511	0	0	0	95.3333	1	143
BENIGN	6	3	621625	1114.69	8074	0	0	1	501.9	0	557.667
BENIGN	2	2	1.775e+06	25000	160	0	0	0	65.4	1	81.75
DDoS	3	5	6542.19	4.49905	1.77815e+06	0	0	0	1292.56	1	1454.12
BENIGN	11	6	15059.8	103.191	164743	0	0	0	137.833	0	145.941
BENIGN	2	2	1.67914e+06	21390.4	187	0	0	0	72.2	1	90.25
BENIGN	2	2	1.26061e+06	24242.4	165	0	0	0	50.4	1	63
BENIGN	1	1	920.077	13.0507	153248	0	0	0	64.6667	1	97
DDoS	3	4	8642.82	5.2007	1.34597e+06	0	0	0	1454.12	1	1661.86
DDoS	8	4	1625.05	1.67287	7.17331e+06	0	0	1	897.154	0	971.917
DDoS	4	0	16.9968	2.83279	1.41203e+06	0	0	1	6	0	7.5
BENIGN	1	1	300000	50000	40	0	0	1	6	1	9
DDoS	9	4	126.519	0.141023	9.21836e+07	0	0	1	833.5	0	897.615
DDoS	4	0	19.1083	3.18472	1.256e+06	0	0	1	6	0	7.5
BENIGN	2	0	0	666667	3	0	0	1	0	0	0
DDoS	4	0	3.21937	0.536561	7.45488e+06	0	0	1	6	0	7.5
DDoS	4	0	2.64149	0.440249	9.08577e+06	0	0	1	6	0	7.5
DDoS	3	5	11245.9	7.73382	1.03442e+06	0	0	0	1292.56	1	1454.12
BENIGN	1	1	2244.14	21.5782	92686	0	0	0	82.6667	1	124
BENIGN	2	0	9.25e+06	500000	4	0	1	1	24.6667	0	37
BENIGN	16	14	10.6375	0.258819	1.15911e+08	0	0	0	39.7742	0	41.1
DDoS	3	6	8534.56	6.60627	1.36234e+06	0	0	0	1162.7	2	1291.89
DDoS	3	6	9228.06	7.13939	1.26061e+06	0	0	0	1163.3	2	1292.56
DDoS	3	5	36845	25.3383	315728	0	0	0	1292.56	1	1454.12
DDoS	9	6	118.271	0.152032	9.86632e+07	0	0	1	729.688	0	778.333
DDoS	3	5	676578	465.522	17185	0	0	0	1291.89	1	1453.38
BENIGN	2	2	8295.58	127.624	31342	0	0	0	58.4	1	73
DDoS	8	7	130.624	0.168084	8.92412e+07	0	0	1	728.938	0	777.533
DDoS	3	5	7566.93	5.20377	1.53735e+06	0	0	0	1292.56	1	1454.12
BENIGN	4	2	1456.52	21.3149	281493	0	0	0	65.5714	0	76.5
DDoS	4	0	5.22654	0.87109	4.59195e+06	0	0	1	6	0	7.5
DDoS	8	6	126.998	0.152524	9.17886e+07	0	0	1	777.533	0	833.071
BENIGN	2	2	1.79528e+06	15748	254	0	0	0	101.6	1	127
BENIGN	2	2	905.719	13.2222	302522	0	0	0	60.6	1	75.75
DDoS	3	5	72322	49.7358	160850	0	0	0	1292.56	1	1454.12
DDoS	5	0	5.99295	0.998824	5.00589e+06	0	0	1	6	0	7.2
DDoS	8	6	148.755	0.178562	7.8404e+07	0	0	1	777.933	0	833.5
BENIGN	2	2	7786.39	129.773	30823	0	0	0	54.4	1	68
BENIGN	2	0	9.25e+06	500000	4	0	1	1	22.6667	0	34
DDoS	3	5	301491	207.442	38565	0	0	0	1291.89	1	1453.38
DDoS	8	6	134.022	0.16096	8.69783e+07	0	0	1	777.533	0	833.071
BENIGN	2	0	0	7751.94	258	0	0	1	0	0	0
DDoS	8	5	1377.5	1.53541	8.46677e+06	0	0	1	833.5	0	897.615
DDoS	3	5	9550.64	6.56796	1.21803e+06	0	0	0	1292.56	1	1454.12
DDoS	8	5	119.864	0.133673	9.7252e+07	0	0	1	833.071	0	897.154
DDoS	3	4	9585.97	5.77121	1.21292e+06	0	0	0	1453.38	1	1661
DDoS	3	7	55937.3	48.085	207965	0	0	0	1057.55	2	1163.3
DDoS	5	0	4.32849	0.721415	6.93083e+06	0	0	1	6	0	7.2
DDoS	8	5	145.161	0.161802	8.03451e+07	0	0	1	833.5	0	897.615
DDoS	4	0	2.04283	0.340472	1.17484e+07	0	0	1	6	0	7.5
BENIGN	1	1	307692	51282.1	39	0	0	1	6	1	9
BENIGN	5	1	40.4046	1.43448	4.18269e+06	0	1	1	30.7143	0	35.8333
BENIGN	3	0	9846.83	1641.14	1828	0	0	1	6	0	8
BENIGN	35	43	5565.72	6.06	1.28713e+07	0	0	0	906.81	1	918.436
BENIGN	4	2	2092.47	38.5117	155797	0	0	0	51.5714	0	60.1667
DDoS	8	6	157.929	0.189575	7.38494e+07	0	0	1	777.933	0	833.5
BENIGN	10	10	11.9572	0.333069	6.00476e+07	0	0	0	34.1905	1	35.9
DDoS	5	0	3.26202	0.54367	9.19676e+06	0	0	1	6	0	7.2
BENIGN	11	12	3106.02	4.41715	5.20698e+06	0	0	0	673.875	1	703.174
BENIGN	13	8	38686	152.995	137259	0	0	0	241.364	0	252.857
DDoS	9	4	144.528	0.161013	8.07386e+07	0	0	1	833.929	0	898.077
BENIGN	1	1	818.49	8.84854	226026	0	0	0	80.6667	1	121
BENIGN	3	3	9.51607	0.136268	4.40308e+07	0	0	0	66.1429	1	77.1667
DDoS	3	5	139154	95.6961	83598	0	0	0	1292.56	1	1454.12
BENIGN	1	1	2898.55	32.568	61410	0	0	0	78	1	117
BENIGN	6	4	83.9329	1.7633	5.67119e+06	0	0	0	43.2727	0	47.6
BENIGN	2	0	0	10582	189	0	0	1	0	0	0
BENIGN	2	2	7352.94	131.303	30464	0	0	0	51.2	1	64
DDoS	3	5	11983.4	8.24097	970759	0	0	0	1292.56	1	1454.12
DDoS	8	7	162.205	0.208722	7.18659e+07	0	0	1	728.938	0	777.533
BENIGN	6	4	185.254	0.984344	1.0159e+07	0	0	0	171.091	0	188.2
DDoS	2	6	448947	309.059	25885	0	0	0	1291.22	3	1452.62
DDoS	3	5	6311.38	4.34033	1.84318e+06	0	0	0	1292.56	1	1454.12
DDoS	9	5	151.506	0.181771	7.70202e+07	0	0	1	778.333	0	833.929
DDoS	8	6	159.948	0.192097	7.28798e+07	0	0	1	777.533	0	833.071
DDoS	4	0	2.14028	0.356713	1.12135e+07	0	0	1	6	0	7.5
DDoS	3	4	150515	90.6172	77248	0	0	0	1453.38	1	1661
DDoS	3	4	6394.33	3.84969	1.81833e+06	0	0	0	1453.38	1	1661
DDoS	3	5	286006	196.686	40674	0	0	0	1292.56	1	1454.12
DDoS	3	5	388414	267.112	29950	0	0	0	1292.56	1	1454.12
DDoS	8	5	133.207	0.148478	8.75552e+07	0	0	1	833.5	0	897.615
DDoS	4	0	4.22841	0.704735	5.67589e+06	0	0	1	6	0	7.5
BENIGN	2	2	21.9701	0.410656	9.74051e+06	0	0	0	51.4	1	64.25
BENIGN	12	12	9.50544	0.216033	1.11094e+08	0	0	0	43.04	1	44.8333
DDoS	8	5	146.077	0.162823	7.98415e+07	0	0	1	833.5	0	897.615
DDoS	3	4	296237	178.348	39249	0	0	0	1453.38	1	1661
DDoS	8	6	130.364	0.156567	8.94186e+07	0	0	1	777.533	0	833.071
DDoS	5	0	7.21012	1.20169	4.16082e+06	0	0	1	6	0	7.2
BENIGN	2	2	837209	10335.9	387	0	0	0	74.2	1	92.75
DDoS	8	6	141.71	0.170193	8.22598e+07	0	0	1	777.533	0	833.071
DDoS	3	5	7433.03	5.11168	1.56504e+06	0	0	0	1292.56	1	1454.12
BENIGN	1	1	0	31746	63	0	0	1	0	1	0
DDoS	8	4	144.074	0.148314	8.09096e+07	0	0	1	897.154	0	971.917
BENIGN	1	1	153846	25641	78	0	0	1	6	1	9
DDoS	5	0	14.6343	2.43905	2.04998e+06	0	0	1	6	0	7.2
BENIGN	1	1	226415	37735.8	53	0	0	1	6	1	9
DDoS	3	6	128785	99.6358	90329	0	0	0	1163.3	2	1292.56
BENIGN	2	0	1.475e+07	500000	4	0	1	1	37.3333	0	56
DDoS	8	4	119.272	0.122718	9.77851e+07	0	0	1	897.615	0	972.417
BENIGN	1	1	0	32258.1	62	0	0	1	0	1	0
BENIGN	2	0	0	12903.2	155	0	0	1	0	0	0
DDoS	3	4	33818.2	20.3601	343809	0	0	0	1453.38	1	1661
BENIGN	2	2	1.60396e+06	19802	202	0	0	0	75.2	1	94
DDoS	8	6	158.109	0.189791	7.37655e+07	0	0	1	777.933	0	833.5
DDoS	4	0	6.31428	1.05238	3.80091e+06	0	0	1	6	0	7.5
DDoS	3	5	54663.6	37.6115	212701	0	0	0	1291.89	1	1453.38
DDoS	4	0	11.6451	1.94085	2.06095e+06	0	0	1	6	0	7.5
BENIGN	16	17	2349.31	3.34284	9.87184e+06	0	0	0	682.118	1	702.788
DDoS	5	0	3.51422	0.585703	8.53675e+06	0	0	1	6	0	7.2
BENIGN	3	0	0	8.73701	343367	0	0	1	0	0	0
DDoS	9	5	141.656	0.17004	8.23333e+07	0	0	1	777.933	0	833.5
DDoS	4	0	269.533	44.9221	89043	0	0	1	6	0	7.5
DDoS	4	0	3.04084	0.506806	7.89256e+06	0	0	1	6	0	7.5
BENIGN	1	1	3395.14	65.2912	30632	0	0	0	49.3333	1	74
BENIGN	4	4	13771.3	201.04	39793	0	0	0	65.5556	1	73.75
DDoS	5	0	4.93029	0.821715	6.08483e+06	0	0	1	6	0	7.2
BENIGN	1	1	7021.42	65.0132	30763	0	0	0	102.667	1	154
DDoS	4	0	2.02486	0.337477	1.18527e+07	0	0	1	6	0	7.5
DDoS	8	7	118.495	0.152477	9.83757e+07	0	0	1	728.938	0	777.533
BENIGN	2	0	1.23333e+07	666667	3	0	1	1	24.6667	0	37
BENIGN	2	2	21103.2	126.366	31654	0	0	0	139.2	1	174
DDoS	3	5	9123.77	6.27764	1.27436e+06	0	0	0	1291.89	1	1453.38
BENIGN	1	1	0	36363.6	55	0	0	1	0	1	0
BENIGN	2	2	7933.41	130.056	30756	0	0	0	57.6	1	72
BENIGN	1	1	2855.24	32.4459	61641	0	0	0	78.3333	1	117.5
DDoS	5	0	2.72907	0.454846	1.09927e+07	0	0	1	6	0	7.2
BENIGN	2	0	9.25e+06	500000	4	0	1	1	24.6667	0	37
BENIGN	2	0	176.289	29.3815	68070	0	0	1	6	0	9
BENIGN	2	2	1.01775e+06	23668.6	169	0	0	0	41.4	1	51.75
DDoS	8	6	126.59	0.152034	9.20845e+07	0	0	1	777.533	0	833.071
BENIGN	12	8	12600.6	67.0956	298082	0	0	0	178.857	0	187.8
DDoS	3	4	29526.5	17.7763	393782	0	0	0	1453.38	1	1661
DDoS	8	6	1170.51	1.40577	9.95893e+06	0	0	1	777.533	0	833.071
DDoS	8	6	1449.89	1.74131	8.03991e+06	0	0	1	777.533	0	833.071
BENIGN	2	2	1.9893e+06	21390.4	187	0	0	0	89.8	1	112.25
DDoS	4	0	6.15353	1.02559	3.9002e+06	0	0	1	6	0	7.5
DDoS	3	6	19651.8	15.2038	591957	0	0	0	1163.3	2	1292.56
DDoS	8	7	144.458	0.18579	8.07364e+07	0	0	1	729.312	0	777.933
BENIGN	7	2	4.13857	0.142709	6.30653e+07	0	1	1	30.7	0	34.1111
BENIGN	2	0	0	666667	3	0	0	1	0	0	0
BENIGN	1	1	2240.6	32.95	60698	0	0	0	61.3333	1	92
BENIGN	2	2	1.89535e+06	23255.8	172	0	0	0	75.4	1	94.25
BENIGN	2	2	12222.4	168.584	23727	0	0	0	64.2	1	80.25
DDoS	3	6	331717	256.769	35051	0	0	0	1162.7	2	1291.89
DDoS	3	4	499828	300.92	23262	0	0	0	1453.38	1	1661
DDoS	5	0	4.96302	0.82717	6.04471e+06	0	0	1	6	0	7.2
BENIGN	13	15	162.67	0.459335	6.09577e+07	0	0	0	341.931	1	354.143
BENIGN	15	14	75667	132.094	219541	0	0	0	553.733	0	572.828
BENIGN	13	12	37.4856	0.382819	6.53051e+07	0	0	0	94.1538	0	97.92
BENIGN	2	0	0	500000	4	0	0	1	0	0	0
BENIGN	1	1	210526	35087.7	57	0	0	1	6	1	9
DDoS	3	6	14512.1	11.2274	801607	0	0	0	1163.3	2	1292.56
BENIGN	1	1	5849.91	83.5701	23932	0	0	0	65.3333	1	98
BENIGN	2	2	1652.39	22.0319	181555	0	0	0	66.2	1	82.75
DDoS	3	4	40135.3	24.1633	289695	0	0	0	1453.38	1	1661
DDoS	3	4	6371.75	3.8361	1.82477e+06	0	0	0	1453.38	1	1661
DDoS	3	4	11556.2	6.95737	1.00613e+06	0	0	0	1453.38	1	1661
BENIGN	1	1	0	30303	66	0	0	1	0	1	0
BENIGN	1	1	0	41666.7	48	0	0	1	0	1	0
DDoS	3	4	139304	83.8675	83465	0	0	0	1453.38	1	1661
BENIGN	22	18	26212	80.8762	494583	0	0	0	316.195	0	324.1
BENIGN	2	2	7126.8	66.6056	60055	0	0	0	92.6	1	115.75
DDoS	5	0	5.16448	0.860746	5.80892e+06	0	0	1	6	0	7.2
DDoS	4	0	2.98032	0.49672	8.05283e+06	0	0	1	6	0	7.5
BENIGN	1	1	0	36363.6	55	0	0	1	0	1	0
DDoS	3	4	138940	83.605	83727	0	0	0	1454.12	1	1661.86
BENIGN	1	1	4445.9	65.3808	30590	0	0	0	61.3333	1	92
DDoS	8	4	157.903	0.162549	7.38238e+07	0	0	1	897.154	0	971.917
DDoS	3	5	9268.98	6.37427	1.25505e+06	0	0	0	1292.56	1	1454.12
BENIGN	2	1	0.161101	0.0268502	1.11731e+08	0	0	1	6	0	8
BENIGN	4	1	57603.7	3840.25	1302	0	0	1	12.5	0	15
BENIGN	1	1	4100.9	65.0936	30725	0	0	0	58.3333	1	87.5
BENIGN	23	27	142.537	0.424166	1.17878e+08	0	0	0	329.451	1	336.04
BENIGN	5	3	9290.28	101.533	78792	0	0	0	81.3333	0	91.5
DDoS	5	0	2.53001	0.421668	1.18577e+07	0	0	1	6	0	7.2
BENIGN	9	5	74684.4	248.593	56317	0	0	0	280.4	0	300.429
DDoS	4	0	2.82594	0.470991	8.49274e+06	0	0	1	6	0	7.5
BENIGN	2	1	0	45454.5	66	0	0	1	0	0	0
DDoS	3	4	21217.2	12.7738	547998	0	0	0	1453.38	1	1661
BENIGN	2	1	603.258	150.814	19892	1	0	0	4.5	0	6
DDoS	5	0	2.80571	0.467619	1.06925e+07	0	0	1	6	0	7.2
DDoS	8	6	166.285	0.199605	7.01387e+07	0	0	1	777.933	0	833.5
DDoS	5	0	45.4447	7.57412	660143	0	0	1	6	0	7.2
DDoS	8	4	143.915	0.148149	8.09993e+07	0	0	1	897.154	0	971.917
DDoS	4	0	2.11739	0.352899	1.13347e+07	0	0	1	6	0	7.5
BENIGN	2	0	10.7452	1.79087	1.11678e+06	0	0	1	6	0	9
DDoS	3	5	97422.3	66.9972	119408	0	0	0	1292.56	1	1454.12
DDoS	8	4	130.681	0.134526	8.92021e+07	0	0	1	897.154	0	971.917
DDoS	3	7	10910.4	9.38372	1.06568e+06	0	0	0	1057	2	1162.7
DDoS	3	7	236938	203.782	49072	0	0	0	1057	2	1162.7
DDoS	3	5	58914.4	40.5154	197456	0	0	0	1292.56	1	1454.12
BENIGN	2	2	7976.88	162.794	24571	0	0	0	46.2	1	57.75
DDoS	4	0	2.15825	0.359709	1.11201e+07	0	0	1	6	0	7.5
BENIGN	2	2	1.14019e+06	18691.6	214	0	0	0	55.4	1	69.25
BENIGN	2	2	553360	15810.3	253	0	0	0	33.4	1	41.75
DDoS	9	5	160.19	0.192289	7.28072e+07	0	0	1	777.933	0	833.5
BENIGN	2	2	14088.3	118.389	33787	0	0	0	105	1	131.25
DDoS	4	0	5.8753	0.979216	4.0849e+06	0	0	1	6	0	7.5
BENIGN	2	2	958084	23952.1	167	0	0	0	38.4	1	48
BENIGN	67	82	1287.41	1.28028	1.16381e+08	0	0	0	998.867	1	1005.57
DDoS	3	5	24613.9	16.9269	472620	0	0	0	1292.56	1	1454.12
BENIGN	10	5	15656	115.062	130365	0	0	0	127.562	0	136.067
DDoS	3	4	35321.3	21.2651	329178	0	0	0	1453.38	1	1661
BENIGN	1	1	5380.25	85.4007	23419	0	0	0	57.6667	1	86.5
DDoS	5	0	14.078	2.34634	2.13098e+06	0	0	1	6	0	7.2
BENIGN	7	5	824.852	3.66465	3.27453e+06	0	0	0	207.769	0	225.083
BENIGN	2	0	1.23333e+07	666667	3	0	1	1	24.6667	0	37
DDoS	5	0	7.60663	1.26777	3.94393e+06	0	0	1	6	0	7.2
BENIGN	2	2	1.53333e+06	22222.2	180	0	0	0	63.6	1	79.5
BENIGN	1	1	233.568	38.9279	51377	0	0	1	6	1	9
DDoS	3	4	250977	151.1	46327	0	0	0	1453.38	1	1661
DDoS	3	5	65535.8	45.0689	177506	0	0	0	1292.56	1	1454.12
DDoS	3	4	14895.1	8.96291	780996	0	0	0	1454.12	1	1661.86
DDoS	3	5	9609.44	6.6084	1.21058e+06	0	0	0	1292.56	1	1454.12
BENIGN	9	16	1585.77	1.66397	1.50243e+07	0	0	0	916.346	1	953
BENIGN	22	18	286.657	0.684226	5.84602e+07	0	0	0	408.732	0	418.95
BENIGN	2	2	4166.54	41.4581	96483	0	0	0	90.2	1	112.75
BENIGN	32	36	386.639	0.589165	1.15418e+08	0	0	0	646.739	1	656.25
DDoS	3	4	10486.9	6.31363	1.10871e+06	0	0	0	1453.38	1	1661
DDoS	3	5	10087.3	6.94059	1.15264e+06	0	0	0	1291.89	1	1453.38
DDoS	8	5	145.415	0.162085	8.02049e+07	0	0	1	833.5	0	897.615
BENIGN	2	2	23300.8	164.67	24291	0	0	0	119.8	1	149.75
DDoS	8	4	127.582	0.131336	9.1369e+07	0	0	1	897.154	0	971.917
BENIGN	4	2	2318.74	25.5744	234610	0	0	0	83.4286	0	97.3333
DDoS	5	0	6.52856	1.08809	4.59519e+06	0	0	1	6	0	7.2
BENIGN	3	1	2.28695	0.762318	5.24715e+06	0	0	0	2.4	0	3
BENIGN	2	2	175.059	4.73131	845431	0	0	0	35.6	1	44.5
DDoS	4	0	2.42015	0.403358	9.91675e+06	0	0	1	6	0	7.5
BENIGN	2	0	934783	43478.3	46	0	1	1	26.6667	0	40
BENIGN	9	13	2029.05	6.89726	3.18967e+06	0	0	0	281.391	1	294.182
DDoS	4	0	6.2372	1.03953	3.84788e+06	0	0	1	6	0	7.5
DDoS	3	4	93837.3	56.4944	123906	0	0	0	1453.38	1	1661
BENIGN	5	0	40.5758	6.99582	714712	0	0	1	4.83333	0	5.8
DDoS	3	5	55269.3	38.0282	210370	0	0	0	1291.89	1	1453.38
DDoS	5	0	3.95999	0.659999	7.57577e+06	0	0	1	6	0	7.2
BENIGN	2	2	1.32927e+06	24390.2	164	0	0	0	50.8	1	63.5
BENIGN	33	33	346.875	0.567533	1.16293e+08	0	0	0	602.075	1	611.197
DDoS	3	5	406053	279.242	28649	0	0	0	1292.56	1	1454.12
DDoS	6	0	5.17478	0.862463	6.95682e+06	0	0	1	6	0	7
DDoS	3	7	421238	362.293	27602	0	0	0	1057	2	1162.7
BENIGN	1	1	0	80000	25	0	0	1	0	1	0
BENIGN	1	1	0	23255.8	86	0	0	1	0	1	0
BENIGN	2	2	1.96364e+06	24242.4	165	0	0	0	70.8	1	88.5
BENIGN	2	2	1.34266e+06	27972	143	0	0	0	46.4	1	58
BENIGN	10	9	389.863	1.33107	1.42742e+07	0	0	0	278.25	0	292.895
DDoS	3	6	77648.1	60.0733	149817	0	0	0	1163.3	2	1292.56
DDoS	8	4	164.312	0.169147	7.09443e+07	0	0	1	897.154	0	971.917
DDoS	3	4	229524	138.184	50657	0	0	0	1453.38	1	1661
DDoS	3	6	6367.78	4.92651	1.82685e+06	0	0	0	1163.3	2	1292.56
DDoS	8	5	158.332	0.176482	7.36618e+07	0	0	1	833.5	0	897.615
BENIGN	2	2	1.1087e+06	21739.1	184	0	0	0	49.4	1	61.75
DDoS	4	0	4.54212	0.757021	5.28387e+06	0	0	1	6	0	7.5
BENIGN	10	6	7190.03	48.6018	329206	0	0	0	139.235	0	147.938
BENIGN	1	1	0	21052.6	95	0	0	1	0	1	0
BENIGN	4	2	3838.72	76.266	78672	0	0	0	47.5714	0	55.5
DDoS	5	0	15.3534	2.5589	1.95396e+06	0	0	1	6	0	7.2
BENIGN	2	0	5.36957e+06	43478.3	46	0	1	1	154.333	0	231.5
BENIGN	9	8	602.677	3.01339	5.64149e+06	0	0	0	188.889	0	200
BENIGN	1	1	4583.5	66.4275	30108	0	0	0	63.6667	1	95.5
DDoS	8	5	125.287	0.139649	9.30903e+07	0	0	1	833.5	0	897.615
BENIGN	2	2	575000	25000	160	0	0	0	23	1	28.75
DDoS	8	5	146.079	0.162824	7.98406e+07	0	0	1	833.5	0	897.615
BENIGN	1	1	3150.23	39.3778	50790	0	0	0	71	1	106.5
BENIGN	14	7	31320.2	100.171	209641	0	0	0	298.455	0	312.667
BENIGN	10	5	11527.1	69.301	216447	0	0	0	155.938	0	166.333
BENIGN	2	2	5894.36	84.2052	47503	0	0	0	65	1	81.25
BENIGN	1	1	0	3603.6	555	0	0	1	0	1	0
BENIGN	2	2	17640.3	127.828	31292	0	0	0	117.2	1	146.5
DDoS	5	0	309.195	51.5326	97026	0	0	1	6	0	7.2
BENIGN	2	2	3947.91	96.2904	41541	0	0	0	39.4	1	49.25
BENIGN	1	1	181818	30303	66	0	0	1	6	1	9
BENIGN	10	5	15567.9	195.904	76568	0	0	0	74.5	0	79.4667
DDoS	5	0	2.83508	0.472513	1.05817e+07	0	0	1	6	0	7.2
DDoS	3	4	242223	145.754	48026	0	0	0	1454.12	1	1661.86
DDoS	3	5	6674.16	4.58981	1.74299e+06	0	0	0	1292.56	1	1454.12
DDoS	8	5	127.635	0.142339	9.13309e+07	0	0	1	833.071	0	897.154
BENIGN	8	5	636.468	2.44795	5.31056e+06	0	0	0	241.429	0	260
DDoS	3	5	181726	125.037	63981	0	0	0	1291.89	1	1453.38
BENIGN	4	2	5730.57	98.2383	61076	0	0	0	55.2857	0	64.5
BENIGN	1	1	4748.41	38.2936	52228	0	0	0	99	1	148.5
DDoS	3	4	6244.34	3.75745	1.86297e+06	0	0	0	1454.12	1	1661.86
DDoS	3	4	432214	260.213	26901	0	0	0	1453.38	1	1661
DDoS	3	4	399883	240.748	29076	0	0	0	1453.38	1	1661
DDoS	4	0	5.9658	0.9943	4.02293e+06	0	0	1	6	0	7.5
DDoS	2	5	373557	225.015	31109	0	0	0	1452.62	2	1660.14
DDoS	5	0	3.65861	0.609769	8.19983e+06	0	0	1	6	0	7.2
DDoS	5	0	2.86486	0.477476	1.04717e+07	0	0	1	6	0	7.2
DDoS	3	5	213164	146.593	54573	0	0	0	1292.56	1	1454.12
BENIGN	2	2	15014	128.324	31171	0	0	0	104.2	1	130.25
DDoS	2	4	871531	449.978	13334	0	0	0	1660.14	2	1936.83
DDoS	2	5	8755.07	5.27097	1.32803e+06	0	0	0	1453.38	2	1661
DDoS	8	7	1177.64	1.51537	9.89858e+06	0	0	1	728.938	0	777.533
DDoS	3	5	245174	168.606	47448	0	0	0	1292.56	1	1454.12
BENIGN	21	18	47.7304	0.336982	1.15733e+08	0	0	0	138.1	0	141.641
BENIGN	3	4	2669.93	6.93231	1.00976e+06	0	0	0	337	1	385.143
DDoS	5	0	3.43455	0.572425	8.73477e+06	0	0	1	6	0	7.2
DDoS	4	0	4.02222	0.67037	5.96685e+06	0	0	1	6	0	7.5
DDoS	3	5	15800.5	10.866	736242	0	0	0	1292.56	1	1454.12
BENIGN	1	1	74074.1	12345.7	162	0	0	1	6	1	9
BENIGN	17	19	124011	158.3	227416	0	0	0	762.216	1	783.389
DDoS	3	5	8521.83	5.86347	1.36438e+06	0	0	0	1291.89	1	1453.38
DDoS	8	5	162.167	0.180851	7.18825e+07	0	0	1	833.071	0	897.154
BENIGN	6	2	75.6119	0.775507	1.03158e+07	0	0	0	86.6667	0	97.5
BENIGN	2	2	2.35374e+06	27210.9	147	0	0	0	78.4	1	98
DDoS	3	6	19040.4	14.7308	610965	0	0	0	1163.3	2	1292.56
DDoS	3	4	32648.7	19.6459	356308	0	0	0	1454.12	1	1661.86
DDoS	9	5	141.908	0.170255	8.22296e+07	0	0	1	778.333	0	833.929
BENIGN	5	4	179.723	0.893649	1.00711e+07	0	0	0	181	0	201.111
DDoS	3	4	13120.1	7.89482	886657	0	0	0	1454.12	1	1661.86
BENIGN	13	15	115.783	0.46486	6.02332e+07	0	0	0	240.483	1	249.071
DDoS	5	0	22.2723	3.71205	1.34696e+06	0	0	1	6	0	7.2
DDoS	3	4	32657.3	19.6511	356214	0	0	0	1454.12	1	1661.86
DDoS	4	0	2.22351	0.370585	1.07938e+07	0	0	1	6	0	7.5
BENIGN	2	0	1.23333e+07	666667	3	0	1	1	24.6667	0	37
BENIGN	2	0	9.25e+06	500000	4	0	1	1	24.6667	0	37
DDoS	4	0	3.97165	0.661942	6.04282e+06	0	0	1	6	0	7.5
DDoS	4	0	20.3553	3.39256	1.17905e+06	0	0	1	6	0	7.5
BENIGN	2	2	1.87234e+06	21276.6	188	0	0	0	78.4	1	98
DDoS	3	4	20193.5	12.1574	575780	0	0	0	1453.38	1	1661
BENIGN	2	2	1.84314e+06	26143.8	153	0	0	0	64.8	1	81
BENIGN	2	2	2.15e+06	25000	160	0	0	0	76.4	1	95.5
BENIGN	2	0	26258.2	4376.37	457	0	0	1	6	0	9
DDoS	8	5	126.137	0.140669	9.24155e+07	0	0	1	833.071	0	897.154
DDoS	5	0	5.71876	0.953127	5.24589e+06	0	0	1	6	0	7.2
BENIGN	10	5	8892.65	104.784	143152	0	0	0	79.5625	0	84.8667
DDoS	4	0	16.1511	2.69186	1.48596e+06	0	0	1	6	0	7.5
BENIGN	2	0	3e+06	500000	4	1	0	0	6	0	9
BENIGN	2	0	64.9207	10.8201	184841	0	0	1	6	0	9
DDoS	8	4	143.806	0.148037	8.10608e+07	0	0	1	897.154	0	971.917
DDoS	3	4	53062.3	31.9295	219233	0	0	0	1454.12	1	1661.86
BENIGN	4	5	3401.1	5.94021	1.5151e+06	0	0	0	515.3	1	572.556
BENIGN	1	1	2925.08	41.7868	47862	0	0	0	64.3333	1	96.5
DDoS	5	0	142.179	23.6966	211001	0	0	1	6	0	7.2
DDoS	4	0	2.62615	0.437691	9.13887e+06	0	0	1	6	0	7.5
DDoS	4	0	5.21749	0.869582	4.59991e+06	0	0	1	6	0	7.5
BENIGN	12	7	63856.1	269.794	70424	0	0	0	224.85	0	236.684
DDoS	4	0	2.60084	0.433474	9.22777e+06	0	0	1	6	0	7.5
DDoS	4	0	2.99445	0.499075	8.01483e+06	0	0	1	6	0	7.5
DDoS	8	5	128.989	0.14385	9.03722e+07	0	0	1	833.071	0	897.154
DDoS	3	5	12708.7	8.73975	915358	0	0	0	1292.56	1	1454.12
BENIGN	1	1	0	20.9798	95330	0	0	1	0	1	0
DDoS	3	6	31973.7	24.7368	363830	0	0	0	1163.3	2	1292.56
BENIGN	41	39	442.107	0.69113	1.15752e+08	0	0	0	631.79	0	639.688
DDoS	3	5	11114.9	7.64372	1.04661e+06	0	0	0	1292.56	1	1454.12
BENIGN	1	1	1109.95	15.416	129735	0	0	0	63	1	94.5
DDoS	4	0	4.48273	0.747122	5.35388e+06	0	0	1	6	0	7.5
DDoS	8	5	1227.44	1.36885	9.49703e+06	0	0	1	833.071	0	897.154
DDoS	3	4	6408.41	3.85617	1.81527e+06	0	0	0	1454.12	1	1661.86
DDoS	5	0	2.98814	0.498023	1.00397e+07	0	0	1	6	0	7.2
DDoS	5	0	11.3638	1.89397	2.63996e+06	0	0	1	6	0	7.2
DDoS	4	0	10.8466	1.80776	2.21268e+06	0	0	1	6	0	7.5
DDoS	3	6	6155.18	4.76202	1.88995e+06	0	0	0	1163.3	2	1292.56
BENIGN	2	2	1.72727e+06	25974	154	0	0	0	60.4	1	75.5
BENIGN	2	2	5295.93	65.3819	61179	0	0	0	70.8	1	88.5
BENIGN	2	3	174.639	48.5107	103070	0	0	1	3	1	3.6
BENIGN	1	1	4443.14	65.3403	30609	0	0	0	61.3333	1	92
BENIGN	1	1	4955.24	41.6406	48030	0	0	0	106	1	159
BENIGN	2	0	0	666667	3	0	0	1	0	0	0
BENIGN	2	2	2.21961e+06	15686.3	255	0	0	0	119.8	1	149.75
DDoS	5	0	2.81147	0.468578	1.06706e+07	0	0	1	6	0	7.2
BENIGN	1	1	0	30769.2	65	0	0	1	0	1	0
BENIGN	2	0	0	147.341	13574	0	0	1	0	0	0
BENIGN	1	1	9825.93	65.0724	30735	0	0	0	132.333	1	198.5
DDoS	3	4	83200.4	50.0647	139819	0	0	0	1454.12	1	1661.86
BENIGN	2	0	4e+06	666667	3	1	0	0	6	0	9
DDoS	3	5	116637	80.211	99737	0	0	0	1292.56	1	1454.12
BENIGN	3	1	0	0.753965	5.30529e+06	0	0	0	0	0	0
DDoS	4	0	4.50026	0.750043	5.33303e+06	0	0	1	6	0	7.5
BENIGN	2	2	8811.04	106.157	37680	0	0	0	74.8	1	93.5
BENIGN	2	3	102.555	28.4874	175516	0	0	1	3	1	3.6
BENIGN	5	1	34.0603	1.12907	5.31411e+06	0	1	1	32.4286	0	37.8333
DDoS	9	5	155.53	0.186695	7.49885e+07	0	0	1	777.933	0	833.5
BENIGN	9	7	35223	128.551	124464	0	0	0	257.882	0	274
BENIGN	1	1	666667	111111	18	0	0	1	6	1	9
DDoS	5	0	5.98102	0.996837	5.01586e+06	0	0	1	6	0	7.2
BENIGN	2	0	16282.2	2713.7	737	0	0	1	6	0	9
BENIGN	2	2	2.86372	0.0596609	6.70456e+07	0	0	0	48	1	60
BENIGN	2	2	10528.5	165.803	24125	0	0	0	56.8	1	71
BENIGN	1	1	0	1588.56	1259	0	0	1	0	1	0
BENIGN	13	14	81.0152	0.413969	6.52223e+07	0	0	0	188.714	1	195.704
BENIGN	2	2	1.30556e+06	27777.8	144	0	0	0	45.4	1	56.75
DDoS	8	5	1452.37	1.61887	8.0303e+06	0	0	1	833.5	0	897.615
BENIGN	5	1	34.3702	1.13934	5.2662e+06	0	1	1	32.4286	0	37.8333
BENIGN	2	2	963211	13377.9	299	0	0	0	66	1	82.5
BENIGN	2	0	0	19230.8	104	0	0	1	0	0	0
DDoS	5	0	14.5702	2.42837	2.05899e+06	0	0	1	6	0	7.2
BENIGN	2	2	444444	19323.7	207	0	0	0	23	1	28.75
DDoS	9	4	154.088	0.171752	7.56906e+07	0	0	1	833.5	0	897.615
BENIGN	2	0	176471	29411.8	68	0	0	1	6	0	9
DDoS	8	5	144.515	0.161165	8.06627e+07	0	0	1	833.071	0	897.154
DDoS	3	5	250226	172.08	46490	0	0	0	1292.56	1	1454.12
DDoS	3	5	11005	7.57204	1.05652e+06	0	0	0	1291.89	1	1453.38
BENIGN	2	2	886525	14184.4	282	0	0	0	56.8	1	71
BENIGN	5	2	1.69287	0.0722566	9.6877e+07	0	1	1	25.625	0	29.2857
DDoS	5	0	4.85212	0.808687	6.18286e+06	0	0	1	6	0	7.2
BENIGN	39	46	6902.45	60.4355	1.40646e+06	0	0	0	112.884	1	114.212
BENIGN	1	1	3853.31	65.3104	30623	0	0	0	56.3333	1	84.5
DDoS	5	0	11.7419	1.95698	2.55495e+06	0	0	1	6	0	7.2
BENIGN	22	17	25.1727	0.336211	1.15999e+08	0	0	0	73	0	74.8718
DDoS	8	4	142.364	0.146478	8.19238e+07	0	0	1	897.615	0	972.417
BENIGN	1	1	428571	71428.6	28	0	0	1	6	1	9
DDoS	4	0	179.076	29.8461	134021	0	0	1	6	0	7.5
DDoS	8	5	118.816	0.132436	9.81604e+07	0	0	1	833.5	0	897.615
DDoS	3	5	18579	12.7768	626136	0	0	0	1292.56	1	1454.12
BENIGN	4	1	805.991	167.915	29777	1	0	0	5	0	6
DDoS	5	0	3.1977	0.53295	9.38175e+06	0	0	1	6	0	7.2
BENIGN	1	1	413793	68965.5	29	0	0	1	6	1	9
DDoS	3	5	102561	70.5673	113367	0	0	0	1291.89	1	1453.38
DDoS	4	0	3.94129	0.656882	6.08938e+06	0	0	1	6	0	7.5
BENIGN	2	2	6.33425	0.0526757	7.59364e+07	0	0	0	107	1	133.75
BENIGN	2	2	1.42222e+06	29629.6	135	0	0	0	48	1	60
BENIGN	1	1	0	117647	17	0	0	1	0	1	0
BENIGN	1	1	292683	48780.5	41	0	0	1	6	1	9
DDoS	8	5	141.351	0.157636	8.24687e+07	0	0	1	833.071	0	897.154
DDoS	5	0	651.721	108.62	46032	0	0	1	6	0	7.2
BENIGN	2	0	0	3169.57	631	0	0	1	0	0	0
DDoS	4	0	2.72119	0.453532	8.81967e+06	0	0	1	6	0	7.5
DDoS	3	6	6187.02	4.78665	1.88023e+06	0	0	0	1163.3	2	1292.56
BENIGN	9	4	4.31787e+06	15081.2	862	0	0	0	265.857	0	286.308
BENIGN	2	0	151899	25316.5	79	0	0	1	6	0	9
BENIGN	2	0	0	666667	3	0	0	1	0	0	0
BENIGN	23	21	192.054	0.50249	8.75639e+07	0	0	0	373.711	0	382.205
DDoS	8	3	116.88	0.110293	9.97345e+07	0	0	1	971.917	0	1060.27
BENIGN	2	2	14196.4	130.242	30712	0	0	0	95	1	118.75
DDoS	3	6	187288	144.972	62081	0	0	0	1162.7	2	1291.89
BENIGN	2	1	0	34090.9	88	0	0	1	0	0	0
BENIGN	8	6	9644.23	28.2644	495322	0	0	0	318.467	0	341.214
BENIGN	2	2	1.15723e+06	25157.2	159	0	0	0	44.4	1	55.5
DDoS	9	6	144.285	0.185473	8.08744e+07	0	0	1	729.688	0	778.333
DDoS	4	0	2.3523	0.392051	1.02028e+07	0	0	1	6	0	7.5
BENIGN	2	1	200935	14018.7	214	0	1	1	20	0	26.6667
BENIGN	2	0	1.23333e+07	666667	3	0	1	1	24.6667	0	37
DDoS	4	0	2.02947	0.338245	1.18258e+07	0	0	1	6	0	7.5
DDoS	3	4	45701.7	27.5004	254542	0	0	0	1454.12	1	1661.86
BENIGN	2	0	34188	5698.01	351	0	0	1	6	0	9
DDoS	5	0	3.08618	0.514363	9.72077e+06	0	0	1	6	0	7.2
DDoS	3	6	374075	289.557	31082	0	0	0	1162.7	2	1291.89
DDoS	8	5	142.821	0.159276	8.16195e+07	0	0	1	833.071	0	897.154
DDoS	4	0	5.96632	0.994387	4.02258e+06	0	0	1	6	0	7.5
DDoS	8	6	161.934	0.194382	7.2023e+07	0	0	1	777.933	0	833.5
BENIGN	1	1	0	30303	66	0	0	1	0	1	0
BENIGN	1	1	3964.5	32.6296	61294	0	0	0	104	1	156
DDoS	5	0	17.0746	2.84576	1.757e+06	0	0	1	6	0	7.2
DDoS	8	6	157.295	0.188813	7.41473e+07	0	0	1	777.933	0	833.5
DDoS	3	7	129290	111.141	89976	0	0	0	1057.55	2	1163.3
DDoS	5	0	23.1752	3.86254	1.29448e+06	0	0	1	6	0	7.2
BENIGN	1	1	7124.3	83.8153	23862	0	0	0	71.3333	1	107
DDoS	5	0	3.3953	0.565883	8.83575e+06	0	0	1	6	0	7.2
BENIGN	3	3	99.2286	1.98457	3.02332e+06	0	0	0	50	1	58.3333
DDoS	5	0	5.80509	0.967515	5.16788e+06	0	0	1	6	0	7.2
BENIGN	1	1	322.301	4.00374	499533	0	0	0	69.6667	1	104.5
DDoS	8	6	142.644	0.171315	8.17207e+07	0	0	1	777.533	0	833.071
DDoS	9	6	164.706	0.211722	7.08476e+07	0	0	1	729.688	0	778.333
BENIGN	9	9	1159.75	3.29216	5.46754e+06	0	0	0	333.737	1	352.278
DDoS	4	0	2.8047	0.467451	8.55705e+06	0	0	1	6	0	7.5
DDoS	3	4	91985.2	55.3508	126466	0	0	0	1454.12	1	1661.86
DDoS	3	7	201273	173.019	57797	0	0	0	1057.55	2	1163.3
BENIGN	2	0	1.2e+07	2e+06	1	0	0	1	6	0	9
DDoS	3	6	38823.3	30.0516	299485	0	0	0	1162.7	2	1291.89
BENIGN	9	7	1381.13	3.12915	5.11321e+06	0	0	0	415.412	0	441.375
BENIGN	2	0	9.25e+06	500000	4	0	1	1	22.6667	0	34
DDoS	5	0	2.8883	0.481383	1.03867e+07	0	0	1	6	0	7.2
BENIGN	47	47	813549	1143.27	82220	0	0	1	719.347	1	727
DDoS	3	6	11971.1	9.26157	971757	0	0	0	1163.3	2	1292.56
DDoS	3	4	6212.27	3.73815	1.87258e+06	0	0	0	1454.12	1	1661.86
DDoS	3	6	8843.44	6.84182	1.31544e+06	0	0	0	1163.3	2	1292.56
DDoS	3	5	12703.3	8.73604	915747	0	0	0	1292.56	1	1454.12
BENIGN	1	1	203390	33898.3	59	0	0	1	6	1	9
DDoS	5	0	2.99136	0.49856	1.00289e+07	0	0	1	6	0	7.2
BENIGN	7	4	27022.6	55.0664	199759	0	0	0	449.833	0	490.727
DDoS	8	4	141.225	0.145381	8.25418e+07	0	0	1	897.154	0	971.917
DDoS	5	0	3.74447	0.624078	8.01181e+06	0	0	1	6	0	7.2
BENIGN	10	5	8186.97	51.8819	289118	0	0	0	147.938	0	157.8
BENIGN	2	2	3405.67	32.905	121562	0	0	0	88.8	1	111
BENIGN	5	1	35.1544	1.16534	5.14871e+06	0	1	1	32.4286	0	37.8333
BENIGN	2	2	1.23622e+06	15748	254	0	0	0	72.2	1	90.25
DDoS	3	5	67848.3	46.6592	171456	0	0	0	1292.56	1	1454.12
DDoS	5	0	3.08554	0.514257	9.72276e+06	0	0	1	6	0	7.2
BENIGN	2	2	1.36327e+06	16326.5	245	0	0	0	73.8	1	92.25
BENIGN	1	1	400000	66666.7	30	0	0	1	6	1	9
DDoS	3	4	189404	113.971	61419	0	0	0	1454.12	1	1661.86
DDoS	5	0	5.97625	0.996042	5.01987e+06	0	0	1	6	0	7.2
DDoS	4	0	2.49616	0.416027	9.61476e+06	0	0	1	6	0	7.5
DDoS	3	5	79358.5	54.5747	146588	0	0	0	1292.56	1	1454.12
BENIGN	2	2	2.29126e+06	38835	103	0	0	0	54.2	1	67.75
DDoS	8	4	146.523	0.150835	7.95573e+07	0	0	1	897.154	0	971.917
BENIGN	1	1	4592.09	65.136	30705	0	0	0	63.6667	1	95.5
DDoS	8	6	117.798	0.141475	9.89571e+07	0	0	1	777.533	0	833.071
BENIGN	1	2	0	500000	6	0	0	1	0	2	0
BENIGN	1	1	4027.86	83.9137	23834	0	0	0	48	1	72
BENIGN	3	1	0	0.73156	5.46777e+06	0	0	0	0	0	0
DDoS	3	6	15089.4	11.6801	770540	0	0	0	1162.7	2	1291.89
BENIGN	13	11	1116.67	2.099	1.1434e+07	0	0	0	510.72	0	532
DDoS	3	4	179012	107.774	64951	0	0	0	1453.38	1	1661
DDoS	3	6	6262	4.84467	1.85771e+06	0	0	0	1163.3	2	1292.56
DDoS	5	0	2.65494	0.44249	1.12997e+07	0	0	1	6	0	7.2
DDoS	4	0	2.01162	0.33527	1.19307e+07	0	0	1	6	0	7.5
DDoS	3	4	898185	540.749	12945	0	0	0	1453.38	1	1661
BENIGN	1	1	0	100000	20	0	0	1	0	1	0
DDoS	3	6	17193.1	13.3085	676260	0	0	0	1162.7	2	1291.89
DDoS	5	0	9.9632	1.66053	3.01108e+06	0	0	1	6	0	7.2
BENIGN	2	2	2772.33	63.7318	62763	0	0	0	41.6	1	52
BENIGN	2	2	1.06e+06	20000	200	0	0	0	49.8	1	62.25
DDoS	5	0	6.50916	1.08486	4.60889e+06	0	0	1	6	0	7.2
DDoS	4	0	2.49223	0.415372	9.62993e+06	0	0	1	6	0	7.5
BENIGN	7	4	141.953	1.99933	5.50184e+06	0	0	0	65.0833	0	71
DDoS	3	4	39234	23.6085	296503	0	0	0	1454.12	1	1661.86
DDoS	5	0	5.30327	0.883879	5.65688e+06	0	0	1	6	0	7.2
DDoS	4	0	11.5609	1.92682	2.07596e+06	0	0	1	6	0	7.5
BENIGN	2	2	1.28617e+06	12861.7	311	0	0	0	87.2	1	109
BENIGN	11	6	14365	94.7999	179325	0	0	0	143.111	0	151.529
BENIGN	156	225	4223.62	4.88373	7.80141e+07	0	0	0	862.571	1	864.835
BENIGN	1	1	2131.53	26.1537	76471	0	0	0	70.6667	1	106
DDoS	8	4	143.025	0.147158	8.15453e+07	0	0	1	897.615	0	972.417
DDoS	5	0	9.06616	1.51103	3.30901e+06	0	0	1	6	0	7.2
BENIGN	7	6	130.468	1.13679	1.14357e+07	0	0	0	106.571	0	114.769
DDoS	3	4	21915.7	13.1875	530807	0	0	0	1454.12	1	1661.86
DDoS	3	5	18642.9	12.8207	623992	0	0	0	1292.56	1	1454.12
DDoS	3	5	34408.9	23.6752	337907	0	0	0	1291.89	1	1453.38
DDoS	3	4	470153	282.908	24743	0	0	0	1454.12	1	1661.86
DDoS	5	0	13.1351	2.18919	2.28395e+06	0	0	1	6	0	7.2
DDoS	3	6	6199.71	4.79895	1.87541e+06	0	0	0	1162.7	2	1291.89
DDoS	3	5	19248.3	13.2371	604364	0	0	0	1292.56	1	1454.12
DDoS	3	5	15520.9	10.6737	749506	0	0	0	1292.56	1	1454.12
BENIGN	2	2	1.23404e+06	21276.6	188	0	0	0	51.8	1	64.75
DDoS	8	6	125.924	0.151157	9.26191e+07	0	0	1	777.933	0	833.5
BENIGN	2	0	1313.2	218.866	9138	0	0	1	6	0	9
BENIGN	7	4	154.865	2.18119	5.04311e+06	0	0	0	65.0833	0	71
DDoS	3	5	6525.7	4.49003	1.78172e+06	0	0	0	1291.89	1	1453.38
BENIGN	1	1	0	37.6513	53119	0	0	1	0	1	0
DDoS	9	4	119.512	0.133213	9.75883e+07	0	0	1	833.5	0	897.615
DDoS	3	5	6948.18	4.78072	1.67339e+06	0	0	0	1291.89	1	1453.38
DDoS	3	6	9520.46	7.36561	1.2219e+06	0	0	0	1163.3	2	1292.56
DDoS	3	7	40218.6	34.5907	289095	0	0	0	1057	2	1162.7
BENIGN	4	2	9419.28	122.86	48836	0	0	0	70.4286	0	82.1667
BENIGN	2	2	1.2561e+06	24390.2	164	0	0	0	47.8	1	59.75
DDoS	3	7	9293.9	7.99338	1.25104e+06	0	0	0	1057	2	1162.7
DDoS	3	5	802803	552.372	14483	0	0	0	1291.89	1	1453.38
BENIGN	5	1	35.9203	1.19073	5.03894e+06	0	1	1	32.4286	0	37.8333
DDoS	4	0	7.22907	1.20484	3.31993e+06	0	0	1	6	0	7.5
BENIGN	6	8	1968.39	4.7366	2.95571e+06	0	0	0	387.867	1	415.571
BENIGN	2	0	0	666667	3	0	0	1	0	0	0
DDoS	8	6	163.281	0.196099	7.13923e+07	0	0	1	777.533	0	833.071
BENIGN	15	10	29975.5	89.2873	279995	0	0	0	322.808	0	335.72
DDoS	5	0	2.98723	0.497872	1.00427e+07	0	0	1	6	0	7.2
DDoS	3	5	16673.7	11.4724	697327	0	0	0	1291.89	1	1453.38
DDoS	3	5	11657.4	8.01675	997911	0	0	0	1292.56	1	1454.12
BENIGN	8	8	871.742	3.1542	5.0726e+06	0	0	0	260.118	1	276.375
BENIGN	1	3	191489	42553.2	94	0	0	1	3.6	3	4.5
DDoS	4	0	2.26613	0.377688	1.05907e+07	0	0	1	6	0	7.5
BENIGN	2	2	11517.7	159.968	25005	0	0	0	66.8	1	83.5
BENIGN	3	0	152542	25423.7	118	0	0	1	6	0	8
BENIGN	2	2	6511.12	166.952	23959	0	0	0	37.4	1	46.75
DDoS	3	6	89211.5	69.0195	130398	0	0	0	1163.3	2	1292.56
BENIGN	13	17	2093.84	2.81632	1.06522e+07	0	0	0	719.484	1	743.467
DDoS	5	0	148.488	24.7479	202037	0	0	1	6	0	7.2
BENIGN	1	2	9e+06	1.5e+06	2	0	0	1	6	2	8
BENIGN	6	2	305.414	7.31532	1.0936e+06	0	0	0	40.5556	0	45.625
DDoS	5	0	4.13006	0.688343	7.26382e+06	0	0	1	6	0	7.2
DDoS	3	5	26204.7	18.0209	443928	0	0	0	1292.56	1	1454.12
DDoS	5	0	9.98355	1.66393	3.00494e+06	0	0	1	6	0	7.2
DDoS	4	0	2.17161	0.361935	1.10517e+07	0	0	1	6	0	7.5
BENIGN	5	1	29.9964	0.994355	6.03406e+06	0	1	1	32.4286	0	37.8333
BENIGN	2	2	467005	20304.6	197	0	0	0	23	1	28.75
DDoS	3	7	107604	92.5463	108054	0	0	0	1057	2	1162.7
BENIGN	2	2	8423.84	120.341	33239	0	0	0	64.4	1	80.5
BENIGN	2	0	1.23333e+07	666667	3	0	1	1	24.6667	0	37
DDoS	5	0	3.01878	0.50313	9.93778e+06	0	0	1	6	0	7.2
BENIGN	2	2	550898	23952.1	167	0	0	0	23	1	28.75
BENIGN	2	2	8379.98	125.074	31981	0	0	0	61.8	1	77.25
DDoS	4	0	2.67595	0.445992	8.96878e+06	0	0	1	6	0	7.5
DDoS	5	0	3.44962	0.574936	8.69662e+06	0	0	1	6	0	7.2
BENIGN	2	0	2.31008	0.0624347	3.20335e+07	0	1	1	37	0	55.5
DDoS	3	5	9378.34	6.44948	1.24041e+06	0	0	0	1292.56	1	1454.12
BENIGN	20	21	264273	435.009	94251	0	0	0	593.048	1	607.512
DDoS	8	5	117.383	0.130839	9.93588e+07	0	0	1	833.5	0	897.615
DDoS	8	5	163.348	0.182168	7.13628e+07	0	0	1	833.071	0	897.154
DDoS	3	5	16451.5	11.3137	707108	0	0	0	1292.56	1	1454.12
BENIGN	2	0	1.2e+07	2e+06	1	0	0	1	6	0	9
BENIGN	2	0	3.7e+07	2e+06	1	0	1	1	22.6667	0	34
DDoS	5	0	2.49031	0.415052	1.20467e+07	0	0	1	6	0	7.2
DDoS	4	0	26.8156	4.46927	895001	0	0	1	6	0	7.5
BENIGN	2	1	0	34482.8	87	0	0	1	0	0	0
BENIGN	1	1	400000	66666.7	30	0	0	1	6	1	9
BENIGN	3	1	14.9919	4.99731	800431	0	0	0	2.4	0	3
DDoS	3	5	6743.77	4.64008	1.72411e+06	0	0	0	1291.89	1	1453.38
BENIGN	2	2	1.34031e+06	20942.4	191	0	0	0	58.8	1	73.5
DDoS	3	5	16281.8	11.197	714478	0	0	0	1292.56	1	1454.12
BENIGN	1	1	2834.36	32.9576	60684	0	0	0	77.6667	1	116.5
DDoS	3	5	218300	150.125	53289	0	0	0	1292.56	1	1454.12
BENIGN	1	1	428571	71428.6	28	0	0	1	6	1	9
DDoS	4	0	3.10004	0.516673	7.74184e+06	0	0	1	6	0	7.5
BENIGN	8	6	50.6408	0.491659	2.8475e+07	0	0	0	96.1333	0	103
DDoS	3	4	6720.87	4.04419	1.73088e+06	0	0	0	1454.12	1	1661.86
DDoS	3	4	6542.44	3.93885	1.77717e+06	0	0	0	1453.38	1	1661
DDoS	3	5	19622.2	13.4942	592849	0	0	0	1292.56	1	1454.12
DDoS	3	5	341679	235.094	34029	0	0	0	1291.89	1	1453.38
DDoS	8	6	1157.59	1.38954	1.00753e+07	0	0	1	777.933	0	833.5
DDoS	8	6	133.094	0.159846	8.75845e+07	0	0	1	777.533	0	833.071
BENIGN	3	3	0.199836	0.0666119	9.0074e+07	0	0	1	3.42857	1	4
DDoS	3	5	58505.3	40.2548	198734	0	0	0	1291.89	1	1453.38
DDoS	4	0	2.04522	0.34087	1.17347e+07	0	0	1	6	0	7.5
DDoS	3	4	9742.19	5.86525	1.19347e+06	0	0	0	1453.38	1	1661
BENIGN	2	0	129032	21505.4	93	0	0	1	6	0	9
BENIGN	9	6	28.8745	0.145001	1.03448e+08	0	0	0	186.688	0	199.133
BENIGN	2	2	1.68675e+06	24096.4	166	0	0	0	62.6	1	78.25
DDoS	8	4	162.487	0.167182	7.17781e+07	0	0	1	897.615	0	972.417
DDoS	8	4	142.94	0.14707	8.15936e+07	0	0	1	897.615	0	972.417
DDoS	4	0	9.15359	1.5256	2.62192e+06	0	0	1	6	0	7.5
BENIGN	10	8	30636.4	115.876	155338	0	0	0	250.474	0	264.389
DDoS	8	5	116.168	0.129552	1.00346e+08	0	0	1	833.071	0	897.154
DDoS	3	4	7885.85	4.7452	1.47517e+06	0	0	0	1454.12	1	1661.86
DDoS	3	5	7875.33	5.41586	1.47714e+06	0	0	0	1292.56	1	1454.12
BENIGN	1	1	0	66666.7	30	0	0	1	0	1	0
DDoS	3	6	6315.72	4.88623	1.84191e+06	0	0	0	1163.3	2	1292.56
DDoS	3	5	17418.6	11.9788	667848	0	0	0	1292.56	1	1454.12
DDoS	3	4	78869.9	47.4589	147496	0	0	0	1454.12	1	1661.86
DDoS	5	0	2.50382	0.417303	1.19817e+07	0	0	1	6	0	7.2
BENIGN	1	1	3004.01	41.7223	47936	0	0	0	66.3333	1	99.5
DDoS	9	4	160.409	0.178797	7.2708e+07	0	0	1	833.5	0	897.615
BENIGN	15	12	112.095	0.424126	6.36603e+07	0	0	0	254.857	0	264.296
DDoS	3	6	7000.14	5.41853	1.66097e+06	0	0	0	1162.7	2	1291.89
BENIGN	2	2	990826	12232.4	327	0	0	0	70.8	1	88.5
BENIGN	29	31	248.017	0.521099	1.15141e+08	0	0	0	468.148	1	475.95
DDoS	8	4	143.917	0.148152	8.09979e+07	0	0	1	897.154	0	971.917
BENIGN	1	1	0	21.0234	95132	0	0	1	0	1	0
DDoS	5	0	7.44613	1.24102	4.02894e+06	0	0	1	6	0	7.2
BENIGN	9	7	235.865	2.45373	6.52068e+06	0	0	0	90.4706	0	96.125
DDoS	8	5	142.618	0.158967	8.17778e+07	0	0	1	833.5	0	897.615
DDoS	9	6	143.553	0.184531	8.12871e+07	0	0	1	729.688	0	778.333
BENIGN	1	1	110092	18348.6	109	0	0	1	6	1	9
DDoS	3	5	399540	274.905	29101	0	0	0	1291.89	1	1453.38
BENIGN	2	2	11714.1	127.328	31415	0	0	0	81.6	1	102
DDoS	5	0	13.7807	2.29678	2.17696e+06	0	0	1	6	0	7.2
DDoS	3	5	6565.62	4.5175	1.77089e+06	0	0	0	1291.89	1	1453.38
BENIGN	2	0	0	18867.9	106	0	0	1	0	0	0
BENIGN	1	3	193548	43010.8	93	0	0	1	3.6	3	4.5
BENIGN	2	0	0	11236	178	0	0	1	0	0	0
DDoS	4	0	2.39575	0.399292	1.00177e+07	0	0	1	6	0	7.5
DDoS	4	0	2.60396	0.433994	9.21672e+06	0	0	1	6	0	7.5
BENIGN	3	2	103.975	28.8819	173119	1	0	0	4	0	4.8
DDoS	8	5	139.722	0.155819	8.34299e+07	0	0	1	833.071	0	897.154
DDoS	3	6	50231	38.8618	231590	0	0	0	1163.3	2	1292.56
DDoS	4	0	530.645	88.4408	45228	0	0	1	6	0	7.5
DDoS	5	0	5.17343	0.862239	5.79886e+06	0	0	1	6	0	7.2
DDoS	3	5	8088.61	5.56253	1.4382e+06	0	0	0	1292.56	1	1454.12
DDoS	3	5	18484.7	12.7119	629332	0	0	0	1292.56	1	1454.12
BENIGN	15	13	73.7783	0.458454	6.10748e+07	0	0	0	155.379	0	160.929
BENIGN	4	4	21118.8	251.414	31820	0	0	0	79.2222	1	89.125
BENIGN	2	2	4187.46	74.7761	53493	0	0	0	51.4	1	64.25
BENIGN	2	0	4e+06	666667	3	1	0	0	6	0	9
BENIGN	1	1	166784	1413.43	1415	0	0	0	104.333	1	156.5
DDoS	4	0	2.12733	0.354555	1.12817e+07	0	0	1	6	0	7.5
DDoS	3	6	105339	81.4966	110434	0	0	0	1163.3	2	1292.56
DDoS	4	0	8.94571	1.49095	2.68285e+06	0	0	1	6	0	7.5
DDoS	5	0	5.82541	0.970901	5.14985e+06	0	0	1	6	0	7.2
DDoS	3	4	39114.2	23.5365	297411	0	0	0	1454.12	1	1661.86
BENIGN	1	1	3017.51	39.4446	50704	0	0	0	70	1	105
DDoS	3	4	7797.49	4.69203	1.49189e+06	0	0	0	1454.12	1	1661.86
DDoS	3	4	21206.6	12.7608	548555	0	0	0	1454.12	1	1661.86
BENIGN	8	5	624.963	2.40584	5.40352e+06	0	0	0	241.214	0	259.769
DDoS	3	6	560797	434.091	20733	0	0	0	1162.7	2	1291.89
DDoS	3	6	6854	5.30267	1.69726e+06	0	0	0	1163.3	2	1292.56
BENIGN	5	5	60.6755	0.66312	1.50802e+07	0	0	0	83.1818	1	91.5
DDoS	3	6	16408.3	12.6945	708971	0	0	0	1163.3	2	1292.56
BENIGN	5	1	58.5309	1.94025	3.09238e+06	0	1	1	32.4286	0	37.8333
BENIGN	2	1	0	36144.6	83	0	0	1	0	0	0
DDoS	5	0	4.04759	0.674598	7.41182e+06	0	0	1	6	0	7.2
DDoS	5	0	5.29661	0.882769	5.664e+06	0	0	1	6	0	7.2
DDoS	9	6	146.024	0.187804	7.98705e+07	0	0	1	729.312	0	777.933
BENIGN	2	2	7258.93	65.9903	60615	0	0	0	97.2	1	121.5
BENIGN	2	2	1.84874e+06	16806.7	238	0	0	0	97.2	1	121.5
BENIGN	2	2	1.48364e+06	14545.5	275	0	0	0	97.2	1	121.5
DDoS	5	0	7.3948	1.23247	4.0569e+06	0	0	1	6	0	7.2
DDoS	4	0	4.02974	0.671624	5.95572e+06	0	0	1	6	0	7.5
BENIGN	2	2	1913.02	41.5874	96183	0	0	0	44.4	1	55.5
DDoS	4	0	3.45084	0.57514	6.95483e+06	0	0	1	6	0	7.5
DDoS	5	0	7.43546	1.23924	4.03472e+06	0	0	1	6	0	7.2
DDoS	3	6	9833.91	7.60811	1.18295e+06	0	0	0	1163.3	2	1292.56
BENIGN	1	1	11978.1	83.7626	23877	0	0	0	117.667	1	176.5
BENIGN	10	5	10557.2	102.964	145682	0	0	0	96.125	0	102.533
BENIGN	1	1	235294	39215.7	51	0	0	1	6	1	9
DDoS	8	5	141.921	0.158191	8.21794e+07	0	0	1	833.5	0	897.615
DDoS	5	0	3.23067	0.538445	9.286e+06	0	0	1	6	0	7.2
DDoS	9	5	151.714	0.182114	7.68748e+07	0	0	1	777.933	0	833.5
BENIGN	2	2	5686.71	104.343	38335	0	0	0	49	1	61.25
DDoS	3	5	67047.8	46.1087	173503	0	0	0	1292.56	1	1454.12
DDoS	3	4	252317	151.906	46081	0	0	0	1453.38	1	1661
DDoS	3	5	112926	77.6593	103014	0	0	0	1292.56	1	1454.12
DDoS	4	0	2.06688	0.344481	1.16117e+07	0	0	1	6	0	7.5
DDoS	3	6	17891.9	13.8423	650182	0	0	0	1163.3	2	1292.56
DDoS	5	0	4.96532	0.827553	6.04191e+06	0	0	1	6	0	7.2
BENIGN	1	2	0	12552.3	239	0	0	1	0	2	0
DDoS	5	0	4.45077	0.741795	6.74041e+06	0	0	1	6	0	7.2
BENIGN	3	2	375.274	104.243	47965	1	0	0	4	0	4.8
BENIGN	2	2	1.10448e+06	29850.7	134	0	0	0	35.4	1	44.25
BENIGN	2	0	0	93.8262	21316	0	0	1	0	0	0
BENIGN	2	2	2293.72	36.4083	109865	0	0	0	56.6	1	70.75
DDoS	8	6	142.789	0.171489	8.16379e+07	0	0	1	777.533	0	833.071
DDoS	9	4	132.123	0.147269	8.82741e+07	0	0	1	833.5	0	897.615
BENIGN	2	2	1.43147e+06	20304.6	197	0	0	0	64.2	1	80.25
BENIGN	2	2	13679.3	125.498	31873	0	0	0	95	1	118.75
BENIGN	4	2	3586.41	39.702	151126	0	0	0	85.7143	0	100
DDoS	5	0	160.403	26.7338	187029	0	0	1	6	0	7.2
BENIGN	2	2	9808.64	128.217	31197	0	0	0	70	1	87.5
DDoS	5	0	9.84271	1.64045	3.04794e+06	0	0	1	6	0	7.2
DDoS	3	6	76168.6	58.9287	152727	0	0	0	1163.3	2	1292.56
DDoS	3	5	6219.15	4.2769	1.87051e+06	0	0	0	1292.56	1	1454.12
BENIGN	1	1	4444.09	52.5928	38028	0	0	0	74.3333	1	111.5
BENIGN	87	294	1.65084e+06	1163.37	327496	0	0	0	1415.3	3	1419.01
DDoS	5	0	4.90045	0.816742	6.12188e+06	0	0	1	6	0	7.2
BENIGN	12	5	61.1734	0.550528	3.08794e+07	0	0	0	104.944	0	111.118
DDoS	4	0	2.87709	0.479515	8.34177e+06	0	0	1	6	0	7.5
BENIGN	1	1	2282.57	22.1609	90249	0	0	0	86	1	129
DDoS	8	5	128.565	0.143376	9.06704e+07	0	0	1	833.071	0	897.154
DDoS	3	6	9801.58	7.5831	1.18685e+06	0	0	0	1163.3	2	1292.56
DDoS	4	0	6.3259	1.05432	3.79392e+06	0	0	1	6	0	7.5
BENIGN	13	0	1.32826e+08	565217	23	0	0	0	235	0	253.077
BENIGN	1	1	4690.43	85.2806	23452	0	0	0	52.3333	1	78.5
BENIGN	14	9	15049.5	58.2236	395029	0	0	0	247.708	0	258.478
DDoS	3	6	660141	510.725	17622	0	0	0	1163.3	2	1292.56
DDoS	5	0	6.07759	1.01293	4.93617e+06	0	0	1	6	0	7.2
DDoS	3	5	266576	183.419	43616	0	0	0	1291.89	1	1453.38
DDoS	5	0	4.84972	0.808286	6.18593e+06	0	0	1	6	0	7.2
BENIGN	1	1	7265.69	85.9845	23260	0	0	0	74.6667	1	112
BENIGN	84	111	131563	116.227	1.67776e+06	0	0	0	1126.18	1	1131.95
DDoS	3	6	19572.8	15.1505	594039	0	0	0	1162.7	2	1291.89
BENIGN	2	2	17464.2	114.896	34814	0	0	0	128.6	1	160.75
DDoS	3	6	10475.7	8.10882	1.1099e+06	0	0	0	1162.7	2	1291.89
BENIGN	2	2	5313.98	129.609	30862	0	0	0	39.4	1	49.25
BENIGN	4	2	21408.4	190.579	31483	0	0	0	108.429	0	126.5
DDoS	3	4	6309.27	3.79652	1.8438e+06	0	0	0	1454.12	1	1661.86
DDoS	8	6	145.036	0.174097	8.04148e+07	0	0	1	777.933	0	833.5
DDoS	8	4	117.909	0.121316	9.89155e+07	0	0	1	897.615	0	972.417
DDoS	3	4	6433.25	3.87312	1.80733e+06	0	0	0	1453.38	1	1661
DDoS	8	6	144.359	0.173286	8.07914e+07	0	0	1	777.933	0	833.5
BENIGN	2	0	12.006	2.00101	999497	0	0	1	6	0	9
DDoS	3	5	402960	277.258	28854	0	0	0	1291.89	1	1453.38
BENIGN	2	2	1.91111e+06	22222.2	180	0	0	0	76.2	1	95.25
BENIGN	1	1	0	31746	63	0	0	1	0	1	0
DDoS	3	4	13891.2	8.36318	837002	0	0	0	1453.38	1	1661
BENIGN	2	2	720588	58823.5	68	1	0	0	11	1	13.75
BENIGN	2	2	2454.97	50.1015	79838	0	0	0	47.4	1	59.25
BENIGN	1	1	238.142	39.6904	50390	1	0	1	6	1	9
BENIGN	1	1	0	9.14796	218628	0	0	1	0	1	0
DDoS	4	0	2.75914	0.459856	8.69838e+06	0	0	1	6	0	7.5
BENIGN	1	1	0	37735.8	53	0	0	1	0	1	0
DDoS	4	0	3.26187	0.543645	7.35775e+06	0	0	1	6	0	7.5
BENIGN	10	5	21885.8	121.904	123048	0	0	0	168.312	0	179.533
DDoS	5	0	2.6458	0.440967	1.13387e+07	0	0	1	6	0	7.2
DDoS	5	0	4.69567	0.782611	6.38887e+06	0	0	1	6	0	7.2
BENIGN	1	1	114.979	19.1631	104367	1	0	1	6	1	9
DDoS	4	0	2.55377	0.425629	9.39786e+06	0	0	1	6	0	7.5
DDoS	8	4	149.752	0.154158	7.78422e+07	0	0	1	897.154	0	971.917
BENIGN	1	1	0	28985.5	69	0	0	1	0	1	0
BENIGN	2	0	0	666667	3	0	0	1	0	0	0
DDoS	3	6	9549.43	7.38802	1.21819e+06	0	0	0	1163.3	2	1292.56
DDoS	4	0	2.36933	0.394888	1.01295e+07	0	0	1	6	0	7.5
DDoS	3	4	9862.6	5.93468	1.17951e+06	0	0	0	1454.12	1	1661.86
BENIGN	2	2	1.45736e+06	31007.8	129	0	0	0	45.4	1	56.75
DDoS	3	6	148877	115.24	78098	0	0	0	1162.7	2	1291.89
DDoS	3	6	7276.62	5.62964	1.59868e+06	0	0	0	1163.3	2	1292.56
BENIGN	2	2	1.65414e+06	30075.2	133	0	0	0	52.2	1	65.25
BENIGN	2	2	1.71329e+06	13986	286	0	0	0	104.8	1	131
BENIGN	2	0	194737	10526.3	190	0	1	1	24.6667	0	37
BENIGN	1	1	247.908	13.4004	149249	1	0	0	14.3333	1	21.5
BENIGN	2	0	1.85e+07	1e+06	2	0	1	1	24.6667	0	37
BENIGN	17	14	136.625	0.499277	6.20898e+07	0	0	0	265.094	0	273.645
DDoS	4	0	2.99851	0.499751	8.00398e+06	0	0	1	6	0	7.5
BENIGN	2	2	1.82946e+06	31007.8	129	0	0	0	54.2	1	67.75
DDoS	4	0	2.34289	0.390481	1.02438e+07	0	0	1	6	0	7.5
DDoS	3	5	7187.19	4.94262	1.61858e+06	0	0	0	1292.56	1	1454.12
BENIGN	3	1	120472	3369.84	1187	0	0	1	28.6	0	35.75
DDoS	5	0	612.02	102.003	49018	0	0	1	6	0	7.2
DDoS	5	0	4.08564	0.68094	7.3428e+06	0	0	1	6	0	7.2
BENIGN	22	20	93.6243	0.363187	1.15643e+08	0	0	0	251.791	0	257.786
BENIGN	2	0	80.1368	26.7123	74872	0	0	1	2	0	3
DDoS	3	6	24067.8	18.63	483093	0	0	0	1162.7	2	1291.89
BENIGN	13	0	1.3e+07	722222	18	0	0	0	18	0	19.3846
DDoS	3	4	36410.8	21.921	319328	0	0	0	1453.38	1	1661
BENIGN	20	21	256384	430.686	95197	0	0	0	581.119	1	595.293
BENIGN	2	2	1.06533e+06	20100.5	199	0	0	0	51.4	1	64.25
BENIGN	1	1	4395.86	28.7311	69611	0	0	0	115.333	1	173
DDoS	3	5	24088.5	16.5742	482678	0	0	0	1291.89	1	1453.38
DDoS	3	5	8964.16	6.16464	1.29772e+06	0	0	0	1292.56	1	1454.12
BENIGN	57	62	944.102	1.01551	1.17182e+08	0	0	0	921.933	1	929.681
DDoS	3	5	9423.11	6.48026	1.23452e+06	0	0	0	1292.56	1	1454.12
BENIGN	1	1	2998.81	32.0729	62358	0	0	0	77	1	115.5
BENIGN	2	2	1.61856e+06	20618.6	194	0	0	0	71.4	1	89.25
DDoS	4	0	4.15739	0.692898	5.77286e+06	0	0	1	6	0	7.5
DDoS	8	5	144.367	0.160917	8.07872e+07	0	0	1	833.5	0	897.615
DDoS	3	5	17770	12.2204	654641	0	0	0	1292.56	1	1454.12
BENIGN	2	0	1.23333e+07	666667	3	0	1	1	22.6667	0	34
DDoS	7	6	1329.83	1.48303	8.76581e+06	0	0	1	833.071	0	897.154
DDoS	8	6	117.42	0.140948	9.93276e+07	0	0	1	777.933	0	833.5
BENIGN	11	11	31.9852	0.28698	7.66603e+07	0	0	0	106.609	1	111.455
DDoS	3	5	189334	130.272	61410	0	0	0	1291.89	1	1453.38
BENIGN	1	1	5689.36	42.1434	47457	0	0	0	122	1	183
BENIGN	2	2	9219.88	129.857	30803	0	0	0	65.6	1	82
DDoS	4	0	3.21077	0.535128	7.47485e+06	0	0	1	6	0	7.5
DDoS	8	6	157.212	0.188714	7.41865e+07	0	0	1	777.933	0	833.5
DDoS	9	7	115.469	0.158407	1.01005e+08	0	0	1	686.412	0	729.312
BENIGN	3	0	7777.78	476.19	6300	0	0	1	13.75	0	18.3333
DDoS	5	0	15.8984	2.64973	1.88698e+06	0	0	1	6	0	7.2
BENIGN	35	38	7206.72	56.0147	1.30323e+06	0	0	0	126.919	1	128.658
DDoS	5	0	3.68333	0.613888	8.14481e+06	0	0	1	6	0	7.2
DDoS	5	0	2.81301	0.468835	1.06647e+07	0	0	1	6	0	7.2
BENIGN	8	8	24218.2	64.8088	246880	0	0	0	351.706	1	373.688
DDoS	4	0	2.16503	0.360839	1.10853e+07	0	0	1	6	0	7.5
DDoS	3	4	67241.1	40.4823	172915	0	0	0	1453.38	1	1661
BENIGN	6	4	124.542	1.63871	6.10236e+06	0	0	0	69.0909	0	76
DDoS	9	5	123.88	0.148702	9.41478e+07	0	0	1	777.933	0	833.5
DDoS	5	0	3.94023	0.656705	7.61377e+06	0	0	1	6	0	7.2
DDoS	3	5	71672.5	49.3145	162224	0	0	0	1291.89	1	1453.38
BENIGN	10	5	7287.2	53.8198	278708	0	0	0	126.938	0	135.4
DDoS	5	0	5.50681	0.917802	5.4478e+06	0	0	1	6	0	7.2
DDoS	4	0	4.29115	0.715192	5.5929e+06	0	0	1	6	0	7.5
DDoS	5	0	15.2442	2.5407	1.96796e+06	0	0	1	6	0	7.2
DDoS	5	0	2.94235	0.490391	1.01959e+07	0	0	1	6	0	7.2
BENIGN	1	1	4947.59	65.0999	30722	0	0	0	71.3333	1	107
BENIGN	2	0	4e+06	666667	3	1	0	0	6	0	9
BENIGN	2	2	326489	4106.78	974	0	0	0	70.4	1	88
DDoS	4	0	2.6382	0.439701	9.0971e+06	0	0	1	6	0	7.5
BENIGN	2	2	1.44737e+06	26315.8	152	0	0	0	53.4	1	66.75
BENIGN	10	5	13997.5	176.143	85158	0	0	0	74.5	0	79.4667
DDoS	3	6	12418.5	9.61266	936265	0	0	0	1162.7	2	1291.89
BENIGN	2	2	1.81224e+06	16326.5	245	0	0	0	98.2	1	122.75
BENIGN	4	2	4701.1	119.52	50201	0	0	0	38	0	44.3333
BENIGN	10	6	8713.69	53.7882	297463	0	0	0	152.471	0	162
DDoS	3	4	12987.8	7.81927	895224	0	0	0	1453.38	1	1661
BENIGN	10	5	7665.55	74.7615	200638	0	0	0	96.125	0	102.533
BENIGN	1	1	5271.48	65.8935	30352	0	0	0	69	1	103.5
BENIGN	3	1	960784	78431.4	51	0	0	1	11	0	13.75
DDoS	8	5	1300.68	1.44978	8.96688e+06	0	0	1	833.5	0	897.615
BENIGN	1	1	2378.89	33.2712	60112	0	0	0	64.6667	1	97
DDoS	3	6	14568.5	11.271	798506	0	0	0	1163.3	2	1292.56
BENIGN	14	9	36895.2	100.176	229596	0	0	0	352.958	0	368.304
BENIGN	5	4	44.4547	0.875475	1.02801e+07	0	0	0	45.7	0	50.7778
BENIGN	1	1	3264.69	22.0587	90667	0	0	0	112	1	168
DDoS	3	5	7721.32	5.30994	1.50661e+06	0	0	0	1292.56	1	1454.12
BENIGN	1	1	246291	2967.36	674	0	0	0	73.6667	1	110.5
BENIGN	2	0	35820.9	5970.15	335	0	0	1	6	0	9
DDoS	3	5	6330.19	4.35327	1.8377e+06	0	0	0	1292.56	1	1454.12
DDoS	8	5	148.59	0.165708	7.8451e+07	0	0	1	833.071	0	897.154
DDoS	3	4	18481.7	11.1211	629435	0	0	0	1454.12	1	1661.86
BENIGN	2	2	8622.89	127.747	31312	0	0	0	61.6	1	77
DDoS	8	4	119.096	0.122538	9.7929e+07	0	0	1	897.615	0	972.417
BENIGN	2	2	1.72619e+06	23809.5	168	0	0	0	66.6	1	83.25
BENIGN	2	2	4.09386	0.047603	8.40283e+07	0	0	0	80	1	100
BENIGN	2	0	36.9757	0.999343	2.00132e+06	0	1	1	37	0	55.5
BENIGN	2	2	9081.7	130.672	30611	0	0	0	63.4	1	79.25
BENIGN	10	6	4599.3	32.4037	493771	0	0	0	133.588	0	141.938
BENIGN	4	0	0.830984	0.114618	3.48984e+07	0	0	1	5.8	0	7.25
DDoS	4	0	2.49663	0.416105	9.61295e+06	0	0	1	6	0	7.5
DDoS	3	5	40221.1	27.6743	289077	0	0	0	1291.89	1	1453.38
BENIGN	13	0	3.42105e+07	684211	19	0	0	0	50	0	53.8462
DDoS	5	0	638.542	106.424	46982	0	0	1	6	0	7.2
DDoS	8	4	151.027	0.155471	7.7185e+07	0	0	1	897.154	0	971.917
DDoS	8	5	147.17	0.164125	7.92079e+07	0	0	1	833.071	0	897.154
BENIGN	2	1	119.246	59.6232	50316	1	0	1	1.5	0	2
BENIGN	1	1	123.158	2.28071	876919	0	0	0	51.3333	1	77
DDoS	3	4	12386.8	7.45746	938658	0	0	0	1453.38	1	1661
DDoS	4	0	2.26443	0.377404	1.05987e+07	0	0	1	6	0	7.5
DDoS	3	5	394109	271.168	29502	0	0	0	1291.89	1	1453.38
BENIGN	2	0	255319	42553.2	47	0	0	1	6	0	9
DDoS	3	6	13736.3	10.6328	846441	0	0	0	1162.7	2	1291.89
BENIGN	1	1	324324	54054.1	37	0	0	1	6	1	9
DDoS	8	5	119.548	0.133252	9.75591e+07	0	0	1	833.5	0	897.615
DDoS	3	6	471952	365.319	24636	0	0	0	1162.7	2	1291.89
DDoS	8	5	114.288	0.127455	1.01997e+08	0	0	1	833.071	0	897.154
DDoS	3	5	233207	160.459	49857	0	0	0	1291.89	1	1453.38
BENIGN	1	1	666667	111111	18	0	0	1	6	1	9
DDoS	4	0	5.30821	0.884701	4.5213e+06	0	0	1	6	0	7.5
BENIGN	1	1	6709.45	83.3472	23996	0	0	0	70	1	105
BENIGN	4	2	5249.56	60.8057	98675	0	0	0	80.7143	0	94.1667
DDoS	2	1	10810.8	23.3831	128298	0	0	1	348.25	0	464.333
DDoS	5	0	4.88842	0.814736	6.13696e+06	0	0	1	6	0	7.2
DDoS	3	6	281439	217.738	41334	0	0	0	1163.3	2	1292.56
BENIGN	1	1	218182	36363.6	55	0	0	1	6	1	9
BENIGN	2	0	571429	95238.1	21	0	0	1	6	0	9
BENIGN	2	2	4500.7	66.1868	60435	0	0	0	62.4	1	78
DDoS	4	0	3.39327	0.565544	7.07283e+06	0	0	1	6	0	7.5
DDoS	5	0	3.422	0.570333	8.7668e+06	0	0	1	6	0	7.2
DDoS	4	0	2.38049	0.396748	1.0082e+07	0	0	1	6	0	7.5
DDoS	5	0	5.11433	0.852388	5.86588e+06	0	0	1	6	0	7.2
BENIGN	2	2	4109.96	77.5464	51582	0	0	0	50.2	1	62.75
DDoS	3	6	11421.9	8.84121	1.01796e+06	0	0	0	1162.7	2	1291.89
DDoS	3	5	7242.58	4.98071	1.6062e+06	0	0	0	1292.56	1	1454.12
BENIGN	14	7	26475.6	83.0575	252837	0	0	0	304.273	0	318.762
DDoS	5	0	3.61759	0.602932	8.29281e+06	0	0	1	6	0	7.2
DDoS	8	7	131.629	0.16929	8.86053e+07	0	0	1	729.312	0	777.933
DDoS	3	4	6576.94	3.95963	1.76784e+06	0	0	0	1453.38	1	1661
BENIGN	1	1	3852.68	65.2997	30628	0	0	0	56.3333	1	84.5
DDoS	4	0	2.64732	0.441221	9.06576e+06	0	0	1	6	0	7.5
BENIGN	2	0	9.25e+06	500000	4	0	1	1	24.6667	0	37
BENIGN	39	25	695.625	3.55024	1.8027e+07	0	0	0	192.923	0	195.938
BENIGN	1	1	2969.6	32.8132	60951	0	0	0	75.3333	1	113
DDoS	3	6	6380.83	4.9366	1.82312e+06	0	0	0	1163.3	2	1292.56
BENIGN	4	2	276.31	69.0775	86859	1	0	0	4.28571	0	5
DDoS	8	4	114.034	0.117389	1.02224e+08	0	0	1	897.154	0	971.917
BENIGN	11	8	18809.3	78.7519	241264	0	0	0	226.9	0	238.842
DDoS	3	5	75404.3	51.8555	154275	0	0	0	1292.56	1	1454.12
DDoS	9	4	117.896	0.131411	9.89263e+07	0	0	1	833.5	0	897.615
DDoS	3	5	9184.53	6.31619	1.26659e+06	0	0	0	1292.56	1	1454.12
DDoS	4	0	5.84093	0.973489	4.10893e+06	0	0	1	6	0	7.5
DDoS	8	6	116.061	0.139389	1.00438e+08	0	0	1	777.533	0	833.071
DDoS	8	4	160.538	0.165177	7.26494e+07	0	0	1	897.615	0	972.417
DDoS	9	4	115.512	0.128754	1.00968e+08	0	0	1	833.5	0	897.615
BENIGN	1	1	3203.63	66.7423	29966	0	0	0	48	1	72
DDoS	4	0	3.44048	0.573413	6.97577e+06	0	0	1	6	0	7.5
DDoS	9	5	144.783	0.173705	8.05963e+07	0	0	1	778.333	0	833.929
DDoS	4	0	2.2519	0.375316	1.06577e+07	0	0	1	6	0	7.5
DDoS	6	0	5.03582	0.839303	7.14879e+06	0	0	1	6	0	7
BENIGN	2	2	16589.2	129.099	30984	0	0	0	110.4	1	138
DDoS	8	5	143.964	0.160468	8.10131e+07	0	0	1	833.5	0	897.615
BENIGN	1	1	5185.96	63.6314	31431	0	0	0	72.3333	1	108.5
DDoS	5	0	2.64418	0.440696	1.13457e+07	0	0	1	6	0	7.2
DDoS	8	5	114.209	0.127367	1.02067e+08	0	0	1	833.071	0	897.154
DDoS	3	6	12126.3	9.3865	958824	0	0	0	1162.7	2	1291.89
DDoS	2	6	8607.29	5.92228	1.35083e+06	0	0	0	1291.89	3	1453.38
BENIGN	1	1	157895	26315.8	76	0	0	1	6	1	9
BENIGN	1	1	99173.6	16528.9	121	0	0	1	6	1	9
DDoS	5	0	4.84117	0.806862	6.19684e+06	0	0	1	6	0	7.2
BENIGN	3	1	37558.7	6259.78	639	1	0	0	6	0	7.5
DDoS	8	3	121.914	0.115043	9.56164e+07	0	0	1	971.917	0	1060.27
DDoS	3	6	11593.3	8.97389	1.00291e+06	0	0	0	1162.7	2	1291.89
DDoS	5	0	3.69436	0.615727	8.12048e+06	0	0	1	6	0	7.2
DDoS	5	0	232.486	38.7477	129040	0	0	1	6	0	7.2
DDoS	3	5	55831.1	38.4148	208253	0	0	0	1291.89	1	1453.38
DDoS	5	0	3.81064	0.635107	7.87269e+06	0	0	1	6	0	7.2
DDoS	5	0	3.16033	0.526721	9.49269e+06	0	0	1	6	0	7.2
BENIGN	10	5	17922.7	160.502	93457	0	0	0	104.688	0	111.667
DDoS	3	4	8939.48	5.37921	1.30131e+06	0	0	0	1454.12	1	1661.86
DDoS	5	0	19.989	3.33151	1.50082e+06	0	0	1	6	0	7.2
BENIGN	13	6	11320.3	38.7331	490536	0	0	0	277.65	0	292.263
DDoS	3	5	429072	295.225	27098	0	0	0	1291.89	1	1453.38
DDoS	8	6	142.029	0.170488	8.21172e+07	0	0	1	777.933	0	833.5
DDoS	3	6	201361	155.785	57772	0	0	0	1163.3	2	1292.56
BENIGN	2	2	1.2e+06	18604.7	215	0	0	0	59.4	1	74.25
DDoS	3	6	11508	8.90787	1.01034e+06	0	0	0	1162.7	2	1291.89
BENIGN	1	1	7492.23	85.139	23491	0	0	0	80	1	120
DDoS	4	0	11.1112	1.85187	2.15998e+06	0	0	1	6	0	7.5
DDoS	9	6	130.429	0.167661	8.94663e+07	0	0	1	729.688	0	778.333
BENIGN	20	18	50.6168	0.32868	1.15614e+08	0	0	0	150.051	0	154
DDoS	3	6	8873.98	6.86545	1.31091e+06	0	0	0	1163.3	2	1292.56
BENIGN	2	2	13594	167.827	23834	0	0	0	71.8	1	89.75
BENIGN	11	6	13407.6	113.173	150213	0	0	0	111.889	0	118.471
DDoS	8	5	123.742	0.137999	9.42038e+07	0	0	1	833.071	0	897.154
BENIGN	9	11	9304.61	34.3217	582722	0	0	0	258.19	1	271.1
BENIGN	2	0	0	750.188	2666	0	0	1	0	0	0
DDoS	3	5	14318.9	9.84706	812425	0	0	0	1292.56	1	1454.12
DDoS	3	6	13742.6	10.6321	846494	0	0	0	1163.3	2	1292.56
DDoS	2	5	69954.2	42.1375	166123	0	0	0	1452.62	2	1660.14
BENIGN	1	1	2196.11	32.7778	61017	0	0	0	61.6667	1	92.5
DDoS	4	0	15.6242	2.60403	1.53608e+06	0	0	1	6	0	7.5
BENIGN	2	0	4e+06	666667	3	1	0	0	6	0	9
DDoS	8	6	163.828	0.196656	7.11903e+07	0	0	1	777.933	0	833.5
DDoS	8	6	120.278	0.144379	9.69672e+07	0	0	1	777.933	0	833.5
DDoS	3	6	80390	62.1946	144707	0	0	0	1163.3	2	1292.56
DDoS	8	6	148.428	0.178169	7.8577e+07	0	0	1	777.933	0	833.5
DDoS	4	0	21.2571	3.54285	1.12903e+06	0	0	1	6	0	7.5
BENIGN	5	4	164.083	3.21731	2.79737e+06	0	0	0	45.9	0	51
DDoS	3	3	18565.4	9.58052	626271	0	0	0	1661	1	1937.83
DDoS	4	0	2.40317	0.400529	9.98679e+06	0	0	1	6	0	7.5
BENIGN	2	0	0	666667	3	0	0	1	0	0	0
DDoS	3	5	158458	109.027	73376	0	0	0	1291.89	1	1453.38
DDoS	9	6	159.576	0.205128	7.31252e+07	0	0	1	729.688	0	778.333
BENIGN	5	1	51.278	1.82052	3.29576e+06	0	1	1	30.7143	0	35.8333
BENIGN	1	1	0	21276.6	94	0	0	1	0	1	0
BENIGN	2	0	0	666667	3	0	0	1	0	0	0
DDoS	3	4	176490	106.201	65913	0	0	0	1454.12	1	1661.86
DDoS	8	6	155.087	0.186259	7.51642e+07	0	0	1	777.533	0	833.071
DDoS	3	5	15293.9	10.5176	760632	0	0	0	1292.56	1	1454.12
BENIGN	6	8	2918.69	36.0333	388530	0	0	0	75.6	1	81
DDoS	8	4	159.436	0.164127	7.31141e+07	0	0	1	897.154	0	971.917
BENIGN	12	10	103.235	0.351737	6.25468e+07	0	0	0	280.739	0	293.5
DDoS	5	0	2.91834	0.48639	1.02798e+07	0	0	1	6	0	7.2
BENIGN	4	1	468.147	97.5305	51266	1	0	0	5	0	6
DDoS	3	4	288460	173.577	40328	0	0	0	1454.12	1	1661.86
DDoS	3	5	8535.2	5.87268	1.36224e+06	0	0	0	1291.89	1	1453.38
DDoS	5	0	147.049	24.5081	204014	0	0	1	6	0	7.2
BENIGN	12	10	10.9601	0.186483	1.17973e+08	0	0	0	56.2174	0	58.7727
BENIGN	1	1	4379.23	65.3616	30599	0	0	0	58	1	87
DDoS	3	5	19528	13.4294	595710	0	0	0	1292.56	1	1454.12
DDoS	3	6	6589.76	5.09824	1.76532e+06	0	0	0	1163.3	2	1292.56
BENIGN	2	0	4e+06	666667	3	0	0	1	6	0	9
DDoS	9	6	142.193	0.182877	8.20224e+07	0	0	1	729.312	0	777.933
DDoS	4	0	3.15922	0.526536	7.59682e+06	0	0	1	6	0	7.5
BENIGN	7	5	657.279	1.1781	1.01859e+07	0	0	0	515	0	557.917
BENIGN	1	1	0	33333.3	60	0	0	1	0	1	0
DDoS	5	0	3.3949	0.565816	8.83679e+06	0	0	1	6	0	7.2
BENIGN	13	16	2427.73	5.28759	5.48454e+06	0	0	0	443.833	1	459.138
BENIGN	2	2	10400.1	167.743	23846	0	0	0	57.2	1	71.5
BENIGN	2	0	6.175e+07	500000	4	0	1	1	154.333	0	231.5
DDoS	3	6	27018	20.9136	430343	0	0	0	1162.7	2	1291.89
BENIGN	5	1	36.9173	1.31067	4.5778e+06	0	1	1	30.7143	0	35.8333
BENIGN	6	6	15406.8	44.6789	268583	0	0	0	318.308	1	344.833
BENIGN	5	3	7076.82	97.4433	82099	0	0	0	64.5556	0	72.625
DDoS	3	5	9346.8	6.42778	1.2446e+06	0	0	0	1292.56	1	1454.12
DDoS	8	6	147.69	0.177284	7.89694e+07	0	0	1	777.933	0	833.5
DDoS	5	0	5.61814	0.936357	5.33985e+06	0	0	1	6	0	7.2
DDoS	3	6	6495.02	5.02494	1.79106e+06	0	0	0	1163.3	2	1292.56
BENIGN	1	1	176471	29411.8	68	0	0	1	6	1	9
DDoS	5	0	4.40292	0.73382	6.81366e+06	0	0	1	6	0	7.2
BENIGN	1	1	181818	30303	66	0	0	1	6	1	9
BENIGN	2	2	1.25869e+06	15444	259	0	0	0	71.2	1	89
DDoS	4	0	3.63505	0.605841	6.60239e+06	0	0	1	6	0	7.5
BENIGN	11	6	15377.7	121.422	140008	0	0	0	119.611	0	126.647
BENIGN	2	0	7.75e+06	500000	4	0	1	1	20.6667	0	31
DDoS	3	6	152920	118.37	76033	0	0	0	1162.7	2	1291.89
BENIGN	1	1	461538	76923.1	26	0	0	1	6	1	9
BENIGN	3	2	2833.7	25.9022	193034	0	0	0	91.1667	0	109.4
BENIGN	2	2	9278.05	165.679	24143	0	0	0	51	1	63.75
DDoS	3	5	105351	72.45	110421	0	0	0	1292.56	1	1454.12
BENIGN	1	1	4015.54	32.9142	60764	0	0	0	100.667	1	151
BENIGN	4	2	4830.52	98.5821	60863	0	0	0	46.5714	0	54.3333
BENIGN	1	1	3280.4	21.7967	91757	0	0	0	118	1	177
DDoS	5	0	3.39298	0.565497	8.84178e+06	0	0	1	6	0	7.2
BENIGN	2	2	629540	9685.23	413	0	0	0	58.4	1	73
BENIGN	1	1	1630.74	32.6147	61322	0	0	0	47.3333	1	71
DDoS	4	0	18.5612	3.09353	1.29302e+06	0	0	1	6	0	7.5
DDoS	3	6	17653.5	13.6649	658624	0	0	0	1162.7	2	1291.89
BENIGN	21	19	66.8834	0.390446	1.02447e+08	0	0	0	167.122	0	171.3
DDoS	3	3	60155.6	31.0427	193282	0	0	0	1661	1	1937.83
BENIGN	28	32	2126.65	5.9495	1.00849e+07	0	0	0	351.59	1	357.45
DDoS	5	0	4.09287	0.682146	7.32981e+06	0	0	1	6	0	7.2
DDoS	3	5	6393.99	4.39714	1.81936e+06	0	0	0	1292.56	1	1454.12
DDoS	3	6	8020.14	6.20487	1.45047e+06	0	0	0	1163.3	2	1292.56
DDoS	4	0	2.80134	0.466889	8.56734e+06	0	0	1	6	0	7.5
DDoS	5	0	7.45888	1.24315	4.02205e+06	0	0	1	6	0	7.2
BENIGN	2	2	1.17647e+06	26143.8	153	0	0	0	41.8	1	52.25
BENIGN	1	1	1564.46	25.0313	79900	0	0	0	56.3333	1	84.5
BENIGN	2	2	12366.6	169.405	23612	0	0	0	66.8	1	83.5
DDoS	3	5	83973.4	57.7484	138532	0	0	0	1292.56	1	1454.12
DDoS	5	0	16.1806	2.69677	1.85407e+06	0	0	1	6	0	7.2
BENIGN	17	15	41.3406	0.276295	1.15818e+08	0	0	0	145.091	0	149.625
BENIGN	2	2	1.14019e+06	18691.6	214	0	0	0	55.4	1	69.25
DDoS	8	5	148.708	0.165841	7.83883e+07	0	0	1	833.071	0	897.154
DDoS	4	0	10.7722	1.79537	2.22796e+06	0	0	1	6	0	7.5
BENIGN	1	1	5581.63	63.4276	31532	0	0	0	74	1	111
DDoS	8	4	142.654	0.146851	8.17152e+07	0	0	1	897.154	0	971.917
DDoS	8	5	130.362	0.145306	8.94662e+07	0	0	1	833.5	0	897.615
BENIGN	1	1	0	52631.6	38	0	0	1	0	1	0
DDoS	3	6	6691.11	5.17932	1.73768e+06	0	0	0	1162.7	2	1291.89
DDoS	4	0	3.55933	0.593222	6.74284e+06	0	0	1	6	0	7.5
BENIGN	2	3	357.469	99.297	50354	0	0	1	3	1	3.6
BENIGN	3	3	3.61001	0.058226	1.03047e+08	0	0	0	60.4286	1	70.5
DDoS	8	5	1332.41	1.48592	8.74881e+06	0	0	1	833.071	0	897.154
DDoS	3	4	24149.5	14.5391	481460	0	0	0	1453.38	1	1661
BENIGN	2	2	10666.2	166.66	24001	0	0	0	60	1	75
BENIGN	1	1	2617.73	54.536	36673	0	0	0	48	1	72
DDoS	8	6	144.601	0.173576	8.06565e+07	0	0	1	777.933	0	833.5
DDoS	4	0	17.8713	2.97854	1.34294e+06	0	0	1	6	0	7.5
BENIGN	2	2	1.19444e+06	27777.8	144	0	0	0	41.4	1	51.75
DDoS	3	6	8.35104e+06	6460.88	1393	0	0	0	1163.3	2	1292.56
DDoS	6	5	153.683	0.145171	7.57727e+07	0	0	1	970.917	0	1059.18
BENIGN	4	2	7908.22	122.926	48810	0	0	0	61.2857	0	71.5
BENIGN	1	1	3533.01	63.0895	31701	0	0	0	53.3333	1	80
DDoS	8	6	142.337	0.170858	8.19392e+07	0	0	1	777.933	0	833.5
DDoS	4	0	600.015	100.003	39999	0	0	1	6	0	7.5
BENIGN	105	132	100742	94.6652	2.50356e+06	0	0	0	1059.72	1	1064.19
DDoS	9	6	137.378	0.176684	8.48973e+07	0	0	1	729.312	0	777.933
BENIGN	2	0	1.1556	0.0312324	6.40361e+07	0	1	1	37	0	55.5
DDoS	4	0	748.947	124.824	32045	0	0	1	6	0	7.5
DDoS	5	0	3.4913	0.581883	8.59279e+06	0	0	1	6	0	7.2
DDoS	4	0	2.87745	0.479575	8.34073e+06	0	0	1	6	0	7.5
DDoS	4	0	11.1265	1.85442	2.15701e+06	0	0	1	6	0	7.5
DDoS	8	4	144.35	0.148598	8.0755e+07	0	0	1	897.154	0	971.917
DDoS	4	0	351.788	58.6313	68223	0	0	1	6	0	7.5
DDoS	5	0	7.33869	1.22312	4.08792e+06	0	0	1	6	0	7.2
BENIGN	1	1	184615	30769.2	65	0	0	1	6	1	9
DDoS	4	0	2.356	0.392667	1.01867e+07	0	0	1	6	0	7.5
BENIGN	2	0	1.36566	0.227609	8.78698e+06	0	0	1	6	0	9
DDoS	3	5	65287.5	44.8982	178181	0	0	0	1292.56	1	1454.12
DDoS	3	4	9441.12	5.68107	1.23216e+06	0	0	0	1454.12	1	1661.86
BENIGN	1	1	0	39215.7	51	0	0	1	0	1	0
BENIGN	3	0	127473	6593.41	455	0	0	1	16	0	21.3333
BENIGN	1	1	0	55555.6	36	0	0	1	0	1	0
DDoS	5	0	3.24225	0.540376	9.25282e+06	0	0	1	6	0	7.2
BENIGN	2	0	12.0006	2.00009	999954	0	0	1	6	0	9
DDoS	4	0	5.11154	0.851923	4.69526e+06	0	0	1	6	0	7.5
BENIGN	1	1	9067.94	64.771	30878	0	0	0	118.667	1	178
BENIGN	1	1	373.488	5.74597	348070	0	0	0	62.3333	1	93.5
DDoS	4	0	6.63364	1.10561	3.61792e+06	0	0	1	6	0	7.5
BENIGN	2	2	777.482	10.1632	393578	0	0	0	66.6	1	83.25
BENIGN	2	2	474227	20618.6	194	0	0	0	23	1	28.75
BENIGN	8	6	928.721	2.47706	5.65186e+06	0	0	0	349.933	0	374.929
BENIGN	6	1	11617.2	178.726	39166	0	1	1	94.5	0	108
DDoS	3	4	18575.7	11.1834	625926	0	0	0	1453.38	1	1661
BENIGN	48	80	4560.28	5.16293	2.47921e+07	0	0	0	876.426	1	883.273
DDoS	9	5	142.983	0.171634	8.15691e+07	0	0	1	777.933	0	833.5
BENIGN	2	2	13124	166.127	24078	0	0	0	72.2	1	90.25
BENIGN	2	2	978166	17467.2	229	0	0	0	50.6	1	63.25
BENIGN	1	1	122.525	1.885	1.06101e+06	0	0	0	57.6667	1	86.5
BENIGN	1	1	0	10471.2	191	0	0	1	0	1	0
BENIGN	2	2	1.38516e+06	14134.3	283	0	0	0	84.8	1	106
BENIGN	2	1	203.259	50.8147	59038	1	0	0	4.5	0	6
BENIGN	1	1	9584.8	84.8212	23579	0	0	0	91.6667	1	137.5
DDoS	2	5	15610.5	9.39823	744821	0	0	0	1453.38	2	1661
BENIGN	1	1	3903.23	81.3173	24595	0	0	0	48	1	72
DDoS	5	0	3.52951	0.588252	8.49975e+06	0	0	1	6	0	7.2
BENIGN	14	13	103.139	0.440348	6.13151e+07	0	0	0	225.857	0	234.222
DDoS	3	7	8275.7	7.11766	1.40496e+06	0	0	0	1057	2	1162.7
BENIGN	2	2	5.69806	0.0435798	9.17856e+07	0	0	0	114.4	1	143
BENIGN	5	3	1843.82	216.92	36880	1	0	0	8.22222	0	9.25
BENIGN	1	1	2722.49	32.6046	61341	0	0	0	71	1	106.5
DDoS	3	6	6678.14	5.16661	1.74195e+06	0	0	0	1163.3	2	1292.56
BENIGN	2	2	1.18857e+06	22857.1	175	0	0	0	50.4	1	63
BENIGN	2	2	1.17703e+06	19138.8	209	0	0	0	57.6	1	72
DDoS	3	6	7469.38	5.78175	1.55662e+06	0	0	0	1162.7	2	1291.89
BENIGN	3	1	0	0.675514	5.92141e+06	0	0	0	0	0	0
DDoS	5	0	3.71204	0.618674	8.0818e+06	0	0	1	6	0	7.2
DDoS	8	6	141.467	0.169813	8.24435e+07	0	0	1	777.933	0	833.5
DDoS	3	4	6756.5	4.06773	1.72086e+06	0	0	0	1453.38	1	1661
BENIGN	4	2	5035.17	53.5657	112012	0	0	0	87	0	101.5
DDoS	8	6	148.838	0.178661	7.83605e+07	0	0	1	777.933	0	833.5
DDoS	8	6	143.974	0.172823	8.10075e+07	0	0	1	777.933	0	833.5
DDoS	3	8	439003	415.329	26485	0	0	0	968.917	2	1057
DDoS	5	0	2.48125	0.413541	1.20907e+07	0	0	1	6	0	7.2
BENIGN	4	2	10027.3	192.833	31115	0	0	0	50	0	58.3333
DDoS	3	6	26792.5	20.7283	434188	0	0	0	1163.3	2	1292.56
BENIGN	7	9	1641.75	8.72401	1.83402e+06	0	0	0	177.118	1	188.188
BENIGN	2	2	857143	20408.2	196	0	0	0	40.4	1	50.5
DDoS	3	5	353136	242.976	32925	0	0	0	1291.89	1	1453.38
DDoS	3	6	17590.6	13.6091	661320	0	0	0	1163.3	2	1292.56
DDoS	3	4	16564.1	9.96725	702300	0	0	0	1454.12	1	1661.86
BENIGN	2	1	0	41666.7	72	0	0	1	0	0	0
DDoS	5	0	4.92622	0.821036	6.08986e+06	0	0	1	6	0	7.2
BENIGN	16	14	14.1829	0.260396	1.15209e+08	0	0	0	52.7097	0	54.4667
DDoS	5	0	2.5091	0.418183	1.19565e+07	0	0	1	6	0	7.2
DDoS	9	5	123.919	0.148673	9.41665e+07	0	0	1	778.333	0	833.929
DDoS	5	0	2.78662	0.464437	1.07657e+07	0	0	1	6	0	7.2
DDoS	8	6	145.389	0.174612	8.0178e+07	0	0	1	777.533	0	833.071
BENIGN	2	2	1.11538e+06	15384.6	260	0	0	0	67.4	1	84.25
DDoS	3	4	201027	121.028	57838	0	0	0	1453.38	1	1661
DDoS	3	6	6486.87	5.02123	1.79239e+06	0	0	0	1162.7	2	1291.89
DDoS	3	7	8775.35	7.54739	1.32496e+06	0	0	0	1057	2	1162.7
DDoS	8	6	116.192	0.139474	1.00377e+08	0	0	1	777.933	0	833.5
BENIGN	1	1	2218.8	41.0889	48675	0	0	0	51.3333	1	77
DDoS	3	6	14317.8	11.0771	812487	0	0	0	1163.3	2	1292.56
BENIGN	2	2	2.25806e+06	21505.4	186	0	0	0	92.2	1	115.25
BENIGN	1	1	366.256	61.0426	32764	0	0	1	6	1	9
BENIGN	1	1	7969.07	59.0301	33881	0	0	0	113.667	1	170.5
DDoS	3	6	207573	160.674	56014	0	0	0	1162.7	2	1291.89
BENIGN	2	2	6580.98	58.7587	68075	0	0	0	99	1	123.75
DDoS	4	0	7.26845	1.21141	3.30194e+06	0	0	1	6	0	7.5
BENIGN	2	0	4e+06	666667	3	0	0	1	6	0	9
BENIGN	7	9	6275.75	11.9481	1.33912e+06	0	0	0	494.353	1	525.25
BENIGN	2	2	171.561	57.187	69946	0	0	1	2.4	1	3
BENIGN	2	2	1.66265e+06	24096.4	166	0	0	0	64.8	1	81
DDoS	8	6	1118.8	1.34367	1.04192e+07	0	0	1	777.533	0	833.071
DDoS	8	5	161.96	0.180526	7.20116e+07	0	0	1	833.5	0	897.615
DDoS	9	6	1278.92	1.64484	9.11941e+06	0	0	1	729.312	0	777.933
DDoS	3	6	199202	154.194	58368	0	0	0	1162.7	2	1291.89
DDoS	3	5	6309.09	4.33875	1.84385e+06	0	0	0	1292.56	1	1454.12
BENIGN	2	2	8044.31	123.759	32321	0	0	0	58.6	1	73.25
DDoS	9	5	123.967	0.14873	9.41302e+07	0	0	1	778.333	0	833.929
DDoS	5	0	7.56634	1.26106	3.96493e+06	0	0	1	6	0	7.2
DDoS	4	0	5.22205	0.870342	4.59589e+06	0	0	1	6	0	7.5
DDoS	3	6	196948	152.449	59036	0	0	0	1162.7	2	1291.89
BENIGN	2	2	1501.8	21.0042	190438	0	0	0	63.4	1	79.25
DDoS	3	5	8385.26	5.76951	1.3866e+06	0	0	0	1291.89	1	1453.38
BENIGN	2	2	1.44444e+06	27777.8	144	0	0	0	49.2	1	61.5
BENIGN	12	7	91143.6	328.913	57766	0	0	0	263.25	0	277.105
BENIGN	4	2	8982.77	98.7118	60783	0	0	0	82.8571	0	96.6667
BENIGN	1	1	3019.71	32.8229	60933	0	0	0	82.3333	1	123.5
BENIGN	2	2	1.37374e+06	13468	297	0	0	0	89.2	1	111.5
DDoS	4	0	2.52425	0.420709	9.50777e+06	0	0	1	6	0	7.5
DDoS	4	0	41.0908	6.84846	584073	0	0	1	6	0	7.5
BENIGN	3	4	20426.7	109.568	63887	0	0	0	163.125	1	186.429
DDoS	4	0	2.7826	0.463766	8.62504e+06	0	0	1	6	0	7.5
BENIGN	4	2	2121.91	44.2064	135727	0	0	0	46	0	53.6667
DDoS	3	6	21472.1	16.6121	541774	0	0	0	1163.3	2	1292.56
DDoS	3	4	13442.9	8.08908	865364	0	0	0	1454.12	1	1661.86
BENIGN	2	1	125.96	31.4901	95268	1	0	0	4.5	0	6
DDoS	8	5	163.078	0.181773	7.15177e+07	0	0	1	833.5	0	897.615
BENIGN	2	2	1.31792e+06	23121.4	173	0	0	0	55.4	1	69.25
BENIGN	1	1	133333	22222.2	90	0	0	1	6	1	9
BENIGN	2	2	1.7384e+06	16877.6	237	0	0	0	90.2	1	112.75
BENIGN	2	2	1.93531e+06	10781.7	371	0	0	0	179.6	1	224.5
BENIGN	2	2	6503.01	65.0301	61510	0	0	0	87.2	1	109
BENIGN	4	1	928.304	154.717	32317	0	0	1	6	0	7.2
BENIGN	1	1	2851.53	53.8025	37173	0	0	0	50.3333	1	75.5
DDoS	5	0	3.14968	0.524947	9.52477e+06	0	0	1	6	0	7.2
BENIGN	10	11	29.185	0.346067	6.06818e+07	0	0	0	80.5	1	84.3333
DDoS	5	0	7.46837	1.24473	4.01694e+06	0	0	1	6	0	7.2
BENIGN	2	2	5220.23	130.506	30650	0	0	0	38.4	1	48
BENIGN	2	0	576.895	96.1492	20801	0	0	1	6	0	9
BENIGN	4	2	4808.74	62.4512	96075	0	0	0	71.8571	0	83.8333
DDoS	4	0	2.56034	0.426723	9.37377e+06	0	0	1	6	0	7.5
DDoS	3	7	8945.77	7.69396	1.29972e+06	0	0	0	1057	2	1162.7
DDoS	3	5	16394.8	11.2747	709556	0	0	0	1292.56	1	1454.12
BENIGN	2	0	0	666667	3	0	0	1	0	0	0
BENIGN	2	2	1.65035e+06	27972	143	0	0	0	57.4	1	71.75
BENIGN	2	0	4e+06	666667	3	1	0	0	6	0	9
DDoS	5	0	3.73049	0.621748	8.04184e+06	0	0	1	6	0	7.2
DDoS	3	4	591193	355.926	19667	0	0	0	1453.38	1	1661
BENIGN	1	4	7349.34	1224.89	4082	0	0	1	6	4	7.2
BENIGN	1	1	2214.48	12.0352	166179	0	0	0	137.667	1	206.5
DDoS	5	0	3.70293	0.617155	8.10169e+06	0	0	1	6	0	7.2
BENIGN	10	7	99.2048	0.755254	2.2509e+07	0	0	0	124.056	0	131.353
DDoS	3	5	8704.2	5.98587	1.33648e+06	0	0	0	1292.56	1	1454.12
DDoS	5	0	3.914	0.652334	7.66479e+06	0	0	1	6	0	7.2
DDoS	6	0	4.20499	0.700831	8.56126e+06	0	0	1	6	0	7
DDoS	9	6	124.583	0.160229	9.36161e+07	0	0	1	729.312	0	777.933
DDoS	5	0	7.51142	1.2519	3.99392e+06	0	0	1	6	0	7.2
DDoS	5	0	2.61422	0.435704	1.14757e+07	0	0	1	6	0	7.2
DDoS	3	4	276978	166.754	41978	0	0	0	1453.38	1	1661
BENIGN	1	1	0	29850.7	67	0	0	1	0	1	0
BENIGN	50	51	551.982	0.865122	1.16747e+08	0	0	0	631.784	1	638.04
DDoS	4	0	28.4345	4.73908	844045	0	0	1	6	0	7.5
BENIGN	11	9	147.203	0.331092	6.04062e+07	0	0	0	423.429	0	444.6
BENIGN	1	1	1423.4	18.6066	107489	0	0	0	67.6667	1	101.5
BENIGN	1	1	3305.13	66.1026	30256	0	0	0	47.3333	1	71
BENIGN	1	1	3222.18	32.5473	61449	0	0	0	82	1	123
BENIGN	1	1	0	36363.6	55	0	0	1	0	1	0
BENIGN	1	1	5466.05	63.9304	31284	0	0	0	74.6667	1	112
BENIGN	7	5	384.94	1.39261	8.61694e+06	0	0	0	255.154	0	276.417
BENIGN	2	2	5.60581	0.0515477	7.7598e+07	0	0	0	96.6	1	120.75
BENIGN	11	7	4608.8	54.903	327851	0	0	0	79.5263	0	83.9444
DDoS	4	0	2.17399	0.362332	1.10396e+07	0	0	1	6	0	7.5
BENIGN	10	5	21063	149.242	100508	0	0	0	132.312	0	141.133
BENIGN	2	2	4302.59	64.2178	62288	0	0	0	59.4	1	74.25
DDoS	4	0	2.24364	0.373941	1.06969e+07	0	0	1	6	0	7.5
BENIGN	2	2	8320.38	64.7501	61776	0	0	0	109.8	1	137.25
BENIGN	10	6	10798.2	92.2919	173363	0	0	0	110.118	0	117
DDoS	3	0	32.9718	5.4953	545921	0	0	1	6	0	8
DDoS	3	6	13055.8	10.1007	891023	0	0	0	1163.3	2	1292.56
DDoS	4	0	1.05637	0.176061	2.27194e+07	0	0	1	6	0	7.5
BENIGN	2	2	2.62626e+06	20202	198	0	0	0	117.2	1	146.5
DDoS	3	5	364483	250.784	31900	0	0	0	1291.89	1	1453.38
DDoS	3	6	19594.6	15.1596	593685	0	0	0	1163.3	2	1292.56
BENIGN	10	8	598.199	1.7264	1.04263e+07	0	0	0	328.263	0	346.5
DDoS	4	0	4.05688	0.676147	5.91588e+06	0	0	1	6	0	7.5
BENIGN	1	1	5398.15	65.4322	30566	0	0	0	73.3333	1	110
DDoS	3	4	11086.4	6.67111	1.0493e+06	0	0	0	1454.12	1	1661.86
BENIGN	13	12	133.869	0.37889	6.59823e+07	0	0	0	339.731	0	353.32
DDoS	9	4	139.836	0.155786	8.34477e+07	0	0	1	833.929	0	898.077
BENIGN	1	3	0	1.2418	3.22113e+06	0	0	0	0	3	0
DDoS	3	5	6585	4.5285	1.76659e+06	0	0	0	1292.56	1	1454.12
DDoS	5	0	7.19093	1.19849	4.17192e+06	0	0	1	6	0	7.2
BENIGN	10	5	10015.2	126.03	119019	0	0	0	74.5	0	79.4667
DDoS	3	5	71614.2	49.2744	162356	0	0	0	1291.89	1	1453.38
DDoS	3	4	6540.05	3.93742	1.77782e+06	0	0	0	1453.38	1	1661
BENIGN	1	1	2480.98	33.0797	60460	0	0	0	66.3333	1	99.5
DDoS	8	6	1360.83	1.63435	8.56608e+06	0	0	1	777.533	0	833.071
DDoS	5	0	3.73467	0.622444	8.03285e+06	0	0	1	6	0	7.2
BENIGN	2	0	37974.7	6329.11	316	0	0	1	6	0	9
DDoS	3	4	496965	299.196	23396	0	0	0	1453.38	1	1661
BENIGN	30	39	526114	641.341	107587	0	0	0	808.614	1	820.333
DDoS	8	4	132.337	0.13616	8.81314e+07	0	0	1	897.615	0	972.417
BENIGN	2	2	222384	2906.98	1376	0	0	0	69.6	1	87
DDoS	5	0	2.54609	0.424348	1.17828e+07	0	0	1	6	0	7.2
DDoS	5	0	2.81879	0.469799	1.06429e+07	0	0	1	6	0	7.2
DDoS	5	0	13.4169	2.23614	2.23599e+06	0	0	1	6	0	7.2
DDoS	3	4	68108.1	40.9831	170802	0	0	0	1454.12	1	1661.86
BENIGN	2	2	2.93194e+06	20942.4	191	0	0	0	120.8	1	151
DDoS	3	4	143671	86.4966	80928	0	0	0	1453.38	1	1661
DDoS	3	5	8368.53	5.75503	1.39009e+06	0	0	0	1292.56	1	1454.12
DDoS	3	5	144963	99.691	80248	0	0	0	1292.56	1	1454.12
BENIGN	14	12	96.7524	0.525389	4.94871e+07	0	0	0	177.333	0	184.154
DDoS	5	0	3.01577	0.502628	9.94772e+06	0	0	1	6	0	7.2
BENIGN	2	2	1.20548e+06	18264.8	219	0	0	0	61	1	76.25
DDoS	8	7	145.093	0.186703	8.03417e+07	0	0	1	728.938	0	777.533
BENIGN	2	0	2.071e+09	2e+06	1	0	1	1	1378.67	0	2068
DDoS	5	0	6.19708	1.03285	4.84099e+06	0	0	1	6	0	7.2
DDoS	8	4	160.856	0.165589	7.24684e+07	0	0	1	897.154	0	971.917
DDoS	3	6	269387	208.522	43161	0	0	0	1162.7	2	1291.89
BENIGN	1	3	480000	80000	50	0	0	1	6	3	7.5
DDoS	3	6	211920	164.039	54865	0	0	0	1162.7	2	1291.89
BENIGN	59	78	5187.36	5.93455	2.30852e+07	0	0	0	867.761	1	874.095
DDoS	3	5	48814	33.5866	238190	0	0	0	1291.89	1	1453.38
DDoS	3	4	39920.9	24.0343	291251	0	0	0	1453.38	1	1661
BENIGN	2	2	2.16495e+06	20618.6	194	0	0	0	92.2	1	115.25
DDoS	4	0	2.22638	0.371064	1.07798e+07	0	0	1	6	0	7.5
DDoS	4	0	3.89175	0.648625	6.16689e+06	0	0	1	6	0	7.5
BENIGN	3	1	1.97977	0.659923	6.06131e+06	0	0	0	2.4	0	3
BENIGN	2	0	0	274.801	7278	0	0	1	0	0	0
BENIGN	4	2	1811.7	26.9064	222995	0	0	0	62.8571	0	73.3333
BENIGN	1	1	3648.33	39.6558	50434	0	0	0	80.6667	1	121
DDoS	4	0	3.17805	0.529675	7.5518e+06	0	0	1	6	0	7.5
BENIGN	2	2	8306.51	43.4896	91976	0	0	0	159.4	1	199.25
BENIGN	2	2	3659.13	63.0885	63403	0	0	0	53.8	1	67.25
DDoS	3	6	7113.64	5.50355	1.63531e+06	0	0	0	1163.3	2	1292.56
BENIGN	2	2	7365.88	130.37	30682	0	0	0	52	1	65
DDoS	3	6	94869.4	73.4346	122558	0	0	0	1162.7	2	1291.89
BENIGN	1	1	200000	33333.3	60	0	0	1	6	1	9
DDoS	8	5	1199.28	1.33676	9.72499e+06	0	0	1	833.5	0	897.615
BENIGN	1	1	1025.84	21.3716	93582	0	0	0	48	1	72
DDoS	4	0	3.16048	0.526747	7.59378e+06	0	0	1	6	0	7.5
DDoS	4	0	2.96083	0.493471	8.10584e+06	0	0	1	6	0	7.5
BENIGN	1	1	2732.1	33.1164	60393	0	0	0	72.3333	1	108.5
DDoS	8	5	144.26	0.160797	8.0847e+07	0	0	1	833.5	0	897.615
DDoS	3	5	93182.5	64.0815	124841	0	0	0	1292.56	1	1454.12
DDoS	4	0	14.4849	2.41414	1.6569e+06	0	0	1	6	0	7.5
BENIGN	1	1	5257.62	42.061	47550	0	0	0	111.333	1	167
BENIGN	2	2	8266.02	125.243	31938	0	0	0	59.8	1	74.75
DDoS	3	5	28199.1	19.4025	412318	0	0	0	1291.89	1	1453.38
DDoS	3	5	6620.42	4.5552	1.75623e+06	0	0	0	1291.89	1	1453.38
BENIGN	1	1	272727	45454.5	44	0	0	1	6	1	9
BENIGN	2	2	9469.45	129.719	30836	0	0	0	67.4	1	84.25
BENIGN	2	2	1.33333e+06	18518.5	216	0	0	0	66	1	82.5
BENIGN	1	1	1873.48	19.1172	104618	0	0	0	81.6667	1	122.5
DDoS	8	5	148.346	0.165437	7.85796e+07	0	0	1	833.071	0	897.154
DDoS	5	0	6.77062	1.12844	4.43091e+06	0	0	1	6	0	7.2
DDoS	4	0	4.41833	0.736388	5.43192e+06	0	0	1	6	0	7.5
BENIGN	12	11	212.225	0.579576	3.96842e+07	0	0	0	350.917	0	366.174
BENIGN	6	7	142.4	1.30366	9.97193e+06	0	0	0	101.429	1	109.231
BENIGN	10	10	34.7754	0.27977	7.14874e+07	0	0	0	118.381	1	124.3
BENIGN	1	1	421811	4115.23	486	0	0	0	92.3333	1	138.5
DDoS	5	0	8.39887	1.39981	3.57191e+06	0	0	1	6	0	7.2
DDoS	4	0	2.24704	0.374506	1.06807e+07	0	0	1	6	0	7.5
BENIGN	2	2	1.68944e+06	24844.7	161	0	0	0	66.4	1	83
DDoS	3	5	6341.98	4.36137	1.83428e+06	0	0	0	1292.56	1	1454.12
DDoS	5	0	11.7467	1.95779	2.5539e+06	0	0	1	6	0	7.2
DDoS	8	5	157.131	0.175233	7.41867e+07	0	0	1	833.071	0	897.154
BENIGN	10	5	11005.4	102.982	145656	0	0	0	100.188	0	106.867
DDoS	3	5	320382	220.44	36291	0	0	0	1291.89	1	1453.38
BENIGN	2	2	5421.28	129.078	30989	0	0	0	40.4	1	50.5
DDoS	4	0	2.42326	0.403877	9.90401e+06	0	0	1	6	0	7.5
DDoS	4	0	2.98515	0.497525	8.03979e+06	0	0	1	6	0	7.5
BENIGN	2	2	4617.6	82.4572	48510	0	0	0	51.2	1	64
BENIGN	1	1	0	86.2701	23183	0	0	1	0	1	0
BENIGN	26	20	81.6449	0.393346	1.16945e+08	0	0	0	203.149	0	207.565
BENIGN	2	0	0	8849.56	226	0	0	1	0	0	0
DDoS	3	4	9313.53	5.60718	1.2484e+06	0	0	0	1453.38	1	1661
BENIGN	1	1	208.167	2.20283	907923	0	0	0	77.3333	1	116
BENIGN	6	6	393.057	1.19169	1.00698e+07	0	0	0	304.462	1	329.833
DDoS	3	7	9495.75	8.16698	1.22444e+06	0	0	0	1057	2	1162.7
BENIGN	1	1	8042.45	82.9119	24122	0	0	0	85.3333	1	128
BENIGN	2	2	2.19417e+06	19417.5	206	0	0	0	97	1	121.25
DDoS	3	6	8907.79	6.89161	1.30594e+06	0	0	0	1163.3	2	1292.56
BENIGN	4	0	3.40189	0.367772	1.08763e+07	0	0	1	7.4	0	9.25
DDoS	3	5	16987	11.6879	684466	0	0	0	1291.89	1	1453.38
BENIGN	2	0	6.85556e+07	222222	9	0	1	1	411.333	0	617
DDoS	5	0	7.27644	1.21274	4.12289e+06	0	0	1	6	0	7.2
DDoS	9	6	128.652	0.165462	9.06552e+07	0	0	1	729.312	0	777.933
BENIGN	1	1	3277.54	41.2269	48512	0	0	0	70.6667	1	106
BENIGN	2	2	4562.99	65.6545	60925	0	0	0	62.6	1	78.25
BENIGN	8	6	659.168	2.48877	5.62527e+06	0	0	0	247.2	0	264.857
DDoS	3	5	7244.5	4.98204	1.60577e+06	0	0	0	1292.56	1	1454.12
BENIGN	2	1	120.368	20.0614	149541	0	0	1	6	0	8
DDoS	3	5	8584.12	5.90633	1.35448e+06	0	0	0	1291.89	1	1453.38
DDoS	4	0	14.8428	2.4738	1.61695e+06	0	0	1	6	0	7.5
DDoS	4	0	6.72002	1.12	3.57142e+06	0	0	1	6	0	7.5
BENIGN	2	0	4.32529	0.720882	2.77438e+06	0	0	1	6	0	9
DDoS	5	0	3.32713	0.554522	9.01677e+06	0	0	1	6	0	7.2
BENIGN	1	1	11549.6	1924.93	1039	1	0	1	6	1	9
BENIGN	3	0	1353.82	82.8867	36194	0	0	1	13.75	0	18.3333
DDoS	3	4	8939.25	5.38185	1.30067e+06	0	0	0	1453.38	1	1661
DDoS	4	0	3.02846	0.504743	7.92483e+06	0	0	1	6	0	7.5
DDoS	4	0	2.77177	0.461962	8.65873e+06	0	0	1	6	0	7.5
BENIGN	1	1	222222	37037	54	0	0	1	6	1	9
DDoS	4	0	3.98284	0.663807	6.02585e+06	0	0	1	6	0	7.5
BENIGN	18	16	183.321	0.373922	9.09281e+07	0	0	0	476.257	0	490.265
DDoS	3	5	12547.7	8.62901	927105	0	0	0	1292.56	1	1454.12
DDoS	4	0	6.75499	1.12583	3.55293e+06	0	0	1	6	0	7.5
BENIGN	2	2	1.42282e+06	26845.6	149	0	0	0	51.4	1	64.25
DDoS	9	4	144.126	0.160565	8.0964e+07	0	0	1	833.929	0	898.077
DDoS	3	4	20130.2	12.1131	577887	0	0	0	1454.12	1	1661.86
BENIGN	2	2	5583.44	66.4695	60178	0	0	0	74.6	1	93.25
BENIGN	10	6	326.875	1.31771	1.21423e+07	0	0	0	233.471	0	248.062
BENIGN	2	2	1.2451e+06	19607.8	204	0	0	0	56.8	1	71
BENIGN	3	0	0	0.333004	9.0089e+06	0	0	0	0	0	0
BENIGN	4	4	5.50887	0.0715438	1.1182e+08	0	0	0	73.5556	1	82.75
BENIGN	2	2	969188	11204.5	357	0	0	0	78.4	1	98
BENIGN	2	2	250193	3088.8	1295	0	0	0	70.8	1	88.5
DDoS	8	4	135.773	0.139769	8.58562e+07	0	0	1	897.154	0	971.917
BENIGN	3	1	1360.92	111.096	36005	0	0	1	11	0	13.75
DDoS	4	0	3.02426	0.504043	7.93583e+06	0	0	1	6	0	7.5
BENIGN	16	16	726.32	1.28014	2.49972e+07	0	0	0	550.182	1	567.375
BENIGN	10	5	2932.72	34.5568	434068	0	0	0	79.5625	0	84.8667
BENIGN	2	2	3810.05	55.2181	72440	0	0	0	62.6	1	78.25
DDoS	3	4	9886.07	5.94881	1.17671e+06	0	0	0	1454.12	1	1661.86
BENIGN	4	2	984.235	14.9883	400311	0	0	0	61.1429	0	71.3333
BENIGN	3	0	0	0.333384	8.99863e+06	0	0	0	0	0	0
BENIGN	2	2	7697.07	130.459	30661	0	0	0	56.2	1	70.25
BENIGN	3	1	29028.4	2369.67	1688	0	0	1	11	0	13.75
BENIGN	16	13	83.6303	0.4748	6.10783e+07	0	0	0	170.267	0	176.138
DDoS	3	5	67095.2	46.1651	173291	0	0	0	1291.89	1	1453.38
DDoS	8	4	125.928	0.129566	9.26167e+07	0	0	1	897.615	0	972.417
BENIGN	30	28	1102.84	9.93241	5.83947e+06	0	0	0	132.034	0	134.31
DDoS	8	5	142.611	0.15896	8.17818e+07	0	0	1	833.5	0	897.615
DDoS	3	5	10270.5	7.06303	1.13266e+06	0	0	0	1292.56	1	1454.12
BENIGN	3	0	145270	10135.1	296	0	0	1	12.25	0	16.3333
BENIGN	2	0	7.75e+06	500000	4	0	1	1	20.6667	0	31
DDoS	3	4	13327.2	8.01949	872874	0	0	0	1454.12	1	1661.86
DDoS	3	5	6640.21	4.56882	1.751e+06	0	0	0	1291.89	1	1453.38
DDoS	3	4	162137	97.5637	71748	0	0	0	1454.12	1	1661.86
BENIGN	1	1	5108.67	86.5876	23098	0	0	0	56.3333	1	84.5
BENIGN	2	2	8724.17	127.36	31407	0	0	0	62.8	1	78.5
BENIGN	7	3	4.05129	0.155222	6.44239e+07	0	1	1	27.9091	0	30.7
BENIGN	1	1	6678.99	64.8445	30843	0	0	0	87.6667	1	131.5
BENIGN	1	1	3542.41	32.4992	61540	0	0	0	86.6667	1	130
BENIGN	9	7	62.2594	0.147797	1.08257e+08	0	0	0	396.471	0	421.25
BENIGN	2	2	387.261	6.91538	578421	0	0	0	51.2	1	64
DDoS	4	0	2.98405	0.497341	8.04277e+06	0	0	1	6	0	7.5
BENIGN	2	2	1.48718e+06	25641	156	0	0	0	56.4	1	70.5
DDoS	3	5	10908.1	7.50539	1.0659e+06	0	0	0	1291.89	1	1453.38
BENIGN	2	2	17131.7	124.143	32221	0	0	0	117.2	1	146.5
DDoS	5	0	19.1429	3.19049	1.56716e+06	0	0	1	6	0	7.2
BENIGN	7	7	61616.1	165.539	84572	0	0	0	347.4	1	372.214
BENIGN	2	0	9.25e+06	500000	4	0	1	1	24.6667	0	37
BENIGN	4	4	344.113	1.52769	5.23665e+06	0	0	0	200.222	1	225.25
BENIGN	2	2	698690	17467.2	229	0	0	0	38.4	1	48
BENIGN	2	1	632353	44117.6	68	0	1	1	20	0	26.6667
DDoS	3	5	152778	105.065	76143	0	0	0	1292.56	1	1454.12
DDoS	3	4	83838.7	50.4748	138683	0	0	0	1453.38	1	1661
DDoS	8	6	127.678	0.153262	9.13469e+07	0	0	1	777.933	0	833.5
BENIGN	16	14	112.63	0.491977	6.09785e+07	0	0	0	221.548	0	228.933
BENIGN	16	14	19.4584	0.260023	1.15374e+08	0	0	0	72.4194	0	74.8333
DDoS	3	4	585714	352.627	19851	0	0	0	1453.38	1	1661
BENIGN	4	4	1.82771	0.265848	3.00924e+07	0	0	1	6.77778	1	7.625
DDoS	3	6	30785.8	23.8301	377674	0	0	0	1162.7	2	1291.89
BENIGN	1	1	1440.69	16.6554	120081	0	0	0	71.3333	1	107
BENIGN	2	2	1.69697e+06	20202	198	0	0	0	75.4	1	94.25
DDoS	4	0	3.98373	0.663955	6.02451e+06	0	0	1	6	0	7.5
BENIGN	15	13	91.6985	0.398689	7.02302e+07	0	0	0	222.069	0	230
BENIGN	45	63	4004.19	4.16718	2.59168e+07	0	0	0	952.073	1	960.889
DDoS	3	5	31847.6	21.9129	365082	0	0	0	1291.89	1	1453.38
BENIGN	2	2	5912.9	50.5376	79149	0	0	0	99.4	1	124.25
BENIGN	2	2	2.84264e+06	20304.6	197	0	0	0	120.8	1	151
BENIGN	2	2	1.33649e+06	18957.3	211	0	0	0	64.4	1	80.5
BENIGN	98	83	1305.25	1.58648	1.14089e+08	0	0	0	818.214	0	822.735
BENIGN	2	1	0	58823.5	51	0	0	1	0	0	0
DDoS	8	4	118.254	0.121734	9.85757e+07	0	0	1	897.154	0	971.917
DDoS	3	4	11686.7	7.03233	995402	0	0	0	1454.12	1	1661.86
DDoS	3	6	378163	292.721	30746	0	0	0	1162.7	2	1291.89
BENIGN	2	2	6567.04	168.386	23755	0	0	0	37.2	1	46.5
BENIGN	2	2	2.17021e+06	21276.6	188	0	0	0	89.2	1	111.5
DDoS	5	0	4.94494	0.824157	6.0668e+06	0	0	1	6	0	7.2
BENIGN	17	15	572.696	0.945141	3.38574e+07	0	0	0	587.576	0	605.938
BENIGN	451	634	8872.3	9.26673	1.17086e+08	0	0	0	956.554	1	957.436
BENIGN	2	2	1.32414e+06	27586.2	145	0	0	0	46.4	1	58
BENIGN	2	2	4617.14	65.0301	61510	0	0	0	65.4	1	81.75
DDoS	5	0	4.82561	0.804269	6.21682e+06	0	0	1	6	0	7.2
DDoS	3	5	596685	410.551	19486	0	0	0	1291.89	1	1453.38
BENIGN	1	3	214286	47619	84	0	0	1	3.6	3	4.5
DDoS	3	5	6141.76	4.22586	1.8931e+06	0	0	0	1291.89	1	1453.38
BENIGN	10	5	10946.5	137.75	108893	0	0	0	74.5	0	79.4667
BENIGN	49	71	738.074	1.03616	1.15812e+08	0	0	0	706.43	1	712.317
BENIGN	21	28	284.452	0.733471	6.68056e+07	0	0	0	380.06	1	387.816
DDoS	3	5	26044.5	17.9108	446658	0	0	0	1292.56	1	1454.12
DDoS	8	6	118.435	0.142239	9.84257e+07	0	0	1	777.533	0	833.071
DDoS	8	6	165.545	0.198819	7.04157e+07	0	0	1	777.533	0	833.071
BENIGN	12	7	10129.6	42.6748	445228	0	0	0	225.5	0	237.368
BENIGN	2	2	7656.78	166.452	24031	0	0	0	44.4	1	55.5
DDoS	8	6	123.854	0.148748	9.4119e+07	0	0	1	777.533	0	833.071
BENIGN	2	0	173913	28985.5	69	0	0	1	6	0	9
DDoS	3	6	60606.9	46.9134	191843	0	0	0	1162.7	2	1291.89
DDoS	3	5	13106.9	9.01358	887550	0	0	0	1292.56	1	1454.12
BENIGN	2	2	10714.4	81.478	49093	0	0	0	112	1	140
DDoS	5	0	2.56634	0.427723	1.16898e+07	0	0	1	6	0	7.2
BENIGN	2	2	1.06818e+06	11363.6	352	0	0	0	84.4	1	105.5
DDoS	8	4	119.936	0.123466	9.71931e+07	0	0	1	897.154	0	971.917
BENIGN	2	2	6146.02	96.0315	41653	0	0	0	57.8	1	72.25
DDoS	5	0	5.61075	0.935125	5.34688e+06	0	0	1	6	0	7.2
BENIGN	21	17	37.2495	0.328266	1.1576e+08	0	0	0	110.564	0	113.474
DDoS	3	4	6316.57	3.80091	1.84166e+06	0	0	0	1454.12	1	1661.86
BENIGN	1	1	69.185	23.0617	86724	0	0	0	2	1	3
DDoS	9	8	119.153	0.173678	9.78825e+07	0	0	1	648.278	0	686.412
DDoS	3	5	11966.6	8.22945	972119	0	0	0	1292.56	1	1454.12
DDoS	3	5	9531.43	6.55813	1.21986e+06	0	0	0	1291.89	1	1453.38
BENIGN	1	1	0	25000	80	0	0	1	0	1	0
BENIGN	1	1	5056.39	41.6164	48058	0	0	0	108	1	162
DDoS	8	6	148.84	0.178665	7.83591e+07	0	0	1	777.933	0	833.5
DDoS	5	0	9.11588	1.51931	3.29096e+06	0	0	1	6	0	7.2
BENIGN	2	2	1.11429e+06	28571.4	140	0	0	0	37.4	1	46.75
DDoS	5	0	731.351	121.892	41020	0	0	1	6	0	7.2
DDoS	4	0	5.93909	0.989848	4.04102e+06	0	0	1	6	0	7.5
BENIGN	2	0	62176.2	10362.7	193	0	0	1	6	0	9
DDoS	9	4	139.751	0.155772	8.34555e+07	0	0	1	833.5	0	897.615
DDoS	9	6	141.938	0.182549	8.21696e+07	0	0	1	729.312	0	777.933
BENIGN	1	1	277.89	1.84033	1.08676e+06	0	0	0	114.333	1	171.5
DDoS	3	5	12888.6	8.86349	902579	0	0	0	1292.56	1	1454.12
BENIGN	1	1	0	70.2001	28490	0	0	1	0	1	0
DDoS	3	5	414155	284.961	28074	0	0	0	1291.89	1	1453.38
BENIGN	2	2	15575.4	125.608	31845	0	0	0	106.8	1	133.5
DDoS	5	0	7.31902	1.21984	4.09891e+06	0	0	1	6	0	7.2
BENIGN	1	1	3038.97	39.9864	50017	0	0	0	71.3333	1	107
DDoS	3	5	42826	29.4666	271494	0	0	0	1291.89	1	1453.38
BENIGN	2	2	1.64251e+06	19323.7	207	0	0	0	77.2	1	96.5
BENIGN	68	79	1139.74	1.28399	1.14487e+08	0	0	0	881.655	1	887.653
DDoS	4	0	7.57342	1.26224	3.16898e+06	0	0	1	6	0	7.5
BENIGN	4	4	6142.67	86.5164	92468	0	0	0	67.8889	1	76.375
BENIGN	2	2	54.5988	0.814908	4.90853e+06	0	0	0	61	1	76.25
DDoS	5	0	14.4303	2.40505	2.07896e+06	0	0	1	6	0	7.2
DDoS	4	0	12.2513	2.04189	1.95897e+06	0	0	1	6	0	7.5
DDoS	3	6	17906	13.8603	649337	0	0	0	1162.7	2	1291.89
DDoS	3	5	68660.8	47.218	169427	0	0	0	1292.56	1	1454.12
DDoS	3	6	27015.4	20.9116	430384	0	0	0	1162.7	2	1291.89
BENIGN	3	0	1.625e+07	750000	4	0	0	1	17.75	0	23.6667
BENIGN	2	2	1.25e+06	27777.8	144	0	0	0	41.8	1	52.25
DDoS	4	0	8.25606	1.37601	2.90696e+06	0	0	1	6	0	7.5
BENIGN	2	2	11255.4	169.255	23633	0	0	0	60.4	1	75.5
BENIGN	33	50	653794	810.262	102436	0	0	0	797.286	1	806.892
DDoS	3	4	263072	158.382	44197	0	0	0	1453.38	1	1661
BENIGN	1	1	260870	43478.3	46	0	0	1	6	1	9
DDoS	3	6	6301.33	4.8751	1.84612e+06	0	0	0	1163.3	2	1292.56
DDoS	2	6	406983	280.171	28554	0	0	0	1291.22	3	1452.62
BENIGN	1	1	386.125	4.46387	448042	0	0	0	76.3333	1	114.5
DDoS	3	5	10468.6	7.19925	1.11123e+06	0	0	0	1292.56	1	1454.12
DDoS	8	5	142.257	0.158565	8.19852e+07	0	0	1	833.5	0	897.615
DDoS	5	0	2.96244	0.49374	1.01268e+07	0	0	1	6	0	7.2
DDoS	8	5	114.691	0.127838	1.01691e+08	0	0	1	833.5	0	897.615
DDoS	5	0	35.294	5.88233	850004	0	0	1	6	0	7.2
BENIGN	2	2	1.5e+06	18518.5	216	0	0	0	70.8	1	88.5
DDoS	3	4	246716	148.535	47127	0	0	0	1453.38	1	1661
BENIGN	2	2	2.8e+06	13333.3	300	0	0	0	174.8	1	218.5
DDoS	3	5	9327.48	6.4145	1.24718e+06	0	0	0	1292.56	1	1454.12
BENIGN	22	25	2038.06	156.518	300285	0	0	0	12.75	1	13.0213
BENIGN	1	1	0	10309.3	194	0	0	1	0	1	0
DDoS	5	0	5.51682	0.91947	5.43792e+06	0	0	1	6	0	7.2
BENIGN	2	2	4401.71	62.4356	64066	0	0	0	62.8	1	78.5
DDoS	3	4	53573.7	32.2539	217028	0	0	0	1453.38	1	1661
DDoS	8	6	126.372	0.151772	9.22434e+07	0	0	1	777.533	0	833.071
BENIGN	10	5	8154	53.109	282438	0	0	0	143.938	0	153.533
DDoS	3	5	10691.7	7.35267	1.08804e+06	0	0	0	1292.56	1	1454.12
DDoS	4	0	4.06583	0.677639	5.90285e+06	0	0	1	6	0	7.5
BENIGN	7	6	32864	86.7123	149921	0	0	0	448.357	0	482.846
DDoS	3	5	11077.2	7.61777	1.05018e+06	0	0	0	1292.56	1	1454.12
DDoS	4	0	6.05612	1.00935	3.96293e+06	0	0	1	6	0	7.5
BENIGN	2	1	521127	42253.5	71	0	1	1	17	0	22.6667
DDoS	4	0	5.26406	0.877343	4.55922e+06	0	0	1	6	0	7.5
BENIGN	1	1	0	8658.01	231	0	0	1	0	1	0
DDoS	8	5	119.996	0.133752	9.71951e+07	0	0	1	833.5	0	897.615
BENIGN	1	1	2840.19	25.4725	78516	0	0	0	96	1	144
BENIGN	2	0	1.03333e+07	666667	3	0	1	1	20.6667	0	31
DDoS	3	6	20830.6	16.1158	558458	0	0	0	1163.3	2	1292.56
BENIGN	1	1	0	26666.7	75	0	0	1	0	1	0
BENIGN	2	2	2.31838	0.0404957	9.87758e+07	0	0	0	53.4	1	66.75
BENIGN	1	1	1926.78	33.8032	59166	0	0	0	54.3333	1	81.5
BENIGN	2	0	64171.1	10695.2	187	0	0	1	6	0	9
DDoS	8	6	124.782	0.149862	9.34191e+07	0	0	1	777.533	0	833.071
BENIGN	2	0	1.23333e+07	666667	3	0	1	1	24.6667	0	37
DDoS	4	0	2.49643	0.416071	9.61374e+06	0	0	1	6	0	7.5
BENIGN	1	1	1026.27	21.3805	93543	0	0	0	48	1	72
BENIGN	1	1	2613.05	33.2873	60083	0	0	0	68.3333	1	102.5
BENIGN	2	0	4e+06	666667	3	0	0	1	6	0	9
BENIGN	5	2	32.3786	1.34113	5.21949e+06	0	1	1	26.875	0	30.7143
DDoS	4	0	11.8552	1.97587	2.02443e+06	0	0	1	6	0	7.5
DDoS	8	4	125.132	0.128814	9.31574e+07	0	0	1	897.154	0	971.917
BENIGN	1	1	1136.79	23.6832	84448	0	0	0	48	1	72
DDoS	3	5	28326.3	19.49	410467	0	0	0	1291.89	1	1453.38
BENIGN	11	9	638.482	3.74257	5.34392e+06	0	0	0	162.476	0	170.6
DDoS	4	0	1137.55	189.591	21098	0	0	1	6	0	7.5
BENIGN	2	0	0	666667	3	0	0	1	0	0	0
DDoS	4	0	1.99872	0.33312	1.20077e+07	0	0	1	6	0	7.5
BENIGN	3	1	6.00533	0.774882	5.16208e+06	0	0	1	6.2	0	7.75
DDoS	8	5	143.682	0.160154	8.11721e+07	0	0	1	833.5	0	897.615
DDoS	5	0	4.70532	0.78422	6.37576e+06	0	0	1	6	0	7.2
BENIGN	21	32	213923	257.973	205448	0	0	0	813.889	1	829.245
DDoS	4	0	441.818	73.6363	54321	0	0	1	6	0	7.5
DDoS	4	0	2.63308	0.438847	9.11479e+06	0	0	1	6	0	7.5
BENIGN	2	2	4324.32	78.6241	50875	0	0	0	52.2	1	65.25
BENIGN	1	1	4e+06	666667	3	1	0	1	6	1	9
DDoS	4	0	5.954	0.992333	4.0309e+06	0	0	1	6	0	7.5
BENIGN	2	1	804348	65217.4	46	0	1	1	17	0	22.6667
BENIGN	2	0	0	0.499591	4.00327e+06	0	0	1	0	0	0
BENIGN	1	3	124138	27586.2	145	0	0	1	3.6	3	4.5
DDoS	5	0	2.96684	0.494473	1.01118e+07	0	0	1	6	0	7.2
BENIGN	1	1	4458.48	41.2822	48447	0	0	0	102.667	1	154
DDoS	4	0	12.4096	2.06827	1.93398e+06	0	0	1	6	0	7.5
BENIGN	8	5	587.988	2.28311	5.694e+06	0	0	0	239.143	0	257.538
BENIGN	2	2	1.07801e+06	28368.8	141	0	0	0	36.4	1	45.5
BENIGN	2	0	3200.85	533.476	3749	0	0	1	6	0	9
BENIGN	2	2	1.86555e+06	16806.7	238	0	0	0	98.2	1	122.75
BENIGN	14	8	15923.1	52.6858	417570	0	0	0	289.087	0	302.227
BENIGN	1	1	2888.9	23.1112	86538	0	0	0	101	1	151.5
BENIGN	1	1	2972.72	32.8477	60887	0	0	0	75.3333	1	113
DDoS	4	1	1.2e+07	42735	117	0	0	1	234.167	0	281
BENIGN	2	2	1.46207e+06	27586.2	145	0	0	0	51.4	1	64.25
BENIGN	2	2	968610	17937.2	223	0	0	0	50.8	1	63.5
BENIGN	2	0	126316	21052.6	95	0	0	1	6	0	9
DDoS	3	5	6338.98	4.36156	1.83421e+06	0	0	0	1291.89	1	1453.38
BENIGN	2	2	5539.26	65.5534	61019	0	0	0	75	1	93.75
BENIGN	2	0	1.23333e+07	666667	3	0	1	1	22.6667	0	34
DDoS	3	5	115590	79.4913	100640	0	0	0	1292.56	1	1454.12
BENIGN	1	2	382979	63829.8	47	0	0	1	6	2	8
DDoS	3	5	7103.33	4.88747	1.63684e+06	0	0	0	1291.89	1	1453.38
BENIGN	1	1	330.879	55.1466	36267	0	0	1	6	1	9
DDoS	5	0	4.87105	0.811842	6.15883e+06	0	0	1	6	0	7.2
DDoS	8	4	114.679	0.117992	1.01702e+08	0	0	1	897.615	0	972.417
BENIGN	8	9	722.055	1.68081	1.01142e+07	0	0	0	405.722	1	429.588
BENIGN	2	0	9e+06	666667	3	0	1	1	18	0	27
BENIGN	1	1	3002.4	33.36	59952	0	0	0	79.3333	1	119
BENIGN	2	2	1.85641e+06	20512.8	195	0	0	0	80.8	1	101
DDoS	3	4	13177.4	7.9293	882802	0	0	0	1454.12	1	1661.86
BENIGN	1	1	1939.51	22.1658	90229	0	0	0	72.3333	1	108.5
DDoS	3	5	16919.1	11.6413	687210	0	0	0	1291.89	1	1453.38
BENIGN	1	1	3092.09	21.623	92494	0	0	0	112	1	168
BENIGN	2	2	1.14286e+06	24844.7	161	0	0	0	43	1	53.75
DDoS	3	4	19056.7	11.473	610128	0	0	0	1453.38	1	1661
BENIGN	4	4	22076	256.698	31165	0	0	0	82.3333	1	92.625
DDoS	4	0	6.85151	1.14192	3.50288e+06	0	0	1	6	0	7.5
DDoS	5	0	5.23028	0.871713	5.73583e+06	0	0	1	6	0	7.2
DDoS	3	6	7813.07	6.04467	1.48892e+06	0	0	0	1163.3	2	1292.56
BENIGN	2	2	15162.7	128.498	31129	0	0	0	109.8	1	137.25
DDoS	3	5	6767.55	4.65403	1.71894e+06	0	0	0	1292.56	1	1454.12
DDoS	3	6	373354	288.999	31142	0	0	0	1162.7	2	1291.89
BENIGN	1	1	3495.55	54.6179	36618	0	0	0	61.3333	1	92
DDoS	3	5	6674.94	4.59272	1.74189e+06	0	0	0	1291.89	1	1453.38
BENIGN	2	0	4.11111e+06	222222	9	0	1	1	22.6667	0	34
BENIGN	14	13	240.608	0.793019	3.40471e+07	0	0	0	292.571	0	303.407
BENIGN	8	10	616.722	1.61587	1.11395e+07	0	0	0	361.579	1	381.667
DDoS	3	5	9724.49	6.68752	1.19626e+06	0	0	0	1292.56	1	1454.12
BENIGN	10	10	51.6723	0.331552	6.03224e+07	0	0	0	148.429	1	155.85
BENIGN	1	1	3599.67	41.6146	48060	0	0	0	74.3333	1	111.5
BENIGN	1	1	0	2e+06	1	0	0	1	0	1	0
DDoS	5	0	2.68853	0.448089	1.11585e+07	0	0	1	6	0	7.2
BENIGN	1	1	5210.69	32.3646	61796	0	0	0	122	1	183
DDoS	5	0	6.14404	1.02401	4.88278e+06	0	0	1	6	0	7.2
BENIGN	4	2	7600.85	100.896	59467	0	0	0	70.5714	0	82.3333
DDoS	3	5	81336	55.9347	143024	0	0	0	1292.56	1	1454.12
DDoS	3	4	41785	25.1565	278258	0	0	0	1453.38	1	1661
BENIGN	2	0	54.9242	9.15403	218483	0	0	1	6	0	9
BENIGN	1	1	196721	32786.9	61	0	0	1	6	1	9
DDoS	3	5	18101.9	12.4551	642308	0	0	0	1291.89	1	1453.38
BENIGN	6	4	13584.5	32.8288	304611	0	0	0	376.182	0	413.8
BENIGN	2	2	1.35758e+06	24242.4	165	0	0	0	54.4	1	68
DDoS	3	6	11298.5	8.74122	1.0296e+06	0	0	0	1163.3	2	1292.56
DDoS	5	0	3.84672	0.64112	7.79885e+06	0	0	1	6	0	7.2
DDoS	3	6	19913.8	15.4065	584169	0	0	0	1163.3	2	1292.56
DDoS	5	0	50.1686	8.36143	597984	0	0	1	6	0	7.2
DDoS	8	4	145.268	0.149543	8.02446e+07	0	0	1	897.154	0	971.917
BENIGN	2	0	53097.3	8849.56	226	0	0	1	6	0	9
BENIGN	1	1	924.192	16.5034	121187	0	0	0	53.3333	1	80
DDoS	3	4	7712.33	4.64079	1.50836e+06	0	0	0	1454.12	1	1661.86
BENIGN	2	2	831.097	16.9612	235833	0	0	0	46	1	57.5
BENIGN	2	2	18186.3	163.84	24414	0	0	0	97.8	1	122.25
DDoS	3	8	27920.1	26.4145	416438	0	0	0	968.917	2	1057
DDoS	3	5	66689.2	45.8621	174436	0	0	0	1292.56	1	1454.12
BENIGN	2	2	40426.3	338.295	11824	0	0	0	102.4	1	128
BENIGN	2	1	544118	44117.6	68	0	1	1	17	0	22.6667
BENIGN	2	0	631579	105263	19	0	0	1	6	0	9
BENIGN	2	2	7359.24	126.883	31525	0	0	0	53.2	1	66.5
DDoS	5	0	712.623	118.77	42098	0	0	1	6	0	7.2
DDoS	4	0	2.4414	0.4069	9.83042e+06	0	0	1	6	0	7.5
DDoS	3	5	8321.63	5.72278	1.39792e+06	0	0	0	1292.56	1	1454.12
DDoS	2	4	9808.53	5.06421	1.18478e+06	0	0	0	1660.14	2	1936.83
BENIGN	49	50	673.953	0.857778	1.15414e+08	0	1	1	793.41	1	801.424
BENIGN	1	1	0	85.8295	23302	0	0	1	0	1	0
BENIGN	1	2	0	31250	96	0	0	1	0	2	0
DDoS	5	0	6.64712	1.10785	4.51323e+06	0	0	1	6	0	7.2
DDoS	4	0	2.27605	0.379342	1.05446e+07	0	0	1	6	0	7.5
DDoS	4	0	0.992664	0.165444	2.41774e+07	0	0	1	6	0	7.5
BENIGN	1	1	0	38461.5	52	0	0	1	0	1	0
DDoS	4	0	8.37565	1.39594	2.86545e+06	0	0	1	6	0	7.5
DDoS	4	0	4.47024	0.74504	5.36884e+06	0	0	1	6	0	7.5
DDoS	4	0	4.48188	0.74698	5.35489e+06	0	0	1	6	0	7.5
DDoS	8	5	164.934	0.183936	7.06767e+07	0	0	1	833.071	0	897.154
BENIGN	1	1	0	28571.4	70	0	0	1	0	1	0
BENIGN	1	1	0	68965.5	29	0	0	1	0	1	0
DDoS	3	6	15386.5	11.9101	755661	0	0	0	1162.7	2	1291.89
DDoS	9	6	121.977	0.156797	9.56652e+07	0	0	1	729.688	0	778.333
BENIGN	1	1	0	43478.3	46	0	0	1	0	1	0
BENIGN	2	2	1.32218e+06	16736.4	239	0	0	0	73.6	1	92
BENIGN	1	1	153846	25641	78	0	0	1	6	1	9
BENIGN	31	35	291.569	0.56878	1.16038e+08	0	0	0	504.97	1	512.621
BENIGN	2	2	66.3958	0.85672	4.66897e+06	0	0	0	71.6	1	89.5
DDoS	5	0	7.46473	1.24412	4.0189e+06	0	0	1	6	0	7.2
DDoS	5	0	24.9589	4.15982	1.20197e+06	0	0	1	6	0	7.2
DDoS	5	0	2.63339	0.438898	1.13922e+07	0	0	1	6	0	7.2
BENIGN	2	2	1.89091e+06	24242.4	165	0	0	0	73.2	1	91.5
DDoS	3	4	16145.4	9.72032	720141	0	0	0	1453.38	1	1661
DDoS	3	7	292305	251.402	39777	0	0	0	1057	2	1162.7
BENIGN	5	3	72.403	0.77644	1.03034e+07	0	0	0	82.8889	0	93.25
DDoS	8	6	143.832	0.172741	8.1046e+07	0	0	1	777.533	0	833.071
DDoS	5	0	3.47996	0.579993	8.6208e+06	0	0	1	6	0	7.2
DDoS	4	0	2.13412	0.355686	1.12459e+07	0	0	1	6	0	7.5
DDoS	3	6	8135.01	6.29699	1.42925e+06	0	0	0	1162.7	2	1291.89
DDoS	8	5	115.494	0.128734	1.00984e+08	0	0	1	833.5	0	897.615
DDoS	8	6	161.638	0.194027	7.21549e+07	0	0	1	777.933	0	833.5
BENIGN	47	60	800.503	0.920237	1.16274e+08	0	0	0	861.833	1	869.888
BENIGN	2	2	595.626	5.59273	715214	0	0	0	96.8	1	121
DDoS	5	0	8.05392	1.34232	3.72489e+06	0	0	1	6	0	7.2
BENIGN	18	15	27.3294	0.285764	1.1548e+08	0	0	0	92.8235	0	95.6364
BENIGN	30	31	212.202	0.525636	1.1605e+08	0	0	0	397.194	1	403.705
BENIGN	2	2	10.5321	0.0675136	5.92473e+07	0	0	0	133	1	166.25
BENIGN	2	2	1.12329e+06	18264.8	219	0	0	0	55.8	1	69.75
DDoS	5	0	2.40712	0.401186	1.2463e+07	0	0	1	6	0	7.2
BENIGN	24	23	170.161	0.404633	1.16155e+08	0	0	0	411.771	0	420.532
DDoS	5	0	4.11362	0.685604	7.29284e+06	0	0	1	6	0	7.2
DDoS	9	5	139.834	0.167768	8.34487e+07	0	0	1	778.333	0	833.929
DDoS	3	5	26677.9	18.3464	436053	0	0	0	1292.56	1	1454.12
BENIGN	16	14	21.4195	0.258899	1.15876e+08	0	0	0	80.0645	0	82.7333
BENIGN	2	2	5181.85	65.1806	61368	0	0	0	70.6	1	88.25
BENIGN	1	1	5437.97	65.1254	30710	0	0	0	69	1	103.5
BENIGN	7	4	147.197	2.07319	5.30582e+06	0	0	0	65.0833	0	71
DDoS	3	6	8552.69	6.61688	1.36016e+06	0	0	0	1163.3	2	1292.56
BENIGN	2	2	1.72487e+06	21164	189	0	0	0	75.4	1	94.25
DDoS	3	5	331717	228.239	35051	0	0	0	1291.89	1	1453.38
DDoS	8	5	122.871	0.136956	9.49207e+07	0	0	1	833.5	0	897.615
DDoS	4	0	2.78364	0.46394	8.6218e+06	0	0	1	6	0	7.5
DDoS	4	0	3.0075	0.50125	7.98005e+06	0	0	1	6	0	7.5
BENIGN	2	2	1.33333e+06	25157.2	159	0	0	0	50.2	1	62.75
DDoS	3	6	9327.73	7.2165	1.24714e+06	0	0	0	1163.3	2	1292.56
BENIGN	2	2	3917.25	81.6093	49014	0	0	0	46.4	1	58
DDoS	9	4	157.278	0.175308	7.41552e+07	0	0	1	833.5	0	897.615
DDoS	8	5	135.27	0.150777	8.62202e+07	0	0	1	833.5	0	897.615
BENIGN	23	18	53.8485	0.358116	1.14488e+08	0	0	0	146.786	0	150.366
DDoS	3	4	6893.11	4.14784	1.68763e+06	0	0	0	1454.12	1	1661.86
BENIGN	2	2	2543.5	47.5421	84136	0	0	0	48.4	1	60.5
BENIGN	1	1	0	24691.4	81	0	0	1	0	1	0
DDoS	5	0	3.15895	0.526492	9.49681e+06	0	0	1	6	0	7.2
BENIGN	24	37	476331	539.546	113058	0	0	0	868.597	1	882.836
DDoS	8	5	163.889	0.18277	7.11276e+07	0	0	1	833.071	0	897.154
BENIGN	2	0	571429	95238.1	21	0	0	1	6	0	9
BENIGN	2	0	2.31047	0.0624451	3.20281e+07	0	1	1	37	0	55.5
BENIGN	3	1	23346.3	3891.05	1028	1	0	0	6	0	7.5
DDoS	3	5	6156.4	4.23593	1.8886e+06	0	0	0	1291.89	1	1453.38
DDoS	8	6	147.364	0.176892	7.91443e+07	0	0	1	777.933	0	833.5
DDoS	3	5	18225.7	12.5402	637946	0	0	0	1291.89	1	1453.38
DDoS	9	5	145.591	0.174675	8.0149e+07	0	0	1	778.333	0	833.929
BENIGN	2	0	2.60566	0.434277	4.60536e+06	0	0	1	6	0	9
BENIGN	2	2	5388.11	65.3104	61246	0	0	0	75	1	93.75
DDoS	7	4	113.939	0.107518	1.02309e+08	0	0	1	971.917	0	1060.27
DDoS	3	6	15167.7	11.7407	766561	0	0	0	1162.7	2	1291.89
BENIGN	2	2	1.47594e+06	21390.4	187	0	0	0	64	1	80
BENIGN	2	0	0	500000	4	0	0	1	0	0	0
BENIGN	1	1	83916.1	13986	143	0	0	1	6	1	9
BENIGN	1	1	0	42553.2	47	0	0	1	0	1	0
DDoS	3	5	429881	295.781	27047	0	0	0	1291.89	1	1453.38
DDoS	8	5	140.414	0.15651	8.30616e+07	0	0	1	833.5	0	897.615
BENIGN	2	1	0	154.544	19412	0	0	1	0	0	0
BENIGN	2	2	1.2987e+06	12987	308	0	0	0	87.2	1	109
BENIGN	23	20	51.5929	0.370181	1.16159e+08	0	0	0	136.205	0	139.372
BENIGN	45	62	1365.34	1.55526	6.87987e+07	0	0	0	869.759	1	877.888
DDoS	4	0	9.01893	1.50315	2.66107e+06	0	0	1	6	0	7.5
DDoS	8	4	163.054	0.167765	7.15286e+07	0	0	1	897.615	0	972.417
DDoS	4	0	11.1166	1.85277	2.15893e+06	0	0	1	6	0	7.5
BENIGN	2	2	6144.02	32.7681	122070	0	0	0	158.8	1	198.5
DDoS	3	4	187194	112.642	62144	0	0	0	1454.12	1	1661.86
DDoS	3	5	10475.2	7.20376	1.11053e+06	0	0	0	1292.56	1	1454.12
BENIGN	2	0	3.7e+07	2e+06	1	0	1	1	24.6667	0	37
BENIGN	2	0	4e+06	666667	3	1	0	0	6	0	9
BENIGN	1	1	1185.01	13.3147	150210	0	0	0	78	1	117
DDoS	3	5	8984.14	6.17838	1.29484e+06	0	0	0	1292.56	1	1454.12
BENIGN	1	1	0	95238.1	21	0	0	1	0	1	0
DDoS	5	0	86.7022	14.4504	346012	0	0	1	6	0	7.2
DDoS	4	0	5.9584	0.993067	4.02793e+06	0	0	1	6	0	7.5
BENIGN	13	0	1.00286e+08	464286	28	0	0	0	216	0	232.615
BENIGN	1	1	0	11976	167	0	0	1	0	1	0
BENIGN	1	1	9016.42	65.8133	30389	0	0	0	123.333	1	185
DDoS	8	6	148.864	0.178784	7.83066e+07	0	0	1	777.533	0	833.071
BENIGN	2	2	1.68919e+06	27027	148	0	0	0	57	1	71.25
DDoS	4	0	6.04425	1.00738	3.97071e+06	0	0	1	6	0	7.5
DDoS	4	0	12.4549	2.07582	1.92695e+06	0	0	1	6	0	7.5
DDoS	4	0	3.97087	0.661812	6.04401e+06	0	0	1	6	0	7.5
DDoS	6	0	37.2203	6.20338	967214	0	0	1	6	0	7
BENIGN	2	2	10745.8	127.926	31268	0	0	0	75.4	1	94.25
DDoS	3	4	319950	192.625	36340	0	0	0	1453.38	1	1661
BENIGN	15	10	22865.8	68.1829	366661	0	0	0	322.462	0	335.36
BENIGN	52	0	3015.55	17.3307	3.00045e+06	0	0	0	174	0	177.346
DDoS	3	5	278949	191.833	41703	0	0	0	1292.56	1	1454.12
BENIGN	4	2	5629.18	96.5003	62176	0	0	0	54.1429	0	63.1667
DDoS	6	0	3.84626	0.641044	9.35974e+06	0	0	1	6	0	7
BENIGN	2	2	10034.7	167.245	23917	0	0	0	55	1	68.75
DDoS	3	6	6983.23	5.40265	1.66585e+06	0	0	0	1163.3	2	1292.56
BENIGN	2	2	8036.38	124.595	32104	0	0	0	58	1	72.5
DDoS	3	5	8551.67	5.88401	1.35962e+06	0	0	0	1291.89	1	1453.38
DDoS	3	7	9620.35	8.26988	1.20921e+06	0	0	0	1057.55	2	1163.3
DDoS	3	6	49267.5	38.1164	236119	0	0	0	1163.3	2	1292.56
DDoS	3	4	15527.5	9.34349	749185	0	0	0	1454.12	1	1661.86
BENIGN	1	1	0	41666.7	48	0	0	1	0	1	0
DDoS	3	4	186629	112.36	62300	0	0	0	1453.38	1	1661
DDoS	4	0	2.63137	0.438562	9.12071e+06	0	0	1	6	0	7.5
DDoS	8	7	116.755	0.150161	9.98929e+07	0	0	1	729.312	0	777.933
DDoS	4	0	3.46177	0.576961	6.93288e+06	0	0	1	6	0	7.5
DDoS	5	0	999.3	166.55	30021	0	0	1	6	0	7.2
DDoS	8	6	144.076	0.173035	8.09087e+07	0	0	1	777.533	0	833.071
DDoS	3	5	20343.6	13.9903	571825	0	0	0	1292.56	1	1454.12
DDoS	8	4	119.979	0.123446	9.72083e+07	0	0	1	897.615	0	972.417
DDoS	8	6	159.569	0.191641	7.30531e+07	0	0	1	777.533	0	833.071
DDoS	3	6	298979	231.428	38889	0	0	0	1162.7	2	1291.89
BENIGN	14	9	23563.8	85.0277	270500	0	0	0	265.583	0	277.13
DDoS	4	0	11.4801	1.91335	2.09058e+06	0	0	1	6	0	7.5
DDoS	8	5	122.875	0.136961	9.49178e+07	0	0	1	833.5	0	897.615
DDoS	3	6	17750.3	13.7327	655368	0	0	0	1163.3	2	1292.56
DDoS	4	0	2.5899	0.431651	9.26675e+06	0	0	1	6	0	7.5
DDoS	8	6	114.953	0.137987	1.01459e+08	0	0	1	777.933	0	833.5
BENIGN	2	2	1.98214e+06	17857.1	224	0	0	0	98.2	1	122.75
DDoS	3	6	150998	116.821	77041	0	0	0	1163.3	2	1292.56
DDoS	3	4	115975	69.8227	100254	0	0	0	1453.38	1	1661
BENIGN	1	1	4e+06	666667	3	0	0	1	6	1	9
BENIGN	16	14	19.7974	0.259241	1.15723e+08	0	0	0	73.9032	0	76.3667
DDoS	3	5	15597.8	10.7321	745428	0	0	0	1291.89	1	1453.38
DDoS	3	6	106944	82.7815	108720	0	0	0	1162.7	2	1291.89
BENIGN	1	1	0	400000	5	0	0	1	0	1	0
BENIGN	2	2	1.68831e+06	25974	154	0	0	0	58.6	1	73.25
BENIGN	10	5	14568	183.323	81823	0	0	0	74.5	0	79.4667
DDoS	3	5	25708.2	17.6886	452268	0	0	0	1291.89	1	1453.38
BENIGN	2	2	10977.6	84.7691	47187	0	0	0	111	1	138.75
DDoS	3	6	9756.49	7.55211	1.19172e+06	0	0	0	1162.7	2	1291.89
DDoS	5	0	220.553	36.7588	136022	0	0	1	6	0	7.2
BENIGN	1	1	387097	64516.1	31	0	0	1	6	1	9
DDoS	3	5	122675	84.3633	94828	0	0	0	1292.56	1	1454.12
BENIGN	18	0	1840.84	42.8103	420460	0	0	0	43	0	45.3889
BENIGN	2	2	6339.93	82.3367	48581	0	0	0	70.4	1	88
BENIGN	1	1	0	10362.7	193	0	0	1	0	1	0
DDoS	5	0	7.3332	1.2222	4.09098e+06	0	0	1	6	0	7.2
BENIGN	2	0	3489.39	581.564	3439	0	0	1	6	0	9
BENIGN	8	4	919.248	2.19435	5.4686e+06	0	0	0	386.692	0	418.917
BENIGN	2	1	0	55555.6	54	0	0	1	0	0	0
DDoS	5	0	2.99751	0.499586	1.00083e+07	0	0	1	6	0	7.2
BENIGN	7	3	320.917	2.51502	3.97611e+06	0	0	0	116	0	127.6
BENIGN	36	26	958.606	4.73763	1.30867e+07	0	0	0	199.127	0	202.339
DDoS	5	4	145.761	0.112654	7.98909e+07	0	0	1	1165.1	0	1294.56
BENIGN	2	0	36.9748	0.999318	2.00136e+06	0	1	1	37	0	55.5
BENIGN	2	2	1.49057e+06	18867.9	212	0	0	0	73.6	1	92
BENIGN	1	1	1101.26	22.9429	87173	0	0	0	48	1	72
BENIGN	1	1	8138.95	83.9067	23836	0	0	0	83	1	124.5
DDoS	3	4	221839	133.557	52412	0	0	0	1453.38	1	1661
BENIGN	2	0	9.25e+06	500000	4	0	1	1	24.6667	0	37
DDoS	8	4	126.144	0.129789	9.24578e+07	0	0	1	897.615	0	972.417
DDoS	4	0	5.98216	0.997026	4.01193e+06	0	0	1	6	0	7.5
DDoS	9	5	143.706	0.172501	8.1159e+07	0	0	1	777.933	0	833.5
DDoS	8	6	116.02	0.139339	1.00474e+08	0	0	1	777.533	0	833.071
DDoS	4	0	2.55362	0.425603	9.39843e+06	0	0	1	6	0	7.5
BENIGN	1	1	3246.79	21.9378	91167	0	0	0	112	1	168
DDoS	8	5	143.794	0.160361	8.10672e+07	0	0	1	833.071	0	897.154
BENIGN	1	4	157895	65789.5	76	0	0	1	2	4	2.4
DDoS	3	4	14659.5	8.82574	793135	0	0	0	1453.38	1	1661
DDoS	3	4	6509.2	3.91884	1.78624e+06	0	0	0	1453.38	1	1661
BENIGN	19	15	132.056	0.558932	6.08303e+07	0	0	0	229.514	0	236.265
DDoS	3	6	6670.49	5.1607	1.74395e+06	0	0	0	1163.3	2	1292.56
DDoS	3	4	63939.4	38.4945	181844	0	0	0	1453.38	1	1661
DDoS	4	0	8.11243	1.35207	2.95842e+06	0	0	1	6	0	7.5
DDoS	8	5	160.368	0.178844	7.26889e+07	0	0	1	833.071	0	897.154
BENIGN	2	2	808.308	15.8492	252379	0	0	0	48.2	1	60.25
DDoS	9	4	142.716	0.159076	8.17218e+07	0	0	1	833.5	0	897.615
DDoS	3	4	170212	102.476	68309	0	0	0	1453.38	1	1661
DDoS	5	0	7.77321	1.29554	3.85941e+06	0	0	1	6	0	7.2
DDoS	5	0	3.22416	0.537361	9.30474e+06	0	0	1	6	0	7.2
DDoS	5	0	2.99469	0.499115	1.00177e+07	0	0	1	6	0	7.2
DDoS	8	5	119.665	0.133452	9.74134e+07	0	0	1	833.071	0	897.154
DDoS	7	6	1424.68	1.58964	8.17796e+06	0	0	1	832.643	0	896.692
DDoS	3	5	487036	335.107	23873	0	0	0	1291.89	1	1453.38
DDoS	5	0	3.73284	0.622139	8.03679e+06	0	0	1	6	0	7.2
BENIGN	3	4	11011.6	28.4854	245740	0	0	0	338.25	1	386.571
DDoS	4	0	13.9129	2.31882	1.72501e+06	0	0	1	6	0	7.5
DDoS	3	4	36008.6	21.6789	322895	0	0	0	1453.38	1	1661
BENIGN	18	24	4488.66	283.068	148374	0	0	0	15.4884	1	15.8571
BENIGN	6	6	12457	36.1246	332184	0	0	0	318.308	1	344.833
DDoS	3	6	8794.25	6.80377	1.3228e+06	0	0	0	1163.3	2	1292.56
DDoS	5	0	2.95806	0.49301	1.01418e+07	0	0	1	6	0	7.2
DDoS	8	5	130.313	0.145252	8.94996e+07	0	0	1	833.5	0	897.615
DDoS	4	0	5.92221	0.987034	4.05254e+06	0	0	1	6	0	7.5
DDoS	8	5	157.746	0.175829	7.39353e+07	0	0	1	833.5	0	897.615
BENIGN	17	14	175607	475.65	65174	0	0	0	357.656	0	369.194
DDoS	3	6	10341	8.00458	1.12436e+06	0	0	0	1162.7	2	1291.89
BENIGN	2	2	4597.06	55.3863	72220	0	0	0	75.4	1	94.25
DDoS	5	0	19.5613	3.26021	1.53364e+06	0	0	1	6	0	7.2
DDoS	8	4	126.533	0.13019	9.21733e+07	0	0	1	897.615	0	972.417
BENIGN	1	1	2192.46	26.2571	76170	0	0	0	73.3333	1	110
BENIGN	2	2	8032.9	127.506	31371	0	0	0	56.2	1	70.25
DDoS	5	0	5.77931	0.963219	5.19093e+06	0	0	1	6	0	7.2
DDoS	3	6	49973.4	38.6824	232664	0	0	0	1162.7	2	1291.89
DDoS	3	6	16463.6	12.7372	706589	0	0	0	1163.3	2	1292.56
BENIGN	1	1	444444	74074.1	27	0	0	1	6	1	9
DDoS	3	5	195542	134.474	59491	0	0	0	1292.56	1	1454.12
BENIGN	2	1	55045.9	9174.31	327	0	0	1	6	0	8
DDoS	3	4	228819	137.76	50813	0	0	0	1453.38	1	1661
BENIGN	2	2	3486.35	59.5956	67119	0	0	0	53.6	1	67
DDoS	8	5	117.002	0.130414	9.96823e+07	0	0	1	833.5	0	897.615
DDoS	3	6	20820.1	16.116	558450	0	0	0	1162.7	2	1291.89
DDoS	2	5	521565	314.169	22281	0	0	0	1452.62	2	1660.14
DDoS	4	0	3.99079	0.665131	6.01385e+06	0	0	1	6	0	7.5
DDoS	4	0	13.2967	2.21612	1.80496e+06	0	0	1	6	0	7.5
DDoS	8	6	115.596	0.138758	1.00895e+08	0	0	1	777.933	0	833.5
DDoS	4	0	2.42847	0.404746	9.88275e+06	0	0	1	6	0	7.5
BENIGN	10	5	11034	138.85	108030	0	0	0	74.5	0	79.4667
BENIGN	2	1	3558.21	213.493	14052	0	1	1	22	0	29.3333
DDoS	3	5	7175.81	4.9348	1.62114e+06	0	0	0	1292.56	1	1454.12
BENIGN	2	2	673.288	10.4386	383194	0	0	0	57.4	1	71.75
DDoS	3	4	436974	263.079	26608	0	0	0	1453.38	1	1661
BENIGN	1	1	2126.22	40.8889	48913	0	0	0	49.3333	1	74
DDoS	3	6	27766.9	21.4822	418952	0	0	0	1163.3	2	1292.56
DDoS	8	6	144.139	0.17311	8.08735e+07	0	0	1	777.533	0	833.071
DDoS	3	6	17671.9	13.6721	658276	0	0	0	1163.3	2	1292.56
BENIGN	1	1	6492.14	84.3135	23721	0	0	0	66.3333	1	99.5
BENIGN	2	1	35288.4	132.002	22727	0	1	1	399.5	0	532.667
DDoS	4	0	2.19814	0.366357	1.09183e+07	0	0	1	6	0	7.5
DDoS	3	4	289811	174.39	40140	0	0	0	1454.12	1	1661.86
DDoS	4	0	3.91588	0.652646	6.1289e+06	0	0	1	6	0	7.5
DDoS	3	5	8407.01	5.78149	1.38373e+06	0	0	0	1292.56	1	1454.12
DDoS	3	5	9315.88	6.40982	1.24808e+06	0	0	0	1291.89	1	1453.38
DDoS	5	0	3.27758	0.546264	9.15309e+06	0	0	1	6	0	7.2
DDoS	4	0	11.4558	1.90929	2.09502e+06	0	0	1	6	0	7.5
DDoS	3	4	13704.7	8.25086	848396	0	0	0	1453.38	1	1661
DDoS	4	0	11.2412	1.87353	2.13501e+06	0	0	1	6	0	7.5
DDoS	7	5	1164.58	1.19947	1.00044e+07	0	0	1	896.692	0	971.417
DDoS	4	0	12.2494	2.04157	1.95928e+06	0	0	1	6	0	7.5
DDoS	5	0	3.00549	0.500915	9.98174e+06	0	0	1	6	0	7.2
BENIGN	1	1	4636.85	84.3064	23723	0	0	0	52.3333	1	78.5
DDoS	3	6	9068.67	7.01608	1.28277e+06	0	0	0	1163.3	2	1292.56
DDoS	3	5	11075.6	7.61665	1.05033e+06	0	0	0	1292.56	1	1454.12
DDoS	3	6	16689.9	12.9123	697008	0	0	0	1163.3	2	1292.56
DDoS	4	0	11.7591	1.95985	2.04098e+06	0	0	1	6	0	7.5
DDoS	6	4	155.909	0.133885	7.46912e+07	0	0	1	1059.18	0	1165.1
BENIGN	2	2	125.424	1.67232	2.39188e+06	0	0	0	69	1	86.25
BENIGN	2	0	158672	7380.07	271	0	0	1	16.3333	0	24.5
DDoS	3	5	254543	175.139	45678	0	0	0	1291.89	1	1453.38
BENIGN	22	13	79.3045	0.297116	1.17799e+08	0	0	0	259.5	0	266.914
BENIGN	12	7	16936.5	94.5062	201045	0	0	0	170.25	0	179.211
DDoS	3	4	10524	6.33594	1.10481e+06	0	0	0	1453.38	1	1661
BENIGN	34	41	336.473	0.645606	1.1617e+08	0	0	0	514.316	1	521.173
BENIGN	109	216	4341.91	5.10377	6.36785e+07	0	0	0	848.117	1	850.726
DDoS	3	6	238489	184.509	48778	0	0	0	1163.3	2	1292.56
DDoS	3	4	6671.22	4.01639	1.74286e+06	0	0	0	1453.38	1	1661
DDoS	8	4	123.799	0.127376	9.42095e+07	0	0	1	897.615	0	972.417
BENIGN	2	2	6009.24	74.1881	53917	0	0	0	70.8	1	88.5
DDoS	4	0	0.991437	0.165239	2.42073e+07	0	0	1	6	0	7.5
DDoS	3	5	7849.43	5.39804	1.48202e+06	0	0	0	1292.56	1	1454.12
DDoS	3	5	490658	337.425	23709	0	0	0	1292.56	1	1454.12
DDoS	5	0	7.708	1.28467	3.89206e+06	0	0	1	6	0	7.2
BENIGN	1	1	2600.58	33.5559	59602	0	0	0	67.6667	1	101.5
BENIGN	1	1	164384	27397.3	73	0	0	1	6	1	9
BENIGN	6	6	15727.4	45.6527	262854	0	0	0	318	1	344.5
DDoS	3	6	154192	119.354	75406	0	0	0	1162.7	2	1291.89
DDoS	4	0	4.30186	0.716976	5.57899e+06	0	0	1	6	0	7.5
BENIGN	1	1	365688	4514.67	443	0	0	0	71.3333	1	107
DDoS	3	5	265724	182.832	43756	0	0	0	1291.89	1	1453.38
DDoS	3	4	6764.97	4.07073	1.71959e+06	0	0	0	1454.12	1	1661.86
DDoS	5	0	3.79372	0.632287	7.90781e+06	0	0	1	6	0	7.2
DDoS	3	5	24955	17.1704	465918	0	0	0	1291.89	1	1453.38
DDoS	3	5	106467	73.2172	109264	0	0	0	1292.56	1	1454.12
DDoS	3	5	26763.6	18.4053	434658	0	0	0	1292.56	1	1454.12
BENIGN	2	0	127660	21276.6	94	0	0	1	6	0	9
BENIGN	2	2	666667	17094	234	0	0	0	37.4	1	46.75
BENIGN	6	9	36793.4	115.557	129806	0	0	0	298.5	1	318.4
BENIGN	1	1	0	16129	124	0	0	1	0	1	0
DDoS	3	7	6311.47	5.42549	1.84315e+06	0	0	0	1057.55	2	1163.3
DDoS	5	0	3.00668	0.501114	9.97777e+06	0	0	1	6	0	7.2
DDoS	8	5	160.17	0.178531	7.28163e+07	0	0	1	833.5	0	897.615
DDoS	8	4	143.716	0.147869	8.11531e+07	0	0	1	897.615	0	972.417
DDoS	4	0	15.434	2.57233	1.55501e+06	0	0	1	6	0	7.5
BENIGN	8	6	669.282	2.34307	5.97506e+06	0	0	0	266.6	0	285.643
DDoS	3	4	9435.49	5.67768	1.2329e+06	0	0	0	1454.12	1	1661.86
BENIGN	2	1	0	56.7365	52876	0	0	1	0	0	0
BENIGN	2	2	1.43564e+06	19802	202	0	0	0	64.2	1	80.25
BENIGN	2	0	4e+06	666667	3	0	0	1	6	0	9
DDoS	3	4	44069	26.5316	263836	0	0	0	1453.38	1	1661
DDoS	5	0	3.83641	0.639402	7.8198e+06	0	0	1	6	0	7.2
BENIGN	69	91	1248.98	1.37123	1.16684e+08	0	0	0	905.186	1	910.844
DDoS	3	4	46733	28.1209	248925	0	0	0	1454.12	1	1661.86
BENIGN	2	2	1.04727e+06	14545.5	275	0	0	0	66	1	82.5
DDoS	8	4	117.761	0.121226	9.89883e+07	0	0	1	897.154	0	971.917
DDoS	8	5	141.397	0.157606	8.24842e+07	0	0	1	833.5	0	897.615
BENIGN	2	2	1.15909e+06	22727.3	176	0	0	0	49.4	1	61.75
DDoS	3	5	16607.2	11.4208	700479	0	0	0	1292.56	1	1454.12
BENIGN	3	0	37100.9	2588.44	1159	0	0	1	12.25	0	16.3333
BENIGN	1	1	184615	30769.2	65	0	0	1	6	1	9
BENIGN	10	8	4591.51	46.5356	386801	0	0	0	93.4737	0	98.6667
BENIGN	2	2	851852	18518.5	216	0	0	0	43	1	53.75
BENIGN	2	2	1.62637e+06	14652	273	0	0	0	98.2	1	122.75
DDoS	4	0	3.81952	0.636586	6.28352e+06	0	0	1	6	0	7.5
DDoS	4	0	2.98393	0.497322	8.04308e+06	0	0	1	6	0	7.5
BENIGN	2	2	8383.65	125.129	31967	0	0	0	61.4	1	76.75
DDoS	4	0	4.1969	0.699483	5.71851e+06	0	0	1	6	0	7.5
DDoS	8	5	141.851	0.158193	8.2178e+07	0	0	1	833.071	0	897.154
DDoS	4	0	11.9069	1.98448	2.01564e+06	0	0	1	6	0	7.5
DDoS	3	5	18192.7	12.5111	639433	0	0	0	1292.56	1	1454.12
BENIGN	1	1	5022.16	65.6491	30465	0	0	0	66	1	99
BENIGN	2	1	199074	13888.9	216	0	1	1	20	0	26.6667
DDoS	3	4	15122.9	9.1	769231	0	0	0	1454.12	1	1661.86
BENIGN	2	0	3e+06	500000	4	1	0	0	6	0	9
DDoS	4	0	4.15948	0.693246	5.76996e+06	0	0	1	6	0	7.5
BENIGN	2	2	3816.05	20.9673	190773	0	0	0	153.2	1	191.5
BENIGN	2	0	9.25e+06	500000	4	0	1	1	24.6667	0	37
DDoS	4	0	2.26394	0.377323	1.0601e+07	0	0	1	6	0	7.5
DDoS	4	0	2.78933	0.464888	8.60422e+06	0	0	1	6	0	7.5
BENIGN	2	2	1.00319e+06	12779.6	313	0	0	0	72.2	1	90.25
BENIGN	1	1	2191.97	42.1532	47446	0	0	0	49.3333	1	74
DDoS	9	4	163.315	0.182037	7.14141e+07	0	0	1	833.5	0	897.615
BENIGN	8	6	444.8	1.27346	1.09937e+07	0	0	0	326	0	349.286
BENIGN	13	0	3.61111e+07	722222	18	0	0	0	50	0	53.8462
BENIGN	5	3	35158.1	126.867	63058	0	0	0	246.333	0	277.125
DDoS	5	0	10.0099	1.66831	2.99705e+06	0	0	1	6	0	7.2
BENIGN	1	1	3526.17	73.4619	27225	0	0	0	48	1	72
DDoS	8	5	141.217	0.157486	8.25468e+07	0	0	1	833.071	0	897.154
DDoS	4	0	11.4945	1.91574	2.08796e+06	0	0	1	6	0	7.5
BENIGN	1	1	181818	30303	66	0	0	1	6	1	9
BENIGN	2	0	4e+06	666667	3	1	0	0	6	0	9
DDoS	3	6	14102.7	10.9107	824875	0	0	0	1163.3	2	1292.56
BENIGN	4	5	285.821	0.784505	1.14722e+07	0	0	0	327.9	1	364.333
DDoS	3	6	14536.5	11.2463	800262	0	0	0	1163.3	2	1292.56
DDoS	3	4	6386.54	3.845	1.82055e+06	0	0	0	1453.38	1	1661
BENIGN	1	1	3839.66	66.2011	30211	0	0	0	55.3333	1	83
BENIGN	4	4	25560.7	255.607	31298	0	0	0	92.8889	1	104.5
BENIGN	4	1	276.11	57.5228	86922	1	0	0	5	0	6
BENIGN	23	28	21994.5	70.624	722134	0	0	0	305.442	1	311.431
DDoS	4	0	17.2832	2.88053	1.38863e+06	0	0	1	6	0	7.5
BENIGN	1	1	4028.13	33.0175	60574	0	0	0	95.6667	1	143.5
DDoS	4	0	3.28685	0.547808	7.30183e+06	0	0	1	6	0	7.5
DDoS	9	4	144.076	0.16051	8.09919e+07	0	0	1	833.929	0	898.077
DDoS	8	4	132.628	0.136461	8.79374e+07	0	0	1	897.615	0	972.417
DDoS	8	6	127.657	0.153316	9.13147e+07	0	0	1	777.533	0	833.071
BENIGN	1	1	0	23255.8	86	0	0	1	0	1	0
BENIGN	1	1	3707.08	65.0364	30752	0	0	0	54.3333	1	81.5
DDoS	8	6	129.571	0.155535	9.00121e+07	0	0	1	777.933	0	833.5
DDoS	3	6	22428.8	17.3523	518663	0	0	0	1163.3	2	1292.56
BENIGN	10	6	3784.55	10.0071	1.59887e+06	0	0	0	355.941	0	378.188
BENIGN	9	7	724.416	2.65536	6.02554e+06	0	0	0	256.765	0	272.812
DDoS	5	0	1423.76	237.293	21071	0	0	1	6	0	7.2
BENIGN	2	0	0	67.3491	29696	0	0	1	0	0	0
BENIGN	1	1	0	8368.2	239	0	0	1	0	1	0
DDoS	3	6	6460.17	5.00056	1.7998e+06	0	0	0	1162.7	2	1291.89
DDoS	8	5	127.389	0.141992	9.15545e+07	0	0	1	833.5	0	897.615
BENIGN	1	1	3531.4	27.2695	73342	0	0	0	101	1	151.5
BENIGN	1	1	2.81e+08	2e+06	1	0	1	1	177	1	265.5
DDoS	3	6	423539	327.845	27452	0	0	0	1162.7	2	1291.89
BENIGN	6	9	49819.5	138.157	108572	0	0	0	338.062	1	360.6
DDoS	3	6	12517.5	9.68933	928857	0	0	0	1162.7	2	1291.89
BENIGN	25	24	105.967	0.424563	1.15413e+08	0	0	0	244.6	0	249.592
DDoS	5	0	6.28059	1.04677	4.77662e+06	0	0	1	6	0	7.2
DDoS	3	6	274584	212.545	42344	0	0	0	1162.7	2	1291.89
DDoS	8	4	1254.76	1.29102	9.29501e+06	0	0	1	897.615	0	972.417
DDoS	5	0	5.29115	0.881858	5.66985e+06	0	0	1	6	0	7.2
DDoS	5	0	3.01089	0.501815	9.96383e+06	0	0	1	6	0	7.2
BENIGN	414	512	933810	799.097	1.15881e+06	0	0	0	1167.32	1	1168.58
BENIGN	1	1	705882	117647	17	0	0	1	6	1	9
DDoS	8	4	114.978	0.118361	1.01385e+08	0	0	1	897.154	0	971.917
DDoS	4	0	3.97229	0.662049	6.04185e+06	0	0	1	6	0	7.5
BENIGN	2	2	1.08901e+06	20942.4	191	0	0	0	50.4	1	63
BENIGN	2	0	250000	41666.7	48	1	0	0	6	0	9
DDoS	3	6	6466.11	5.00258	1.79907e+06	0	0	0	1163.3	2	1292.56
DDoS	4	0	3.0084	0.501401	7.97765e+06	0	0	1	6	0	7.5
BENIGN	4	2	5588.05	98.036	61202	0	0	0	55.1429	0	64.3333
BENIGN	2	0	3e+06	500000	4	0	0	1	6	0	9
BENIGN	2	2	9150.79	129.798	30817	0	0	0	64.4	1	80.5
BENIGN	4	2	7709.41	93.2589	64337	0	0	0	76.7143	0	89.5
DDoS	3	4	14087.2	8.47678	825785	0	0	0	1454.12	1	1661.86
BENIGN	2	1	453.595	75.5991	39683	0	0	1	6	0	8
BENIGN	1	1	0	14.0492	142357	0	0	1	0	1	0
DDoS	3	6	8582.85	6.64364	1.35468e+06	0	0	0	1162.7	2	1291.89
DDoS	4	0	3.10086	0.51681	7.73979e+06	0	0	1	6	0	7.5
BENIGN	2	2	9370.56	129.249	30948	0	0	0	66.6	1	83.25
DDoS	3	6	61727.9	47.7565	188456	0	0	0	1163.3	2	1292.56
DDoS	3	4	49381.1	29.7144	235576	0	0	0	1454.12	1	1661.86
DDoS	8	5	1248.05	1.39112	9.34498e+06	0	0	1	833.5	0	897.615
BENIGN	23	23	57.9018	0.393541	1.16888e+08	0	0	0	144	1	147.13
DDoS	3	4	313633	188.822	37072	0	0	0	1453.38	1	1661
DDoS	3	7	683338	587.717	17015	0	0	0	1057	2	1162.7
BENIGN	8	8	1019.45	3.15071	5.07822e+06	0	0	0	304.529	1	323.562
DDoS	3	4	6184.95	3.72171	1.88086e+06	0	0	0	1454.12	1	1661.86
DDoS	3	4	17720.6	10.6687	656128	0	0	0	1453.38	1	1661
BENIGN	2	0	9.25e+06	500000	4	0	1	1	24.6667	0	37
BENIGN	2	0	4e+06	666667	3	1	0	0	6	0	9
DDoS	3	4	6241.42	3.75569	1.86384e+06	0	0	0	1454.12	1	1661.86
DDoS	5	0	3.37723	0.562872	8.88301e+06	0	0	1	6	0	7.2
DDoS	8	5	160.912	0.179451	7.24431e+07	0	0	1	833.071	0	897.154
DDoS	3	6	61160	47.3171	190206	0	0	0	1163.3	2	1292.56
BENIGN	2	0	1.23333e+07	666667	3	0	1	1	24.6667	0	37
BENIGN	5	3	6582.05	104.685	76420	0	0	0	55.8889	0	62.875
BENIGN	3	1	2.21163	0.737209	5.42587e+06	0	0	0	2.4	0	3
DDoS	5	0	9.78942	1.63157	3.06453e+06	0	0	1	6	0	7.2
DDoS	3	4	199705	120.232	58221	0	0	0	1453.38	1	1661
DDoS	5	0	7.89275	1.31546	3.80096e+06	0	0	1	6	0	7.2
DDoS	7	5	118.79	0.122349	9.80803e+07	0	0	1	896.692	0	971.417
DDoS	3	5	28064.7	19.3001	414506	0	0	0	1292.56	1	1454.12
BENIGN	14	11	156.288	0.318124	7.85857e+07	0	0	0	524.308	0	545.28
DDoS	5	0	5.27332	0.878887	5.68902e+06	0	0	1	6	0	7.2
DDoS	8	4	143.875	0.148109	8.10216e+07	0	0	1	897.154	0	971.917
DDoS	5	0	1152.25	192.042	26036	0	0	1	6	0	7.2
DDoS	8	6	116.375	0.139766	1.00167e+08	0	0	1	777.533	0	833.071
BENIGN	1	2	300000	50000	60	0	0	1	6	2	8
BENIGN	1	1	807.439	13.4573	148618	0	0	0	57.3333	1	86
DDoS	3	4	16421.4	9.88648	708038	0	0	0	1453.38	1	1661
DDoS	5	0	9.72892	1.62149	3.08359e+06	0	0	1	6	0	7.2
BENIGN	11	11	396.882	1.09871	2.00236e+07	0	0	0	345.522	1	361.227
BENIGN	5	3	21390.6	68.9186	116079	0	0	0	275.889	0	310.375
BENIGN	1	1	0	35087.7	57	0	0	1	0	1	0
DDoS	8	4	142.821	0.147024	8.16195e+07	0	0	1	897.154	0	971.917
DDoS	5	0	29.616	4.936	1.01297e+06	0	0	1	6	0	7.2
BENIGN	2	0	1.23333e+07	666667	3	0	1	1	24.6667	0	37
BENIGN	2	2	2.15534e+06	19417.5	206	0	0	0	98.2	1	122.75
BENIGN	2	0	36363.6	6060.61	330	0	0	1	6	0	9
BENIGN	2	2	1.54167e+06	20833.3	192	0	0	0	67.4	1	84.25
BENIGN	2	0	35.4982	5.91637	338045	0	0	1	6	0	9
BENIGN	109	148	2325.76	2.22191	1.15666e+08	0	0	0	1042.68	1	1046.74
BENIGN	10	6	4362.55	37.3066	428878	0	0	0	110.059	0	116.938
BENIGN	2	0	0	0.0312313	6.40382e+07	0	0	1	0	0	0
DDoS	4	0	2.4003	0.40005	9.99874e+06	0	0	1	6	0	7.5
DDoS	3	4	12890.2	7.7605	902004	0	0	0	1453.38	1	1661
BENIGN	8	4	71211	297.125	40387	0	1	1	252.231	0	273.25
DDoS	4	0	16.6543	2.77571	1.44107e+06	0	0	1	6	0	7.5
BENIGN	2	2	856.317	20.3885	196189	0	0	0	40.4	1	50.5
BENIGN	1	1	811.725	11.274	177400	0	0	0	64.6667	1	97
DDoS	9	6	139.204	0.179033	8.37832e+07	0	0	1	729.312	0	777.933
DDoS	8	6	127.619	0.153191	9.13891e+07	0	0	1	777.933	0	833.5
DDoS	4	0	5.98068	0.99678	4.01292e+06	0	0	1	6	0	7.5
DDoS	3	5	19681.7	13.5351	591056	0	0	0	1292.56	1	1454.12
BENIGN	3	1	2.38219	0.794063	5.03738e+06	0	0	0	2.4	0	3
DDoS	3	5	456426	314.046	25474	0	0	0	1291.89	1	1453.38
BENIGN	1	1	285714	47619	42	0	0	1	6	1	9
BENIGN	2	0	352941	58823.5	34	1	0	0	6	0	9
BENIGN	1	1	2771.53	29.8014	67111	0	0	0	78.6667	1	118
BENIGN	2	2	1.03627e+06	20725.4	193	0	0	0	46.8	1	58.5
DDoS	3	6	161500	125.01	71994	0	0	0	1162.7	2	1291.89
BENIGN	3	3	0	1.86103	3.22401e+06	0	0	0	0	1	0
BENIGN	1	1	2989.71	33.0355	60541	0	0	0	81.6667	1	122.5
BENIGN	2	0	13.7343	2.28904	873727	0	0	1	6	0	9
DDoS	4	0	5.70353	0.950588	4.20792e+06	0	0	1	6	0	7.5
DDoS	3	4	8201.68	4.93525	1.41837e+06	0	0	0	1454.12	1	1661.86
DDoS	8	5	140.988	0.157232	8.26806e+07	0	0	1	833.071	0	897.154
BENIGN	2	1	200935	14018.7	214	0	1	1	20	0	26.6667
BENIGN	1	1	0	22.6968	88118	0	0	1	0	1	0
BENIGN	7	11	564.219	1.23762	1.4544e+07	0	0	0	431.895	1	455.889
BENIGN	2	0	250000	41666.7	48	0	0	1	6	0	9
BENIGN	8	1	21864.3	19.3794	464411	0	0	1	1016	0	1128.89
DDoS	4	0	3.47852	0.579754	6.89948e+06	0	0	1	6	0	7.5
DDoS	8	5	125.291	0.139654	9.30873e+07	0	0	1	833.5	0	897.615
BENIGN	9	8	692.444	3.03234	5.60623e+06	0	0	0	215.667	0	228.353
BENIGN	2	2	1.58525e+06	18433.2	217	0	0	0	76.2	1	95.25
DDoS	8	8	1763.76	2.42088	6.60917e+06	0	0	1	686.059	1	728.938
DDoS	3	5	499227	343.495	23290	0	0	0	1291.89	1	1453.38
DDoS	5	0	4.9967	0.832784	6.00396e+06	0	0	1	6	0	7.2
BENIGN	1	1	0	12048.2	166	0	0	1	0	1	0
BENIGN	37	51	12316.7	13.0356	6.75077e+06	0	0	0	934.236	1	944.852
BENIGN	1	1	352941	58823.5	34	0	0	1	6	1	9
BENIGN	2	0	1510.19	251.699	7946	0	0	1	6	0	9
BENIGN	1	1	562.933	8.72764	229157	0	0	0	57	1	85.5
DDoS	3	6	104706	81.0066	111102	0	0	0	1163.3	2	1292.56
DDoS	3	5	9616.2	6.61305	1.20973e+06	0	0	0	1292.56	1	1454.12
BENIGN	2	0	0.66755	0.111258	1.79762e+07	0	0	1	6	0	9
DDoS	3	6	11558.1	8.94202	1.00648e+06	0	0	0	1163.3	2	1292.56
BENIGN	2	2	1.03086e+06	12345.7	324	0	0	0	73.8	1	92.25
BENIGN	1	1	0	32258.1	62	0	0	1	0	1	0
DDoS	4	0	4.70469	0.784115	5.10129e+06	0	0	1	6	0	7.5
DDoS	3	5	12871.5	8.85625	903317	0	0	0	1291.89	1	1453.38
DDoS	3	4	11844.7	7.12737	982129	0	0	0	1454.12	1	1661.86
BENIGN	2	0	4e+06	666667	3	0	0	1	6	0	9
BENIGN	2	2	7940.2	168.94	23677	0	0	0	45.4	1	56.75
DDoS	3	5	9557.69	6.57621	1.21651e+06	0	0	0	1291.89	1	1453.38
BENIGN	2	2	1.84713e+06	25477.7	157	0	0	0	66.6	1	83.25
DDoS	4	0	5.28194	0.880324	4.54378e+06	0	0	1	6	0	7.5
DDoS	3	6	72787.9	56.3423	159738	0	0	0	1162.7	2	1291.89
BENIGN	4	2	0	1.043	5.75265e+06	0	0	0	0	0	0
BENIGN	3	2	7489.75	69.4782	71965	0	0	0	89.8333	0	107.8
BENIGN	20	15	23.7523	0.303627	1.15273e+08	0	0	0	76.0556	0	78.2286
BENIGN	1	1	324324	54054.1	37	0	0	1	6	1	9
BENIGN	9	11	2103.77	9.04264	2.21174e+06	0	0	0	221.571	1	232.65
BENIGN	2	2	649.358	15.838	252557	0	0	0	39.4	1	49.25
DDoS	3	6	6263.85	4.8486	1.85621e+06	0	0	0	1162.7	2	1291.89
BENIGN	2	0	0	14705.9	136	0	0	1	0	0	0
DDoS	3	4	523692	315.287	22202	0	0	0	1453.38	1	1661
DDoS	8	6	1208.08	1.45015	9.65416e+06	0	0	1	777.933	0	833.5
BENIGN	16	15	146.911	0.486511	6.3719e+07	0	0	0	292.531	0	301.968
BENIGN	2	2	1.3875e+06	25000	160	0	0	0	50.8	1	63.5
BENIGN	2	2	1.88945e+06	20100.5	199	0	0	0	84.4	1	105.5
DDoS	3	6	30216.6	23.3894	384789	0	0	0	1162.7	2	1291.89
DDoS	3	6	181814	140.662	63983	0	0	0	1163.3	2	1292.56
BENIGN	2	2	920455	11363.6	352	0	0	0	71.4	1	89.25
DDoS	3	4	312764	188.299	37175	0	0	0	1453.38	1	1661
DDoS	8	4	148.525	0.152896	7.8485e+07	0	0	1	897.154	0	971.917
DDoS	5	0	7.42422	1.23737	4.04083e+06	0	0	1	6	0	7.2
BENIGN	1	1	0	42553.2	47	0	0	1	0	1	0
DDoS	3	5	118750	81.6643	97962	0	0	0	1292.56	1	1454.12
DDoS	3	4	8812	5.3025	1.32013e+06	0	0	0	1454.12	1	1661.86
DDoS	3	6	24956.3	19.3077	466135	0	0	0	1163.3	2	1292.56
DDoS	3	6	6278.03	4.85707	1.85297e+06	0	0	0	1163.3	2	1292.56
BENIGN	2	2	1.46606e+06	18099.5	221	0	0	0	75.2	1	94
BENIGN	1	1	9450.43	85.139	23491	0	0	0	89.6667	1	134.5
DDoS	8	4	139.772	0.143885	8.33998e+07	0	0	1	897.154	0	971.917
BENIGN	1	1	12552.3	85.3898	23422	0	0	0	125.667	1	188.5
DDoS	4	0	2.6623	0.443716	9.01477e+06	0	0	1	6	0	7.5
BENIGN	2	2	2.33129e+06	24539.9	163	0	0	0	82.2	1	102.75
DDoS	8	4	144.437	0.14861	8.07483e+07	0	0	1	897.615	0	972.417
BENIGN	1	1	3302.65	61.1602	32701	0	0	0	51.3333	1	77
BENIGN	2	2	5943.24	80.8604	49468	0	0	0	65.8	1	82.25
DDoS	3	4	309723	186.468	37540	0	0	0	1453.38	1	1661
BENIGN	1	1	0	666667	3	0	0	1	0	1	0
BENIGN	2	2	6071.87	82.6105	48420	0	0	0	66.6	1	83.25
BENIGN	2	2	795918	13605.4	294	0	0	0	55	1	68.75
BENIGN	3	1	27565.1	6125.57	653	1	0	0	4.8	0	6
BENIGN	1	1	0	20202	99	0	0	1	0	1	0
DDoS	4	0	5.5984	0.933067	4.28694e+06	0	0	1	6	0	7.5
BENIGN	1	1	1874.37	22.0514	90697	0	0	0	71.6667	1	107.5
DDoS	9	5	121.669	0.145973	9.59081e+07	0	0	1	778.333	0	833.929
BENIGN	1	1	4870.66	72.1579	27717	0	0	0	57.3333	1	86
DDoS	3	6	261328	202.284	44492	0	0	0	1162.7	2	1291.89
BENIGN	1	1	5923.32	65.0915	30726	0	0	0	78	1	117
DDoS	3	5	14964.4	10.2963	776978	0	0	0	1291.89	1	1453.38
BENIGN	5	1	41.7026	1.48057	4.0525e+06	0	1	1	30.7143	0	35.8333
DDoS	9	6	160.084	0.205781	7.28931e+07	0	0	1	729.688	0	778.333
BENIGN	143	0	0	1.1984	1.19326e+08	0	0	0	0	0	0
BENIGN	2	0	389.168	64.8614	30835	0	0	1	6	0	9
BENIGN	2	2	18069.8	127.702	31323	0	0	0	119.8	1	149.75
DDoS	5	0	4.31356	0.718926	6.95481e+06	0	0	1	6	0	7.2
BENIGN	10	6	845.101	3.10556	5.15205e+06	0	0	0	256.118	0	272.125
BENIGN	24	43	7829.82	10.0009	6.69939e+06	0	0	0	771.397	1	782.91
BENIGN	1	1	2936.67	31.5771	63337	0	0	0	76.6667	1	115
BENIGN	14	10	9191.27	46.6562	514401	0	0	0	189.12	0	197
DDoS	4	0	2.97333	0.495556	8.07174e+06	0	0	1	6	0	7.5
DDoS	3	7	6545.55	5.62961	1.77632e+06	0	0	0	1057	2	1162.7
DDoS	3	5	15101	10.3903	769951	0	0	0	1291.89	1	1453.38
BENIGN	11	9	621.545	1.81024	1.10483e+07	0	0	0	327	0	343.35
DDoS	3	5	11134.4	7.66106	1.04424e+06	0	0	0	1291.89	1	1453.38
BENIGN	2	0	105263	17543.9	114	0	0	1	6	0	9
DDoS	8	5	126.153	0.140615	9.24512e+07	0	0	1	833.5	0	897.615
DDoS	4	0	6.2242	1.03737	3.85592e+06	0	0	1	6	0	7.5
BENIGN	2	2	10057.1	128.937	31023	0	0	0	71.4	1	89.25
DDoS	3	4	21444.8	12.9041	542463	0	0	0	1454.12	1	1661.86
DDoS	5	0	2.45946	0.40991	1.21978e+07	0	0	1	6	0	7.2
DDoS	3	6	16481.3	12.7575	705468	0	0	0	1162.7	2	1291.89
DDoS	4	0	8.12233	1.35372	2.95482e+06	0	0	1	6	0	7.5
DDoS	3	6	80737.4	62.4957	144010	0	0	0	1162.7	2	1291.89
DDoS	9	6	141.011	0.181263	8.27525e+07	0	0	1	729.688	0	778.333
DDoS	8	6	127.324	0.152837	9.16007e+07	0	0	1	777.933	0	833.5
BENIGN	4	2	5028.76	46.7068	128461	0	0	0	99.7143	0	116.333
BENIGN	6	6	180.239	2.71036	4.42746e+06	0	0	0	64.1538	1	69.5
DDoS	3	5	9275.45	6.37872	1.25417e+06	0	0	0	1292.56	1	1454.12
BENIGN	2	1	0.578193	0.0963655	3.11315e+07	0	0	1	6	0	8
BENIGN	1	1	0	45454.5	44	0	0	1	0	1	0
BENIGN	2	2	391489	17021.3	235	0	0	0	23	1	28.75
BENIGN	10	5	7135.57	53.1184	282388	0	0	0	125.938	0	134.333
BENIGN	5	1	50.0608	1.77731	3.37589e+06	0	1	1	30.7143	0	35.8333
BENIGN	1	1	3271.67	41.1531	48599	0	0	0	66.3333	1	99.5
DDoS	4	0	3.96508	0.660846	6.05284e+06	0	0	1	6	0	7.5
BENIGN	2	2	2919.71	43.9054	91105	0	0	0	59.8	1	74.75
DDoS	5	0	2.44147	0.406911	1.22877e+07	0	0	1	6	0	7.2
DDoS	5	0	8.14563	1.3576	3.68296e+06	0	0	1	6	0	7.2
DDoS	5	0	5.04555	0.840924	5.94584e+06	0	0	1	6	0	7.2
BENIGN	18	18	55.6753	0.301945	1.19227e+08	0	0	0	179.405	1	184.389
DDoS	8	5	163.969	0.182766	7.11294e+07	0	0	1	833.5	0	897.615
BENIGN	2	2	2.40724e+06	18099.5	221	0	0	0	114.4	1	143
DDoS	3	5	6480.35	4.45653	1.79512e+06	0	0	0	1292.56	1	1454.12
BENIGN	10	5	16359.1	126.292	118772	0	0	0	121.438	0	129.533
BENIGN	2	2	1.22794e+06	14705.9	272	0	0	0	73.8	1	92.25
BENIGN	1	1	0	37037	54	0	0	1	0	1	0
BENIGN	4	2	8614.31	98.6372	60829	0	0	0	80	0	93.3333
BENIGN	1	1	3199.36	66.6533	30006	0	0	0	48	1	72
DDoS	8	5	129.606	0.144464	8.99879e+07	0	0	1	833.5	0	897.615
BENIGN	2	2	1.296e+06	16000	250	0	0	0	70.8	1	88.5
DDoS	3	5	27792	19.1224	418358	0	0	0	1291.89	1	1453.38
DDoS	4	0	10.8558	1.80931	2.21079e+06	0	0	1	6	0	7.5
DDoS	4	0	6.78634	1.13106	3.53651e+06	0	0	1	6	0	7.5
BENIGN	38	45	514.443	0.715055	1.16075e+08	0	0	0	710.881	1	719.446
DDoS	9	5	139.292	0.167117	8.37735e+07	0	0	1	778.333	0	833.929
BENIGN	1	1	1213.32	14.9793	133518	0	0	0	68	1	102
DDoS	4	0	2.39121	0.398536	1.00367e+07	0	0	1	6	0	7.5
BENIGN	10	6	879.442	2.81703	5.67974e+06	0	0	0	293.824	0	312.188
DDoS	8	6	121.146	0.145496	9.62224e+07	0	0	1	777.533	0	833.071
BENIGN	1	1	4045.55	65.2507	30651	0	0	0	56.6667	1	85
DDoS	2	6	125398	86.325	92673	0	0	0	1291.22	3	1452.62
DDoS	3	4	299487	180.305	38823	0	0	0	1453.38	1	1661
BENIGN	28	26	89139.8	142.274	379550	0	0	0	615.145	0	626.537
BENIGN	2	2	2e+06	25477.7	157	0	0	0	70.4	1	88
DDoS	5	0	3.11729	0.519548	9.62374e+06	0	0	1	6	0	7.2
DDoS	3	5	99165	68.2309	117249	0	0	0	1291.89	1	1453.38
DDoS	4	0	21.8963	3.64939	1.09608e+06	0	0	1	6	0	7.5
BENIGN	2	2	1.32432e+06	27027	148	0	0	0	44.4	1	55.5
DDoS	3	6	36874	28.5427	315317	0	0	0	1162.7	2	1291.89
BENIGN	126	209	29966.5	32.5886	1.02797e+07	0	0	0	916.801	1	919.537
BENIGN	2	2	1.90361e+06	24096.4	166	0	0	0	71	1	88.75
DDoS	9	6	147.389	0.189463	7.91713e+07	0	0	1	729.688	0	778.333
DDoS	2	0	1.37559	0.229265	8.72354e+06	0	0	1	6	0	9
BENIGN	22	23	133495	188.576	238630	0	0	0	692.522	1	707.911
DDoS	4	0	3.38266	0.563777	7.09501e+06	0	0	1	6	0	7.5
DDoS	8	4	144.392	0.148641	8.07316e+07	0	0	1	897.154	0	971.917
BENIGN	1	1	160000	26666.7	75	0	0	1	6	1	9
BENIGN	2	2	1.43262e+06	14184.4	282	0	0	0	86.8	1	108.5
DDoS	5	0	5.63179	0.938632	5.3269e+06	0	0	1	6	0	7.2
DDoS	3	6	6486.83	5.01861	1.79332e+06	0	0	0	1163.3	2	1292.56
BENIGN	2	2	924855	23121.4	173	0	0	0	38.4	1	48
BENIGN	2	2	842105	21052.6	190	0	0	0	38.4	1	48
BENIGN	2	2	1261.98	17.2874	231383	0	0	0	66.6	1	83.25
BENIGN	2	2	5896.15	65.1508	61396	0	0	0	80.8	1	101
DDoS	8	5	116.387	0.129729	1.00209e+08	0	0	1	833.5	0	897.615
DDoS	5	0	5.96909	0.994849	5.02589e+06	0	0	1	6	0	7.2
BENIGN	1	1	2389.32	20.8675	95843	0	0	0	96.3333	1	144.5
DDoS	4	0	11.6418	1.9403	2.06154e+06	0	0	1	6	0	7.5
BENIGN	1	1	0	45454.5	44	0	0	1	0	1	0
DDoS	3	5	22846.6	15.7116	509179	0	0	0	1292.56	1	1454.12
DDoS	3	4	49808.7	29.9872	233433	0	0	0	1453.38	1	1661
BENIGN	1	1	3441	64.9245	30805	0	0	0	50.3333	1	75.5
DDoS	3	6	12432.2	9.61827	935719	0	0	0	1163.3	2	1292.56
BENIGN	2	2	2363.99	42.2141	94755	0	0	0	53.6	1	67
DDoS	4	0	2.55406	0.425677	9.3968e+06	0	0	1	6	0	7.5
DDoS	3	6	18210.7	14.0962	638472	0	0	0	1162.7	2	1291.89
DDoS	3	5	173751	119.489	66952	0	0	0	1292.56	1	1454.12
DDoS	5	0	2.67863	0.446438	1.11998e+07	0	0	1	6	0	7.2
DDoS	3	6	6437.25	4.98025	1.80714e+06	0	0	0	1163.3	2	1292.56
BENIGN	70	110	1176.91	1.54227	1.16711e+08	0	0	0	758.89	1	763.106
BENIGN	2	2	5.20332	0.0410519	9.74377e+07	0	0	0	110.4	1	138
BENIGN	1	1	4588.06	65.5437	30514	0	0	0	62	1	93
BENIGN	2	2	8440.18	128.858	31042	0	0	0	61.4	1	76.75
DDoS	8	4	142.835	0.146963	8.16535e+07	0	0	1	897.615	0	972.417
BENIGN	2	0	7.75e+06	500000	4	0	1	1	20.6667	0	31
BENIGN	7	3	144.864	1.90862	5.23938e+06	0	0	0	69	0	75.9
DDoS	8	5	142.442	0.158771	8.18791e+07	0	0	1	833.5	0	897.615
BENIGN	52	66	825.629	1.00825	1.17034e+08	0	0	0	811.992	1	818.873
DDoS	9	6	164.817	0.211865	7.07998e+07	0	0	1	729.688	0	778.333
BENIGN	142	96	251.953	2.03312	1.17061e+08	0	0	0	123.406	0	123.924
BENIGN	2	2	2.0431e+06	17241.4	232	0	0	0	100.8	1	126
DDoS	3	5	6228.32	4.28321	1.86776e+06	0	0	0	1292.56	1	1454.12
BENIGN	1	1	107143	17857.1	112	0	0	1	6	1	9
BENIGN	2	2	4027.25	62.9257	63567	0	0	0	59.2	1	74
BENIGN	1	1	480000	80000	25	0	0	1	6	1	9
BENIGN	8	5	615.004	2.15966	6.01947e+06	0	0	0	264.429	0	284.769
BENIGN	2	2	2.2069e+06	19704.4	203	0	0	0	96.4	1	120.5
BENIGN	3	4	45679.4	118.604	59020	0	0	0	337	1	385.143
BENIGN	1	3	510638	85106.4	47	0	0	1	6	3	7.5
BENIGN	1	1	75000	12500	160	0	0	1	6	1	9
DDoS	4	0	2.87065	0.478441	8.36048e+06	0	0	1	6	0	7.5
BENIGN	1	3	276923	61538.5	65	0	0	1	3.6	3	4.5
DDoS	5	0	275.194	45.8657	109014	0	0	1	6	0	7.2
DDoS	3	5	335681	230.967	34637	0	0	0	1291.89	1	1453.38
DDoS	3	6	17829.2	13.8009	652133	0	0	0	1162.7	2	1291.89
DDoS	3	4	392128	236.08	29651	0	0	0	1453.38	1	1661
BENIGN	10	5	8707.07	55.1779	271848	0	0	0	147.938	0	157.8
DDoS	9	4	144.517	0.161084	8.07031e+07	0	0	1	833.5	0	897.615
DDoS	3	5	21926.7	15.0867	530267	0	0	0	1291.89	1	1453.38
DDoS	3	6	7455.73	5.76821	1.56028e+06	0	0	0	1163.3	2	1292.56
DDoS	3	5	266870	183.621	43568	0	0	0	1291.89	1	1453.38
BENIGN	2	2	1.81673e+06	15936.3	251	0	0	0	101.6	1	127
DDoS	4	0	6.9647	1.16078	3.44595e+06	0	0	1	6	0	7.5
BENIGN	2	0	4e+06	666667	3	1	0	0	6	0	9
BENIGN	1	1	4058.68	84.5559	23653	0	0	0	48	1	72
BENIGN	1	1	0	38461.5	52	0	0	1	0	1	0
BENIGN	1	2	327273	54545.5	55	0	0	1	6	2	8
DDoS	8	4	151.631	0.156012	7.69171e+07	0	0	1	897.615	0	972.417
BENIGN	2	0	3.1e+07	2e+06	1	0	1	1	20.6667	0	31
BENIGN	1	1	0	48780.5	41	0	0	1	0	1	0
DDoS	3	4	219535	132.17	52962	0	0	0	1453.38	1	1661
DDoS	8	5	143.283	0.159708	8.13984e+07	0	0	1	833.5	0	897.615
DDoS	5	0	5.70171	0.950285	5.26158e+06	0	0	1	6	0	7.2
DDoS	4	0	2.06617	0.344362	1.16157e+07	0	0	1	6	0	7.5
BENIGN	2	2	1.5814e+06	18604.7	215	0	0	0	77.2	1	96.5
BENIGN	1	1	1019.78	21.2454	94138	0	0	0	48	1	72
BENIGN	2	1	244898	61224.5	49	1	0	0	4.5	0	6
BENIGN	2	0	1.23333e+07	666667	3	0	1	1	24.6667	0	37
DDoS	8	4	144.624	0.148803	8.06437e+07	0	0	1	897.615	0	972.417
DDoS	4	0	51.7266	8.6211	463978	0	0	1	6	0	7.5
BENIGN	1	1	0	30769.2	65	0	0	1	0	1	0
DDoS	3	4	6291	3.78552	1.84915e+06	0	0	0	1454.12	1	1661.86
DDoS	3	6	10244	7.92947	1.13501e+06	0	0	0	1162.7	2	1291.89
DDoS	3	5	181666	124.932	64035	0	0	0	1292.56	1	1454.12
BENIGN	2	2	5700.53	65.5233	61047	0	0	0	77.8	1	97.25
DDoS	3	6	6520.35	5.04715	1.78319e+06	0	0	0	1162.7	2	1291.89
BENIGN	5	3	31.8759	0.133093	6.01082e+07	0	0	0	212.889	0	239.5
DDoS	3	5	17054.6	11.7345	681753	0	0	0	1291.89	1	1453.38
DDoS	3	5	378284	260.146	30752	0	0	0	1292.56	1	1454.12
DDoS	3	6	139685	108.125	83237	0	0	0	1162.7	2	1291.89
DDoS	3	4	6695.86	4.02914	1.73734e+06	0	0	0	1454.12	1	1661.86
BENIGN	2	2	1.44509e+06	23121.4	173	0	0	0	56.8	1	71
DDoS	3	5	8469.44	5.82743	1.37282e+06	0	0	0	1291.89	1	1453.38
BENIGN	2	2	3515.05	65.7019	60881	0	0	0	48.4	1	60.5
DDoS	3	5	10963.3	7.53948	1.06108e+06	0	0	0	1292.56	1	1454.12
BENIGN	6	6	196.064	1.25548	9.55812e+06	0	0	0	144.154	1	156.167
BENIGN	1	1	4050.46	84.3846	23701	0	0	0	48	1	72
BENIGN	1	1	352941	58823.5	34	0	0	1	6	1	9
DDoS	3	4	50969	30.6857	228119	0	0	0	1453.38	1	1661
BENIGN	1	1	4213.58	65.8371	30378	0	0	0	61.3333	1	92
DDoS	8	4	122.147	0.125741	9.54345e+07	0	0	1	897.154	0	971.917
BENIGN	11	18	211677	287.026	101036	0	0	0	757.9	1	784.034
BENIGN	5	0	218.415	2.0921	2.38994e+06	0	0	1	87	0	104.4
DDoS	5	0	100.365	16.7274	298910	0	0	1	6	0	7.2
BENIGN	3	0	56040.8	2183.41	1374	0	1	1	30.75	0	41
BENIGN	1	1	0	20618.6	97	0	0	1	0	1	0
BENIGN	1	1	0	3205.13	624	0	0	1	0	1	0
BENIGN	2	2	489141	3777.15	1059	0	0	0	111	1	138.75
BENIGN	2	2	8206.06	130.255	30709	0	0	0	56.6	1	70.75
BENIGN	2	2	2329.99	59.7434	66953	0	0	0	37.4	1	46.75
BENIGN	10	7	28699.4	106.317	159899	0	0	0	254.944	0	269.941
BENIGN	2	2	1e+06	25000	160	0	0	0	38.4	1	48
BENIGN	2	2	867925	15094.3	265	0	0	0	53.6	1	67
DDoS	8	5	163.492	0.182235	7.13366e+07	0	0	1	833.5	0	897.615
DDoS	3	5	10793.1	7.42241	1.07782e+06	0	0	0	1292.56	1	1454.12
DDoS	5	0	163.86	27.31	183083	0	0	1	6	0	7.2
DDoS	3	7	228662	196.665	50848	0	0	0	1057	2	1162.7
BENIGN	4	4	26.4208	0.426142	1.87731e+07	0	0	0	59.6667	1	67.125
DDoS	4	0	4.59956	0.766593	5.21789e+06	0	0	1	6	0	7.5
DDoS	3	6	726869	562.641	15996	0	0	0	1162.7	2	1291.89
BENIGN	2	2	1.27374e+06	22346.4	179	0	0	0	53	1	66.25
DDoS	3	6	10088.6	7.80516	1.15308e+06	0	0	0	1163.3	2	1292.56
BENIGN	1	1	2113.85	15.7164	127256	0	0	0	106	1	159
DDoS	3	5	6333.51	4.35555	1.83674e+06	0	0	0	1292.56	1	1454.12
DDoS	5	0	2.47817	0.413028	1.21057e+07	0	0	1	6	0	7.2
BENIGN	3	2	71.8182	19.9495	250633	1	0	0	4	0	4.8
DDoS	8	6	145.066	0.174224	8.03564e+07	0	0	1	777.533	0	833.071
BENIGN	8	11	1948.28	3.71847	5.10963e+06	0	0	0	497.75	1	523.947
DDoS	3	5	17664.9	12.1544	658199	0	0	0	1291.89	1	1453.38
BENIGN	16	14	10.9786	0.259338	1.15679e+08	0	0	0	40.9677	0	42.3333
BENIGN	2	0	4e+06	666667	3	0	0	1	6	0	9
BENIGN	24	20	78.6244	0.377713	1.16491e+08	0	0	0	203.533	0	208.159
DDoS	8	6	160.312	0.192534	7.27144e+07	0	0	1	777.533	0	833.071
BENIGN	1	1	250000	41666.7	48	0	0	1	6	1	9
DDoS	3	5	383636	263.826	30323	0	0	0	1292.56	1	1454.12
BENIGN	2	0	9.25e+06	500000	4	0	1	1	24.6667	0	37
BENIGN	2	0	4e+06	666667	3	1	0	0	6	0	9
DDoS	3	6	7807.25	6.04016	1.49003e+06	0	0	0	1163.3	2	1292.56
DDoS	8	5	148.592	0.165626	7.84899e+07	0	0	1	833.5	0	897.615
BENIGN	3	1	1.10886	0.369619	1.08219e+07	0	0	0	2.4	0	3
BENIGN	2	2	340.82	4.71723	847956	0	0	0	67	1	83.75
BENIGN	1	1	4350.84	65.9218	30339	0	0	0	63.3333	1	95
BENIGN	2	2	4869.02	83.231	48059	0	0	0	52	1	65
BENIGN	2	2	912791	11627.9	344	0	0	0	72.2	1	90.25
BENIGN	3	1	2.24091	0.746969	5.35497e+06	0	0	0	2.4	0	3
DDoS	3	6	664476	514.344	17498	0	0	0	1162.7	2	1291.89
BENIGN	1	1	5016.51	83.6085	23921	0	0	0	55.3333	1	83
DDoS	4	0	3.42717	0.571195	7.00286e+06	0	0	1	6	0	7.5
DDoS	3	4	98769.7	59.4333	117779	0	0	0	1454.12	1	1661.86
BENIGN	41	55	548.203	0.818188	1.17332e+08	0	0	0	663.113	1	670.021
DDoS	8	4	145.222	0.149495	8.02703e+07	0	0	1	897.154	0	971.917
BENIGN	31	46	7063.87	8.45407	9.10804e+06	0	0	0	824.846	1	835.558
BENIGN	2	2	686695	17167.4	233	0	0	0	38.4	1	48
BENIGN	2	2	1.71429e+06	23809.5	168	0	0	0	66	1	82.5
DDoS	4	0	8.18762	1.3646	2.93126e+06	0	0	1	6	0	7.5
BENIGN	1	1	0	38461.5	52	0	0	1	0	1	0
BENIGN	12	9	2319.45	7.45803	2.81576e+06	0	0	0	296.864	0	311
DDoS	5	0	2.79594	0.46599	1.07298e+07	0	0	1	6	0	7.2
DDoS	8	6	142.554	0.171118	8.18147e+07	0	0	1	777.933	0	833.5
DDoS	9	6	142.356	0.182992	8.19707e+07	0	0	1	729.688	0	778.333
DDoS	3	6	6329.9	4.8972	1.83779e+06	0	0	0	1163.3	2	1292.56
DDoS	6	0	17.135	2.85584	2.10096e+06	0	0	1	6	0	7
BENIGN	4	4	412.629	3.38221	2.36532e+06	0	0	0	108.444	1	122
BENIGN	30	22	105.368	0.45885	1.13327e+08	0	0	0	225.302	0	229.635
BENIGN	11	10	9181.42	41.527	505695	0	0	0	211.045	0	221.095
DDoS	4	0	7.41901	1.2365	3.23493e+06	0	0	1	6	0	7.5
BENIGN	1	1	7471.56	84.9041	23556	0	0	0	77.3333	1	116
DDoS	8	5	117.727	0.131291	9.9017e+07	0	0	1	833.071	0	897.154
BENIGN	2	2	9.50319	0.0945591	4.23016e+07	0	0	0	90.6	1	113.25
DDoS	3	5	7646.44	5.25845	1.52136e+06	0	0	0	1292.56	1	1454.12
BENIGN	2	2	9086.19	129.803	30816	0	0	0	64.6	1	80.75
DDoS	8	5	124.162	0.138467	9.38852e+07	0	0	1	833.071	0	897.154
DDoS	3	5	8717	5.99467	1.33452e+06	0	0	0	1292.56	1	1454.12
DDoS	3	6	6929.44	5.36381	1.67791e+06	0	0	0	1162.7	2	1291.89
DDoS	5	0	2.53728	0.422881	1.18237e+07	0	0	1	6	0	7.2
BENIGN	2	0	1.1719	0.195316	1.02398e+07	0	0	1	6	0	9
DDoS	3	4	164325	98.9315	70756	0	0	0	1453.38	1	1661
DDoS	8	4	140.982	0.145055	8.2727e+07	0	0	1	897.615	0	972.417
BENIGN	2	0	1.23333e+07	666667	3	0	1	1	24.6667	0	37
BENIGN	4	4	45.4467	0.371752	2.15197e+07	0	0	0	113.889	1	128.125
DDoS	3	4	9411.39	5.66317	1.23606e+06	0	0	0	1454.12	1	1661.86
DDoS	3	4	6544.11	3.93986	1.77671e+06	0	0	0	1453.38	1	1661
BENIGN	2	2	1.42268e+06	20618.6	194	0	0	0	64	1	80
DDoS	3	5	6371.57	4.38172	1.82577e+06	0	0	0	1292.56	1	1454.12
BENIGN	2	1	474359	38461.5	78	0	0	1	9.25	0	12.3333
BENIGN	10	5	3793.18	49.0074	306076	0	0	0	72.5625	0	77.4
DDoS	5	0	3.12572	0.520953	9.5978e+06	0	0	1	6	0	7.2
DDoS	8	5	139.617	0.155702	8.3493e+07	0	0	1	833.071	0	897.154
BENIGN	1	1	0	86.0289	23248	0	0	1	0	1	0
DDoS	3	5	7560.94	5.19965	1.53857e+06	0	0	0	1292.56	1	1454.12
BENIGN	2	2	10437.8	159.356	25101	0	0	0	59.4	1	74.25
DDoS	3	4	10592.2	6.37372	1.09826e+06	0	0	0	1454.12	1	1661.86
DDoS	3	6	13796.4	10.6793	842755	0	0	0	1162.7	2	1291.89
DDoS	8	6	118.944	0.142851	9.80039e+07	0	0	1	777.533	0	833.071
DDoS	5	0	30.8322	5.1387	973009	0	0	1	6	0	7.2
DDoS	3	4	298105	179.473	39003	0	0	0	1453.38	1	1661
DDoS	3	4	31736	19.1066	366366	0	0	0	1453.38	1	1661
BENIGN	2	2	3800.06	31.5358	126840	0	0	0	103.4	1	129.25
BENIGN	1	1	1155.74	18.6409	107291	0	0	0	56.6667	1	85
DDoS	3	5	34869	23.9917	333448	0	0	0	1291.89	1	1453.38
DDoS	8	5	132.003	0.147211	8.83089e+07	0	0	1	833.071	0	897.154
DDoS	3	5	19521.1	13.4315	595613	0	0	0	1291.89	1	1453.38
BENIGN	2	2	1.2e+06	30769.2	130	0	0	0	37.4	1	46.75
DDoS	8	6	165.901	0.199246	7.02649e+07	0	0	1	777.533	0	833.071
BENIGN	2	0	13.1473	2.19122	912734	0	0	1	6	0	9
BENIGN	3	1	2.12592	0.70864	5.64462e+06	0	0	0	2.4	0	3
BENIGN	4	0	22463.2	3098.37	1291	0	0	1	5.8	0	7.25
BENIGN	1	1	3507.67	31.3185	63860	0	0	0	89	1	133.5
BENIGN	2	0	0	7751.94	258	0	0	1	0	0	0
DDoS	8	4	142.36	0.146474	8.1926e+07	0	0	1	897.615	0	972.417
BENIGN	4	2	10466.4	196.245	30574	0	0	0	52	0	60.6667
DDoS	5	0	5.5637	0.927283	5.3921e+06	0	0	1	6	0	7.2
DDoS	3	6	6370.38	4.93106	1.82517e+06	0	0	0	1162.7	2	1291.89
DDoS	8	4	164.514	0.169354	7.08573e+07	0	0	1	897.154	0	971.917
DDoS	3	6	11151.2	8.62722	1.04321e+06	0	0	0	1163.3	2	1292.56
BENIGN	2	2	8939.93	130.51	30649	0	0	0	62.6	1	78.25
BENIGN	2	1	895833	62500	48	0	1	1	18.5	0	24.6667
BENIGN	4	4	18968.1	251.233	31843	0	0	0	72	1	81
BENIGN	2	2	2.10256e+06	25641	156	0	0	0	77.2	1	96.5
BENIGN	2	2	1.00585e+06	11695.9	342	0	0	0	76.4	1	95.5
DDoS	3	6	6988.41	5.40666	1.66461e+06	0	0	0	1163.3	2	1292.56
BENIGN	2	3	258.736	71.8711	69569	0	0	1	3	1	3.6
DDoS	7	4	1229.63	1.16033	9.48007e+06	0	0	1	971.917	0	1060.27
BENIGN	2	1	589041	41095.9	73	0	1	1	20	0	26.6667
DDoS	4	0	4.62261	0.770435	5.19187e+06	0	0	1	6	0	7.5
BENIGN	37	46	619.504	0.8259	1.00496e+08	0	0	0	741.167	1	750.096
BENIGN	2	2	1.30631e+06	18018	222	0	0	0	67.4	1	84.25
BENIGN	2	0	96774.2	16129	124	0	0	1	6	0	9
BENIGN	2	2	2.22485e+06	23668.6	169	0	0	0	84.4	1	105.5
BENIGN	1	1	923077	153846	13	0	0	1	6	1	9
DDoS	4	0	2.55461	0.425768	9.39478e+06	0	0	1	6	0	7.5
BENIGN	15	20	2686.49	3.38373	1.03436e+07	0	0	0	771.889	1	793.943
DDoS	5	0	4.56701	0.761168	6.56886e+06	0	0	1	6	0	7.2
DDoS	3	6	9044.07	7.00065	1.28559e+06	0	0	0	1162.7	2	1291.89
DDoS	5	0	5.73189	0.955314	5.23388e+06	0	0	1	6	0	7.2
DDoS	3	6	7580.27	5.86456	1.53464e+06	0	0	0	1163.3	2	1292.56
BENIGN	1	1	139535	23255.8	86	0	0	1	6	1	9
DDoS	3	6	140582	108.763	82749	0	0	0	1163.3	2	1292.56
BENIGN	3	1	2.09497	0.698322	5.72802e+06	0	0	0	2.4	0	3
DDoS	3	6	259104	200.459	44897	0	0	0	1163.3	2	1292.56
BENIGN	13	0	2.95455e+07	590909	22	0	0	0	50	0	53.8462
BENIGN	2	2	5479.98	127.441	31387	0	0	0	41.4	1	51.75
DDoS	9	4	148.082	0.165058	7.87602e+07	0	0	1	833.5	0	897.615
BENIGN	52	0	3015.01	17.3276	3.00099e+06	0	0	0	174	0	177.346
DDoS	3	5	210067	144.537	55349	0	0	0	1291.89	1	1453.38
DDoS	5	0	55.9277	9.32128	536407	0	0	1	6	0	7.2
DDoS	3	4	16445.6	9.8959	707364	0	0	0	1454.12	1	1661.86
BENIGN	2	2	6483.26	85.306	46890	0	0	0	66.8	1	83.5
BENIGN	2	2	1.53211e+06	18348.6	218	0	0	0	73.8	1	92.25
DDoS	3	4	69986.4	42.1134	166218	0	0	0	1454.12	1	1661.86
DDoS	3	6	24581.4	19.0275	473000	0	0	0	1162.7	2	1291.89
BENIGN	2	2	4939.65	79.6718	50206	0	0	0	55.6	1	69.5
DDoS	8	5	145.404	0.162073	8.02108e+07	0	0	1	833.5	0	897.615
BENIGN	7	8	399.016	1.47347	1.018e+07	0	0	0	253.875	1	270.8
DDoS	3	4	347386	209.143	33470	0	0	0	1453.38	1	1661
DDoS	3	5	6972.1	4.79718	1.66765e+06	0	0	0	1291.89	1	1453.38
DDoS	8	4	128.242	0.131947	9.09455e+07	0	0	1	897.615	0	972.417
BENIGN	4	1	381944	34722.2	144	0	0	1	10.1667	0	12.2
DDoS	5	0	8.06037	1.34339	3.72192e+06	0	0	1	6	0	7.2
BENIGN	10	5	1245.9	17.5975	852393	0	0	0	66.375	0	70.8
DDoS	8	6	142.578	0.171236	8.17586e+07	0	0	1	777.533	0	833.071
BENIGN	16	14	10.6941	0.259777	1.15484e+08	0	0	0	39.8387	0	41.1667
BENIGN	2	0	1.15515	0.0312201	6.40612e+07	0	1	1	37	0	55.5
DDoS	3	6	17190.8	13.3067	676352	0	0	0	1162.7	2	1291.89
DDoS	3	5	9366.69	6.44479	1.24131e+06	0	0	0	1291.89	1	1453.38
BENIGN	1	1	314.831	4.46569	447859	0	0	0	59.6667	1	89.5
DDoS	4	0	5.29079	0.881799	4.53618e+06	0	0	1	6	0	7.5
DDoS	4	0	3.94292	0.657153	6.08686e+06	0	0	1	6	0	7.5
DDoS	3	6	10117.9	7.82786	1.14974e+06	0	0	0	1163.3	2	1292.56
DDoS	5	0	10.4971	1.74951	2.85794e+06	0	0	1	6	0	7.2
BENIGN	2	0	755102	40816.3	49	0	1	1	24.6667	0	37
DDoS	8	6	145.353	0.174569	8.01977e+07	0	0	1	777.533	0	833.071
DDoS	2	4	6469.25	3.33839	1.79727e+06	0	0	0	1661	2	1937.83
BENIGN	4	4	174.006	1.5891	5.0343e+06	0	0	0	97.3333	1	109.5
BENIGN	2	2	3.62189	0.0361286	1.10716e+08	0	0	0	88.4	1	110.5
BENIGN	1	1	3271.43	64.1457	31179	0	0	0	48.3333	1	72.5
DDoS	3	5	18583.9	12.7801	625973	0	0	0	1292.56	1	1454.12
DDoS	4	0	2.94822	0.49137	8.1405e+06	0	0	1	6	0	7.5
BENIGN	2	2	1.35211e+06	28169	142	0	0	0	46.4	1	58
DDoS	5	0	8.29892	1.38315	3.61493e+06	0	0	1	6	0	7.2
DDoS	4	0	6.9304	1.15507	3.46301e+06	0	0	1	6	0	7.5
BENIGN	2	2	28.7594	0.355054	1.12659e+07	0	0	0	77.2	1	96.5
DDoS	5	0	3.02489	0.504148	9.91773e+06	0	0	1	6	0	7.2
DDoS	4	0	2.28009	0.380016	1.05259e+07	0	0	1	6	0	7.5
DDoS	4	0	2.7622	0.460367	8.68872e+06	0	0	1	6	0	7.5
DDoS	3	4	372112	224.029	31246	0	0	0	1453.38	1	1661
BENIGN	6	6	15783.2	45.7706	262177	0	0	0	318.308	1	344.833
DDoS	3	5	7191.76	4.94576	1.61755e+06	0	0	0	1292.56	1	1454.12
BENIGN	1	1	3425.3	41.5188	48171	0	0	0	72.3333	1	108.5
BENIGN	1	1	5075.07	84.5845	23645	0	0	0	55.3333	1	83
DDoS	3	7	47586.9	40.9279	244332	0	0	0	1057	2	1162.7
BENIGN	20	19	45.6593	0.336937	1.15749e+08	0	0	0	132.125	0	135.513
BENIGN	7	2	4.09052	0.141052	6.38061e+07	0	1	1	30.7	0	34.1111
DDoS	3	5	17117.7	11.7718	679588	0	0	0	1292.56	1	1454.12
BENIGN	2	0	6.17e+08	2e+06	1	0	1	1	411.333	0	617
DDoS	3	5	348918	240.074	33323	0	0	0	1291.89	1	1453.38
BENIGN	34	47	1031.73	1.24422	6.51013e+07	0	0	0	819.11	1	829.222
BENIGN	4	2	5174.75	83.0174	72274	0	0	0	59.7143	0	69.6667
BENIGN	2	0	4e+06	666667	3	0	0	1	6	0	9
DDoS	3	4	10357	6.23538	1.12263e+06	0	0	0	1453.38	1	1661
DDoS	7	6	116.111	0.129555	1.00344e+08	0	0	1	832.643	0	896.692
DDoS	3	6	6589.74	5.10086	1.76441e+06	0	0	0	1162.7	2	1291.89
DDoS	5	0	2.69017	0.448361	1.11517e+07	0	0	1	6	0	7.2
BENIGN	2	0	4e+06	666667	3	0	0	1	6	0	9
DDoS	3	5	6223.88	4.28015	1.86909e+06	0	0	0	1292.56	1	1454.12
BENIGN	2	2	1.87356e+06	22988.5	174	0	0	0	75.4	1	94.25
DDoS	3	5	6328.83	4.35233	1.8381e+06	0	0	0	1292.56	1	1454.12
BENIGN	2	2	2.91282e+06	20512.8	195	0	0	0	129.2	1	161.5
DDoS	3	4	6365.66	3.83243	1.82652e+06	0	0	0	1453.38	1	1661
BENIGN	1	1	0	100.918	19818	0	0	1	0	1	0
DDoS	8	5	143.145	0.159637	8.14348e+07	0	0	1	833.071	0	897.154
DDoS	3	5	14600.2	10.0405	796771	0	0	0	1292.56	1	1454.12
DDoS	8	6	160.56	0.192732	7.26397e+07	0	0	1	777.933	0	833.5
DDoS	8	6	152.88	0.183514	7.62886e+07	0	0	1	777.933	0	833.5
DDoS	3	5	6549.03	4.50609	1.77538e+06	0	0	0	1291.89	1	1453.38
DDoS	3	6	9587.6	7.41755	1.21334e+06	0	0	0	1163.3	2	1292.56
DDoS	3	4	422846	254.573	27497	0	0	0	1453.38	1	1661
BENIGN	5	1	31.6755	1.05002	5.71419e+06	0	1	1	32.4286	0	37.8333
DDoS	3	6	175983	136.151	66103	0	0	0	1163.3	2	1292.56
BENIGN	2	2	4620.5	64.6224	61898	0	0	0	65.8	1	82.25
DDoS	3	4	6236.84	3.75487	1.86425e+06	0	0	0	1453.38	1	1661
BENIGN	2	2	8715.45	130.081	30750	0	0	0	61.4	1	76.75
DDoS	3	6	405532	313.906	28671	0	0	0	1162.7	2	1291.89
BENIGN	7	4	430.617	1.06612	1.03178e+07	0	0	0	370.25	0	403.909
DDoS	5	0	2.88997	0.481662	1.03807e+07	0	0	1	6	0	7.2
DDoS	5	0	2.60446	0.434077	1.15187e+07	0	0	1	6	0	7.2
DDoS	3	5	68156.4	46.8711	170681	0	0	0	1292.56	1	1454.12
BENIGN	2	2	1.85217e+06	17391.3	230	0	0	0	92	1	115
BENIGN	1	1	2234.28	39.8979	50128	0	0	0	51.3333	1	77
DDoS	5	0	4.90444	0.817407	6.11691e+06	0	0	1	6	0	7.2
DDoS	3	4	119270	71.7691	97535	0	0	0	1454.12	1	1661.86
DDoS	5	0	3.50107	0.583512	8.5688e+06	0	0	1	6	0	7.2
BENIGN	1	1	0	53.2637	37549	0	0	1	0	1	0
DDoS	4	0	2.88641	0.481069	8.31482e+06	0	0	1	6	0	7.5
BENIGN	2	2	13.4435	0.168571	2.37289e+07	0	0	0	72.2	1	90.25
DDoS	3	7	568613	489.045	20448	0	0	0	1057	2	1162.7
BENIGN	2	2	1.88945e+06	20100.5	199	0	0	0	84.4	1	105.5
DDoS	4	0	9.75902	1.6265	2.45926e+06	0	0	1	6	0	7.5
BENIGN	2	2	2264.43	28.3054	141316	0	0	0	72.4	1	90.5
DDoS	3	4	7010.77	4.22081	1.65845e+06	0	0	0	1453.38	1	1661
BENIGN	2	1	877551	61224.5	49	0	1	1	20	0	26.6667
BENIGN	13	8	35779.7	112.734	186279	0	0	0	302.955	0	317.381
BENIGN	3	5	44958	132.619	60323	0	0	0	301.333	1	339
DDoS	5	0	2.80512	0.46752	1.06947e+07	0	0	1	6	0	7.2
BENIGN	19	23	3327.15	23.4345	1.79223e+06	0	0	0	138.674	1	141.976
DDoS	3	7	10638.8	9.14538	1.09345e+06	0	0	0	1057.55	2	1163.3
DDoS	3	4	121535	73.1697	95668	0	0	0	1453.38	1	1661
DDoS	4	0	2.3122	0.385367	1.03797e+07	0	0	1	6	0	7.5
DDoS	3	6	12680.8	9.81062	917373	0	0	0	1163.3	2	1292.56
DDoS	5	0	7.26758	1.21126	4.12792e+06	0	0	1	6	0	7.2
BENIGN	11	6	18100.3	135.077	125854	0	0	0	126.556	0	134
DDoS	3	4	14000.5	8.42463	830897	0	0	0	1454.12	1	1661.86
BENIGN	3	0	511811	23622	127	0	0	1	17.75	0	23.6667
DDoS	3	6	6584.93	5.09713	1.7657e+06	0	0	0	1162.7	2	1291.89
DDoS	4	0	4.69398	0.78233	5.11294e+06	0	0	1	6	0	7.5
DDoS	5	0	5.37577	0.895962	5.5806e+06	0	0	1	6	0	7.2
DDoS	4	0	2.65729	0.442882	9.03176e+06	0	0	1	6	0	7.5
BENIGN	2	2	1.65182e+06	16194.3	247	0	0	0	89.2	1	111.5
DDoS	5	0	3.63105	0.605174	8.26208e+06	0	0	1	6	0	7.2
BENIGN	3	4	45024.9	116.904	59878	0	0	0	337	1	385.143
BENIGN	11	8	1021.16	3.72114	5.10596e+06	0	0	0	260.7	0	274.421
BENIGN	3	0	6.325e+07	750000	4	0	1	1	117.25	0	156.333
BENIGN	2	0	1.23333e+07	666667	3	0	1	1	24.6667	0	37
DDoS	3	5	1.04719e+06	720.526	11103	0	0	0	1291.89	1	1453.38
DDoS	5	0	5.24688	0.874479	5.71769e+06	0	0	1	6	0	7.2
BENIGN	2	2	2.3913e+06	21739.1	184	0	0	0	97.2	1	121.5
BENIGN	1	1	7379.76	84.8248	23578	0	0	0	74	1	111
BENIGN	2	2	2.02685e+06	26845.6	149	0	0	0	69.4	1	86.75
BENIGN	1	1	4691.83	85.306	23445	0	0	0	52.3333	1	78.5
BENIGN	2	2	2.38565e+06	17937.2	223	0	0	0	114.4	1	143
DDoS	5	0	4.15523	0.692539	7.21981e+06	0	0	1	6	0	7.2
DDoS	8	5	114.616	0.12782	1.01705e+08	0	0	1	833.071	0	897.154
DDoS	4	0	7.35534	1.22589	3.26294e+06	0	0	1	6	0	7.5
DDoS	8	5	143.603	0.160065	8.12169e+07	0	0	1	833.5	0	897.615
BENIGN	24	17	153.123	0.641662	6.38965e+07	0	0	0	232.952	0	238.634
BENIGN	3	1	70312.5	15625	256	1	0	0	4.8	0	6
BENIGN	1	1	2619.73	32.7466	61075	0	0	0	67	1	100.5
BENIGN	2	2	13175.3	165.728	24136	0	0	0	70.4	1	88
DDoS	4	0	11.9523	1.99205	2.00798e+06	0	0	1	6	0	7.5
BENIGN	1	1	169014	28169	71	0	0	1	6	1	9
BENIGN	20	17	55.2745	0.32101	1.15261e+08	0	0	0	167.658	0	172.189
DDoS	8	6	126.451	0.151789	9.22332e+07	0	0	1	777.933	0	833.5
BENIGN	16	13	75.4346	0.246852	1.17479e+08	0	0	0	295.4	0	305.586
DDoS	5	0	8.42001	1.40333	3.56294e+06	0	0	1	6	0	7.2
DDoS	3	6	14496.2	11.2209	802073	0	0	0	1162.7	2	1291.89
DDoS	3	4	8509.88	5.12334	1.3663e+06	0	0	0	1453.38	1	1661
DDoS	5	0	2.59755	0.432925	1.15493e+07	0	0	1	6	0	7.2
DDoS	3	4	186980	112.571	62183	0	0	0	1453.38	1	1661
BENIGN	2	2	3.69252	0.0336448	1.18889e+08	0	0	0	100	1	125
DDoS	3	6	381476	295.285	30479	0	0	0	1162.7	2	1291.89
BENIGN	2	0	4e+06	666667	3	1	0	0	6	0	9
BENIGN	1	1	3904.83	42.6758	46865	0	0	0	78.3333	1	117.5
DDoS	5	0	3.21069	0.535115	9.34378e+06	0	0	1	6	0	7.2
BENIGN	2	2	4.63475e+06	5471.96	731	0	0	0	728	1	910
DDoS	3	5	103010	70.8397	112931	0	0	0	1292.56	1	1454.12
DDoS	3	6	9266.45	7.1728	1.25474e+06	0	0	0	1162.7	2	1291.89
BENIGN	1	1	2650.39	40.1574	49804	0	0	0	61.3333	1	92
BENIGN	13	10	2414.31	7.26725	3.16488e+06	0	0	0	318.375	0	332.217
BENIGN	1	2	1841.86	128.502	23346	0	0	1	12.25	2	16.3333
DDoS	5	0	2.99021	0.498368	1.00327e+07	0	0	1	6	0	7.2
BENIGN	1	3	473684	105263	38	0	0	1	3.6	3	4.5
BENIGN	1	1	7532.31	85.5945	23366	0	0	0	77.3333	1	116
DDoS	5	0	4.09956	0.68326	7.31786e+06	0	0	1	6	0	7.2
DDoS	3	5	18030.4	12.3995	645189	0	0	0	1292.56	1	1454.12
BENIGN	3	4	26675.4	144.08	48584	0	0	0	162	1	185.143
DDoS	4	0	3.92807	0.654679	6.10986e+06	0	0	1	6	0	7.5
DDoS	3	5	10001.3	6.87785	1.16315e+06	0	0	0	1292.56	1	1454.12
BENIGN	16	13	76.8973	0.476908	6.08084e+07	0	0	0	155.867	0	161.241
DDoS	3	5	124271	85.461	93610	0	0	0	1292.56	1	1454.12
DDoS	8	4	145.291	0.149489	8.02733e+07	0	0	1	897.615	0	972.417
DDoS	3	5	15884.6	10.9238	732343	0	0	0	1292.56	1	1454.12
DDoS	8	5	161.729	0.180269	7.21144e+07	0	0	1	833.5	0	897.615
BENIGN	2	2	15127.7	128.201	31201	0	0	0	101.4	1	126.75
DDoS	3	6	341048	263.992	34092	0	0	0	1162.7	2	1291.89
BENIGN	2	2	11859.5	167.036	23947	0	0	0	64.2	1	80.25
DDoS	4	0	210.548	35.0914	113988	0	0	1	6	0	7.5
DDoS	3	5	13403.8	9.21779	867887	0	0	0	1292.56	1	1454.12
DDoS	3	6	8947.64	6.92244	1.30012e+06	0	0	0	1163.3	2	1292.56
BENIGN	2	2	1.42574e+06	19802	202	0	0	0	65.2	1	81.5
BENIGN	2	2	3406.85	45.4246	88058	0	0	0	69.4	1	86.75
DDoS	9	5	159.443	0.191392	7.31485e+07	0	0	1	777.933	0	833.5
DDoS	5	0	14.4231	2.40386	2.07999e+06	0	0	1	6	0	7.2
BENIGN	24	21	1010.92	22.9175	1.96356e+06	0	0	0	43.1522	0	44.1111
BENIGN	2	2	6030.49	56.6243	70641	0	0	0	96.8	1	121
BENIGN	2	2	190.918	5.02417	796152	0	0	0	36.4	1	45.5
DDoS	9	6	117.894	0.151625	9.89281e+07	0	0	1	729.312	0	777.933
BENIGN	2	1	0	56.5302	53069	0	0	1	0	0	0
DDoS	5	0	2.69987	0.449979	1.11116e+07	0	0	1	6	0	7.2
BENIGN	2	2	9501.96	129.278	30941	0	0	0	65	1	81.25
BENIGN	2	2	17584.1	127.421	31392	0	0	0	117.2	1	146.5
BENIGN	1	1	7242.16	64.6621	30930	0	0	0	98.3333	1	147.5
BENIGN	2	2	2.15686e+06	19607.8	204	0	0	0	94.6	1	118.25
DDoS	3	4	7196.86	4.33061	1.6164e+06	0	0	0	1454.12	1	1661.86
DDoS	3	5	78620.5	54.0672	147964	0	0	0	1292.56	1	1454.12
DDoS	8	6	151.248	0.181555	7.71117e+07	0	0	1	777.933	0	833.5
BENIGN	2	0	1.23333e+07	666667	3	0	1	1	24.6667	0	37
DDoS	4	0	10.9334	1.82223	2.19511e+06	0	0	1	6	0	7.5
DDoS	3	5	198448	136.472	58620	0	0	0	1292.56	1	1454.12
BENIGN	2	0	0	791.139	2528	0	0	1	0	0	0
DDoS	3	4	29072.5	17.503	399931	0	0	0	1453.38	1	1661
BENIGN	12	7	9459.41	39.8512	476774	0	0	0	225.5	0	237.368
BENIGN	1	2	0	60000	50	0	0	1	0	2	0
BENIGN	2	2	1.06494e+06	25974	154	0	0	0	39.4	1	49.25
BENIGN	4	4	15.572	0.203223	3.93655e+07	0	0	0	73	1	82.125
BENIGN	1	1	5157.96	85.966	23265	0	0	0	57.3333	1	86
DDoS	4	0	33.9853	5.66422	706187	0	0	1	6	0	7.5
DDoS	3	6	14572.9	11.2803	797852	0	0	0	1162.7	2	1291.89
DDoS	3	5	16137.6	11.1036	720490	0	0	0	1291.89	1	1453.38
BENIGN	2	0	1.23333e+07	666667	3	0	1	1	24.6667	0	37
BENIGN	2	0	66298.3	11049.7	181	0	0	1	6	0	9
DDoS	8	5	126.103	0.140559	9.24881e+07	0	0	1	833.5	0	897.615
DDoS	5	0	2.94414	0.49069	1.01897e+07	0	0	1	6	0	7.2
BENIGN	5	5	69.9004	0.663192	1.50786e+07	0	0	0	95.8182	1	105.4
BENIGN	1	1	214286	71428.6	28	0	0	1	2	1	3
DDoS	5	0	2.61764	0.436274	1.14607e+07	0	0	1	6	0	7.2
BENIGN	15	14	110.351	0.474662	6.10962e+07	0	0	0	224.733	0	232.483
DDoS	8	6	141.644	0.170114	8.22977e+07	0	0	1	777.533	0	833.071
DDoS	4	0	3.7814	0.630233	6.34686e+06	0	0	1	6	0	7.5
DDoS	4	0	2.98663	0.497772	8.03581e+06	0	0	1	6	0	7.5
DDoS	3	4	20367.3	12.2621	570865	0	0	0	1453.38	1	1661
BENIGN	21	18	54.7567	0.331962	1.17483e+08	0	0	0	160.825	0	164.949
DDoS	3	6	87534	67.7216	132897	0	0	0	1163.3	2	1292.56
DDoS	4	0	2.94483	0.490805	8.14988e+06	0	0	1	6	0	7.5
BENIGN	4	2	1041.69	21.8536	274554	0	0	0	46.1429	0	53.8333
BENIGN	1	1	4097.71	63.0418	31725	0	0	0	59.6667	1	89.5
DDoS	3	6	15471.1	11.9694	751917	0	0	0	1163.3	2	1292.56
DDoS	4	0	3.05622	0.509371	7.85283e+06	0	0	1	6	0	7.5
DDoS	4	0	2.94712	0.491187	8.14355e+06	0	0	1	6	0	7.5
DDoS	3	5	10274.7	7.06587	1.1322e+06	0	0	0	1292.56	1	1454.12
BENIGN	2	2	8794.29	127.453	31384	0	0	0	62.4	1	78
BENIGN	2	2	9277.92	79.8101	50119	0	0	0	102.8	1	128.5
DDoS	3	4	6247.6	3.75941	1.86199e+06	0	0	0	1454.12	1	1661.86
DDoS	3	4	14330.8	8.62779	811332	0	0	0	1453.38	1	1661
BENIGN	1	1	800000	133333	15	0	0	1	6	1	9
DDoS	3	5	234126	161.008	49687	0	0	0	1292.56	1	1454.12
DDoS	3	6	8177.08	6.32955	1.4219e+06	0	0	0	1162.7	2	1291.89
DDoS	3	7	34669.6	29.8182	335366	0	0	0	1057	2	1162.7
BENIGN	2	3	177.601	49.3335	101351	0	0	1	3	1	3.6
DDoS	8	4	117.732	0.121196	9.90132e+07	0	0	1	897.154	0	971.917
BENIGN	10	5	8852.93	52.0353	288266	0	0	0	159.5	0	170.133
BENIGN	1	1	0	35714.3	56	0	0	1	0	1	0
DDoS	3	5	107190	73.7144	108527	0	0	0	1292.56	1	1454.12
DDoS	3	6	23343.6	18.0694	498080	0	0	0	1162.7	2	1291.89
BENIGN	1	1	545455	90909.1	22	0	0	1	6	1	9
BENIGN	2	3	223.345	20.3041	246256	0	0	1	9.16667	1	11
BENIGN	63	94	182620	175.032	896979	0	0	0	1036.75	1	1043.35
DDoS	4	0	5.91	0.985	4.06091e+06	0	0	1	6	0	7.5
BENIGN	1	1	0	27397.3	73	0	0	1	0	1	0
BENIGN	17	16	38.6804	0.284668	1.15924e+08	0	0	0	131.882	0	135.879
BENIGN	1	1	0	84.5523	23654	0	0	1	0	1	0
DDoS	8	5	129.717	0.144587	8.99112e+07	0	0	1	833.5	0	897.615
BENIGN	2	2	1.24862e+06	22099.4	181	0	0	0	52	1	65
BENIGN	1	1	2379.27	32.8176	60943	0	0	0	61.6667	1	92.5
BENIGN	10	5	42.829	0.267905	5.59901e+07	0	0	0	149.875	0	159.867
DDoS	3	6	7110.44	5.50107	1.63605e+06	0	0	0	1163.3	2	1292.56
BENIGN	2	2	12333.1	170.111	23514	0	0	0	66	1	82.5
BENIGN	2	0	227513	10582	189	0	0	1	16.3333	0	24.5
DDoS	8	5	143.592	0.160053	8.12231e+07	0	0	1	833.5	0	897.615
BENIGN	2	2	14002.3	126.147	31709	0	0	0	98.2	1	122.75
BENIGN	1	1	2230.39	32.7998	60976	0	0	0	60.6667	1	91
BENIGN	2	0	1.23333e+07	666667	3	0	1	1	24.6667	0	37
DDoS	9	6	160.407	0.206302	7.2709e+07	0	0	1	729.312	0	777.933
BENIGN	1	1	9311.69	83.8891	23841	0	0	0	89.6667	1	134.5
BENIGN	2	2	1.2093e+06	18604.7	215	0	0	0	60	1	75
BENIGN	2	2	6157.35	84.3473	47423	0	0	0	67.4	1	84.25
BENIGN	1	1	3746.8	65.7333	30426	0	0	0	54.3333	1	81.5
BENIGN	1	1	0	21739.1	92	0	0	1	0	1	0
DDoS	3	5	14646.2	10.0774	793859	0	0	0	1291.89	1	1453.38
BENIGN	17	24	3058.37	21.2675	1.92783e+06	0	0	0	140.381	1	143.805
BENIGN	1	1	3482.44	41.4577	48242	0	0	0	75	1	112.5
DDoS	4	0	2.65255	0.442092	9.04789e+06	0	0	1	6	0	7.5
BENIGN	2	2	9308.04	129.278	30941	0	0	0	66.4	1	83
BENIGN	2	2	1.17647e+06	21390.4	187	0	0	0	53.4	1	66.75
DDoS	3	5	13658.4	9.39771	851271	0	0	0	1291.89	1	1453.38
DDoS	8	6	138.896	0.166814	8.39261e+07	0	0	1	777.533	0	833.071
BENIGN	4	2	4347.4	98.0616	61186	0	0	0	43.5714	0	50.8333
DDoS	4	0	4.09846	0.683076	5.85586e+06	0	0	1	6	0	7.5
DDoS	5	0	4.57395	0.762326	6.55888e+06	0	0	1	6	0	7.2
BENIGN	2	2	15919	84.0054	47616	0	0	0	158.4	1	198
BENIGN	2	0	7.75e+06	500000	4	0	1	1	20.6667	0	31
BENIGN	2	2	1.13089e+06	20942.4	191	0	0	0	50.8	1	63.5
BENIGN	3	1	2.01543	0.671811	5.95406e+06	0	0	0	2.4	0	3
DDoS	9	5	164.548	0.19752	7.08791e+07	0	0	1	777.933	0	833.5
BENIGN	2	3	102.975	28.6043	174799	0	0	1	3	1	3.6
BENIGN	2	2	365615	4352.56	919	0	0	0	74.6	1	93.25
BENIGN	1	1	0	55555.6	36	0	0	1	0	1	0
BENIGN	16	17	121.39	0.478541	6.89597e+07	0	0	0	246.206	1	253.667
BENIGN	2	0	1.23333e+07	666667	3	0	1	1	24.6667	0	37
DDoS	8	5	128.276	0.143055	9.08744e+07	0	0	1	833.071	0	897.154
BENIGN	2	2	5163.29	129.082	30988	0	0	0	38.4	1	48
DDoS	3	6	436527	337.724	26649	0	0	0	1163.3	2	1292.56
DDoS	9	5	122.919	0.147473	9.49326e+07	0	0	1	778.333	0	833.929
DDoS	8	4	145.326	0.149602	8.02128e+07	0	0	1	897.154	0	971.917
BENIGN	1	1	917.011	19.1044	104688	0	0	0	48	1	72
DDoS	3	6	278288	215.301	41802	0	0	0	1163.3	2	1292.56
DDoS	8	6	160.642	0.192831	7.26024e+07	0	0	1	777.933	0	833.5
BENIGN	2	0	12.0148	2.00247	998765	0	0	1	6	0	9
BENIGN	29	27	231.188	0.533262	1.05014e+08	0	0	1	426.035	0	433.643
DDoS	5	0	3.80623	0.634372	7.88181e+06	0	0	1	6	0	7.2
DDoS	5	0	35.6716	5.94527	841005	0	0	1	6	0	7.2
DDoS	8	5	144.34	0.16097	8.07606e+07	0	0	1	833.071	0	897.154
DDoS	3	5	23147.6	15.9186	502558	0	0	0	1292.56	1	1454.12
BENIGN	1	1	4348.62	60.8199	32884	0	0	0	62	1	93
DDoS	4	0	35.6622	5.9437	672982	0	0	1	6	0	7.5
DDoS	3	4	37189.4	22.3898	312643	0	0	0	1453.38	1	1661
BENIGN	8	8	751.269	1.56861	1.02001e+07	0	0	0	450.765	1	478.938
BENIGN	2	2	1.13333e+06	22222.2	180	0	0	0	49.4	1	61.75
DDoS	4	0	6.28114	1.04686	3.82096e+06	0	0	1	6	0	7.5
BENIGN	2	2	10289.3	129.425	30906	0	0	0	70.4	1	88
BENIGN	41	38	7310.41	61.6879	1.28064e+06	0	0	0	117.025	0	118.506
BENIGN	2	2	2.81407e+06	20100.5	199	0	0	0	128.8	1	161
BENIGN	1	1	0	7692.31	260	0	0	1	0	1	0
DDoS	3	5	11173.7	7.68417	1.0411e+06	0	0	0	1292.56	1	1454.12
DDoS	4	0	5.20184	0.866973	4.61375e+06	0	0	1	6	0	7.5
BENIGN	3	1	1443.86	103.133	38785	0	0	1	12.4	0	15.5
DDoS	3	4	9184.6	5.52671	1.26658e+06	0	0	0	1454.12	1	1661.86
BENIGN	1	3	400000	88888.9	45	0	0	1	3.6	3	4.5
DDoS	8	6	149.688	0.179682	7.79155e+07	0	0	1	777.933	0	833.5
BENIGN	26	28	383.499	0.766856	7.04174e+07	0	0	0	491	1	500.093
BENIGN	2	1	0	30303	99	0	0	1	0	0	0
DDoS	4	0	2.45045	0.408409	9.7941e+06	0	0	1	6	0	7.5
DDoS	4	0	33.1494	5.52489	723996	0	0	1	6	0	7.5
DDoS	4	0	9.08816	1.51469	2.6408e+06	0	0	1	6	0	7.5
BENIGN	1	1	0	11.0619	180800	0	0	1	0	1	0
BENIGN	2	2	2993.06	43.6944	91545	0	0	0	60.8	1	76
BENIGN	2	2	8271.94	129.249	30948	0	0	0	61.2	1	76.5
BENIGN	1	1	441.745	73.6241	27165	1	0	1	6	1	9
BENIGN	9	5	755.218	2.36851	5.91088e+06	0	0	0	297.6	0	318.857
BENIGN	2	2	10304.6	130.438	30666	0	0	0	69.4	1	86.75
DDoS	4	0	2.34058	0.390097	1.02539e+07	0	0	1	6	0	7.5
DDoS	3	5	7162.53	4.92821	1.62331e+06	0	0	0	1291.89	1	1453.38
DDoS	8	5	158.375	0.17653	7.36418e+07	0	0	1	833.5	0	897.615
DDoS	3	5	8813.05	6.06072	1.31998e+06	0	0	0	1292.56	1	1454.12
BENIGN	2	2	17924	128.029	31243	0	0	0	120.8	1	151
BENIGN	16	15	21.3289	0.267799	1.15759e+08	0	0	0	77.1562	0	79.6452
BENIGN	2	2	5989.19	130.2	30722	0	0	0	44.4	1	55.5
BENIGN	1	1	363636	60606.1	33	0	0	1	6	1	9
DDoS	5	0	3.13682	0.522804	9.56381e+06	0	0	1	6	0	7.2
DDoS	8	5	144.211	0.160826	8.08328e+07	0	0	1	833.071	0	897.154
BENIGN	3	1	2.19802	0.732672	5.45947e+06	0	0	0	2.4	0	3
DDoS	3	5	20529.5	14.1181	566648	0	0	0	1292.56	1	1454.12
BENIGN	2	2	8667.67	127.466	31381	0	0	0	62	1	77.5
DDoS	8	4	148.64	0.153014	7.84242e+07	0	0	1	897.154	0	971.917
DDoS	3	6	14063.1	10.8801	827201	0	0	0	1163.3	2	1292.56
DDoS	3	5	16625.6	11.4393	699345	0	0	0	1291.89	1	1453.38
DDoS	4	0	3.20992	0.534987	7.47682e+06	0	0	1	6	0	7.5
BENIGN	2	2	3934.14	32.3797	123534	0	0	0	104.4	1	130.5
BENIGN	2	2	1.15556e+06	22222.2	180	0	0	0	50.4	1	63
BENIGN	1	1	4e+06	666667	3	0	0	1	6	1	9
DDoS	4	0	3.61237	0.602062	6.64384e+06	0	0	1	6	0	7.5
BENIGN	1	1	0	666667	3	0	0	1	0	1	0
BENIGN	3	0	7744.19	749.438	4003	0	0	1	7.75	0	10.3333
BENIGN	2	2	1.27374e+06	22346.4	179	0	0	0	53	1	66.25
BENIGN	2	2	8103.87	84.8572	47138	0	0	0	83.6	1	104.5
BENIGN	4	2	1979.61	28.9698	207112	0	0	0	63.8571	0	74.5
DDoS	3	4	26913	16.2029	432022	0	0	0	1453.38	1	1661
DDoS	3	5	27730.3	19.0799	419289	0	0	0	1291.89	1	1453.38
BENIGN	1	1	2464.24	41.7667	47885	0	0	0	56.3333	1	84.5
DDoS	4	0	2.83394	0.472323	8.46878e+06	0	0	1	6	0	7.5
DDoS	9	4	132.122	0.147268	8.82747e+07	0	0	1	833.5	0	897.615
DDoS	5	0	14.8665	2.47774	2.01796e+06	0	0	1	6	0	7.2
BENIGN	15	10	543.869	1.62001	1.5432e+07	0	0	0	322.808	0	335.72
BENIGN	188	262	34061.2	33.3373	1.34984e+07	0	0	0	1019.45	1	1021.72
BENIGN	2	0	134831	22471.9	89	0	0	1	6	0	9
BENIGN	4	2	11854.6	190.18	31549	0	0	0	59.4286	0	69.3333
BENIGN	1	1	0	125000	16	0	0	1	0	1	0
BENIGN	4	2	6402.61	97.9992	61225	0	0	0	62.4286	0	72.8333
BENIGN	1	1	215476	2380.95	840	0	0	0	75.3333	1	113
DDoS	3	4	7827.5	4.71009	1.48617e+06	0	0	0	1454.12	1	1661.86
BENIGN	2	0	1.23333e+07	666667	3	0	1	1	24.6667	0	37
BENIGN	2	3	104.733	29.0924	171866	0	0	1	3	1	3.6
DDoS	3	5	308843	212.5	37647	0	0	0	1291.89	1	1453.38
BENIGN	2	0	1.03333e+07	666667	3	0	1	1	20.6667	0	31
BENIGN	2	0	67796.6	11299.4	177	0	0	1	6	0	9
BENIGN	1	1	3498.7	66.0131	30297	0	0	0	50.3333	1	75.5
BENIGN	10	5	4401.81	27.3631	548184	0	0	0	150.812	0	160.867
DDoS	3	5	3.12799e+06	2151.12	3719	0	0	0	1292.56	1	1454.12
BENIGN	2	2	6880.73	84.9473	47088	0	0	0	70.8	1	88.5
DDoS	8	4	128.712	0.132499	9.05664e+07	0	0	1	897.154	0	971.917
DDoS	5	0	52.727	8.78784	568968	0	0	1	6	0	7.2
DDoS	3	6	8351.3	6.46108	1.39296e+06	0	0	0	1163.3	2	1292.56
DDoS	4	0	3.84961	0.641602	6.23439e+06	0	0	1	6	0	7.5
BENIGN	1	1	2895.69	32.9056	60780	0	0	0	78.3333	1	117.5
DDoS	3	5	17543.6	12.0709	662750	0	0	0	1291.89	1	1453.38
BENIGN	1	1	0	55.1618	36257	0	0	1	0	1	0
BENIGN	1	1	79.9712	13.3285	150054	1	0	1	6	1	9
BENIGN	2	2	5649.72	128.403	31152	0	0	0	42.4	1	53
BENIGN	1	1	2112.85	41.4285	48276	0	0	0	48.3333	1	72.5
BENIGN	10	6	5086.62	35.0953	455902	0	0	0	136.412	0	144.938
BENIGN	1	1	2739.78	42.1505	47449	0	0	0	59.6667	1	89.5
DDoS	4	0	2.50751	0.417918	9.57126e+06	0	0	1	6	0	7.5
DDoS	4	0	6.91451	1.15242	3.47096e+06	0	0	1	6	0	7.5
BENIGN	10	5	15087.3	189.857	79007	0	0	0	74.5	0	79.4667
BENIGN	2	2	1.88e+06	13333.3	300	0	0	0	120	1	150
BENIGN	2	3	205.959	57.2109	87396	0	0	1	3	1	3.6
BENIGN	8	8	433.43	1.38007	1.15936e+07	0	0	0	295.588	1	314.062
BENIGN	2	2	1.1223e+06	28777	139	0	0	0	37.4	1	46.75
BENIGN	2	0	1.23333e+07	666667	3	0	1	1	24.6667	0	37
BENIGN	1	1	473282	5089.06	393	0	0	0	83	1	124.5
BENIGN	1	1	461538	76923.1	26	0	0	1	6	1	9
DDoS	4	0	2.82172	0.470287	8.50545e+06	0	0	1	6	0	7.5
DDoS	4	0	1.96662	0.32777	1.22037e+07	0	0	1	6	0	7.5
DDoS	4	0	5.05172	0.841953	4.75086e+06	0	0	1	6	0	7.5
DDoS	5	0	4.1142	0.6857	7.29182e+06	0	0	1	6	0	7.2
DDoS	5	0	3.23492	0.539154	9.27379e+06	0	0	1	6	0	7.2
BENIGN	2	2	1.14019e+06	18691.6	214	0	0	0	55.4	1	69.25
DDoS	3	6	330745	256.016	35154	0	0	0	1162.7	2	1291.89
DDoS	8	4	1376.59	1.4171	8.468e+06	0	0	1	897.154	0	971.917
DDoS	4	0	709.912	118.319	33807	0	0	1	6	0	7.5
BENIGN	15	15	100.122	0.626284	4.79016e+07	0	0	0	154.71	1	159.867
BENIGN	2	2	1.0241e+06	12048.2	332	0	0	0	77.2	1	96.5
BENIGN	1	3	222222	37037	108	0	0	1	6	3	7.5
DDoS	3	5	6834.73	4.70266	1.70116e+06	0	0	0	1291.89	1	1453.38
DDoS	3	5	502159	345.513	23154	0	0	0	1291.89	1	1453.38
DDoS	3	5	100048	68.8385	116214	0	0	0	1291.89	1	1453.38
BENIGN	2	0	12973	2162.16	925	0	0	1	6	0	9
DDoS	4	0	3.9572	0.659533	6.0649e+06	0	0	1	6	0	7.5
BENIGN	4	2	1871.02	29.2346	205236	0	0	0	59.5714	0	69.5
DDoS	5	0	4.96154	0.826923	6.04651e+06	0	0	1	6	0	7.2
BENIGN	15	9	23841.4	68.4361	350692	0	0	0	334.44	0	348.375
BENIGN	1	1	5348.63	43.1341	46367	0	0	0	99	1	148.5
DDoS	8	5	135.829	0.1514	8.58655e+07	0	0	1	833.5	0	897.615
DDoS	3	4	434281	261.457	26773	0	0	0	1453.38	1	1661
BENIGN	2	2	5289.54	65.3029	61253	0	0	0	70.8	1	88.5
BENIGN	2	2	1.30303e+06	30303	132	0	0	0	41.4	1	51.75
DDoS	5	0	5.62442	0.937404	5.33388e+06	0	0	1	6	0	7.2
DDoS	3	5	104019	71.534	111835	0	0	0	1292.56	1	1454.12
BENIGN	1	1	0	38461.5	52	0	0	1	0	1	0
BENIGN	3	1	0	0.676274	5.91477e+06	0	0	0	0	0	0
BENIGN	2	2	5.62872	0.0636014	6.28917e+07	0	0	0	82.4	1	103
BENIGN	2	2	9489.61	128.238	31192	0	0	0	67.8	1	84.75
DDoS	3	4	121186	72.922	95993	0	0	0	1454.12	1	1661.86
DDoS	3	6	8746.09	6.77	1.32939e+06	0	0	0	1162.7	2	1291.89
BENIGN	14	11	21992.1	84.5589	295652	0	0	0	250.077	0	260.08
DDoS	5	0	4.93676	0.822794	6.07686e+06	0	0	1	6	0	7.2
DDoS	4	0	3.38753	0.564588	7.08482e+06	0	0	1	6	0	7.5
DDoS	4	0	3.13745	0.522908	7.64953e+06	0	0	1	6	0	7.5
DDoS	9	5	144.233	0.173045	8.09036e+07	0	0	1	778.333	0	833.929
DDoS	3	4	8639.86	5.19892	1.34643e+06	0	0	0	1454.12	1	1661.86
DDoS	3	6	20455.6	15.8257	568694	0	0	0	1163.3	2	1292.56
DDoS	3	6	259051	200.521	44883	0	0	0	1162.7	2	1291.89
DDoS	3	6	233651	180.766	49788	0	0	0	1163.3	2	1292.56
DDoS	8	4	144.313	0.148483	8.08175e+07	0	0	1	897.615	0	972.417
DDoS	4	0	28.4696	4.74493	843005	0	0	1	6	0	7.5
BENIGN	2	2	46.363	0.3265	1.22512e+07	0	0	0	124.6	1	155.75
DDoS	4	0	4.37477	0.729129	5.486e+06	0	0	1	6	0	7.5
DDoS	3	5	26327.5	18.1054	441857	0	0	0	1292.56	1	1454.12
DDoS	3	5	6505.13	4.47357	1.78828e+06	0	0	0	1292.56	1	1454.12
BENIGN	1	1	0	42553.2	47	0	0	1	0	1	0
BENIGN	1	1	0	21.0232	95133	0	0	1	0	1	0
DDoS	3	4	12537.3	7.54417	927869	0	0	0	1454.12	1	1661.86
DDoS	3	7	236288	203.223	49207	0	0	0	1057	2	1162.7
BENIGN	7	5	442.236	1.71354	7.00304e+06	0	0	0	238.231	0	258.083
BENIGN	1	1	2012.84	21.8787	91413	0	0	0	76.6667	1	115
BENIGN	2	2	5191.43	129.786	30820	0	0	0	38.4	1	48
DDoS	4	0	16.0321	2.67201	1.497e+06	0	0	1	6	0	7.5
DDoS	3	5	334975	230.362	34728	0	0	0	1292.56	1	1454.12
BENIGN	2	0	3e+06	500000	4	0	0	1	6	0	9
BENIGN	1	1	3210.78	48.2824	41423	0	0	0	56.6667	1	85
DDoS	3	5	17371.4	11.9463	669664	0	0	0	1292.56	1	1454.12
DDoS	4	0	4.76775	0.794625	5.03382e+06	0	0	1	6	0	7.5
DDoS	3	4	41835.1	25.1737	278068	0	0	0	1454.12	1	1661.86
DDoS	9	5	159.675	0.191571	7.30799e+07	0	0	1	778.333	0	833.929
DDoS	3	4	53544.9	32.2365	217145	0	0	0	1453.38	1	1661
DDoS	4	0	3.21895	0.536492	7.45584e+06	0	0	1	6	0	7.5
DDoS	3	6	14098.1	10.9071	825148	0	0	0	1163.3	2	1292.56
DDoS	5	0	7.08546	1.18091	4.23402e+06	0	0	1	6	0	7.2
BENIGN	7	2	4.4206	0.1426	6.31136e+07	0	1	1	32.5	0	36.1111
BENIGN	1	4	121212	50505.1	99	0	0	1	2	4	2.4
BENIGN	15	11	27316	84.944	306084	0	0	0	309.667	0	321.577
DDoS	3	6	6633.06	5.13439	1.75288e+06	0	0	0	1162.7	2	1291.89
DDoS	3	4	9257.93	5.57083	1.25654e+06	0	0	0	1454.12	1	1661.86
DDoS	5	0	4.24459	0.707431	7.06783e+06	0	0	1	6	0	7.2
DDoS	3	5	396501	272.814	29324	0	0	0	1291.89	1	1453.38
DDoS	4	0	3.44364	0.573939	6.96938e+06	0	0	1	6	0	7.5
DDoS	8	6	120.473	0.144688	9.676e+07	0	0	1	777.533	0	833.071
BENIGN	2	2	2.52133e+06	18957.3	211	0	0	0	120.2	1	150.25
DDoS	5	0	9.97062	1.66177	3.00884e+06	0	0	1	6	0	7.2
BENIGN	2	3	355.977	98.8826	50565	0	0	1	3	1	3.6
BENIGN	10	10	19.8914	0.327701	6.10313e+07	0	0	0	57.8095	1	60.7
BENIGN	2	2	866.022	13.1216	304842	0	0	0	58.6	1	73.25
DDoS	4	0	2.08611	0.347685	1.15047e+07	0	0	1	6	0	7.5
BENIGN	2	2	1.70323e+06	25806.5	155	0	0	0	59.6	1	74.5
BENIGN	2	2	7071.23	128.568	31112	0	0	0	51.8	1	64.75
DDoS	5	0	4.34979	0.724965	6.89689e+06	0	0	1	6	0	7.2
DDoS	5	0	3.1936	0.532267	9.39378e+06	0	0	1	6	0	7.2
DDoS	3	4	6842.68	4.11749	1.70006e+06	0	0	0	1454.12	1	1661.86
DDoS	3	5	76003.9	52.2678	153058	0	0	0	1292.56	1	1454.12
BENIGN	5	3	2802.71	32.1227	249045	0	0	0	77.5556	0	87.25
BENIGN	2	2	423707	5044.14	793	0	0	0	74.6	1	93.25
DDoS	3	4	404727	243.665	28728	0	0	0	1453.38	1	1661
BENIGN	1	1	0	28571.4	70	0	0	1	0	1	0
BENIGN	20	17	19.4598	0.309816	1.19426e+08	0	0	0	61.1579	0	62.8108
BENIGN	2	2	2.40196e+06	19607.8	204	0	0	0	104.8	1	131
BENIGN	2	2	2.48246e+06	17543.9	228	0	0	0	119.8	1	149.75
DDoS	8	5	1247.73	1.39077	9.34735e+06	0	0	1	833.5	0	897.615
BENIGN	2	2	1.80392e+06	19607.8	204	0	0	0	82	1	102.5
DDoS	3	6	47071.3	36.4361	247008	0	0	0	1162.7	2	1291.89
BENIGN	2	0	3e+06	500000	4	1	0	0	6	0	9
DDoS	4	0	2.43685	0.406142	9.84876e+06	0	0	1	6	0	7.5
DDoS	3	5	6256.63	4.3049	1.85835e+06	0	0	0	1291.89	1	1453.38
DDoS	3	4	14790.8	8.90017	786502	0	0	0	1454.12	1	1661.86
BENIGN	2	2	1.39891e+06	21857.9	183	0	0	0	61.2	1	76.5
DDoS	4	0	2.94622	0.491037	8.14603e+06	0	0	1	6	0	7.5
DDoS	4	0	3.97416	0.662359	6.03902e+06	0	0	1	6	0	7.5
BENIGN	3	3	4.70933	0.0532128	1.12755e+08	0	0	0	83	1	96.8333
BENIGN	2	2	1.64557e+06	25316.5	158	0	0	0	60	1	75
BENIGN	3	4	40424.8	104.264	67137	0	0	0	339.25	1	387.714
DDoS	3	6	6395.03	4.95014	1.81813e+06	0	0	0	1162.7	2	1291.89
DDoS	3	6	6250.77	4.83847	1.86009e+06	0	0	0	1162.7	2	1291.89
BENIGN	2	2	3653.5	83.0341	48173	0	0	0	42.4	1	53
BENIGN	6	7	586.214	2.50931	5.1807e+06	0	0	0	216.929	1	233.615
DDoS	3	5	13391.1	9.20904	868712	0	0	0	1292.56	1	1454.12
BENIGN	6	5	15592.7	41.45	265380	0	0	0	344.833	0	376.182
DDoS	3	6	18154	14.045	640796	0	0	0	1163.3	2	1292.56
BENIGN	4	2	16427.8	190.283	31532	0	0	0	78.7143	0	91.8333
DDoS	5	0	3.16763	0.527939	9.4708e+06	0	0	1	6	0	7.2
BENIGN	2	0	3631.96	605.327	3304	0	0	1	6	0	9
DDoS	5	0	3.76942	0.628236	7.95879e+06	0	0	1	6	0	7.2
DDoS	3	6	91706.4	70.9863	126785	0	0	0	1162.7	2	1291.89
DDoS	3	5	26745.9	18.3931	434945	0	0	0	1292.56	1	1454.12
DDoS	3	5	185795	127.771	62612	0	0	0	1292.56	1	1454.12
DDoS	4	0	6.02725	1.00454	3.98192e+06	0	0	1	6	0	7.5
DDoS	3	6	182519	141.281	63703	0	0	0	1162.7	2	1291.89
DDoS	8	5	1260.03	1.4052	9.25134e+06	0	0	1	833.071	0	897.154
BENIGN	2	2	835821	11940.3	335	0	0	0	63.6	1	79.5
DDoS	3	5	213344	146.716	54527	0	0	0	1292.56	1	1454.12
DDoS	9	4	162.029	0.18051	7.20182e+07	0	0	1	833.929	0	898.077
BENIGN	1	1	111111	18518.5	108	0	0	1	6	1	9
BENIGN	1	1	1946.32	30.4113	65765	0	0	0	61.3333	1	92
BENIGN	2	2	1.84615e+06	25641	156	0	0	0	66	1	82.5
BENIGN	1	1	4037.01	84.1043	23780	0	0	0	48	1	72
BENIGN	8	8	796.071	1.44987	1.10355e+07	0	0	0	516.765	1	549.062
BENIGN	3	4	31941	82.9944	84343	0	0	0	336.75	1	384.857
BENIGN	2	0	770833	41666.7	48	0	1	1	24.6667	0	37
DDoS	3	4	6321.87	3.8041	1.84012e+06	0	0	0	1454.12	1	1661.86
DDoS	3	4	388181	233.582	29968	0	0	0	1454.12	1	1661.86
DDoS	4	0	3.52984	0.588306	6.79918e+06	0	0	1	6	0	7.5
BENIGN	4	6	679.826	1.87435	5.33519e+06	0	0	0	329.727	1	362.7
DDoS	3	5	11879.4	8.16947	979256	0	0	0	1292.56	1	1454.12
BENIGN	2	2	9452.54	1575.42	2539	0	0	1	6	1	7.5
BENIGN	2	2	2.15534e+06	19417.5	206	0	0	0	98.2	1	122.75
DDoS	5	0	5.48258	0.913763	5.47188e+06	0	0	1	6	0	7.2
BENIGN	2	2	1.7561e+06	24390.2	164	0	0	0	66	1	82.5
BENIGN	2	0	0	0.0312098	6.40824e+07	0	0	1	0	0	0
BENIGN	2	2	1.75439e+06	23391.8	171	0	0	0	68.6	1	85.75
DDoS	4	0	3.26804	0.544673	7.34386e+06	0	0	1	6	0	7.5
BENIGN	6	7	12289.2	31.7234	409792	0	0	0	359.714	1	387.385
DDoS	4	0	15.7626	2.62709	1.5226e+06	0	0	1	6	0	7.5
BENIGN	2	1	0	56.2757	53309	0	0	1	0	0	0
DDoS	2	5	153035	92.1817	75937	0	0	0	1452.62	2	1660.14
BENIGN	1	3	315789	70175.4	57	0	0	1	3.6	3	4.5
DDoS	3	5	30228.8	20.7883	384832	0	0	0	1292.56	1	1454.12
DDoS	3	4	371126	223.435	31329	0	0	0	1453.38	1	1661
BENIGN	2	0	108108	18018	111	0	0	1	6	0	9
DDoS	3	4	29395.1	17.6972	395542	0	0	0	1453.38	1	1661
DDoS	4	0	11.5053	1.91754	2.086e+06	0	0	1	6	0	7.5
BENIGN	1	1	1137.63	8.55362	233819	0	0	0	122.333	1	183.5
BENIGN	1	1	479.234	5.84431	342213	0	0	0	74.3333	1	111.5
BENIGN	2	2	1.56522e+06	28985.5	138	0	0	0	52.4	1	65.5
DDoS	3	6	24885.1	19.2526	467469	0	0	0	1163.3	2	1292.56
BENIGN	1	2	6.14286e+06	428571	7	1	0	0	12.25	2	16.3333
BENIGN	10	4	4333.31	43.7392	320079	0	0	0	92.4667	0	99.0714
DDoS	4	0	2.62216	0.437026	9.15277e+06	0	0	1	6	0	7.5
BENIGN	2	1	173.826	28.971	103552	0	0	1	6	0	8
DDoS	5	0	6.93974	1.15662	4.32293e+06	0	0	1	6	0	7.2
DDoS	3	5	6488.32	4.46201	1.79292e+06	0	0	0	1292.56	1	1454.12
DDoS	5	0	13.5629	2.26049	2.21191e+06	0	0	1	6	0	7.2
DDoS	8	4	123.38	0.127011	9.44803e+07	0	0	1	897.154	0	971.917
DDoS	5	0	14.9256	2.4876	2.00997e+06	0	0	1	6	0	7.2
BENIGN	1	1	4680.45	85.0991	23502	0	0	0	52.3333	1	78.5
DDoS	8	6	164.533	0.197502	7.08855e+07	0	0	1	777.933	0	833.5
DDoS	5	0	14.065	2.34417	2.13295e+06	0	0	1	6	0	7.2
DDoS	3	6	21628.1	16.7328	537866	0	0	0	1163.3	2	1292.56
DDoS	4	0	3.88418	0.647363	6.17891e+06	0	0	1	6	0	7.5
DDoS	3	4	16293.2	9.80424	713977	0	0	0	1454.12	1	1661.86
DDoS	8	6	144.289	0.173201	8.0831e+07	0	0	1	777.933	0	833.5
DDoS	5	0	4.91091	0.818485	6.10885e+06	0	0	1	6	0	7.2
BENIGN	1	1	5381.28	65.6254	30476	0	0	0	72.6667	1	109
BENIGN	6	1	34145.2	523.013	13384	0	1	1	95	0	108.571
DDoS	5	0	1152.29	192.049	26035	0	0	1	6	0	7.2
DDoS	3	6	16524.8	12.7912	703608	0	0	0	1162.7	2	1291.89
BENIGN	2	2	5961.25	129.592	30866	0	0	0	44.4	1	55.5
BENIGN	2	2	5821.29	129.362	30921	0	0	0	42.2	1	52.75
BENIGN	2	0	5725.19	954.198	2096	0	0	1	6	0	9
BENIGN	12	11	1526.96	4.48933	5.12326e+06	0	0	0	325.958	0	340.13
BENIGN	2	2	1.37349e+06	24096.4	166	0	0	0	55.4	1	69.25
BENIGN	1	1	5265.93	61.9521	32283	0	0	0	74.3333	1	111.5
DDoS	3	6	32286	24.9784	360311	0	0	0	1163.3	2	1292.56
DDoS	3	5	21048.7	14.4752	552670	0	0	0	1292.56	1	1454.12
DDoS	3	5	12636.9	8.69037	920559	0	0	0	1292.56	1	1454.12
BENIGN	1	1	4683.96	32.8699	60846	0	0	0	110.333	1	165.5
DDoS	5	0	3.78795	0.631325	7.91985e+06	0	0	1	6	0	7.2
DDoS	3	6	13049.6	10.0959	891447	0	0	0	1163.3	2	1292.56
DDoS	3	6	25727.7	19.9148	451925	0	0	0	1162.7	2	1291.89
BENIGN	2	2	2.33333e+06	17543.9	228	0	0	0	114.4	1	143
BENIGN	1	1	3955.26	64.8403	30845	0	0	0	55.6667	1	83.5
BENIGN	2	0	4e+06	666667	3	0	0	1	6	0	9
DDoS	4	0	2.62478	0.437463	9.14363e+06	0	0	1	6	0	7.5
BENIGN	2	2	1.91597e+06	16806.7	238	0	0	0	101.6	1	127
BENIGN	10	10	19.9149	0.328357	6.09093e+07	0	0	0	57.7619	1	60.65
BENIGN	2	2	9445.56	129.391	30914	0	0	0	65.8	1	82.25
DDoS	3	6	213846	165.529	54371	0	0	0	1162.7	2	1291.89
BENIGN	2	1	0	152.06	19729	0	0	1	0	0	0
DDoS	3	6	274565	212.53	42347	0	0	0	1162.7	2	1291.89
BENIGN	1	1	9608.79	85.7927	23312	0	0	0	90.6667	1	136
BENIGN	2	2	9438.47	127.547	31361	0	0	0	67.8	1	84.75
DDoS	5	0	3.12476	0.520793	9.60075e+06	0	0	1	6	0	7.2
DDoS	8	4	142.209	0.146393	8.1971e+07	0	0	1	897.154	0	971.917
DDoS	4	0	8.83572	1.47262	2.71625e+06	0	0	1	6	0	7.5
DDoS	4	0	11.4341	1.90569	2.09898e+06	0	0	1	6	0	7.5
BENIGN	2	2	11966.4	128.671	31087	0	0	0	81.8	1	102.25
DDoS	3	6	11593.4	8.97401	1.0029e+06	0	0	0	1162.7	2	1291.89
BENIGN	4	2	6621.39	127.334	47120	0	0	0	50	0	58.3333
DDoS	3	6	11113.7	8.59827	1.04672e+06	0	0	0	1163.3	2	1292.56
DDoS	3	4	45046	27.1198	258114	0	0	0	1453.38	1	1661
BENIGN	2	2	807.269	9.27896	431083	0	0	0	85.4	1	106.75
BENIGN	4	1	5690.5	72.7686	68711	0	0	0	65.1667	0	78.2
BENIGN	1	1	790.566	131.761	15179	0	0	1	6	1	9
DDoS	6	0	18.2731	3.04552	1.97011e+06	0	0	1	6	0	7
DDoS	3	6	6402.24	4.95317	1.81702e+06	0	0	0	1163.3	2	1292.56
BENIGN	1	1	0	30303	66	0	0	1	0	1	0
DDoS	4	0	4.14231	0.690384	5.79387e+06	0	0	1	6	0	7.5
DDoS	3	5	468189	322.139	24834	0	0	0	1291.89	1	1453.38
BENIGN	10	8	67.1268	0.291012	6.18531e+07	0	0	0	218.526	0	230.667
BENIGN	2	1	191964	13392.9	224	0	1	1	20	0	26.6667
BENIGN	7	7	1354.59	4.55214	3.07548e+06	0	0	0	277.733	1	297.571
BENIGN	2	2	2.85714e+06	20408.2	196	0	0	0	120.8	1	151
BENIGN	16	14	6.76857	0.258672	1.15977e+08	0	0	0	25.3226	0	26.1667
DDoS	3	5	8574.4	5.8966	1.35671e+06	0	0	0	1292.56	1	1454.12
BENIGN	6	4	153.556	1.9712	5.07305e+06	0	0	0	70.8182	0	77.9
DDoS	9	7	126.571	0.173638	9.21457e+07	0	0	1	686.412	0	729.312
DDoS	4	0	10.5415	1.75691	2.27672e+06	0	0	1	6	0	7.5
BENIGN	2	2	2.2515e+06	23952.1	167	0	0	0	84.4	1	105.5
BENIGN	2	0	0	1574.8	1270	0	0	1	0	0	0
DDoS	5	0	3.80195	0.633659	7.89068e+06	0	0	1	6	0	7.2
BENIGN	10	5	14770.4	185.869	80702	0	0	0	74.5	0	79.4667
BENIGN	1	1	3683.36	64.6204	30950	0	0	0	54.3333	1	81.5
BENIGN	1	1	0	90909.1	22	0	0	1	0	1	0
BENIGN	1	1	428571	71428.6	28	0	0	1	6	1	9
DDoS	3	6	6391.4	4.94478	1.8201e+06	0	0	0	1163.3	2	1292.56
DDoS	5	0	13.5588	2.2598	2.21259e+06	0	0	1	6	0	7.2
DDoS	3	5	10344.1	7.11363	1.1246e+06	0	0	0	1292.56	1	1454.12
DDoS	5	0	7.38748	1.23125	4.06092e+06	0	0	1	6	0	7.2
BENIGN	2	0	4e+06	666667	3	1	0	0	6	0	9
DDoS	2	4	488585	252.26	23785	0	0	0	1660.14	2	1936.83
DDoS	5	0	5.85493	0.975822	5.12388e+06	0	0	1	6	0	7.2
DDoS	4	0	2.41788	0.40298	9.92605e+06	0	0	1	6	0	7.5
DDoS	4	0	2.39407	0.399012	1.00248e+07	0	0	1	6	0	7.5
DDoS	3	5	925864	637.044	12558	0	0	0	1291.89	1	1453.38
DDoS	3	5	17567.6	12.0874	661845	0	0	0	1291.89	1	1453.38
BENIGN	2	2	4689.96	39.5777	101067	0	0	0	101.8	1	127.25
DDoS	8	5	119.323	0.133002	9.77432e+07	0	0	1	833.5	0	897.615
DDoS	8	5	153.879	0.171519	7.57932e+07	0	0	1	833.5	0	897.615
BENIGN	15	10	26216.9	78.5408	318306	0	0	0	320.962	0	333.8
BENIGN	6	8	281.827	2.34716	5.96466e+06	0	0	0	112.067	1	120.071
DDoS	3	4	184246	110.924	63106	0	0	0	1453.38	1	1661
BENIGN	1	1	3427.34	42.3128	47267	0	0	0	67	1	100.5
DDoS	3	4	7816.41	4.70342	1.48828e+06	0	0	0	1454.12	1	1661.86
BENIGN	1	1	198473	3816.79	524	0	0	0	49.3333	1	74
DDoS	5	0	7.14835	1.19139	4.19677e+06	0	0	1	6	0	7.2
DDoS	3	5	16081.4	11.0592	723381	0	0	0	1292.56	1	1454.12
DDoS	3	5	207684	142.824	56013	0	0	0	1292.56	1	1454.12
BENIGN	2	2	1.65714e+06	19047.6	210	0	0	0	80.6	1	100.75
DDoS	3	5	10969.4	7.54365	1.06049e+06	0	0	0	1292.56	1	1454.12
BENIGN	1	1	342857	57142.9	35	0	0	1	6	1	9
BENIGN	5	4	0.866546	0.259964	3.46202e+07	0	0	1	3.6	0	4
BENIGN	2	2	3997.19	38.4346	104073	0	0	0	92.2	1	115.25
DDoS	3	5	21051.9	14.4849	552301	0	0	0	1291.89	1	1453.38
BENIGN	13	8	103.893	0.415335	5.05616e+07	0	0	0	238.773	0	250.143
BENIGN	8	7	5.75863	0.12778	1.17389e+08	0	1	1	51.6875	0	55.1333
BENIGN	2	2	1.59236e+06	25477.7	157	0	0	0	56.8	1	71
DDoS	4	0	2.26209	0.377014	1.06097e+07	0	0	1	6	0	7.5
BENIGN	1	1	4138.24	64.66	30931	0	0	0	59.3333	1	89
DDoS	8	4	138.354	0.142425	8.42549e+07	0	0	1	897.154	0	971.917
BENIGN	2	0	2.31044	0.0624443	3.20286e+07	0	1	1	37	0	55.5
DDoS	4	0	3.20222	0.533703	7.49481e+06	0	0	1	6	0	7.5
BENIGN	3	1	2.21992	0.739973	5.4056e+06	0	0	0	2.4	0	3
BENIGN	2	2	2680.97	29.4612	135772	0	0	0	78.2	1	97.75
DDoS	8	5	159.667	0.178062	7.30082e+07	0	0	1	833.071	0	897.154
BENIGN	2	2	1.5e+06	26315.8	152	0	0	0	53	1	66.25
BENIGN	14	16	85.5943	0.492582	6.09036e+07	0	0	0	168.161	1	173.767
DDoS	9	6	157.832	0.202991	7.38948e+07	0	0	1	729.312	0	777.933
BENIGN	1	1	3216.08	22.1798	90172	0	0	0	112.667	1	169
DDoS	5	0	3.75196	0.625327	7.99582e+06	0	0	1	6	0	7.2
DDoS	5	0	3.95423	0.659039	7.5868e+06	0	0	1	6	0	7.2
BENIGN	7	4	148.03	2.16821	5.07331e+06	0	0	0	62.5833	0	68.2727
DDoS	2	4	19704.5	10.1736	589764	0	0	0	1660.14	2	1936.83
BENIGN	7	4	143.643	2.02314	5.43708e+06	0	0	0	65.0833	0	71
DDoS	8	6	130.259	0.15644	8.94912e+07	0	0	1	777.533	0	833.071
DDoS	9	5	124.943	0.149979	9.33467e+07	0	0	1	777.933	0	833.5
DDoS	3	5	51562.9	35.4597	225608	0	0	0	1292.56	1	1454.12
DDoS	8	5	1162.09	1.29531	1.00362e+07	0	0	1	833.5	0	897.615
DDoS	8	6	134.47	0.161498	8.66885e+07	0	0	1	777.533	0	833.071
DDoS	3	4	7996.12	4.81156	1.45483e+06	0	0	0	1454.12	1	1661.86
BENIGN	2	2	1.34359e+06	20512.8	195	0	0	0	61.4	1	76.75
DDoS	3	6	78296.8	60.6065	148499	0	0	0	1162.7	2	1291.89
DDoS	3	4	23762.5	14.3061	489301	0	0	0	1453.38	1	1661
BENIGN	1	1	0	31746	63	0	0	1	0	1	0
DDoS	3	4	10173.4	6.12173	1.14347e+06	0	0	0	1454.12	1	1661.86
BENIGN	7	3	8.79511	0.12915	7.74294e+07	0	1	1	70.8182	0	77.9
BENIGN	2	2	1.67123e+06	27397.3	146	0	0	0	55.4	1	69.25
BENIGN	2	1	0	500000	6	0	0	1	0	0	0
DDoS	8	6	119.392	0.143389	9.76363e+07	0	0	1	777.533	0	833.071
BENIGN	2	2	10.0477	0.110414	3.62273e+07	0	0	0	81.2	1	101.5
BENIGN	2	0	0	666667	3	0	0	1	0	0	0
DDoS	3	5	542382	372.995	21448	0	0	0	1292.56	1	1454.12
BENIGN	1	1	2658.87	33.2358	60176	0	0	0	69.3333	1	104
BENIGN	2	2	1.86957e+06	21739.1	184	0	0	0	76.8	1	96
DDoS	4	0	2.84167	0.473612	8.44573e+06	0	0	1	6	0	7.5
DDoS	3	4	16027.2	9.64916	725452	0	0	0	1453.38	1	1661
BENIGN	2	2	2.14286e+06	14285.7	280	0	0	0	126.4	1	158
BENIGN	1	1	1004.64	20.9299	95557	0	0	0	48	1	72
DDoS	3	5	6983.05	4.80223	1.66589e+06	0	0	0	1292.56	1	1454.12
DDoS	3	4	563324	339.147	20640	0	0	0	1453.38	1	1661
DDoS	3	6	18340.5	14.1966	633953	0	0	0	1162.7	2	1291.89
DDoS	3	5	16629	11.4417	699199	0	0	0	1291.89	1	1453.38
BENIGN	2	2	1.27363e+06	19900.5	201	0	0	0	59.2	1	74
BENIGN	1	1	2736.16	32.9658	60669	0	0	0	75.3333	1	113
DDoS	3	4	18407.1	11.0819	631658	0	0	0	1453.38	1	1661
DDoS	4	0	5.94196	0.990326	4.03907e+06	0	0	1	6	0	7.5
DDoS	9	5	159.661	0.191654	7.30485e+07	0	0	1	777.933	0	833.5
DDoS	4	0	3.03731	0.506219	7.90172e+06	0	0	1	6	0	7.5
BENIGN	22	22	74.4568	0.378128	1.16363e+08	0	0	0	192.533	1	196.909
DDoS	4	0	6.33092	1.05515	3.79092e+06	0	0	1	6	0	7.5
DDoS	4	0	11.2729	1.87882	2.129e+06	0	0	1	6	0	7.5
DDoS	3	6	41376.3	32.0113	281151	0	0	0	1163.3	2	1292.56
BENIGN	4	4	365.034	5.34848	1.49575e+06	0	0	0	65.5556	1	73.75
DDoS	4	0	4.305	0.7175	5.57491e+06	0	0	1	6	0	7.5
BENIGN	8	6	8351.77	35.314	396443	0	0	0	220.733	0	236.5
DDoS	3	5	113390	77.978	102593	0	0	0	1292.56	1	1454.12
BENIGN	2	0	4e+06	666667	3	1	0	0	6	0	9
DDoS	3	5	9811.88	6.74762	1.1856e+06	0	0	0	1292.56	1	1454.12
BENIGN	13	0	4.64286e+07	928571	14	0	0	0	50	0	53.8462
BENIGN	2	0	143969	7782.1	257	0	1	1	24.6667	0	37
DDoS	4	0	11.5273	1.92122	2.08201e+06	0	0	1	6	0	7.5
BENIGN	14	9	19876.5	65.1409	353081	0	0	0	292.417	0	305.13
DDoS	4	0	2.96341	0.493902	8.09878e+06	0	0	1	6	0	7.5
BENIGN	18	24	2434.46	153.065	274394	0	0	0	15.5349	1	15.9048
BENIGN	2	0	9.25e+06	500000	4	0	1	1	24.6667	0	37
BENIGN	1	1	0	39.5875	50521	0	0	1	0	1	0
DDoS	8	5	118.497	0.132081	9.84244e+07	0	0	1	833.5	0	897.615
DDoS	3	5	12504.9	8.59959	930277	0	0	0	1292.56	1	1454.12
DDoS	8	7	141.065	0.18152	8.26354e+07	0	0	1	728.938	0	777.533
BENIGN	2	2	12398.1	169.837	23552	0	0	0	67.4	1	84.25
BENIGN	3	1	77253.2	17167.4	233	1	0	0	4.8	0	6
DDoS	3	5	175286	120.544	66366	0	0	0	1292.56	1	1454.12
DDoS	5	0	2.80041	0.466735	1.07127e+07	0	0	1	6	0	7.2
BENIGN	4	2	2365.36	34.2806	175026	0	0	0	64.4286	0	75.1667
DDoS	3	4	27096.8	16.3135	429092	0	0	0	1453.38	1	1661
DDoS	5	0	2.51419	0.419031	1.19323e+07	0	0	1	6	0	7.2
BENIGN	4	2	6538.05	160.772	37320	0	0	0	39.1429	0	45.6667
BENIGN	2	2	1.45455e+06	14545.5	275	0	0	0	87.2	1	109
DDoS	4	4	8955.84	6.15892	1.29893e+06	0	0	1	1292.56	1	1454.12
BENIGN	2	0	1.03333e+07	666667	3	0	1	1	20.6667	0	31
BENIGN	1	1	480000	80000	25	0	0	1	6	1	9
DDoS	4	0	7.95298	1.3255	3.01774e+06	0	0	1	6	0	7.5
BENIGN	2	2	5.54421	0.0667977	5.98823e+07	0	0	0	74	1	92.5
DDoS	3	4	90821.8	54.6508	128086	0	0	0	1454.12	1	1661.86
DDoS	8	6	114.424	0.137353	1.01927e+08	0	0	1	777.933	0	833.5
BENIGN	7	6	3465.16	44.4689	292339	0	0	0	72.3571	0	77.9231
BENIGN	1	1	7078.72	65.5437	30514	0	0	0	86.6667	1	130
DDoS	9	6	119.218	0.153329	9.78289e+07	0	0	1	729.312	0	777.933
BENIGN	2	2	1.62245e+06	20408.2	196	0	0	0	72	1	90
DDoS	4	0	5.87388	0.97898	4.08589e+06	0	0	1	6	0	7.5
BENIGN	2	0	0.512431	0.0854052	2.34178e+07	0	0	1	6	0	9
DDoS	3	6	18036	13.9537	644988	0	0	0	1163.3	2	1292.56
BENIGN	2	0	4e+06	666667	3	0	0	1	6	0	9
DDoS	8	6	118.211	0.141898	9.86622e+07	0	0	1	777.933	0	833.5
BENIGN	2	0	0	354.484	5642	0	0	1	0	0	0
BENIGN	7	6	9788.88	32.1677	404132	0	0	0	282.571	0	304.308
DDoS	8	6	142.57	0.171226	8.17634e+07	0	0	1	777.533	0	833.071
DDoS	3	4	9381.15	5.64498	1.24004e+06	0	0	0	1454.12	1	1661.86
BENIGN	2	0	0	500000	4	0	0	1	0	0	0
BENIGN	2	2	5278.11	80.5818	49639	0	0	0	61.4	1	76.75
BENIGN	2	2	4.37448	0.0611815	6.53792e+07	0	0	0	65.8	1	82.25
DDoS	3	4	319369	192.176	36425	0	0	0	1454.12	1	1661.86
BENIGN	2	0	153846	25641	78	0	0	1	6	0	9
BENIGN	55	47	368.705	0.86678	1.17677e+08	0	0	0	421.243	0	425.373
BENIGN	2	2	1.15493e+06	28169	142	0	0	0	39.4	1	49.25
DDoS	3	7	361210	310.665	32189	0	0	0	1057	2	1162.7
DDoS	3	4	9608.98	5.78208	1.21064e+06	0	0	0	1454.12	1	1661.86
DDoS	5	0	4.01673	0.669455	7.46876e+06	0	0	1	6	0	7.2
DDoS	4	0	1.99456	0.332427	1.20327e+07	0	0	1	6	0	7.5
BENIGN	2	2	7532.96	132.157	30267	0	0	0	53	1	66.25
BENIGN	2	2	1.01053e+06	14035.1	285	0	0	0	66	1	82.5
BENIGN	3	3	463.426	5.36787	1.11776e+06	0	0	0	80.4286	1	93.8333
DDoS	5	0	2.55022	0.425037	1.17637e+07	0	0	1	6	0	7.2
BENIGN	2	2	2.40724e+06	18099.5	221	0	0	0	114.4	1	143
BENIGN	2	2	9594.85	105.438	37937	0	0	0	81.4	1	101.75
BENIGN	1	1	3081.07	40.2755	49658	0	0	0	67.6667	1	101.5
DDoS	3	6	18341.9	14.1977	633905	0	0	0	1162.7	2	1291.89
DDoS	4	0	2.62963	0.438271	9.12676e+06	0	0	1	6	0	7.5
DDoS	3	5	195846	134.753	59368	0	0	0	1291.89	1	1453.38
BENIGN	1	1	130435	21739.1	92	0	0	1	6	1	9
DDoS	3	6	10523.5	8.14164	1.10543e+06	0	0	0	1163.3	2	1292.56
DDoS	3	5	228915	157.425	50818	0	0	0	1292.56	1	1454.12
DDoS	3	4	44933.5	27.0521	258760	0	0	0	1453.38	1	1661
BENIGN	1	1	3188.63	66.4297	30107	0	0	0	48	1	72
DDoS	3	4	6631.67	3.99257	1.75326e+06	0	0	0	1453.38	1	1661
DDoS	4	0	7.22459	1.2041	3.32199e+06	0	0	1	6	0	7.5
DDoS	3	5	129935	89.4025	89483	0	0	0	1291.89	1	1453.38
DDoS	4	0	2.96708	0.494513	8.08877e+06	0	0	1	6	0	7.5
DDoS	4	0	150.429	25.0715	159544	0	0	1	6	0	7.5
DDoS	3	5	262882	180.877	44229	0	0	0	1291.89	1	1453.38
DDoS	3	7	44949.4	38.6396	258802	0	0	0	1057.55	2	1163.3
BENIGN	17	12	26507.8	72.1537	401920	0	0	0	355.133	0	367.379
BENIGN	2	0	1.23333e+07	666667	3	0	1	1	24.6667	0	37
DDoS	3	7	6166.14	5.30329	1.88562e+06	0	0	0	1057	2	1162.7
DDoS	4	0	2.36459	0.394099	1.01497e+07	0	0	1	6	0	7.5
DDoS	3	4	55961.8	33.6742	207874	0	0	0	1454.12	1	1661.86
BENIGN	2	2	1.30233e+06	18604.7	215	0	0	0	61.2	1	76.5
BENIGN	2	2	1.12963e+06	18518.5	216	0	0	0	55.4	1	69.25
DDoS	3	6	25925.7	20.0681	448474	0	0	0	1162.7	2	1291.89
DDoS	4	0	7.52836	1.25473	3.18795e+06	0	0	1	6	0	7.5
DDoS	2	4	375914	194.087	30914	0	0	0	1660.14	2	1936.83
DDoS	3	6	72358	55.9806	160770	0	0	0	1163.3	2	1292.56
DDoS	4	0	12.5786	2.09643	1.908e+06	0	0	1	6	0	7.5
DDoS	3	4	18324	11.0262	634849	0	0	0	1454.12	1	1661.86
BENIGN	2	2	2.63265e+06	20408.2	196	0	0	0	116.2	1	145.25
DDoS	9	6	116.463	0.149709	1.00194e+08	0	0	1	729.688	0	778.333
BENIGN	2	0	4.13333e+07	666667	3	0	0	0	62	0	93
DDoS	3	4	8807.69	5.29991	1.32078e+06	0	0	0	1454.12	1	1661.86
BENIGN	1	1	2389.99	32.7397	61088	0	0	0	63.6667	1	95.5
DDoS	3	5	244203	168.025	47612	0	0	0	1291.89	1	1453.38
DDoS	4	0	2.19788	0.366313	1.09196e+07	0	0	1	6	0	7.5
BENIGN	2	2	987654	24691.4	162	0	0	0	38.4	1	48
BENIGN	16	16	164.588	0.565715	5.65656e+07	0	0	0	282.121	1	290.938
DDoS	3	6	28761	22.2512	404472	0	0	0	1163.3	2	1292.56
BENIGN	2	2	14261.4	165.831	24121	0	0	0	75.2	1	94
BENIGN	2	2	2447.59	40.1244	99690	0	0	0	55.8	1	69.75
BENIGN	5	0	1163.86	200.666	24917	0	0	1	4.83333	0	5.8
DDoS	8	4	144.135	0.148376	8.08756e+07	0	0	1	897.154	0	971.917
BENIGN	2	2	1.48966e+06	27586.2	145	0	0	0	52.4	1	65.5
BENIGN	2	2	10253.4	129.79	30819	0	0	0	69.4	1	86.75
DDoS	9	4	129.714	0.144509	8.99598e+07	0	0	1	833.929	0	898.077
BENIGN	7	8	1204.55	2.92604	5.12638e+06	0	0	0	385.938	1	411.667
BENIGN	5	4	59.0766	1.16598	7.7188e+06	0	0	0	45.6	0	50.6667
DDoS	3	7	37215.3	32.0077	312425	0	0	0	1057	2	1162.7
DDoS	3	6	19888.2	15.3946	584619	0	0	0	1162.7	2	1291.89
DDoS	5	0	4.08896	0.681493	7.33683e+06	0	0	1	6	0	7.2
DDoS	8	4	119.105	0.12261	9.78716e+07	0	0	1	897.154	0	971.917
BENIGN	2	2	1350.07	26.472	151103	0	0	0	49.4	1	61.75
BENIGN	2	0	1.23333e+07	666667	3	0	1	1	24.6667	0	37
DDoS	3	5	107041	73.612	108678	0	0	0	1292.56	1	1454.12
BENIGN	2	2	1.58025e+06	24691.4	162	0	0	0	57.6	1	72
DDoS	5	0	3.72032	0.620054	8.06382e+06	0	0	1	6	0	7.2
BENIGN	2	2	1.14027e+06	18099.5	221	0	0	0	56.4	1	70.5
BENIGN	2	2	10959.3	130.467	30659	0	0	0	74.6	1	93.25
DDoS	5	0	9.89137	1.64856	3.03295e+06	0	0	1	6	0	7.2
BENIGN	45	70	802.68	0.976962	1.17712e+08	0	0	0	814.526	1	821.609
DDoS	3	6	160367	124.069	72540	0	0	0	1163.3	2	1292.56
DDoS	5	0	2.96743	0.494571	1.01098e+07	0	0	1	6	0	7.2
DDoS	4	0	4.011	0.668499	5.98355e+06	0	0	1	6	0	7.5
DDoS	8	5	144.54	0.161109	8.06907e+07	0	0	1	833.5	0	897.615
DDoS	3	6	40789.5	31.5735	285049	0	0	0	1162.7	2	1291.89
DDoS	3	5	16557.2	11.3922	702233	0	0	0	1291.89	1	1453.38
DDoS	8	6	127.32	0.152833	9.16035e+07	0	0	1	777.933	0	833.5
DDoS	4	0	6.32784	1.05464	3.79277e+06	0	0	1	6	0	7.5
BENIGN	12	10	487.087	1.38969	1.58308e+07	0	0	0	335.261	0	350.5
DDoS	3	5	14295.7	9.83623	813320	0	0	0	1291.89	1	1453.38
DDoS	3	6	26300	20.3473	442319	0	0	0	1163.3	2	1292.56
BENIGN	1	1	1784.06	22.0255	90804	0	0	0	67	1	100.5
DDoS	3	6	784760	607.451	14816	0	0	0	1162.7	2	1291.89
DDoS	5	0	2.8146	0.4691	1.06587e+07	0	0	1	6	0	7.2
BENIGN	20	16	31.0817	0.302499	1.19009e+08	0	0	0	99.973	0	102.75
DDoS	5	0	1308.22	218.036	22932	0	0	1	6	0	7.2
DDoS	3	4	420126	252.936	27675	0	0	0	1453.38	1	1661
BENIGN	2	1	233766	38961	77	0	0	1	6	0	8
BENIGN	2	1	227907	13953.5	215	0	1	1	21.5	0	28.6667
DDoS	4	0	2.83581	0.472635	8.46319e+06	0	0	1	6	0	7.5
DDoS	9	5	143.556	0.172232	8.12855e+07	0	0	1	778.333	0	833.929
DDoS	8	5	114.95	0.128127	1.01462e+08	0	0	1	833.5	0	897.615
BENIGN	10	5	12279.9	154.529	97069	0	0	0	74.5	0	79.4667
BENIGN	2	0	1.03333e+07	666667	3	0	1	1	20.6667	0	31
DDoS	3	6	9739.23	7.53875	1.19383e+06	0	0	0	1162.7	2	1291.89
DDoS	3	4	522186	314.381	22266	0	0	0	1453.38	1	1661
DDoS	4	0	3.71813	0.619689	6.45486e+06	0	0	1	6	0	7.5
BENIGN	2	2	2.16216e+06	54054.1	74	0	0	0	38.4	1	48
DDoS	3	6	10907.8	8.43894	1.06648e+06	0	0	0	1163.3	2	1292.56
DDoS	3	4	7815.49	4.70287	1.48845e+06	0	0	0	1454.12	1	1661.86
BENIGN	1	1	0	39215.7	51	0	0	1	0	1	0
DDoS	8	6	121.665	0.146044	9.58613e+07	0	0	1	777.933	0	833.5
DDoS	5	0	8.44608	1.40768	3.55194e+06	0	0	1	6	0	7.2
DDoS	8	4	141.372	0.145456	8.24989e+07	0	0	1	897.615	0	972.417
DDoS	3	5	108825	74.8391	106896	0	0	0	1292.56	1	1454.12
DDoS	3	6	7860.78	6.08158	1.47988e+06	0	0	0	1163.3	2	1292.56
BENIGN	1	1	0	83333.3	24	0	0	1	0	1	0
BENIGN	1	2	0	37500	80	0	0	1	0	2	0
BENIGN	2	2	6.07322	0.0820706	4.87385e+07	0	0	0	71.8	1	89.75
DDoS	3	4	6214	3.74112	1.8711e+06	0	0	0	1453.38	1	1661
DDoS	4	0	2.63744	0.439573	9.09975e+06	0	0	1	6	0	7.5
DDoS	3	5	6242.49	4.29517	1.86256e+06	0	0	0	1291.89	1	1453.38
DDoS	3	6	6684.4	5.17413	1.73942e+06	0	0	0	1162.7	2	1291.89
BENIGN	15	10	16198.7	48.1187	519549	0	0	0	323.692	0	336.64
BENIGN	1	1	2425	41.8104	47835	0	0	0	52.6667	1	79
DDoS	3	5	187272	128.854	62086	0	0	0	1291.89	1	1453.38
BENIGN	1	1	0	76923.1	26	0	0	1	0	1	0
DDoS	8	6	153.49	0.184245	7.59856e+07	0	0	1	777.933	0	833.5
BENIGN	2	2	3887.08	64.7847	61743	0	0	0	54.6	1	68.25
DDoS	4	0	2.38148	0.396914	1.00778e+07	0	0	1	6	0	7.5
DDoS	4	0	1.05658	0.176096	2.27148e+07	0	0	1	6	0	7.5
BENIGN	2	1	0	43478.3	69	0	0	1	0	0	0
BENIGN	14	9	9676.91	39.7445	578697	0	0	0	233.333	0	243.478
DDoS	3	5	7712.49	5.30387	1.50833e+06	0	0	0	1292.56	1	1454.12
BENIGN	2	2	1.02326e+06	18604.7	215	0	0	0	49.8	1	62.25
DDoS	3	4	199017	119.818	58422	0	0	0	1453.38	1	1661
BENIGN	1	1	0	33333.3	60	0	0	1	0	1	0
DDoS	3	5	91855.9	63.1692	126644	0	0	0	1292.56	1	1454.12
DDoS	3	5	21068.8	14.489	552143	0	0	0	1292.56	1	1454.12
BENIGN	16	17	232170	296.272	111384	0	0	0	760.588	1	783.636
DDoS	4	0	5.96281	0.993802	4.02494e+06	0	0	1	6	0	7.5
DDoS	5	0	3.98304	0.66384	7.53194e+06	0	0	1	6	0	7.2
BENIGN	1	1	0	28169	71	0	0	1	0	1	0
BENIGN	2	2	2.14719e+06	17316	231	0	0	0	111.2	1	139
DDoS	5	0	3.26238	0.543729	9.19575e+06	0	0	1	6	0	7.2
BENIGN	2	2	2.05556e+06	18518.5	216	0	0	0	98.2	1	122.75
DDoS	3	6	14294.9	11.0651	813366	0	0	0	1162.7	2	1291.89
DDoS	3	4	42593.8	25.6435	272974	0	0	0	1453.38	1	1661
DDoS	5	0	4.94086	0.823476	6.07182e+06	0	0	1	6	0	7.2
BENIGN	2	2	1.24638e+06	28985.5	138	0	0	0	39.8	1	49.75
DDoS	3	5	18383.6	12.6424	632792	0	0	0	1292.56	1	1454.12
BENIGN	13	16	475.908	0.53637	5.40671e+07	0	0	0	857.7	1	887.276
DDoS	5	0	4.27201	0.712002	7.02246e+06	0	0	1	6	0	7.2
DDoS	8	5	145.218	0.161865	8.03137e+07	0	0	1	833.5	0	897.615
DDoS	8	6	144.032	0.172981	8.09336e+07	0	0	1	777.533	0	833.071
BENIGN	3	0	0	4249.29	706	0	0	1	0	0	0
DDoS	5	0	5.57265	0.928776	5.38343e+06	0	0	1	6	0	7.2
DDoS	3	5	6877.49	4.72964	1.69146e+06	0	0	0	1292.56	1	1454.12
DDoS	3	6	9058.37	7.00811	1.28423e+06	0	0	0	1163.3	2	1292.56
BENIGN	2	2	5448.37	81.319	49189	0	0	0	60.2	1	75.25
BENIGN	2	2	2.35789e+06	21052.6	190	0	0	0	96.4	1	120.5
DDoS	5	0	7.85763	1.30961	3.81794e+06	0	0	1	6	0	7.2
DDoS	3	5	26801.3	18.4312	434046	0	0	0	1292.56	1	1454.12
DDoS	8	5	113.547	0.126629	1.02662e+08	0	0	1	833.071	0	897.154
DDoS	3	4	17632.9	10.6158	659392	0	0	0	1453.38	1	1661
BENIGN	2	2	1.4e+06	25000	160	0	0	0	53.2	1	66.5
DDoS	3	5	54034.8	37.1789	215176	0	0	0	1291.89	1	1453.38
BENIGN	2	2	1.93103e+06	13793.1	290	0	0	0	120.8	1	151
BENIGN	2	2	14495.6	129.425	30906	0	0	0	103.8	1	129.75
DDoS	3	6	204434	158.245	56874	0	0	0	1162.7	2	1291.89
DDoS	3	6	6549.01	5.06933	1.77538e+06	0	0	0	1162.7	2	1291.89
BENIGN	3	0	7.4e+06	600000	5	0	0	1	9.25	0	12.3333
BENIGN	2	0	1.76667e+07	666667	3	0	1	1	35.3333	0	53
DDoS	5	0	4.84221	0.807036	6.19551e+06	0	0	1	6	0	7.2
DDoS	3	6	12829.7	9.92582	906726	0	0	0	1163.3	2	1292.56
DDoS	4	0	1.06822	0.178037	2.24673e+07	0	0	1	6	0	7.5
BENIGN	4	4	6064.59	80.8612	98935	0	0	0	71.6667	1	80.625
BENIGN	2	0	20270.3	3378.38	592	0	0	1	6	0	9
BENIGN	2	0	0	666667	3	0	0	1	0	0	0
BENIGN	2	1	197248	13761.5	218	0	1	1	18.5	0	24.6667
DDoS	3	6	18568.4	14.3731	626170	0	0	0	1162.7	2	1291.89
BENIGN	2	0	3e+06	500000	4	1	0	0	6	0	9
BENIGN	2	2	9120.68	165.831	24121	0	0	0	50.6	1	63.25
BENIGN	1	1	2323.76	27.9971	71436	0	0	0	70	1	105
BENIGN	52	0	3014.29	17.3235	3.0017e+06	0	0	0	174	0	177.346
BENIGN	2	0	500000	83333.3	24	0	0	1	6	0	9
BENIGN	1	1	6611.16	32.9734	60655	0	0	0	148.667	1	223
DDoS	4	0	2.00977	0.334962	1.19417e+07	0	0	1	6	0	7.5
BENIGN	2	0	4e+06	666667	3	0	0	1	6	0	9
DDoS	3	5	13351.7	9.18195	871275	0	0	0	1292.56	1	1454.12
BENIGN	2	0	1.23333e+07	666667	3	0	1	1	22.6667	0	34
BENIGN	2	2	5958.55	129.534	30880	0	0	0	43.2	1	54
DDoS	3	5	19920.5	13.7064	583671	0	0	0	1291.89	1	1453.38
BENIGN	2	2	1.24503e+06	26490.1	151	0	0	0	45.4	1	56.75
BENIGN	15	12	32.6046	0.442151	6.10651e+07	0	0	0	71.1071	0	73.7407
DDoS	5	0	4.74108	0.790181	6.32767e+06	0	0	1	6	0	7.2
DDoS	4	0	11.2945	1.88241	2.12494e+06	0	0	1	6	0	7.5
BENIGN	3	0	0	0.33342	8.99765e+06	0	0	0	0	0	0
DDoS	3	6	130793	101.19	88942	0	0	0	1163.3	2	1292.56
BENIGN	15	13	141852	231.46	120971	0	0	0	591.724	0	612.857
BENIGN	4	2	7558.32	126.676	47365	0	0	0	57.1429	0	66.6667
BENIGN	15	11	76.8199	0.4276	6.08045e+07	0	0	0	173	0	179.654
BENIGN	2	2	5555.2	129.191	30962	0	0	0	41.4	1	51.75
BENIGN	2	2	9.31973	0.12385	3.22971e+07	0	0	0	69.4	1	86.75
DDoS	8	5	142.153	0.158448	8.20456e+07	0	0	1	833.5	0	897.615
DDoS	4	0	13.8046	2.30077	1.73855e+06	0	0	1	6	0	7.5
BENIGN	9	5	615.779	2.57264	5.44189e+06	0	0	0	223.4	0	239.357
DDoS	4	0	3.37447	0.562411	7.11223e+06	0	0	1	6	0	7.5
BENIGN	1	3	406780	67796.6	59	0	0	1	6	3	7.5
DDoS	8	5	151.693	0.169169	7.68462e+07	0	0	1	833.071	0	897.154
DDoS	5	0	5.9407	0.990117	5.04991e+06	0	0	1	6	0	7.2
DDoS	4	0	3.42754	0.571256	7.00211e+06	0	0	1	6	0	7.5
BENIGN	2	2	847328	15267.2	262	0	0	0	50.8	1	63.5
BENIGN	2	2	8966.31	128.09	31228	0	0	0	64.4	1	80.5
BENIGN	2	2	1.06215e+06	22598.9	177	0	0	0	45.4	1	56.75
BENIGN	10	8	610.242	1.62997	1.10432e+07	0	0	0	354.684	0	374.389
BENIGN	2	2	1.71915e+06	17021.3	235	0	0	0	88.2	1	110.25
BENIGN	2	2	8010.34	126.147	31709	0	0	0	56.8	1	71
BENIGN	5	5	284.431	1.8899	5.29127e+06	0	0	0	136.818	1	150.5
BENIGN	32	16	159.614	0.665982	7.2074e+07	0	1	1	243	0	248.062
DDoS	3	4	111388	67.0261	104437	0	0	0	1454.12	1	1661.86
DDoS	4	0	5.85523	0.975871	4.0989e+06	0	0	1	6	0	7.5
DDoS	8	5	118.646	0.132315	9.82504e+07	0	0	1	833.071	0	897.154
DDoS	3	4	6267.76	3.77154	1.856e+06	0	0	0	1454.12	1	1661.86
BENIGN	8	6	755.093	2.65744	5.26822e+06	0	0	0	265.2	0	284.143
BENIGN	2	2	1.27575e+06	13289	301	0	0	0	88	1	110
DDoS	3	4	219234	131.921	53062	0	0	0	1454.12	1	1661.86
BENIGN	52	0	2893.62	16.63	3.12688e+06	0	0	0	174	0	177.346
BENIGN	16	14	9.07681	0.259832	1.15459e+08	0	0	0	33.8065	0	34.9333
BENIGN	1	1	4081.11	63.7674	31364	0	0	0	61.3333	1	92
BENIGN	2	2	2.0431e+06	17241.4	232	0	0	0	100.8	1	126
BENIGN	5	5	76.7142	0.820473	1.21881e+07	0	0	0	85	1	93.5
DDoS	3	6	19670.7	15.2185	591387	0	0	0	1163.3	2	1292.56
BENIGN	2	2	8173.06	64.8656	61666	0	0	0	109.6	1	137
DDoS	3	6	6592.1	5.10005	1.76469e+06	0	0	0	1163.3	2	1292.56
DDoS	9	4	125.452	0.139833	9.29679e+07	0	0	1	833.5	0	897.615
DDoS	3	6	274863	212.761	42301	0	0	0	1162.7	2	1291.89
DDoS	5	0	3.78129	0.630214	7.93381e+06	0	0	1	6	0	7.2
DDoS	4	0	2.79012	0.465019	8.6018e+06	0	0	1	6	0	7.5
BENIGN	1	1	0	48780.5	41	0	0	1	0	1	0
DDoS	3	5	120974	83.1938	96161	0	0	0	1292.56	1	1454.12
BENIGN	1	1	5116.4	85.2733	23454	0	0	0	57.3333	1	86
BENIGN	2	2	14259.6	126.191	31698	0	0	0	97	1	121.25
BENIGN	19	18	41.2564	0.316305	1.16976e+08	0	0	0	127	0	130.432
DDoS	3	6	45639.5	35.3095	254889	0	0	0	1163.3	2	1292.56
DDoS	3	4	13044.7	7.85354	891318	0	0	0	1453.38	1	1661
BENIGN	2	2	1.93182e+06	22727.3	176	0	0	0	77.2	1	96.5
DDoS	3	6	6383.04	4.94086	1.82154e+06	0	0	0	1162.7	2	1291.89
DDoS	4	0	4.00343	0.667238	5.99487e+06	0	0	1	6	0	7.5
DDoS	5	0	3.23349	0.538916	9.27789e+06	0	0	1	6	0	7.2
DDoS	3	5	9598	6.60053	1.21202e+06	0	0	0	1292.56	1	1454.12
DDoS	5	0	4.55177	0.758629	6.59084e+06	0	0	1	6	0	7.2
DDoS	3	4	144148	86.784	80660	0	0	0	1453.38	1	1661
BENIGN	1	1	129032	21505.4	93	0	0	1	6	1	9
BENIGN	23	20	77.6772	0.371207	1.15838e+08	0	0	0	204.5	0	209.256
DDoS	3	5	17165.1	11.8044	677712	0	0	0	1292.56	1	1454.12
BENIGN	2	2	911111	22222.2	180	0	0	0	39.4	1	49.25
BENIGN	1	1	3878.64	65.7397	30423	0	0	0	56.3333	1	84.5
BENIGN	2	2	10651.9	85.2152	46940	0	0	0	105.6	1	132
DDoS	3	6	425445	329.321	27329	0	0	0	1162.7	2	1291.89
BENIGN	5	3	4247.65	43.4542	184102	0	0	0	86.8889	0	97.75
BENIGN	4	4	10.9474	0.118671	6.74131e+07	0	0	0	86.1111	1	96.875
DDoS	3	4	14192.3	8.54004	819668	0	0	0	1454.12	1	1661.86
BENIGN	3	1	1.93621	0.645403	6.19768e+06	0	0	0	2.4	0	3
DDoS	3	5	238571	164.15	48736	0	0	0	1291.89	1	1453.38
DDoS	4	0	2.58378	0.430631	9.2887e+06	0	0	1	6	0	7.5
DDoS	3	4	12668.3	7.62301	918273	0	0	0	1454.12	1	1661.86
DDoS	3	5	18156.5	12.4927	640375	0	0	0	1291.89	1	1453.38
BENIGN	2	2	371681	8849.56	452	0	0	0	40.4	1	50.5
DDoS	5	0	3.69971	0.616618	8.10874e+06	0	0	1	6	0	7.2
BENIGN	19	16	146.828	0.571061	6.12894e+07	0	0	0	249.972	0	257.114
BENIGN	2	2	2e+06	22727.3	176	0	0	0	78.4	1	98
DDoS	2	6	284104	195.58	40904	0	0	0	1291.22	3	1452.62
BENIGN	1	1	300000	50000	40	0	0	1	6	1	9
DDoS	3	5	88866	61.113	130905	0	0	0	1292.56	1	1454.12
BENIGN	2	2	1.41485e+06	17467.2	229	0	0	0	70.8	1	88.5
DDoS	7	5	1558.24	1.60492	7.47703e+06	0	0	1	896.692	0	971.417
BENIGN	4	4	5.81817	0.121212	6.60001e+07	0	0	0	48	1	54
BENIGN	1	1	0	3623.19	552	0	0	1	0	1	0
DDoS	3	6	11971.7	9.26201	971711	0	0	0	1163.3	2	1292.56
BENIGN	1	1	406.862	135.621	14747	0	0	1	4	1	6
BENIGN	3	0	7.75e+06	750000	4	0	0	1	7.75	0	10.3333
BENIGN	20	18	17.4538	0.326721	1.16307e+08	0	0	0	52.0513	0	53.4211
BENIGN	1	1	3063.65	15.434	129584	0	0	0	150.667	1	226
DDoS	3	6	18811.8	14.5539	618389	0	0	0	1163.3	2	1292.56
BENIGN	2	2	1.70707e+06	20202	198	0	0	0	75	1	93.75
DDoS	5	0	10.5449	1.75748	2.84499e+06	0	0	1	6	0	7.2
DDoS	3	6	10396.8	8.04357	1.11891e+06	0	0	0	1163.3	2	1292.56
BENIGN	1	1	292683	48780.5	41	0	0	1	6	1	9
BENIGN	1	1	0	40000	50	0	0	1	0	1	0
DDoS	5	0	3.76748	0.627914	7.96287e+06	0	0	1	6	0	7.2
BENIGN	8	6	689.875	2.46762	5.67349e+06	0	0	0	260.933	0	279.571
BENIGN	20	15	207576	487.954	71728	0	0	0	413.583	0	425.4
DDoS	3	6	9119.78	7.05562	1.27558e+06	0	0	0	1163.3	2	1292.56
DDoS	3	6	11798.8	9.12826	985949	0	0	0	1163.3	2	1292.56
DDoS	8	6	1458.15	1.75123	7.99438e+06	0	0	1	777.533	0	833.071
DDoS	4	0	5.19729	0.866214	4.61779e+06	0	0	1	6	0	7.5
BENIGN	17	15	18.3914	0.277999	1.15108e+08	0	0	0	64.1515	0	66.1562
BENIGN	3	4	14750.1	38.1	183727	0	0	0	338.75	1	387.143
BENIGN	1	3	187500	41666.7	96	0	0	1	3.6	3	4.5
BENIGN	1	1	0	22727.3	88	0	0	1	0	1	0
DDoS	3	5	18653	12.8276	623654	0	0	0	1292.56	1	1454.12
DDoS	5	0	4.1443	0.690716	7.23886e+06	0	0	1	6	0	7.2
BENIGN	2	2	5000.48	128.217	31197	0	0	0	37.4	1	46.75
DDoS	3	6	456749	353.551	25456	0	0	0	1162.7	2	1291.89
DDoS	3	5	8493.18	5.84377	1.36898e+06	0	0	0	1291.89	1	1453.38
BENIGN	1	1	526.463	7.57501	264026	0	0	0	62	1	93
DDoS	3	5	337327	232.099	34468	0	0	0	1291.89	1	1453.38
BENIGN	7	2	3.84679	0.144255	6.23897e+07	0	1	1	28.1	0	31.2222
BENIGN	1	1	461538	76923.1	26	0	0	1	6	1	9
DDoS	8	5	128.336	0.143048	9.08788e+07	0	0	1	833.5	0	897.615
BENIGN	2	0	7207.21	1201.2	1665	0	0	1	6	0	9
BENIGN	1	1	0	55555.6	36	0	0	1	0	1	0
DDoS	3	5	317746	218.514	36611	0	0	0	1292.56	1	1454.12
DDoS	3	6	10269.9	7.94543	1.13273e+06	0	0	0	1163.3	2	1292.56
DDoS	8	5	141.103	0.15736	8.26133e+07	0	0	1	833.071	0	897.154
DDoS	4	0	6.25013	1.04169	3.83992e+06	0	0	1	6	0	7.5
BENIGN	2	2	6661.92	129.358	30922	0	0	0	48	1	60
BENIGN	10	12	542.76	2.65703	8.27991e+06	0	0	0	195.391	1	204.273
BENIGN	2	1	86.1714	14.3619	208886	0	0	1	6	0	8
BENIGN	40	44	557.917	0.78451	1.07073e+08	0	0	0	702.8	1	711.167
DDoS	3	5	152933	105.172	76066	0	0	0	1292.56	1	1454.12
DDoS	4	0	9.02694	1.50449	2.65871e+06	0	0	1	6	0	7.5
DDoS	4	0	2.00122	0.333537	1.19927e+07	0	0	1	6	0	7.5
DDoS	8	5	152.728	0.170236	7.63647e+07	0	0	1	833.5	0	897.615
BENIGN	2	1	0	82.4493	36386	0	0	1	0	0	0
DDoS	3	6	626961	485.306	18545	0	0	0	1162.7	2	1291.89
DDoS	3	5	11222.3	7.71756	1.0366e+06	0	0	0	1292.56	1	1454.12
DDoS	3	6	7197.15	5.56529	1.61717e+06	0	0	0	1163.9	2	1293.22
DDoS	9	6	126.3	0.162354	9.2391e+07	0	0	1	729.688	0	778.333
DDoS	3	4	630737	379.733	18434	0	0	0	1453.38	1	1661
DDoS	3	4	6699.93	4.03159	1.73629e+06	0	0	0	1454.12	1	1661.86
DDoS	3	6	18857.5	14.5893	616890	0	0	0	1163.3	2	1292.56
BENIGN	2	0	1.03333e+07	666667	3	0	1	1	20.6667	0	31
DDoS	4	0	4.36612	0.727687	5.49687e+06	0	0	1	6	0	7.5
BENIGN	1	1	0	80000	25	0	0	1	0	1	0
BENIGN	2	2	3116.51	49.8641	80218	0	0	0	56.8	1	71
DDoS	8	5	157.925	0.176029	7.38516e+07	0	0	1	833.5	0	897.615
BENIGN	2	1	48387.1	12096.8	248	1	0	0	4.5	0	6
DDoS	5	0	1.24001	0.206668	2.41934e+07	0	0	1	6	0	7.2
BENIGN	61	63	236816	355.77	348540	0	0	0	660.32	1	665.645
DDoS	3	6	9881.19	7.64469	1.17729e+06	0	0	0	1163.3	2	1292.56
BENIGN	2	2	1.57419e+06	25806.5	155	0	0	0	55.4	1	69.25
BENIGN	2	2	119037	1817.36	2201	0	0	0	58.8	1	73.5
DDoS	3	4	10035.5	6.04186	1.15858e+06	0	0	0	1453.38	1	1661
DDoS	3	5	189847	130.625	61244	0	0	0	1291.89	1	1453.38
DDoS	6	0	3.80551	0.634252	9.45997e+06	0	0	1	6	0	7
DDoS	5	0	4.50185	0.750308	6.66393e+06	0	0	1	6	0	7.2
DDoS	8	6	145.393	0.174616	8.01757e+07	0	0	1	777.533	0	833.071
DDoS	9	4	115.8	0.129008	1.00769e+08	0	0	1	833.929	0	898.077
DDoS	6	0	8.49176	1.41529	4.2394e+06	0	0	1	6	0	7
DDoS	3	4	37760.7	22.7337	307913	0	0	0	1453.38	1	1661
BENIGN	7	4	154.953	2.18243	5.04025e+06	0	0	0	65.0833	0	71
BENIGN	2	2	1.00559e+06	22346.4	179	0	0	0	42.2	1	52.75
DDoS	3	4	201434	121.273	57721	0	0	0	1453.38	1	1661
BENIGN	2	2	672.525	9.43895	423776	0	0	0	65.2	1	81.5
DDoS	8	4	145.675	0.149885	8.00615e+07	0	0	1	897.615	0	972.417
BENIGN	48	66	994.666	1.03512	1.10132e+08	0	0	1	952.565	1	960.921
DDoS	3	6	231974	179.562	50122	0	0	0	1162.7	2	1291.89
BENIGN	1	1	3017.81	39.4485	50699	0	0	0	67.6667	1	101.5
BENIGN	2	2	2.73016e+06	21164	189	0	0	0	116.2	1	145.25
BENIGN	2	2	1.19708e+06	29197.1	137	0	0	0	39.4	1	49.25
DDoS	8	5	145.52	0.162201	8.01473e+07	0	0	1	833.5	0	897.615
BENIGN	2	2	1.34375e+06	15625	256	0	0	0	75.6	1	94.5
BENIGN	2	2	580645	12903.2	310	0	0	0	42.2	1	52.75
BENIGN	10	6	1028.48	2.9213	5.47702e+06	0	0	0	331.353	0	352.062
BENIGN	2	0	3.7e+07	2e+06	1	0	1	1	24.6667	0	37
DDoS	8	4	165.48	0.170349	7.04434e+07	0	0	1	897.154	0	971.917
BENIGN	16	6	150901	161.501	136222	0	0	0	893.739	0	934.364
DDoS	5	0	32.93	5.48834	911023	0	0	1	6	0	7.2
BENIGN	1	1	5327.83	85.9328	23274	0	0	0	56.6667	1	85
BENIGN	1	1	352830	3773.58	530	0	0	0	80.6667	1	121
DDoS	4	0	5.21917	0.869861	4.59844e+06	0	0	1	6	0	7.5
BENIGN	2	0	4e+06	666667	3	0	0	1	6	0	9
BENIGN	2	2	1.45392e+06	13651.9	293	0	0	0	92.8	1	116
DDoS	3	5	21634.2	14.8855	537437	0	0	0	1291.89	1	1453.38
BENIGN	2	0	0	2e+06	1	0	0	1	0	0	0
BENIGN	2	0	1e+06	166667	12	0	0	1	6	0	9
DDoS	8	6	145.263	0.17446	8.02477e+07	0	0	1	777.533	0	833.071
BENIGN	3	1	2.46866	0.705331	5.6711e+06	0	0	0	2.8	0	3.5
DDoS	4	0	4.9296	0.821601	4.86855e+06	0	0	1	6	0	7.5
DDoS	4	0	3.78199	0.630331	6.34587e+06	0	0	1	6	0	7.5
BENIGN	3	3	93.731	1.87462	3.20065e+06	0	0	0	50	1	58.3333
DDoS	3	5	340998	234.625	34097	0	0	0	1291.89	1	1453.38
BENIGN	2	0	0	666667	3	0	0	1	0	0	0
DDoS	8	5	156.958	0.175041	7.42683e+07	0	0	1	833.071	0	897.154
DDoS	3	5	245446	168.88	47371	0	0	0	1291.89	1	1453.38
BENIGN	2	1	515.287	85.8811	34932	0	0	1	6	0	8
BENIGN	20	22	95.9678	0.380537	1.1037e+08	0	0	0	246.326	1	252.19
DDoS	4	0	4.16117	0.693528	5.76761e+06	0	0	1	6	0	7.5
BENIGN	5	5	14.243	0.165809	6.03105e+07	0	0	0	78.0909	1	85.9
BENIGN	5	4	40.196	0.486243	1.85093e+07	0	0	0	74.4	0	82.6667
DDoS	3	7	252135	216.741	46138	0	0	0	1057.55	2	1163.3
BENIGN	3	0	4.94e+07	600000	5	0	1	1	115.75	0	154.333
DDoS	2	7	257096	199.111	45201	0	0	0	1162.1	3	1291.22
DDoS	3	5	25500.1	17.5364	456194	0	0	0	1292.56	1	1454.12
BENIGN	31	26	153.323	0.488209	1.16753e+08	0	0	0	308.638	0	314.053
DDoS	3	5	16343.2	11.2392	711796	0	0	0	1292.56	1	1454.12
BENIGN	2	2	1.25967e+06	22099.4	181	0	0	0	53	1	66.25
DDoS	9	5	127.402	0.152851	9.15922e+07	0	0	1	778.333	0	833.929
DDoS	5	0	2.95583	0.492638	1.01494e+07	0	0	1	6	0	7.2
BENIGN	1	1	7412.22	65.0195	30760	0	0	0	92.6667	1	139
DDoS	5	0	3.53406	0.58901	8.48882e+06	0	0	1	6	0	7.2
BENIGN	2	2	6527.82	64.6318	61889	0	0	0	86.8	1	108.5
DDoS	3	4	802748	483.292	14484	0	0	0	1453.38	1	1661
DDoS	4	0	2.63165	0.438608	9.11976e+06	0	0	1	6	0	7.5
DDoS	8	6	142.279	0.170789	8.19727e+07	0	0	1	777.933	0	833.5
BENIGN	2	2	3210.58	43.0951	92818	0	0	0	65.8	1	82.25
BENIGN	1	1	266667	44444.4	45	0	0	1	6	1	9
BENIGN	1	1	0	26666.7	75	0	0	1	0	1	0
BENIGN	1	1	3747.47	37.1037	53903	0	0	0	82	1	123
BENIGN	2	2	5012.7	65.5254	61045	0	0	0	67.4	1	84.25
BENIGN	1	1	2388.39	16.5287	121002	0	0	0	116.667	1	175
DDoS	5	0	2.71918	0.453197	1.10327e+07	0	0	1	6	0	7.2
BENIGN	2	2	811881	19802	202	0	0	0	39.4	1	49.25
BENIGN	3	0	83333.3	8064.52	372	0	0	1	7.75	0	10.3333
BENIGN	2	2	8601.61	167.022	23949	0	0	0	48	1	60
BENIGN	4	0	3.85e+07	2e+06	2	0	0	1	15.4	0	19.25
BENIGN	2	2	1.89542e+06	26143.8	153	0	0	0	66.6	1	83.25
DDoS	5	0	14.2651	2.37752	2.10304e+06	0	0	1	6	0	7.2
DDoS	5	0	3.14841	0.524734	9.52863e+06	0	0	1	6	0	7.2
BENIGN	4	2	13518.2	98.1949	61103	0	0	0	122.857	0	143.333
DDoS	5	0	4.98102	0.830169	6.02287e+06	0	0	1	6	0	7.2
DDoS	5	0	14.398	2.39967	2.08362e+06	0	0	1	6	0	7.2
BENIGN	10	12	173.523	0.759251	2.89759e+07	0	0	0	218.609	1	228.545
DDoS	9	6	118.725	0.152695	9.82351e+07	0	0	1	729.312	0	777.933
DDoS	5	0	11.7692	1.96153	2.54904e+06	0	0	1	6	0	7.2
BENIGN	2	2	1.14768e+06	16877.6	237	0	0	0	61.8	1	77.25
DDoS	3	5	8941.45	6.15219	1.30035e+06	0	0	0	1291.89	1	1453.38
BENIGN	15	13	96.6786	0.457727	6.11718e+07	0	0	0	203.931	0	211.214
DDoS	3	5	9808.64	6.74887	1.18538e+06	0	0	0	1291.89	1	1453.38
DDoS	3	6	6170.83	4.77413	1.88516e+06	0	0	0	1163.3	2	1292.56
BENIGN	1	1	835.104	7.10727	281402	0	0	0	93.3333	1	140
DDoS	3	5	196058	134.898	59304	0	0	0	1291.89	1	1453.38
DDoS	3	5	88633.3	60.9844	131181	0	0	0	1291.89	1	1453.38
DDoS	5	0	22.413	3.73549	1.33851e+06	0	0	1	6	0	7.2
BENIGN	2	2	12110.3	116.445	34351	0	0	0	91.2	1	114
BENIGN	2	0	770833	41666.7	48	0	1	1	24.6667	0	37
DDoS	8	4	126.125	0.12977	9.24714e+07	0	0	1	897.615	0	972.417
BENIGN	2	2	4.55072e+06	57971	69	0	0	0	72.2	1	90.25
DDoS	5	0	3.07917	0.513196	9.74288e+06	0	0	1	6	0	7.2
BENIGN	10	6	5416.36	37.3703	428147	0	0	0	136.412	0	144.938
BENIGN	1	1	0	20408.2	98	0	0	1	0	1	0
BENIGN	1	1	1018.09	21.2103	94294	0	0	0	48	1	72
DDoS	3	5	117449	80.7697	99047	0	0	0	1292.56	1	1454.12
DDoS	5	0	26.4088	4.40147	1.13598e+06	0	0	1	6	0	7.2
BENIGN	10	5	9835.74	133.396	112447	0	0	0	69.125	0	73.7333
DDoS	3	6	21674.1	16.7684	536724	0	0	0	1163.3	2	1292.56
BENIGN	1	1	0	40816.3	49	0	0	1	0	1	0
BENIGN	3	1	2.05615	0.685383	5.83615e+06	0	0	0	2.4	0	3
BENIGN	2	1	0	33333.3	90	0	0	1	0	0	0
BENIGN	22	20	183016	319.081	131628	0	0	0	560.233	0	573.571
DDoS	9	6	161.367	0.207536	7.22765e+07	0	0	1	729.312	0	777.933
DDoS	2	5	9189.96	5.53279	1.26518e+06	0	0	0	1453.38	2	1661
DDoS	3	6	12142.7	9.39435	958023	0	0	0	1163.3	2	1292.56
DDoS	8	6	117.658	0.141307	9.90751e+07	0	0	1	777.533	0	833.071
BENIGN	2	0	151899	25316.5	79	0	0	1	6	0	9
BENIGN	1	1	2755.51	33.1989	60243	0	0	0	72.3333	1	108.5
BENIGN	3	0	360000	60000	50	0	0	1	6	0	8
BENIGN	2	2	1.86047e+06	18604.7	215	0	0	0	87.2	1	109
BENIGN	1	1	300000	50000	40	0	0	1	6	1	9
DDoS	3	7	15850.1	13.6322	733559	0	0	0	1057	2	1162.7
BENIGN	2	2	1.72088	0.0334151	1.19706e+08	0	0	0	48.8	1	61
DDoS	4	0	15.9262	2.65436	1.50695e+06	0	0	1	6	0	7.5
DDoS	8	6	131.614	0.157986	8.86153e+07	0	0	1	777.933	0	833.5
BENIGN	55	97	11013.2	14.7012	1.03393e+07	0	0	0	744.235	1	749.132
BENIGN	1	1	0	40000	50	0	0	1	0	1	0
DDoS	3	6	370996	287.173	31340	0	0	0	1162.7	2	1291.89
DDoS	5	0	0.677526	0.112921	4.42788e+07	0	0	1	6	0	7.2
DDoS	3	4	441052	265.534	26362	0	0	0	1453.38	1	1661
BENIGN	16	15	25.8785	0.267233	1.16004e+08	0	0	0	93.8125	0	96.8387
BENIGN	15	13	28.1115	0.254897	1.09848e+08	0	0	1	106.483	0	110.286
BENIGN	3	0	198502	11236	267	0	0	1	13.25	0	17.6667
BENIGN	2	2	2.30508e+06	22598.9	177	0	0	0	89.2	1	111.5
BENIGN	1	1	214286	35714.3	56	0	0	1	6	1	9
BENIGN	2	2	365517	4597.7	870	0	0	0	71.8	1	89.75
BENIGN	17	14	105.361	0.502107	6.17398e+07	0	0	0	203.281	0	209.839
BENIGN	2	0	3.18805	0.531342	3.76405e+06	0	0	1	6	0	9
DDoS	3	7	167841	144.354	69274	0	0	0	1057	2	1162.7
DDoS	3	5	8770.89	6.03173	1.32632e+06	0	0	0	1292.56	1	1454.12
BENIGN	21	16	133.565	0.597785	6.18952e+07	0	0	0	217.553	0	223.432
DDoS	9	5	117.394	0.140844	9.94007e+07	0	0	1	778.333	0	833.929
BENIGN	25	29	1334.93	3.59549	1.50188e+07	0	0	0	364.527	1	371.278
DDoS	3	6	476536	368.868	24399	0	0	0	1162.7	2	1291.89
DDoS	3	5	347794	239.177	33448	0	0	0	1292.56	1	1454.12
DDoS	3	6	9345.24	7.23005	1.2448e+06	0	0	0	1163.3	2	1292.56
BENIGN	1	1	0	34482.8	58	0	0	1	0	1	0
BENIGN	3	0	104730	10135.1	296	0	0	1	7.75	0	10.3333
DDoS	9	6	127.286	0.163704	9.16286e+07	0	0	1	729.312	0	777.933
DDoS	3	5	23091.7	15.8802	503773	0	0	0	1292.56	1	1454.12
BENIGN	1	1	218182	36363.6	55	0	0	1	6	1	9
DDoS	3	6	6139.62	4.75244	1.89377e+06	0	0	0	1162.7	2	1291.89
DDoS	3	4	6636.48	3.99547	1.75198e+06	0	0	0	1453.38	1	1661
BENIGN	2	0	0	3095.98	646	0	0	1	0	0	0
BENIGN	7	0	0	0.106629	6.5648e+07	0	0	0	0	0	0
BENIGN	1	1	0	11627.9	172	0	0	1	0	1	0
BENIGN	2	2	3626.9	78.8457	50732	0	0	0	44.4	1	55.5
BENIGN	10	9	1207.38	3.712	5.11853e+06	0	0	0	309	0	325.263
DDoS	5	0	6.00339	1.00056	4.99718e+06	0	0	1	6	0	7.2
BENIGN	9	9	1634.53	2.90928	6.18709e+06	0	0	0	532.263	1	561.833
DDoS	3	6	54907.1	42.4795	211867	0	0	0	1163.3	2	1292.56
BENIGN	13	13	979.407	3.40163	7.6434e+06	0	0	0	277.259	1	287.923
DDoS	3	5	725611	499.002	16032	0	0	0	1292.56	1	1454.12
BENIGN	1	1	4152.88	64.8887	30822	0	0	0	61.3333	1	92
DDoS	5	0	7.4908	1.24847	4.00491e+06	0	0	1	6	0	7.2
DDoS	4	0	5.93318	0.988863	4.04505e+06	0	0	1	6	0	7.5
BENIGN	18	18	653.231	1.80603	1.99332e+07	0	0	0	351.919	1	361.694
BENIGN	15	10	28648.1	85.6599	291852	0	0	0	321.577	0	334.44
BENIGN	2	2	7.33251	0.0752052	5.31878e+07	0	0	0	87	1	108.75
BENIGN	16	23	215217	236.163	165140	0	0	0	888.525	1	911.308
DDoS	7	6	1752.45	1.95535	6.64842e+06	0	0	1	832.643	0	896.692
DDoS	5	0	416.401	69.4001	72046	0	0	1	6	0	7.2
BENIGN	1	1	7933.15	65.0258	30757	0	0	0	100.667	1	151
BENIGN	2	0	6063.67	1010.61	1979	0	0	1	6	0	9
DDoS	3	6	275489	213.245	42205	0	0	0	1162.7	2	1291.89
DDoS	5	0	16.1026	2.68377	1.86305e+06	0	0	1	6	0	7.2
DDoS	5	0	3.31498	0.552497	9.04982e+06	0	0	1	6	0	7.2
DDoS	3	4	248250	149.381	46860	0	0	0	1454.12	1	1661.86
DDoS	5	0	8.16559	1.36093	3.67395e+06	0	0	1	6	0	7.2
BENIGN	1	1	0	35087.7	57	0	0	1	0	1	0
DDoS	5	0	3.76144	0.626906	7.97568e+06	0	0	1	6	0	7.2
BENIGN	1	1	9403.99	84.7206	23607	0	0	0	89.6667	1	134.5
DDoS	9	6	143.766	0.184804	8.11669e+07	0	0	1	729.688	0	778.333
BENIGN	2	2	607774	14134.3	283	0	0	0	41.4	1	51.75
BENIGN	2	0	94.6007	15.7668	126849	0	0	1	6	0	9
DDoS	4	0	4.45941	0.743236	5.38187e+06	0	0	1	6	0	7.5
BENIGN	2	2	1.28467e+06	29197.1	137	0	0	0	42.4	1	53
DDoS	3	4	6335.15	3.81406	1.83532e+06	0	0	0	1453.38	1	1661
BENIGN	2	2	1.79904e+06	19138.8	209	0	0	0	84.4	1	105.5
DDoS	3	5	289811	199.302	40140	0	0	0	1292.56	1	1454.12
DDoS	3	5	37598.2	25.8562	309403	0	0	0	1292.56	1	1454.12
BENIGN	2	0	88.8208	2.86519	698035	0	1	1	31	0	46.5
DDoS	8	4	150.888	0.155328	7.72559e+07	0	0	1	897.154	0	971.917
BENIGN	1	1	123.678	20.613	97026	0	0	1	6	1	9
BENIGN	2	2	12310.3	168.634	23720	0	0	0	67	1	83.75
BENIGN	26	24	83.6133	0.433544	1.15329e+08	0	0	0	189.078	0	192.86
DDoS	3	5	10225.9	7.03234	1.1376e+06	0	0	0	1292.56	1	1454.12
BENIGN	1	1	1212.3	18.9423	105584	0	0	0	54.6667	1	82
DDoS	9	5	118.196	0.141807	9.87254e+07	0	0	1	778.333	0	833.929
DDoS	6	0	3.92466	0.65411	9.17277e+06	0	0	1	6	0	7
BENIGN	2	2	9683.81	97.8163	40893	0	0	0	86.2	1	107.75
DDoS	5	0	3.46111	0.576852	8.66774e+06	0	0	1	6	0	7.2
BENIGN	1	1	5022.49	65.6534	30463	0	0	0	66.3333	1	99.5
BENIGN	2	2	2.09322e+06	16949.2	236	0	0	0	106.4	1	133
BENIGN	2	0	64516.1	10752.7	186	0	0	1	6	0	9
DDoS	3	5	12785.1	8.79231	909886	0	0	0	1292.56	1	1454.12
BENIGN	1	2	0	39473.7	76	0	0	1	0	2	0
DDoS	4	0	2.5856	0.430933	9.28218e+06	0	0	1	6	0	7.5
DDoS	4	0	2.15852	0.359754	1.11187e+07	0	0	1	6	0	7.5
DDoS	4	0	3.70312	0.617186	6.48102e+06	0	0	1	6	0	7.5
DDoS	5	0	6.25678	1.0428	4.7948e+06	0	0	1	6	0	7.2
DDoS	5	0	3.08995	0.514991	9.7089e+06	0	0	1	6	0	7.2
BENIGN	8	4	621.993	2.20565	5.44058e+06	0	0	0	260.308	0	282
BENIGN	2	0	29.2997	4.88329	409560	0	0	1	6	0	9
BENIGN	1	1	96774.2	16129	124	0	0	1	6	1	9
DDoS	3	6	236624	183.161	49137	0	0	0	1162.7	2	1291.89
BENIGN	2	2	139.662	1.93975	2.06212e+06	0	0	0	68.2	1	85.25
DDoS	3	4	16125.8	9.70851	721017	0	0	0	1453.38	1	1661
BENIGN	2	1	0.30812	0.07703	3.89459e+07	0	0	1	4.5	0	6
DDoS	5	0	7.5834	1.2639	3.95601e+06	0	0	1	6	0	7.2
BENIGN	8	7	314.321	0.916209	1.63718e+07	0	0	0	321.625	0	343.067
BENIGN	2	2	3269.4	41.6484	96042	0	0	0	70.4	1	88
BENIGN	2	2	1.87013e+06	25974	154	0	0	0	66	1	82.5
DDoS	4	0	5.38185	0.896975	4.45943e+06	0	0	1	6	0	7.5
DDoS	4	0	19.7574	3.2929	1.21473e+06	0	0	1	6	0	7.5
DDoS	3	5	11213.6	7.71156	1.0374e+06	0	0	0	1292.56	1	1454.12
DDoS	8	5	1395.17	1.5551	8.35957e+06	0	0	1	833.5	0	897.615
DDoS	3	7	258240	222.104	45024	0	0	0	1057	2	1162.7
DDoS	4	0	2.79923	0.466538	8.57378e+06	0	0	1	6	0	7.5
DDoS	3	4	6732.22	4.05311	1.72707e+06	0	0	0	1453.38	1	1661
BENIGN	1	1	200000	33333.3	60	0	0	1	6	1	9
DDoS	5	0	3.12635	0.521058	9.59587e+06	0	0	1	6	0	7.2
DDoS	3	4	6391.83	3.84818	1.81904e+06	0	0	0	1453.38	1	1661
DDoS	5	0	7.91543	1.31924	3.79006e+06	0	0	1	6	0	7.2
BENIGN	11	7	68154.1	203.041	88652	0	0	0	318	0	335.667
BENIGN	10	5	14862.1	107.024	140155	0	0	0	130.188	0	138.867
BENIGN	1	1	136364	22727.3	88	0	0	1	6	1	9
BENIGN	2	0	0	0.0312135	6.40748e+07	0	0	1	0	0	0
BENIGN	38	56	4894.94	4.38615	2.14311e+07	0	0	0	1104.25	1	1116
BENIGN	3	5	45334.4	133.828	59778	0	0	0	301.111	1	338.75
DDoS	4	0	6.8821	1.14702	3.48731e+06	0	0	1	6	0	7.5
DDoS	5	0	13.6124	2.26873	2.20388e+06	0	0	1	6	0	7.2
DDoS	3	6	6244.1	4.83082	1.86304e+06	0	0	0	1163.3	2	1292.56
BENIGN	2	0	9.25e+06	500000	4	0	1	1	22.6667	0	34
DDoS	4	0	2.24013	0.373356	1.07136e+07	0	0	1	6	0	7.5
BENIGN	3	4	27683.4	147.701	47393	0	0	0	164	1	187.429
DDoS	3	6	12201	9.4443	952956	0	0	0	1162.7	2	1291.89
DDoS	3	5	13122.7	9.02445	886481	0	0	0	1292.56	1	1454.12
BENIGN	3	1	262032	21390.4	187	0	0	1	11	0	13.75
BENIGN	4	2	10447.2	158.29	37905	0	0	0	63	0	73.5
BENIGN	2	2	567901	24691.4	162	0	0	0	23	1	28.75
DDoS	4	0	2.4268	0.404466	9.88957e+06	0	0	1	6	0	7.5
DDoS	6	0	5.89694	0.982824	6.10486e+06	0	0	1	6	0	7
DDoS	4	0	8.4718	1.41197	2.83293e+06	0	0	1	6	0	7.5
BENIGN	16	12	61.2316	0.44683	6.26637e+07	0	0	0	132.31	0	137.036
BENIGN	2	2	4985.53	80.4117	49744	0	0	0	55.4	1	69.25
DDoS	5	0	508.165	84.6941	59036	0	0	1	6	0	7.2
BENIGN	2	0	82191.8	13698.6	146	0	0	1	6	0	9
DDoS	8	6	145.122	0.174201	8.0367e+07	0	0	1	777.933	0	833.5
DDoS	3	4	273828	164.857	42461	0	0	0	1453.38	1	1661
DDoS	5	0	9.92419	1.65403	3.02292e+06	0	0	1	6	0	7.2
DDoS	4	0	8.09645	1.34941	2.96426e+06	0	0	1	6	0	7.5
DDoS	4	0	6.62074	1.10346	3.62497e+06	0	0	1	6	0	7.5
BENIGN	18	15	25.3726	0.284601	1.15952e+08	0	0	0	86.5294	0	89.1515
BENIGN	2	1	225000	37500	80	0	0	1	6	0	8
BENIGN	1	1	57971	9661.84	207	0	0	1	6	1	9
DDoS	3	6	35059.4	27.1381	331637	0	0	0	1162.7	2	1291.89
BENIGN	2	1	161654	11278.2	266	0	1	1	20	0	26.6667
DDoS	3	6	8058.44	6.2345	1.44358e+06	0	0	0	1163.3	2	1292.56
BENIGN	1	1	181818	30303	66	0	0	1	6	1	9
BENIGN	1	1	5754.92	82.2132	24327	0	0	0	62	1	93
DDoS	3	6	57432.7	44.4335	202550	0	0	0	1163.3	2	1292.56
DDoS	3	4	13703.6	8.25021	848463	0	0	0	1453.38	1	1661
BENIGN	2	2	3372.74	65.49	61078	0	0	0	47.8	1	59.75
BENIGN	1	1	5738.03	42.1914	47403	0	0	0	103.667	1	155.5
BENIGN	2	0	160.239	53.4131	37444	0	0	1	2	0	3
DDoS	3	4	42331.1	25.4853	274668	0	0	0	1453.38	1	1661
BENIGN	15	11	27733.8	86.2432	301473	0	0	0	309.667	0	321.577
BENIGN	2	2	1.2e+06	28571.4	140	0	0	0	40.4	1	50.5
DDoS	3	6	6616.82	5.12182	1.75719e+06	0	0	0	1162.7	2	1291.89
DDoS	3	6	6308.9	4.88347	1.84295e+06	0	0	0	1162.7	2	1291.89
DDoS	3	6	17860.9	13.8183	651312	0	0	0	1163.3	2	1292.56
DDoS	8	4	120.356	0.123897	9.68547e+07	0	0	1	897.154	0	971.917
BENIGN	10	5	14370.8	186.15	80580	0	0	0	72.375	0	77.2
DDoS	5	0	4.9901	0.831683	6.0119e+06	0	0	1	6	0	7.2
BENIGN	1	1	250000	41666.7	48	0	0	1	6	1	9
BENIGN	10	6	7989.76	68.2885	234300	0	0	0	110.118	0	117
DDoS	3	6	58432.1	45.23	198983	0	0	0	1162.7	2	1291.89
BENIGN	2	2	7376.27	82.4165	48534	0	0	0	81	1	101.25
BENIGN	1	1	0	31250	64	0	0	1	0	1	0
DDoS	3	4	28302.8	17.0396	410808	0	0	0	1453.38	1	1661
DDoS	8	6	148.801	0.178709	7.83396e+07	0	0	1	777.533	0	833.071
DDoS	3	6	233972	181.108	49694	0	0	0	1162.7	2	1291.89
BENIGN	1	1	0	86956.5	23	0	0	1	0	1	0
BENIGN	1	1	4234.51	19.8338	100838	0	0	0	156.333	1	234.5
DDoS	3	6	12787.2	9.89299	909735	0	0	0	1163.3	2	1292.56
DDoS	6	0	7.51741	1.2529	4.78888e+06	0	0	1	6	0	7
BENIGN	2	2	1.07602e+06	23391.8	171	0	0	0	42.8	1	53.5
BENIGN	4	2	336.349	6.63847	903823	0	0	0	48	0	56
DDoS	3	6	7063.57	5.46481	1.6469e+06	0	0	0	1163.3	2	1292.56
BENIGN	5	0	798.766	137.718	36306	0	0	1	4.83333	0	5.8
BENIGN	23	19	68.9828	0.35716	1.17594e+08	0	0	0	188.651	0	193.143
BENIGN	1	1	6346.92	65.4322	30566	0	0	0	82.3333	1	123.5
BENIGN	65	83	1332.84	1.34314	1.10189e+08	0	0	0	985.671	1	992.331
BENIGN	1	1	5100.8	44.3547	45091	0	0	0	110.333	1	165.5
BENIGN	1	1	1564.59	32.5956	61358	0	0	0	48	1	72
DDoS	3	5	6548.39	4.50564	1.77555e+06	0	0	0	1291.89	1	1453.38
DDoS	8	6	151.304	0.181715	7.70437e+07	0	0	1	777.533	0	833.071
DDoS	3	5	13537.1	9.31428	858896	0	0	0	1291.89	1	1453.38
DDoS	8	8	141.384	0.19396	8.24914e+07	0	0	1	686.412	1	729.312
BENIGN	1	1	5331.98	84.6346	23631	0	0	0	60.3333	1	90.5
BENIGN	6	8	3609.03	44.5559	314212	0	0	0	75.6	1	81
BENIGN	2	0	1.23333e+07	666667	3	0	1	1	24.6667	0	37
DDoS	9	6	128.526	0.1653	9.07443e+07	0	0	1	729.312	0	777.933
DDoS	3	4	8843.4	5.32139	1.31544e+06	0	0	0	1454.12	1	1661.86
DDoS	4	0	2.24875	0.374792	1.06726e+07	0	0	1	6	0	7.5
DDoS	3	6	50612.9	39.1774	229724	0	0	0	1162.7	2	1291.89
BENIGN	1	1	7569.65	62.0463	32234	0	0	0	100.667	1	151
BENIGN	4	2	0	0.994548	6.03289e+06	0	0	0	0	0	0
BENIGN	2	2	1.2e+06	19047.6	210	0	0	0	57.8	1	72.25
BENIGN	5	0	5503.89	948.947	5269	0	0	1	4.83333	0	5.8
DDoS	4	0	10.8848	1.81414	2.2049e+06	0	0	1	6	0	7.5
BENIGN	1	1	3156.29	32.878	60831	0	0	0	78.3333	1	117.5
BENIGN	1	1	315789	52631.6	38	0	0	1	6	1	9
DDoS	5	0	1306.56	217.761	22961	0	0	1	6	0	7.2
DDoS	8	4	148.527	0.152897	7.8484e+07	0	0	1	897.154	0	971.917
BENIGN	20	18	52.8767	0.323822	1.17348e+08	0	0	0	159.103	0	163.289
DDoS	3	4	477142	287.262	24368	0	0	0	1453.38	1	1661
BENIGN	10	5	9749.39	122.685	122264	0	0	0	74.5	0	79.4667
BENIGN	5	0	70.0231	0.440952	1.13391e+07	0	0	1	132.333	0	158.8
BENIGN	3	4	28484.8	69.5963	100580	0	0	0	526.875	1	602.143
DDoS	4	0	9.80408	1.63401	2.44796e+06	0	0	1	6	0	7.5
DDoS	3	6	24916.6	19.277	466878	0	0	0	1163.3	2	1292.56
DDoS	4	0	5.88535	0.980891	4.07792e+06	0	0	1	6	0	7.5
BENIGN	7	4	341.933	1.03873	1.05898e+07	0	0	0	301.75	0	329.182
DDoS	3	4	6755.6	4.06719	1.72109e+06	0	0	0	1453.38	1	1661
BENIGN	7	3	143.881	1.89566	5.2752e+06	0	0	0	69	0	75.9
BENIGN	1	1	2782.9	14.0196	142657	0	0	0	150.667	1	226
BENIGN	1	1	5762.3	120.048	16660	0	0	0	48	1	72
BENIGN	7	8	210.627	0.449482	3.33717e+07	0	0	0	439.312	1	468.6
DDoS	3	5	96658.9	66.5065	120289	0	0	0	1291.89	1	1453.38
DDoS	4	0	2.01652	0.336087	1.19017e+07	0	0	1	6	0	7.5
DDoS	5	0	15.2675	2.54458	1.96496e+06	0	0	1	6	0	7.2
DDoS	8	6	143.426	0.172255	8.12751e+07	0	0	1	777.533	0	833.071
DDoS	3	4	9093.79	5.47206	1.27922e+06	0	0	0	1454.12	1	1661.86
DDoS	4	0	26.5497	4.42495	903964	0	0	1	6	0	7.5
DDoS	3	6	9203.48	7.12405	1.26333e+06	0	0	0	1162.7	2	1291.89
BENIGN	4	2	765.116	21.0582	284924	0	0	0	35.5714	0	41.5
BENIGN	2	0	0	666667	3	0	0	1	0	0	0
DDoS	5	0	9.65265	1.60878	3.10795e+06	0	0	1	6	0	7.2
BENIGN	5	1	31.2218	1.03498	5.79724e+06	0	1	1	32.4286	0	37.8333
BENIGN	2	1	119.113	19.8522	151117	1	0	0	6	0	8
DDoS	8	7	142.189	0.182966	8.19823e+07	0	0	1	728.938	0	777.533
DDoS	5	0	3.75898	0.626496	7.98089e+06	0	0	1	6	0	7.2
BENIGN	9	9	5887.56	18.8101	956933	0	0	0	296.526	1	313
BENIGN	1	1	0	35714.3	56	0	0	1	0	1	0
DDoS	3	5	23606.3	16.234	492792	0	0	0	1292.56	1	1454.12
DDoS	5	0	4.244	0.707333	7.0688e+06	0	0	1	6	0	7.2
BENIGN	4	2	4272.49	45.9408	130603	0	0	0	86.4286	0	100.833
DDoS	4	0	237.553	39.5922	101030	0	0	1	6	0	7.5
DDoS	3	4	6894.07	4.14841	1.68739e+06	0	0	0	1454.12	1	1661.86
BENIGN	5	3	14500.5	164.079	48757	0	0	0	78.5556	0	88.375
DDoS	8	6	148.435	0.178177	7.85733e+07	0	0	1	777.933	0	833.5
DDoS	3	5	9449.04	6.4981	1.23113e+06	0	0	0	1292.56	1	1454.12
BENIGN	19	14	147.453	0.54362	6.07041e+07	0	0	0	263.265	0	271.242
DDoS	9	4	114.477	0.1276	1.01881e+08	0	0	1	833.5	0	897.615
DDoS	3	5	20582.5	14.1546	565188	0	0	0	1292.56	1	1454.12
BENIGN	2	2	1.37226e+06	29197.1	137	0	0	0	45.4	1	56.75
BENIGN	2	2	116.506	38.8353	102999	0	0	1	2.4	1	3
DDoS	9	4	159.66	0.177963	7.30488e+07	0	0	1	833.5	0	897.615
DDoS	3	4	827427	498.15	14052	0	0	0	1453.38	1	1661
DDoS	3	5	76569.7	52.6569	151927	0	0	0	1292.56	1	1454.12
BENIGN	2	0	122449	20408.2	98	0	0	1	6	0	9
DDoS	3	6	17675.8	13.6751	658131	0	0	0	1163.3	2	1292.56
BENIGN	2	0	43795.6	7299.27	274	0	0	1	6	0	9
BENIGN	7	3	144.826	1.90811	5.24078e+06	0	0	0	69	0	75.9
DDoS	3	6	10956.2	8.4764	1.06177e+06	0	0	0	1163.3	2	1292.56
BENIGN	1	1	3584.81	65.1784	30685	0	0	0	52.3333	1	78.5
BENIGN	2	2	1.54839e+06	21505.4	186	0	0	0	66	1	82.5
BENIGN	4	2	18806.4	160.282	37434	0	0	0	113.429	0	132.333
DDoS	4	0	2.34017	0.390029	1.02556e+07	0	0	1	6	0	7.5
BENIGN	2	2	2.29268e+06	24390.2	164	0	0	0	84.4	1	105.5
DDoS	8	5	155.465	0.173376	7.49816e+07	0	0	1	833.071	0	897.154
BENIGN	3	3	6.08004	0.0678071	8.84863e+07	0	0	0	84.2857	1	98.3333
BENIGN	1	1	3616.4	65.7527	30417	0	0	0	50.3333	1	75.5
DDoS	3	6	3.47773e+06	2690.58	3345	0	0	0	1163.3	2	1292.56
DDoS	8	5	125.8	0.140221	9.27106e+07	0	0	1	833.5	0	897.615
DDoS	8	6	125.639	0.150814	9.28293e+07	0	0	1	777.933	0	833.5
BENIGN	1	2	0	50847.5	59	0	0	1	0	2	0
DDoS	6	0	8.35866	1.39311	4.30691e+06	0	0	1	6	0	7
DDoS	5	0	2.97096	0.49516	1.00978e+07	0	0	1	6	0	7.2
BENIGN	11	6	10764.2	83.7492	202987	0	0	0	121.389	0	128.529
DDoS	9	6	120.579	0.155	9.67745e+07	0	0	1	729.688	0	778.333
BENIGN	2	2	384817	5235.6	764	0	0	0	67	1	83.75
DDoS	3	4	16786.4	10.101	693001	0	0	0	1454.12	1	1661.86
BENIGN	3	0	0	0.333127	9.00558e+06	0	0	0	0	0	0
BENIGN	2	2	3833.36	43.0714	92869	0	0	0	80.2	1	100.25
DDoS	4	0	27.3328	4.55547	878066	0	0	1	6	0	7.5
DDoS	4	0	5.72354	0.953924	4.19321e+06	0	0	1	6	0	7.5
BENIGN	2	2	12599.9	127.918	31270	0	0	0	87.2	1	109
DDoS	3	7	21333.2	18.348	545018	0	0	0	1057	2	1162.7
DDoS	5	0	3.37918	0.563197	8.8779e+06	0	0	1	6	0	7.2
DDoS	5	0	4.12035	0.686724	7.28094e+06	0	0	1	6	0	7.2
DDoS	3	5	15627.3	10.7469	744402	0	0	0	1292.56	1	1454.12
DDoS	3	4	6422.16	3.86644	1.81045e+06	0	0	0	1453.38	1	1661
DDoS	9	5	126.3	0.15153	9.2391e+07	0	0	1	778.333	0	833.929
BENIGN	1	2	632.822	105.47	28444	0	0	1	6	2	8
BENIGN	2	2	7986.86	128.82	31051	0	0	0	57.2	1	71.5
DDoS	8	4	132.069	0.135955	8.82643e+07	0	0	1	897.154	0	971.917
DDoS	3	6	8547.77	6.61308	1.36094e+06	0	0	0	1163.3	2	1292.56
DDoS	3	6	6900.52	5.33866	1.68582e+06	0	0	0	1163.3	2	1292.56
DDoS	4	0	2.98722	0.49787	8.03423e+06	0	0	1	6	0	7.5
DDoS	3	7	8586.72	7.38516	1.35407e+06	0	0	0	1057	2	1162.7
DDoS	3	6	7803.49	6.03725	1.49074e+06	0	0	0	1163.3	2	1292.56
DDoS	5	0	7.30832	1.21805	4.10491e+06	0	0	1	6	0	7.2
DDoS	4	0	3.26212	0.543687	7.35717e+06	0	0	1	6	0	7.5
BENIGN	2	1	52631.6	13157.9	228	1	0	0	4.5	0	6
DDoS	9	4	141.843	0.158022	8.22672e+07	0	0	1	833.929	0	898.077
DDoS	3	4	19786	11.906	587941	0	0	0	1454.12	1	1661.86
BENIGN	3	0	0	12.6365	237408	0	0	1	0	0	0
BENIGN	3	1	14987.5	3330.56	1201	1	0	0	4.8	0	6
BENIGN	2	2	11428.1	82.8123	48302	0	0	0	117.2	1	146.5
BENIGN	11	6	13146.2	87.0273	195341	0	0	0	142.667	0	151.059
BENIGN	2	2	909953	18957.3	211	0	0	0	46.4	1	58
BENIGN	15	13	50017.8	100.502	278601	0	0	0	480.517	0	497.679
DDoS	4	0	2.36655	0.394426	1.01413e+07	0	0	1	6	0	7.5
BENIGN	11	7	321.353	3.0364	5.92806e+06	0	0	0	100.263	0	105.833
BENIGN	2	2	2.01389e+06	27777.8	144	0	0	0	67.4	1	84.25
DDoS	4	0	5.16247	0.860412	4.64893e+06	0	0	1	6	0	7.5
BENIGN	11	8	32.0177	0.309744	6.1341e+07	0	1	1	126.7	0	133.368
DDoS	3	4	13053.6	7.85485	891169	0	0	0	1454.12	1	1661.86
DDoS	3	5	151681	104.311	76694	0	0	0	1292.56	1	1454.12
BENIGN	2	2	21523.4	167.497	23881	0	0	0	110.4	1	138
DDoS	3	5	219208	150.827	53041	0	0	0	1291.89	1	1453.38
DDoS	4	0	25.5851	4.26419	938045	0	0	1	6	0	7.5
DDoS	5	0	5.00347	0.833911	5.99584e+06	0	0	1	6	0	7.2
DDoS	3	6	6570.07	5.08563	1.76969e+06	0	0	0	1162.7	2	1291.89
DDoS	4	0	2.95793	0.492988	8.11379e+06	0	0	1	6	0	7.5
BENIGN	2	2	9504.72	82.6498	48397	0	0	0	106.8	1	133.5
BENIGN	15	11	52.1366	0.221134	1.17576e+08	0	0	0	227.037	0	235.769
DDoS	3	5	13324.9	9.1635	873029	0	0	0	1292.56	1	1454.12
DDoS	3	4	191161	115.088	60823	0	0	0	1453.38	1	1661
DDoS	3	4	17859.4	10.7522	651029	0	0	0	1453.38	1	1661
DDoS	3	5	56350.2	38.752	206441	0	0	0	1292.56	1	1454.12
DDoS	3	4	16002.6	9.6343	726571	0	0	0	1453.38	1	1661
DDoS	8	4	155.774	0.160276	7.48711e+07	0	0	1	897.615	0	972.417
BENIGN	2	2	9281.98	118.242	33829	0	0	0	68.6	1	85.75
BENIGN	2	2	2.62963e+06	18518.5	216	0	0	0	123	1	153.75
DDoS	3	5	10842.4	7.45633	1.07291e+06	0	0	0	1292.56	1	1454.12
BENIGN	1	1	496.291	10.7889	185375	0	0	0	43.3333	1	65
BENIGN	2	2	6751.62	95.0932	42064	0	0	0	65.4	1	81.75
DDoS	4	0	3.03996	0.506661	7.89483e+06	0	0	1	6	0	7.5
BENIGN	4	4	8.42404	0.0700544	1.14197e+08	0	0	0	110.444	1	124.25
BENIGN	89	123	1284.43	1.81147	1.17032e+08	0	0	0	705.723	1	709.052
DDoS	4	0	4.49196	0.74866	5.34288e+06	0	0	1	6	0	7.5
BENIGN	13	15	184.028	0.585744	4.78024e+07	0	1	1	304.931	1	315.821
DDoS	4	0	8.98895	1.49816	2.66994e+06	0	0	1	6	0	7.5
BENIGN	1	1	165.161	1.78552	1.12012e+06	0	0	0	76.6667	1	115
DDoS	8	6	142.25	0.170841	8.19474e+07	0	0	1	777.533	0	833.071
DDoS	4	0	5.97029	0.995048	4.0199e+06	0	0	1	6	0	7.5
DDoS	4	0	12.2826	2.04711	1.95398e+06	0	0	1	6	0	7.5
BENIGN	1	1	3715.01	66.3394	30148	0	0	0	53.3333	1	80
DDoS	3	4	624738	376.122	18611	0	0	0	1453.38	1	1661
DDoS	7	6	1283.04	1.4316	9.08076e+06	0	0	1	832.643	0	896.692
BENIGN	2	2	13379	126.815	31542	0	0	0	93	1	116.25
DDoS	4	0	2.22723	0.371205	1.07757e+07	0	0	1	6	0	7.5
DDoS	3	5	16648.1	11.4489	698759	0	0	0	1292.56	1	1454.12
BENIGN	7	2	4.39451	0.141758	6.34883e+07	0	1	1	32.5	0	36.1111
DDoS	9	6	114.641	0.147366	1.01787e+08	0	0	1	729.688	0	778.333
DDoS	8	5	164.665	0.183542	7.08287e+07	0	0	1	833.5	0	897.615
DDoS	5	0	2.57825	0.429709	1.16358e+07	0	0	1	6	0	7.2
BENIGN	2	2	3464.67	45.2899	88320	0	0	0	67.8	1	84.75
BENIGN	7	7	444.373	1.46072	9.5843e+06	0	0	0	283.933	1	304.214
BENIGN	1	1	0	74074.1	27	0	0	1	0	1	0
BENIGN	2	2	464345	6633.5	603	0	0	0	63.6	1	79.5
DDoS	3	4	17908.9	10.7764	649567	0	0	0	1454.12	1	1661.86
BENIGN	2	2	11.6366	0.0942237	4.24521e+07	0	0	0	107.4	1	134.25
BENIGN	1	1	187675	1867.41	1071	0	0	0	86	1	129
BENIGN	1	1	5039.48	32.8305	60919	0	0	0	118.667	1	178
DDoS	8	5	121.506	0.135505	9.59376e+07	0	0	1	833.071	0	897.154
BENIGN	10	5	14260.1	179.447	83590	0	0	0	74.5	0	79.4667
BENIGN	2	2	2e+06	22346.4	179	0	0	0	84.8	1	106
BENIGN	2	0	1.2e+07	2e+06	1	1	0	0	6	0	9
BENIGN	2	2	1.84181e+06	22598.9	177	0	0	0	75.4	1	94.25
BENIGN	2	2	1.75789e+06	21052.6	190	0	0	0	73.8	1	92.25
DDoS	8	5	128.317	0.143027	9.08919e+07	0	0	1	833.5	0	897.615
DDoS	3	5	22624.2	15.5587	514183	0	0	0	1292.56	1	1454.12
DDoS	3	5	8035.99	5.52634	1.44761e+06	0	0	0	1292.56	1	1454.12
BENIGN	2	2	3.10853	0.0379089	1.05516e+08	0	0	0	78	1	97.5
DDoS	5	0	1.22648	0.204413	2.44603e+07	0	0	1	6	0	7.2
DDoS	5	0	2.96655	0.494426	1.01127e+07	0	0	1	6	0	7.2
DDoS	4	0	3.7808	0.630134	6.34786e+06	0	0	1	6	0	7.5
BENIGN	1	1	253776	3021.15	662	0	0	0	74	1	111
DDoS	8	5	129.682	0.144622	8.98892e+07	0	0	1	833.071	0	897.154
DDoS	3	5	21675.8	14.9141	536405	0	0	0	1291.89	1	1453.38
BENIGN	5	3	244.06	0.79987	1.00016e+07	0	0	0	271.222	0	305.125
DDoS	5	0	4.55108	0.758513	6.59184e+06	0	0	1	6	0	7.2
BENIGN	2	0	0	0.0312257	6.40499e+07	0	0	1	0	0	0
DDoS	6	0	5.38857	0.898094	6.68081e+06	0	0	1	6	0	7
BENIGN	14	10	14526.4	49.9116	480850	0	0	0	279.4	0	291.042
DDoS	3	4	6596.06	3.96909	1.76363e+06	0	0	0	1454.12	1	1661.86
DDoS	5	0	3.84866	0.641444	7.79491e+06	0	0	1	6	0	7.2
BENIGN	2	2	872038	18957.3	211	0	0	0	43.2	1	54
BENIGN	6	1	20009.5	302.52	23139	0	1	1	96.5	0	110.286
BENIGN	2	2	8282.61	125.494	31874	0	0	0	59.8	1	74.75
DDoS	4	0	3.90574	0.650957	6.1448e+06	0	0	1	6	0	7.5
BENIGN	1	1	0	20.9523	95455	0	0	1	0	1	0
BENIGN	5	1	44.5596	1.47712	4.06197e+06	0	1	1	32.4286	0	37.8333
BENIGN	15	13	119.129	0.406089	6.89504e+07	0	0	0	283.241	0	293.357
BENIGN	3	0	22556.4	11278.2	266	0	0	1	1.5	0	2
BENIGN	2	2	1.275e+06	25000	160	0	0	0	47.8	1	59.75
DDoS	5	0	3.28812	0.54802	9.12375e+06	0	0	1	6	0	7.2
DDoS	3	4	14393.2	8.66539	807811	0	0	0	1453.38	1	1661
DDoS	3	6	11177.2	8.65187	1.04024e+06	0	0	0	1162.7	2	1291.89
BENIGN	2	0	3.7e+07	2e+06	1	0	1	1	22.6667	0	34
BENIGN	86	73	1280.93	2.98869	5.32006e+07	0	0	0	425.913	0	428.591
DDoS	5	0	14.8224	2.47041	2.02396e+06	0	0	1	6	0	7.2
DDoS	8	5	117.109	0.130533	9.95913e+07	0	0	1	833.5	0	897.615
BENIGN	13	14	179.883	0.599611	4.50292e+07	0	0	0	289.286	1	300
DDoS	6	0	4.44339	0.740565	8.10192e+06	0	0	1	6	0	7
BENIGN	2	2	2879.13	33.0934	120870	0	0	0	77.2	1	96.5
DDoS	3	5	8606.54	5.92176	1.35095e+06	0	0	0	1291.89	1	1453.38
DDoS	3	3	81355.5	41.9827	142916	0	0	0	1661	1	1937.83
BENIGN	2	2	2.28188e+06	26845.6	149	0	0	0	77.2	1	96.5
DDoS	3	4	705800	424.706	16482	0	0	0	1454.12	1	1661.86
BENIGN	1	1	2832.72	32.7482	61072	0	0	0	72.6667	1	109
DDoS	5	0	3.7751	0.629183	7.94681e+06	0	0	1	6	0	7.2
BENIGN	11	8	9115.84	38.3357	495621	0	0	0	225.9	0	237.789
DDoS	8	5	118.494	0.132146	9.83763e+07	0	0	1	833.071	0	897.154
DDoS	4	0	4.18057	0.696762	5.74084e+06	0	0	1	6	0	7.5
DDoS	3	4	17568	10.5768	661828	0	0	0	1453.38	1	1661
BENIGN	2	0	4e+06	666667	3	0	0	1	6	0	9
BENIGN	6	7	1258.22	4.00316	3.24744e+06	0	0	0	291.857	1	314.308
BENIGN	8	6	704.511	2.40213	5.82816e+06	0	0	0	273.733	0	293.286
DDoS	8	6	143.862	0.172688	8.1071e+07	0	0	1	777.933	0	833.5
BENIGN	16	14	18.9693	0.260448	1.15186e+08	0	0	0	70.4839	0	72.8333
DDoS	5	0	2.90955	0.484925	1.03109e+07	0	0	1	6	0	7.2
DDoS	5	0	4.96276	0.827126	6.04503e+06	0	0	1	6	0	7.2
BENIGN	1	1	0	74074.1	27	0	0	1	0	1	0
BENIGN	6	6	15754.5	45.7315	262401	0	0	0	318	1	344.5
DDoS	3	6	337367	261.142	34464	0	0	0	1162.7	2	1291.89
DDoS	3	6	646853	500.445	17984	0	0	0	1163.3	2	1292.56
DDoS	4	0	2.22867	0.371445	1.07688e+07	0	0	1	6	0	7.5
DDoS	5	0	7.63218	1.27203	3.93072e+06	0	0	1	6	0	7.2
DDoS	5	0	2.54697	0.424495	1.17787e+07	0	0	1	6	0	7.2
DDoS	3	4	111431	67.0524	104396	0	0	0	1454.12	1	1661.86
BENIGN	2	2	1.69399e+06	21857.9	183	0	0	0	69.8	1	87.25
DDoS	4	0	2.25871	0.376452	1.06255e+07	0	0	1	6	0	7.5
DDoS	5	0	99.3299	16.555	302024	0	0	1	6	0	7.2
BENIGN	2	2	978903	16877.6	237	0	0	0	53	1	66.25
BENIGN	10	8	949.729	3.39796	5.2973e+06	0	0	0	264.789	0	279.5
DDoS	3	4	17213.5	10.3634	675457	0	0	0	1453.38	1	1661
DDoS	3	4	6669.93	4.01561	1.7432e+06	0	0	0	1453.38	1	1661
BENIGN	3	4	16538.3	89.8819	77880	0	0	0	161	1	184
BENIGN	1	1	2537.43	21.9691	91037	0	0	0	92.3333	1	138.5
BENIGN	2	2	1.12418e+06	26143.8	153	0	0	0	41.4	1	51.75
DDoS	6	0	8.42509	1.40418	4.27295e+06	0	0	1	6	0	7
DDoS	8	6	161.555	0.194027	7.2155e+07	0	0	1	777.533	0	833.071
BENIGN	9	5	808.351	2.3382	5.9875e+06	0	0	0	322.667	0	345.714
DDoS	4	0	2.9529	0.492151	8.12759e+06	0	0	1	6	0	7.5
DDoS	4	0	16.2382	2.70636	1.478e+06	0	0	1	6	0	7.5
BENIGN	2	2	1.37872e+06	17021.3	235	0	0	0	71.4	1	89.25
BENIGN	2	2	2.04678e+06	23391.8	171	0	0	0	79.4	1	99.25
DDoS	3	5	20712.6	14.2514	561348	0	0	0	1291.89	1	1453.38
DDoS	3	6	6691.39	5.17954	1.73761e+06	0	0	0	1162.7	2	1291.89
DDoS	3	6	194220	150.338	59865	0	0	0	1162.7	2	1291.89
DDoS	5	0	4.95472	0.825787	6.05483e+06	0	0	1	6	0	7.2
BENIGN	1	1	2299.81	33.3306	60005	0	0	0	61	1	91.5
BENIGN	1	1	0	20.7928	96187	0	0	1	0	1	0
BENIGN	2	2	9102.11	126.418	31641	0	0	0	65.6	1	82
BENIGN	2	2	1.27607e+06	24539.9	163	0	0	0	50.4	1	63
BENIGN	1	1	1041.73	14.8818	134392	0	0	0	62	1	93
DDoS	3	6	30280.9	23.4271	384170	0	0	0	1163.3	2	1292.56
DDoS	3	7	341168	293.427	34080	0	0	0	1057	2	1162.7
BENIGN	9	6	782.288	2.62044	5.72424e+06	0	0	0	279.875	0	298.533
DDoS	3	6	81434.5	63.0027	142851	0	0	0	1163.3	2	1292.56
DDoS	5	0	1492.02	248.67	20107	0	0	1	6	0	7.2
DDoS	8	4	151.163	0.155531	7.71551e+07	0	0	1	897.615	0	972.417
DDoS	5	0	6.08153	1.01359	4.93297e+06	0	0	1	6	0	7.2
BENIGN	1	1	0	37735.8	53	0	0	1	0	1	0
DDoS	6	0	3.54239	0.590398	1.01626e+07	0	0	1	6	0	7
BENIGN	11	11	36.6812	0.362039	6.07669e+07	0	0	0	96.913	1	101.318
DDoS	9	5	119.196	0.143081	9.7847e+07	0	0	1	777.933	0	833.5
DDoS	4	0	2.97689	0.496149	8.0621e+06	0	0	1	6	0	7.5
BENIGN	2	0	1.23333e+07	666667	3	0	1	1	22.6667	0	34
BENIGN	3	3	10.455	3.48501	1.72166e+06	0	0	0	2.57143	1	3
DDoS	4	0	2.96817	0.494695	8.08578e+06	0	0	1	6	0	7.5
DDoS	8	5	142.746	0.15911	8.17046e+07	0	0	1	833.5	0	897.615
DDoS	3	6	440100	340.664	26419	0	0	0	1162.7	2	1291.89
BENIGN	2	1	0	76923.1	39	0	0	1	0	0	0
DDoS	3	4	314031	189.061	37025	0	0	0	1453.38	1	1661
BENIGN	2	2	993789	24844.7	161	0	0	0	38.4	1	48
DDoS	3	6	25134.6	19.4456	462829	0	0	0	1163.3	2	1292.56
DDoS	8	5	159.009	0.177238	7.33478e+07	0	0	1	833.5	0	897.615
DDoS	3	5	17741.5	12.2071	655355	0	0	0	1291.89	1	1453.38
BENIGN	2	1	569231	46153.8	65	0	1	1	17	0	22.6667
BENIGN	1	1	0	37037	54	0	0	1	0	1	0
BENIGN	3	5	0.756231	0.0765803	1.04465e+08	0	0	1	9.44444	1	10.625
BENIGN	1	1	0	24691.4	81	0	0	1	0	1	0
DDoS	5	0	5.77158	0.96193	5.19788e+06	0	0	1	6	0	7.2
DDoS	8	5	165.571	0.184552	7.0441e+07	0	0	1	833.5	0	897.615
BENIGN	2	0	1.76667e+07	666667	3	0	1	1	35.3333	0	53
BENIGN	4	2	3070.4	53.2439	112689	0	0	0	55	0	64.1667
BENIGN	1	1	0	43478.3	46	0	0	1	0	1	0
DDoS	3	6	43443.3	33.6278	267636	0	0	0	1162.7	2	1291.89
BENIGN	39	45	7963.24	8.98182	9.35222e+06	0	0	0	876.165	1	886.595
BENIGN	3	1	0	0.761823	5.25056e+06	0	0	0	0	0	0
DDoS	6	0	18.109	3.01816	1.98796e+06	0	0	1	6	0	7
DDoS	3	4	675596	406.74	17210	0	0	0	1453.38	1	1661
DDoS	5	0	6.51905	1.08651	4.6019e+06	0	0	1	6	0	7.2
BENIGN	1	1	5320.54	65.2827	30636	0	0	0	72.3333	1	108.5
DDoS	3	4	9319.65	5.60797	1.24822e+06	0	0	0	1454.12	1	1661.86
BENIGN	1	1	577367	4618.94	433	0	0	0	104.333	1	156.5
DDoS	4	0	2.418	0.403	9.92555e+06	0	0	1	6	0	7.5
DDoS	3	5	31828.4	21.8996	365303	0	0	0	1291.89	1	1453.38
DDoS	3	4	6975.94	4.19768	1.66759e+06	0	0	0	1454.12	1	1661.86
DDoS	5	0	281.862	46.977	106435	0	0	1	6	0	7.2
DDoS	7	6	1182.36	1.31926	9.85401e+06	0	0	1	832.643	0	896.692
BENIGN	2	2	3459.95	42.9807	93065	0	0	0	71.4	1	89.25
BENIGN	1	1	444444	74074.1	27	0	0	1	6	1	9
BENIGN	8	7	837.478	2.49794	6.00494e+06	0	0	0	314.312	0	335.267
DDoS	5	0	21.8978	3.64963	1.37e+06	0	0	1	6	0	7.2
BENIGN	2	0	4e+06	666667	3	0	0	1	6	0	9
DDoS	3	5	28416.9	19.5523	409158	0	0	0	1291.89	1	1453.38
BENIGN	2	2	1.46763e+06	28777	139	0	0	0	49.4	1	61.75
BENIGN	2	1	51063.8	12766	235	1	0	0	4.5	0	6
DDoS	5	0	3.70196	0.616994	8.10381e+06	0	0	1	6	0	7.2
BENIGN	1	3	147541	32786.9	122	0	0	1	3.6	3	4.5
BENIGN	2	0	9.25e+06	500000	4	0	1	1	24.6667	0	37
BENIGN	6	0	347.751	71.9485	83393	0	0	1	4.14286	0	4.83333
BENIGN	29	38	112.572	0.814859	8.22228e+07	0	0	0	136.118	1	138.149
DDoS	3	5	22831.9	15.7096	509244	0	0	0	1291.89	1	1453.38
DDoS	8	5	116.658	0.130031	9.99762e+07	0	0	1	833.5	0	897.615
BENIGN	1	1	6804.5	65.4279	30568	0	0	0	85.3333	1	128
DDoS	3	5	108474	74.5976	107242	0	0	0	1292.56	1	1454.12
BENIGN	3	0	0	373.692	8028	0	0	1	0	0	0
BENIGN	2	2	12425.4	65.5695	61004	0	0	0	158.4	1	198
DDoS	5	0	3.02653	0.504422	9.91233e+06	0	0	1	6	0	7.2
DDoS	4	0	2.3919	0.398651	1.00338e+07	0	0	1	6	0	7.5
DDoS	3	6	12815.4	9.91474	907739	0	0	0	1163.3	2	1292.56
DDoS	4	0	5.93717	0.989528	4.04233e+06	0	0	1	6	0	7.5
BENIGN	2	2	3.83243e+06	4352.56	919	0	0	0	998.8	1	1248.5
BENIGN	2	2	17588.4	126.992	31498	0	0	0	117.8	1	147.25
DDoS	3	5	31853.6	21.9057	365202	0	0	0	1292.56	1	1454.12
BENIGN	1	1	355932	4237.29	472	0	0	0	73	1	109.5
BENIGN	2	2	6025.96	82.5474	48457	0	0	0	67.6	1	84.5
DDoS	3	6	18156.4	14.0541	640381	0	0	0	1162.7	2	1291.89
BENIGN	2	0	1.71689	0.286148	6.9894e+06	0	0	1	6	0	9
BENIGN	12	10	7321.9	25.9349	848277	0	0	0	270.043	0	282.318
DDoS	5	0	3.74494	0.624157	8.0108e+06	0	0	1	6	0	7.2
BENIGN	5	0	7.5e+07	833333	6	0	1	1	126.333	0	151.6
BENIGN	29	42	716.688	0.786328	9.02931e+07	0	0	0	898.778	1	911.437
DDoS	4	0	5.82458	0.970763	4.12047e+06	0	0	1	6	0	7.5
DDoS	4	0	19.0573	3.17621	1.25936e+06	0	0	1	6	0	7.5
DDoS	3	6	474998	367.677	24478	0	0	0	1162.7	2	1291.89
BENIGN	6	6	303.839	1.08578	1.10519e+07	0	0	0	258.308	1	279.833
DDoS	3	6	479979	371.532	24224	0	0	0	1162.7	2	1291.89
BENIGN	1	1	4733.92	65.2955	30630	0	0	0	61.6667	1	92.5
BENIGN	1	1	0	25316.5	79	0	0	1	0	1	0
DDoS	3	6	11064.8	8.56041	1.05135e+06	0	0	0	1163.3	2	1292.56
BENIGN	12	10	15.6449	0.187876	1.17099e+08	0	0	0	79.6522	0	83.2727
BENIGN	2	2	4449.56	34.6269	115517	0	0	0	110.4	1	138
BENIGN	1	1	827.533	8.1934	244099	0	0	0	83	1	124.5
DDoS	3	5	26576.8	18.2769	437712	0	0	0	1292.56	1	1454.12
DDoS	5	0	11.6231	1.93718	2.58107e+06	0	0	1	6	0	7.2
DDoS	5	0	2.99021	0.498368	1.00327e+07	0	0	1	6	0	7.2
DDoS	3	6	25908.3	20.0546	448775	0	0	0	1162.7	2	1291.89
DDoS	4	0	3.98548	0.664247	6.02186e+06	0	0	1	6	0	7.5
BENIGN	1	2	0	93.3998	32120	0	0	1	0	2	0
BENIGN	3	4	41430.6	104.623	66907	0	0	0	346.5	1	396
BENIGN	2	2	1.23478e+06	17391.3	230	0	0	0	65.4	1	81.75
BENIGN	1	1	8395.6	83.956	23822	0	0	0	92	1	138
DDoS	7	4	1350.54	1.27508	8.62693e+06	0	0	1	971.417	0	1059.73
BENIGN	2	2	3.61741e+06	4048.58	988	0	0	0	1009.2	1	1261.5
DDoS	3	5	6712.36	4.61846	1.73218e+06	0	0	0	1291.89	1	1453.38
BENIGN	21	19	44.376	0.344668	1.16054e+08	0	0	0	125.61	0	128.75
BENIGN	2	2	652406	10695.2	374	0	0	0	55.4	1	69.25
BENIGN	8	5	559.929	2.17027	5.99005e+06	0	0	0	239.571	0	258
DDoS	3	5	304356	209.413	38202	0	0	0	1291.89	1	1453.38
BENIGN	2	2	838150	11560.7	346	0	0	0	67.4	1	84.25
BENIGN	1	1	0	37735.8	53	0	0	1	0	1	0
DDoS	8	5	127.374	0.142049	9.15176e+07	0	0	1	833.071	0	897.154
DDoS	3	6	448285	346.821	25950	0	0	0	1163.3	2	1292.56
DDoS	3	5	12662.5	8.70799	918697	0	0	0	1292.56	1	1454.12
DDoS	3	6	12011.4	9.29273	968499	0	0	0	1163.3	2	1292.56
DDoS	4	0	4.00934	0.668224	5.98602e+06	0	0	1	6	0	7.5
DDoS	3	6	16498.7	12.771	704721	0	0	0	1162.7	2	1291.89
DDoS	3	6	6521.67	5.04556	1.78375e+06	0	0	0	1163.3	2	1292.56
DDoS	3	5	277772	191.122	41858	0	0	0	1291.89	1	1453.38
DDoS	5	0	3.0641	0.510684	9.79079e+06	0	0	1	6	0	7.2
BENIGN	3	1	82191.8	18264.8	219	1	0	0	4.8	0	6
BENIGN	2	2	9130.63	130.438	30666	0	0	0	63	1	78.75
DDoS	4	0	1.98449	0.330748	1.20938e+07	0	0	1	6	0	7.5
BENIGN	2	2	1.23871e+06	25806.5	155	0	0	0	46.4	1	58
BENIGN	1	1	2118.46	44.1345	45316	0	0	0	48	1	72
BENIGN	1	1	0	13.7668	145277	0	0	1	0	1	0
DDoS	3	4	288717	173.732	40292	0	0	0	1454.12	1	1661.86
DDoS	3	5	6374.42	4.38368	1.82495e+06	0	0	0	1292.56	1	1454.12
DDoS	4	0	44.142	7.357	543700	0	0	1	6	0	7.5
BENIGN	2	2	5332.89	67.0803	59630	0	0	0	72.6	1	90.75
BENIGN	2	0	4e+06	666667	3	1	0	0	6	0	9
BENIGN	2	2	2560.42	39.391	101546	0	0	0	58.4	1	73
BENIGN	1	1	2533.95	33.1236	60380	0	0	0	67.6667	1	101.5
DDoS	4	0	3.01212	0.50202	7.96781e+06	0	0	1	6	0	7.5
DDoS	4	0	5.9451	0.99085	4.03694e+06	0	0	1	6	0	7.5
DDoS	8	6	119.098	0.142962	9.79279e+07	0	0	1	777.933	0	833.5
BENIGN	1	1	0	32786.9	61	0	0	1	0	1	0
DDoS	4	0	2.00356	0.333926	1.19787e+07	0	0	1	6	0	7.5
DDoS	8	5	122.285	0.136373	9.53266e+07	0	0	1	833.071	0	897.154
DDoS	8	4	141.889	0.145988	8.21983e+07	0	0	1	897.615	0	972.417
DDoS	8	6	123.811	0.148696	9.41518e+07	0	0	1	777.533	0	833.071
BENIGN	2	2	460000	20000	200	0	0	0	23	1	28.75
BENIGN	2	2	8912.39	65.2923	61263	0	0	0	119.8	1	149.75
BENIGN	2	2	1.26061e+06	24242.4	165	0	0	0	48.8	1	61
DDoS	5	0	15.0078	2.5013	1.99896e+06	0	0	1	6	0	7.2
DDoS	8	4	134.367	0.13825	8.67995e+07	0	0	1	897.615	0	972.417
DDoS	8	5	119.285	0.13296	9.77739e+07	0	0	1	833.5	0	897.615
BENIGN	3	1	2.33025	0.776751	5.14966e+06	0	0	0	2.4	0	3
BENIGN	2	2	3531.21	66.6267	60036	0	0	0	50.2	1	62.75
BENIGN	1	1	0	22471.9	89	0	0	1	0	1	0
DDoS	3	6	188017	145.537	61840	0	0	0	1162.7	2	1291.89
DDoS	3	6	54322.4	42.0488	214037	0	0	0	1162.7	2	1291.89
DDoS	3	6	17537.8	13.5683	663309	0	0	0	1163.3	2	1292.56
DDoS	4	0	9.7506	1.6251	2.46139e+06	0	0	1	6	0	7.5
DDoS	4	0	11.8037	1.96728	2.03326e+06	0	0	1	6	0	7.5
DDoS	3	5	10060.7	6.92227	1.15569e+06	0	0	0	1291.89	1	1453.38
BENIGN	1	1	0	36363.6	55	0	0	1	0	1	0
BENIGN	2	2	15885.3	128.626	31098	0	0	0	106.4	1	133
BENIGN	2	2	1.49309e+06	18433.2	217	0	0	0	70.8	1	88.5
BENIGN	1	1	4571.13	65.3019	30627	0	0	0	65.3333	1	98
BENIGN	1	1	301824	3316.75	603	0	0	0	85.6667	1	128.5
BENIGN	17	11	49971.5	155.208	180403	0	0	0	310.862	0	321.964
BENIGN	2	2	1.14286e+06	21978	182	0	0	0	50.4	1	63
DDoS	3	4	13202.2	7.94427	881138	0	0	0	1454.12	1	1661.86
DDoS	4	0	26.906	4.48433	891995	0	0	1	6	0	7.5
DDoS	3	4	8738.5	5.26099	1.33055e+06	0	0	0	1453.38	1	1661
BENIGN	2	0	0	326.052	6134	0	0	1	0	0	0
DDoS	3	4	1.10386e+06	664.578	10533	0	0	0	1453.38	1	1661
BENIGN	23	25	3198.17	4.25466	1.12817e+07	0	0	0	736.347	1	751.688
DDoS	8	6	161.104	0.193485	7.2357e+07	0	0	1	777.533	0	833.071
BENIGN	2	0	1.2e+07	2e+06	1	1	0	0	6	0	9
BENIGN	11	6	42091	216.701	78449	0	0	0	183.444	0	194.235
BENIGN	18	13	66.3127	0.407957	7.59884e+07	0	0	0	157.469	0	162.548
BENIGN	2	0	9.25e+06	500000	4	0	1	1	24.6667	0	37
DDoS	3	4	11193.2	6.73536	1.03929e+06	0	0	0	1454.12	1	1661.86
DDoS	3	6	11471.5	8.87502	1.01408e+06	0	0	0	1163.3	2	1292.56
BENIGN	1	1	0	62500	32	0	0	1	0	1	0
DDoS	8	5	151.769	0.169168	7.68468e+07	0	0	1	833.5	0	897.615
BENIGN	1	1	0	125000	16	0	0	1	0	1	0
DDoS	4	0	3.64363	0.607272	6.58684e+06	0	0	1	6	0	7.5
DDoS	3	6	502941	389.307	23118	0	0	0	1162.7	2	1291.89
BENIGN	2	2	930233	23255.8	172	0	0	0	38.4	1	48
DDoS	5	0	6.00068	1.00011	4.99944e+06	0	0	1	6	0	7.2
DDoS	3	5	9643.31	6.63169	1.20633e+06	0	0	0	1292.56	1	1454.12
DDoS	5	0	8.18824	1.36471	3.66379e+06	0	0	1	6	0	7.2
DDoS	4	0	13.5362	2.25603	1.77303e+06	0	0	1	6	0	7.5
BENIGN	1	1	200000	33333.3	60	0	0	1	6	1	9
DDoS	5	0	5.70128	0.950214	5.26197e+06	0	0	1	6	0	7.2
BENIGN	1	1	2828.64	33.0836	60453	0	0	0	75.3333	1	113
DDoS	3	7	307308	264.306	37835	0	0	0	1057	2	1162.7
BENIGN	2	2	883978	22099.4	181	0	0	0	38.4	1	48
DDoS	5	0	3.88359	0.647266	7.7248e+06	0	0	1	6	0	7.2
DDoS	5	0	4.22368	0.703947	7.10281e+06	0	0	1	6	0	7.2
BENIGN	2	2	5670.8	65.1816	61367	0	0	0	77.2	1	96.5
DDoS	4	0	4.02908	0.671513	5.9567e+06	0	0	1	6	0	7.5
DDoS	8	6	130.558	0.1568	8.92859e+07	0	0	1	777.533	0	833.071
DDoS	8	5	120.029	0.133789	9.71682e+07	0	0	1	833.5	0	897.615
BENIGN	2	2	8378.56	126.948	31509	0	0	0	61	1	76.25
DDoS	9	6	157.784	0.202929	7.39176e+07	0	0	1	729.312	0	777.933
DDoS	3	5	373450	256.954	31134	0	0	0	1291.89	1	1453.38
DDoS	3	5	111408	76.6151	104418	0	0	0	1292.56	1	1454.12
DDoS	9	4	141.45	0.157584	8.24956e+07	0	0	1	833.929	0	898.077
BENIGN	1	1	44.8014	2.08378	959792	1	0	0	16.3333	1	24.5
DDoS	4	0	2.35545	0.392576	1.01891e+07	0	0	1	6	0	7.5
BENIGN	2	2	7748.18	129.136	30975	0	0	0	54.4	1	68
BENIGN	9	9	630.35	1.69779	1.0602e+07	0	0	0	351.737	1	371.278
BENIGN	2	2	2.1164e+06	21164	189	0	0	0	87.2	1	109
DDoS	9	6	134.281	0.172613	8.68997e+07	0	0	1	729.688	0	778.333
BENIGN	1	1	0	68965.5	29	0	0	1	0	1	0
BENIGN	5	5	48.7297	0.972648	1.02812e+07	0	0	0	45.5455	1	50.1
DDoS	5	0	8.9419	1.49032	3.35499e+06	0	0	1	6	0	7.2
BENIGN	3	2	2803.96	25.7717	194011	0	0	0	90.6667	0	108.8
BENIGN	5	7	5465.43	29.69	404177	0	0	0	169.923	1	184.083
BENIGN	3	2	9060.76	41.8704	119416	0	0	0	180.333	0	216.4
BENIGN	5	8	6529.92	17.1147	759580	0	0	0	354.286	1	381.538
DDoS	2	5	344912	207.654	33710	0	0	0	1453.38	2	1661
DDoS	3	5	103517	71.2251	112320	0	0	0	1291.89	1	1453.38
DDoS	3	6	13577.2	10.5095	856364	0	0	0	1162.7	2	1291.89
DDoS	3	4	70018	42.1324	166143	0	0	0	1454.12	1	1661.86
BENIGN	75	139	1658.3	1.8325	1.1678e+08	0	0	0	900.73	1	904.939
BENIGN	4	2	7129.46	111.398	53861	0	0	0	59.1429	0	69
BENIGN	17	16	19.7721	0.284552	1.15972e+08	0	0	0	67.4412	0	69.4848
BENIGN	3	1	2.07762	0.692541	5.77583e+06	0	0	0	2.4	0	3
BENIGN	2	2	1.73262e+06	21390.4	187	0	0	0	70.8	1	88.5
BENIGN	2	2	2.71154e+06	38461.5	104	0	0	0	66.8	1	83.5
BENIGN	27	26	2194.86	3.01086	1.76029e+07	0	0	0	715.481	0	728.981
BENIGN	2	0	3e+06	500000	4	0	0	1	6	0	9
BENIGN	6	6	2041.13	8.14553	1.4732e+06	0	0	0	231.308	1	250.583
DDoS	4	0	36.6418	6.10696	654990	0	0	1	6	0	7.5
BENIGN	7	6	2656.33	33.5591	387376	0	0	0	73.5	0	79.1538
BENIGN	2	2	961039	17316	231	0	0	0	50.8	1	63.5
DDoS	4	0	5.98516	0.997526	4.00992e+06	0	0	1	6	0	7.5
BENIGN	1	1	0	18018	111	0	0	1	0	1	0
BENIGN	2	2	2e+06	41666.7	96	0	0	0	48	1	60
DDoS	3	5	11824	8.13135	983847	0	0	0	1292.56	1	1454.12
BENIGN	2	2	1.3444e+06	16597.5	241	0	0	0	75.2	1	94
BENIGN	5	1	39.3781	1.38981	4.31712e+06	0	1	1	30.1429	0	35.1667
DDoS	8	4	152.521	0.156928	7.64682e+07	0	0	1	897.615	0	972.417
BENIGN	2	2	325.759	3.87809	1.03144e+06	0	0	0	74.6	1	93.25
DDoS	8	4	117.768	0.121233	9.89828e+07	0	0	1	897.154	0	971.917
BENIGN	2	2	1.64251e+06	19323.7	207	0	0	0	77.2	1	96.5
BENIGN	25	27	122106	189.143	274924	0	0	0	633.396	1	645.577
DDoS	4	0	250.831	41.8051	95682	0	0	1	6	0	7.5
DDoS	5	0	3.02334	0.503891	9.92279e+06	0	0	1	6	0	7.2
DDoS	7	5	1292.65	1.33137	9.01327e+06	0	0	1	896.692	0	971.417
BENIGN	1	1	4327.16	65.563	30505	0	0	0	61.3333	1	92
DDoS	5	0	7.3819	1.23032	4.06399e+06	0	0	1	6	0	7.2
DDoS	3	5	302824	208.252	38415	0	0	0	1292.56	1	1454.12
BENIGN	2	2	1.54074e+06	29629.6	135	0	0	0	50.4	1	63
BENIGN	14	13	186.369	0.737393	3.66155e+07	0	0	0	243.714	0	252.741
BENIGN	2	2	375.632	5.00842	798655	0	0	0	68.6	1	85.75
DDoS	3	5	312436	214.973	37214	0	0	0	1291.89	1	1453.38
BENIGN	2	2	1.13004e+06	17937.2	223	0	0	0	56.8	1	71
DDoS	3	5	11052.9	7.60105	1.05249e+06	0	0	0	1292.56	1	1454.12
DDoS	4	0	2.98925	0.498209	8.02876e+06	0	0	1	6	0	7.5
DDoS	8	5	145.555	0.162241	8.01276e+07	0	0	1	833.5	0	897.615
BENIGN	2	1	58.7047	14.6762	204413	1	0	0	4.5	0	6
DDoS	8	4	158.503	0.163167	7.35444e+07	0	0	1	897.154	0	971.917
BENIGN	2	2	1.18e+06	20000	200	0	0	0	55.2	1	69
DDoS	3	5	6525.39	4.4875	1.78273e+06	0	0	0	1292.56	1	1454.12
BENIGN	2	2	2.38806e+06	11940.3	335	0	0	0	168	1	210
BENIGN	2	1	184080	14925.4	201	0	1	1	17	0	22.6667
BENIGN	1	1	0	111111	18	0	0	1	0	1	0
DDoS	3	5	6356.76	4.37153	1.83002e+06	0	0	0	1292.56	1	1454.12
BENIGN	2	0	1.23333e+07	666667	3	0	1	1	24.6667	0	37
BENIGN	2	2	1.93789e+06	24844.7	161	0	0	0	71.4	1	89.25
DDoS	3	5	206849	142.323	56210	0	0	0	1291.89	1	1453.38
DDoS	8	4	144.139	0.148381	8.08731e+07	0	0	1	897.154	0	971.917
DDoS	4	0	2.52423	0.420705	9.50784e+06	0	0	1	6	0	7.5
BENIGN	1	1	0	33898.3	59	0	0	1	0	1	0
BENIGN	1	1	0	19802	101	0	0	1	0	1	0
DDoS	4	0	5.91002	0.985004	4.0609e+06	0	0	1	6	0	7.5
DDoS	8	4	142.603	0.146799	8.17442e+07	0	0	1	897.154	0	971.917
BENIGN	1	1	0	76923.1	26	0	0	1	0	1	0
BENIGN	28	40	147.934	0.5728	1.18715e+08	0	0	0	254.522	1	258.265
BENIGN	2	2	2.52632e+06	16194.3	247	0	0	0	130.4	1	163
DDoS	3	4	20141	12.1196	577578	0	0	0	1454.12	1	1661.86
BENIGN	8	6	719.377	2.46543	5.67853e+06	0	0	0	272.333	0	291.786
DDoS	3	5	8418.89	5.78966	1.38177e+06	0	0	0	1292.56	1	1454.12
DDoS	3	6	14495.7	11.2147	802516	0	0	0	1163.3	2	1292.56
BENIGN	13	9	1051.04	2.52157	8.72471e+06	0	0	0	398.696	0	416.818
DDoS	9	6	132.796	0.170704	8.78716e+07	0	0	1	729.688	0	778.333
BENIGN	1	1	6258.96	65.1975	30676	0	0	0	80	1	120
DDoS	5	0	7.59703	1.26617	3.94891e+06	0	0	1	6	0	7.2
BENIGN	5	5	514.138	3.67241	2.723e+06	0	0	0	127.273	1	140
BENIGN	13	8	23175.4	79.342	264677	0	0	0	278.818	0	292.095
BENIGN	2	2	1.775e+06	16666.7	240	0	0	0	92	1	115
DDoS	9	6	119.263	0.153387	9.77919e+07	0	0	1	729.312	0	777.933
DDoS	4	0	11.718	1.95301	2.04812e+06	0	0	1	6	0	7.5
DDoS	4	0	2.94342	0.490569	8.15379e+06	0	0	1	6	0	7.5
DDoS	3	4	57627.3	34.6943	201762	0	0	0	1453.38	1	1661
BENIGN	1	1	226415	37735.8	53	0	0	1	6	1	9
BENIGN	1	1	6529.15	64.9667	30785	0	0	0	86	1	129
DDoS	3	4	333018	200.493	34914	0	0	0	1453.38	1	1661
BENIGN	2	0	56338	9389.67	213	0	0	1	6	0	9
BENIGN	2	2	2.86499	0.0596872	6.7016e+07	0	0	0	48	1	60
BENIGN	1	1	352941	58823.5	34	0	0	1	6	1	9
BENIGN	1	1	2814.47	32.5373	61468	0	0	0	71.6667	1	107.5
DDoS	3	5	421272	289.708	27614	0	0	0	1292.56	1	1454.12
DDoS	3	4	9815.28	5.90926	1.18458e+06	0	0	0	1453.38	1	1661
BENIGN	2	3	207.213	57.5593	86867	0	0	1	3	1	3.6
DDoS	5	0	157.766	26.2943	190155	0	0	1	6	0	7.2
BENIGN	9	6	709.741	2.50556	5.98669e+06	0	0	0	265.562	0	283.267
BENIGN	2	2	3244.35	42.9715	93085	0	0	0	68	1	85
DDoS	8	6	148.656	0.178535	7.84159e+07	0	0	1	777.533	0	833.071
BENIGN	2	2	1.86799e+06	13201.3	303	0	0	0	119.8	1	149.75
BENIGN	12	12	32.0467	0.322753	7.43602e+07	0	0	0	95.32	1	99.2917
DDoS	3	4	34328.7	20.6675	338696	0	0	0	1453.38	1	1661
BENIGN	2	2	1.21849e+06	16806.7	238	0	0	0	67.4	1	84.25
BENIGN	37	38	6970.35	55.8402	1.34312e+06	0	0	0	123.184	1	124.827
BENIGN	20	17	27.9826	0.319062	1.15965e+08	0	0	0	85.3947	0	87.7027
BENIGN	2	2	1976.76	38.7601	103199	0	0	0	47.4	1	59.25
DDoS	3	6	14427.4	11.1619	806312	0	0	0	1163.3	2	1292.56
DDoS	4	0	16.9134	2.81889	1.419e+06	0	0	1	6	0	7.5
DDoS	4	0	7.39833	1.23305	3.24398e+06	0	0	1	6	0	7.5
BENIGN	10	6	4070.84	28.6805	557870	0	0	0	133.588	0	141.938
BENIGN	2	2	24284	128.148	31214	0	0	0	158.4	1	198
BENIGN	1	1	3166.52	32.6445	61266	0	0	0	81.6667	1	122.5
BENIGN	7	4	127.455	1.86686	5.89226e+06	0	0	0	62.5833	0	68.2727
BENIGN	2	2	3.12849e+06	22346.4	179	0	0	0	128.8	1	161
BENIGN	2	2	5.24305	0.0618649	6.46571e+07	0	0	0	76.2	1	95.25
BENIGN	1	1	3664.68	65.4407	30562	0	0	0	50.6667	1	76
DDoS	5	0	4.06881	0.678135	7.37316e+06	0	0	1	6	0	7.2
BENIGN	2	2	2.27419e+06	32258.1	124	0	0	0	66.8	1	83.5
BENIGN	2	2	1.74194e+06	21505.4	186	0	0	0	70.8	1	88.5
BENIGN	1	1	324324	54054.1	37	0	0	1	6	1	9
BENIGN	4	5	140.954	1.76437	5.10096e+06	0	0	0	71.9	1	79.8889
BENIGN	3	4	31851.5	82.2127	85145	0	0	0	339	1	387.429
BENIGN	1	1	1017.09	21.1894	94387	0	0	0	48	1	72
DDoS	5	0	8.97681	1.49613	3.34194e+06	0	0	1	6	0	7.2
BENIGN	13	8	34351.5	135.675	154782	0	0	0	241.682	0	253.19
BENIGN	1	1	8669.16	85.8332	23301	0	0	0	79.6667	1	119.5
BENIGN	2	0	115385	19230.8	104	0	0	1	6	0	9
DDoS	8	6	116.487	0.1399	1.00072e+08	0	0	1	777.533	0	833.071
DDoS	3	6	17812.5	13.7808	653082	0	0	0	1163.3	2	1292.56
BENIGN	4	2	6329.11	98.8924	60672	0	0	0	59.1429	0	69
BENIGN	3	4	44518.5	115.504	60604	0	0	0	337.25	1	385.429
DDoS	3	7	15099.6	12.9799	770419	0	0	0	1057.55	2	1163.3
DDoS	4	0	2.14806	0.358009	1.11729e+07	0	0	1	6	0	7.5
BENIGN	1	1	4174.66	39.9489	50064	0	0	0	88.3333	1	132.5
BENIGN	1	1	11.1682	0.519453	3.8502e+06	1	0	0	16.3333	1	24.5
BENIGN	2	2	1.81065e+06	11834.3	338	0	0	0	129.6	1	162
DDoS	3	5	106280	73.0887	109456	0	0	0	1292.56	1	1454.12
BENIGN	2	2	7058.23	168.053	23802	0	0	0	40.4	1	50.5
DDoS	2	4	427541	220.742	27181	0	0	0	1660.14	2	1936.83
BENIGN	2	2	1.28859e+06	26845.6	149	0	0	0	46.4	1	58
BENIGN	1	1	4237.43	66.2098	30207	0	0	0	59.3333	1	89
BENIGN	2	0	3.1e+07	2e+06	1	0	1	1	20.6667	0	31
BENIGN	2	0	1.23333e+07	666667	3	0	1	1	22.6667	0	34
BENIGN	1	1	306.402	5.2828	378587	0	0	0	55.3333	1	83
DDoS	4	0	2.18334	0.363889	1.09924e+07	0	0	1	6	0	7.5
BENIGN	13	11	44.7884	0.204319	1.17463e+08	0	0	0	210.44	0	219.208
BENIGN	2	2	9196.75	130.45	30663	0	0	0	64.8	1	81
DDoS	4	0	2.8038	0.467301	8.5598e+06	0	0	1	6	0	7.5
BENIGN	2	2	6155.99	82.0799	48733	0	0	0	69	1	86.25
DDoS	8	6	115.491	0.138632	1.00987e+08	0	0	1	777.933	0	833.5
DDoS	2	0	859.784	143.297	13957	1	0	1	6	0	9
BENIGN	2	2	1.54074e+06	29629.6	135	0	0	0	50.4	1	63
DDoS	5	0	7.116	1.186	4.21585e+06	0	0	1	6	0	7.2
DDoS	8	5	152.288	0.169746	7.65851e+07	0	0	1	833.5	0	897.615
BENIGN	14	14	57.9625	0.280787	9.97196e+07	0	0	0	199.31	1	206.429
DDoS	5	0	3.33289	0.555481	9.00121e+06	0	0	1	6	0	7.2
BENIGN	16	16	70.1861	0.476545	6.715e+07	0	0	0	142.818	1	147.281
DDoS	3	5	57591.4	39.6055	201992	0	0	0	1292.56	1	1454.12
BENIGN	3	1	141.987	47.3289	84515	0	0	0	2.4	0	3
BENIGN	2	1	340.348	56.7247	52887	0	0	1	6	0	8
BENIGN	2	2	1e+06	21739.1	184	0	0	0	43.2	1	54
DDoS	8	6	117.007	0.140452	9.9678e+07	0	0	1	777.933	0	833.5
BENIGN	4	2	7587	123.701	48504	0	0	0	58.4286	0	68.1667
BENIGN	2	0	0	11363.6	176	0	0	1	0	0	0
DDoS	8	7	126.112	0.162278	9.24339e+07	0	0	1	728.938	0	777.533
BENIGN	7	9	38544.9	134.479	118978	0	0	0	269.765	1	286.625
DDoS	5	0	11.3808	1.8968	2.63602e+06	0	0	1	6	0	7.2
BENIGN	1	1	4815.62	65.9674	30318	0	0	0	63.6667	1	95.5
BENIGN	9	6	294.482	1.05272	1.42488e+07	0	0	0	262.25	0	279.733
DDoS	3	4	15944.9	9.59461	729576	0	0	0	1454.12	1	1661.86
DDoS	3	4	290537	174.917	40019	0	0	0	1453.38	1	1661
DDoS	3	4	284411	171.229	40881	0	0	0	1453.38	1	1661
BENIGN	1	1	666667	111111	18	0	0	1	6	1	9
BENIGN	1	1	7451.37	65.9413	30330	0	0	0	91.6667	1	137.5
DDoS	4	0	16.1197	2.68662	1.48886e+06	0	0	1	6	0	7.5
DDoS	5	0	2.634	0.439001	1.13895e+07	0	0	1	6	0	7.2
DDoS	3	5	203246	139.772	57236	0	0	0	1292.56	1	1454.12
BENIGN	1	1	0	12195.1	164	0	0	1	0	1	0
BENIGN	16	14	12.3028	0.258643	1.1599e+08	0	0	0	46.0323	0	47.5667
DDoS	8	5	127.237	0.141896	9.16165e+07	0	0	1	833.071	0	897.154
DDoS	3	4	8577.21	5.16388	1.35557e+06	0	0	0	1453.38	1	1661
DDoS	9	5	130.436	0.156492	8.94613e+07	0	0	1	778.333	0	833.929
BENIGN	1	1	1030.99	8.41627	237635	0	0	0	101.667	1	152.5
DDoS	4	0	5.96735	0.994559	4.02188e+06	0	0	1	6	0	7.5
DDoS	8	6	143.284	0.171995	8.13976e+07	0	0	1	777.933	0	833.5
BENIGN	1	1	0	3759.4	532	0	0	1	0	1	0
DDoS	5	0	5.00008	0.833346	5.99991e+06	0	0	1	6	0	7.2
BENIGN	8	5	880.339	2.47393	5.25479e+06	0	0	0	330.429	0	355.846
DDoS	3	4	6416.82	3.86322	1.81196e+06	0	0	0	1453.38	1	1661
DDoS	3	5	6396.5	4.40114	1.81771e+06	0	0	0	1291.89	1	1453.38
DDoS	5	0	5.05656	0.84276	5.93288e+06	0	0	1	6	0	7.2
BENIGN	2	0	1.23333e+07	666667	3	0	1	1	24.6667	0	37
BENIGN	1	1	146341	24390.2	82	0	0	1	6	1	9
DDoS	3	4	285676	171.99	40700	0	0	0	1453.38	1	1661
BENIGN	2	0	6.15388	1.02565	1.94999e+06	0	0	1	6	0	9
BENIGN	1	1	0	18518.5	108	0	0	1	0	1	0
DDoS	3	5	6886.94	4.73614	1.68914e+06	0	0	0	1292.56	1	1454.12
DDoS	8	5	128.348	0.143135	9.08231e+07	0	0	1	833.071	0	897.154
DDoS	5	0	5.82199	0.970332	5.15287e+06	0	0	1	6	0	7.2
BENIGN	1	1	0	23.3894	85509	0	0	1	0	1	0
BENIGN	2	2	1.12931e+06	17241.4	232	0	0	0	60.2	1	75.25
BENIGN	7	9	1614.44	22.9406	697454	0	0	0	66.2353	1	70.375
BENIGN	1	1	486583	3577.82	559	0	0	0	122.333	1	183.5
BENIGN	1	1	155844	25974	77	0	0	1	6	1	9
DDoS	4	0	3.06208	0.510347	7.8378e+06	0	0	1	6	0	7.5
DDoS	8	6	125.841	0.151135	9.26327e+07	0	0	1	777.533	0	833.071
BENIGN	2	3	179.524	49.8679	100265	0	0	1	3	1	3.6
DDoS	4	0	4.14829	0.691382	5.78551e+06	0	0	1	6	0	7.5
BENIGN	5	3	11.3303	0.126067	6.34581e+07	0	0	0	79.8889	0	89.875
BENIGN	2	2	1302.47	16.1797	247223	0	0	0	72.4	1	90.5
DDoS	4	0	2.02897	0.338161	1.18287e+07	0	0	1	6	0	7.5
BENIGN	1	1	11155.9	85.8148	23306	0	0	0	100.667	1	151
DDoS	5	0	3.10021	0.516702	9.67676e+06	0	0	1	6	0	7.2
BENIGN	2	2	8.04391	0.0680247	5.88022e+07	0	0	0	104	1	130
BENIGN	2	2	1.76768e+06	20202	198	0	0	0	79.4	1	99.25
DDoS	8	4	137.346	0.141315	8.49166e+07	0	0	1	897.615	0	972.417
BENIGN	45	43	385.71	0.737928	1.19253e+08	0	0	0	516.82	0	522.693
BENIGN	1	1	7725.47	85.3643	23429	0	0	0	81.6667	1	122.5
DDoS	9	5	148.818	0.178546	7.84113e+07	0	0	1	778.333	0	833.929
BENIGN	1	1	0	42553.2	47	0	0	1	0	1	0
BENIGN	2	0	1.15517	0.0312209	6.40597e+07	0	1	1	37	0	55.5
DDoS	4	0	2.00473	0.334122	1.19717e+07	0	0	1	6	0	7.5
DDoS	5	0	3.74073	0.623455	8.01983e+06	0	0	1	6	0	7.2
DDoS	3	6	17906.4	13.8535	649655	0	0	0	1163.3	2	1292.56
BENIGN	1	1	0	39215.7	51	0	0	1	0	1	0
BENIGN	1	1	0	39215.7	51	0	0	1	0	1	0
BENIGN	1	1	0	62500	32	0	0	1	0	1	0
BENIGN	1	1	0	37.9442	52709	0	0	1	0	1	0
DDoS	4	0	1.96662	0.32777	1.22037e+07	0	0	1	6	0	7.5
DDoS	5	0	10.7846	1.79744	2.78173e+06	0	0	1	6	0	7.2
BENIGN	2	2	1.40164e+06	16393.4	244	0	0	0	75.4	1	94.25
DDoS	3	4	8970.22	5.39771	1.29685e+06	0	0	0	1454.12	1	1661.86
BENIGN	1	1	7388.68	64.813	30858	0	0	0	92.6667	1	139
DDoS	3	6	297716	230.45	39054	0	0	0	1162.7	2	1291.89
BENIGN	2	2	279.281	5.47611	730446	0	0	0	48.2	1	60.25
BENIGN	6	5	156.787	1.09502	1.00455e+07	0	0	0	131.25	0	143.182
DDoS	3	5	717893	493.949	16196	0	0	0	1291.89	1	1453.38
BENIGN	10	6	3901.81	33.3666	479521	0	0	0	110.059	0	116.938
BENIGN	21	22	129.969	0.689192	6.23919e+07	0	0	0	184.295	1	188.581
BENIGN	2	2	1.83333e+06	27777.8	144	0	0	0	60.2	1	75.25
BENIGN	1	1	3535.1	57.9525	34511	0	0	0	55.6667	1	83.5
BENIGN	2	2	1.09787e+06	17021.3	235	0	0	0	59.8	1	74.75
DDoS	5	0	3.05694	0.509489	9.81375e+06	0	0	1	6	0	7.2
DDoS	2	5	9924.54	5.97504	1.17154e+06	0	0	0	1453.38	2	1661
DDoS	5	0	14.2251	2.37085	2.10895e+06	0	0	1	6	0	7.2
BENIGN	2	2	3431.01	51.2092	78111	0	0	0	61.4	1	76.75
BENIGN	5	1	44.3615	1.47055	4.08011e+06	0	1	1	32.4286	0	37.8333
BENIGN	2	0	6e+06	1e+06	2	1	0	0	6	0	9
DDoS	5	0	5.6668	0.944467	5.29399e+06	0	0	1	6	0	7.2
DDoS	5	0	4.31789	0.719649	6.94783e+06	0	0	1	6	0	7.2
BENIGN	2	0	160000	26666.7	75	0	0	1	6	0	9
BENIGN	2	2	4123.78	66.5126	60139	0	0	0	57.2	1	71.5
BENIGN	10	5	15038.7	189.246	79262	0	0	0	74.5	0	79.4667
BENIGN	2	0	1.23333e+07	666667	3	0	1	1	24.6667	0	37
BENIGN	14	12	80.1442	0.427261	6.08528e+07	0	0	0	180.63	0	187.577
DDoS	3	7	9656.38	8.30085	1.2047e+06	0	0	0	1057.55	2	1163.3
DDoS	3	4	6456.56	3.88715	1.8008e+06	0	0	0	1453.38	1	1661
DDoS	3	5	20731.6	14.2571	561124	0	0	0	1292.56	1	1454.12
DDoS	3	4	402611	242.391	28879	0	0	0	1453.38	1	1661
DDoS	5	0	4.11763	0.686271	7.28575e+06	0	0	1	6	0	7.2
DDoS	3	5	20757.7	14.2824	560129	0	0	0	1291.89	1	1453.38
DDoS	3	4	9435.94	5.67795	1.23284e+06	0	0	0	1454.12	1	1661.86
BENIGN	2	2	5292.56	65.3403	61218	0	0	0	70.8	1	88.5
BENIGN	2	2	6020.22	83.0375	48171	0	0	0	66.4	1	83
BENIGN	2	0	3.40146	0.56691	3.5279e+06	0	0	1	6	0	9
BENIGN	2	1	0	35.2195	85180	0	0	1	0	0	0
BENIGN	1	1	0	40000	50	0	0	1	0	1	0
BENIGN	6	6	15572.5	45.1595	265725	0	0	0	318.308	1	344.833
BENIGN	1	1	2270.37	36.326	55057	0	0	0	56.6667	1	85
BENIGN	10	5	12620	132.749	112995	0	0	0	89.125	0	95.0667
BENIGN	3	3	6.30578	0.080671	7.43762e+07	0	0	0	75.2857	1	87.8333
BENIGN	2	2	2.76007	0.034075	1.17388e+08	0	0	0	74.8	1	93.5
BENIGN	10	9	3485.98	11.8826	1.59898e+06	0	0	0	278.7	0	293.368
BENIGN	1	1	6220.14	64.1252	31189	0	0	0	80	1	120
DDoS	5	0	3.73144	0.621907	8.03979e+06	0	0	1	6	0	7.2
BENIGN	1	1	255319	42553.2	47	0	0	1	6	1	9
DDoS	3	6	10063.8	7.78998	1.15533e+06	0	0	0	1162.7	2	1291.89
BENIGN	32	36	315.913	0.585981	1.16045e+08	0	0	0	531.304	1	539.118
BENIGN	2	2	1420.99	24.2904	164674	0	0	0	53.2	1	66.5
DDoS	3	6	6223.18	4.81463	1.8693e+06	0	0	0	1163.3	2	1292.56
DDoS	9	4	143.639	0.160023	8.12385e+07	0	0	1	833.929	0	898.077
DDoS	3	5	533569	367.124	21791	0	0	0	1291.89	1	1453.38
DDoS	3	6	144711	111.957	80388	0	0	0	1163.3	2	1292.56
BENIGN	1	1	193548	32258.1	62	0	0	1	6	1	9
BENIGN	1	1	3130.91	42.0256	47590	0	0	0	68	1	102
BENIGN	2	0	1.2e+07	2e+06	1	1	0	0	6	0	9
DDoS	9	6	134.191	0.172586	8.69133e+07	0	0	1	729.312	0	777.933
DDoS	3	5	21329.2	14.6756	545122	0	0	0	1291.89	1	1453.38
BENIGN	2	2	7657.61	129.79	30819	0	0	0	53.8	1	67.25
DDoS	3	6	7755.35	6.00002	1.5e+06	0	0	0	1163.3	2	1292.56
BENIGN	2	2	1.04375e+06	12500	320	0	0	0	73.8	1	92.25
DDoS	2	5	6671.33	4.01645	1.74283e+06	0	0	0	1453.38	2	1661
DDoS	5	0	3.6893	0.614883	8.13162e+06	0	0	1	6	0	7.2
DDoS	9	5	143.755	0.172472	8.11727e+07	0	0	1	778.333	0	833.929
DDoS	3	4	127432	76.6804	91288	0	0	0	1454.12	1	1661.86
BENIGN	1	1	5308.82	64.7417	30892	0	0	0	76.6667	1	115
BENIGN	1	1	78.5546	13.0924	152760	0	0	1	6	1	9
BENIGN	32	16	101.941	0.425346	1.12849e+08	0	1	1	243	0	248.062
DDoS	9	4	162.076	0.180656	7.19602e+07	0	0	1	833.5	0	897.615
DDoS	8	6	129.705	0.155695	8.99193e+07	0	0	1	777.933	0	833.5
DDoS	4	0	5.30918	0.884864	4.52047e+06	0	0	1	6	0	7.5
DDoS	4	0	544.984	90.8306	44038	0	0	1	6	0	7.5
DDoS	4	0	2.81271	0.468785	8.5327e+06	0	0	1	6	0	7.5
BENIGN	5	1	28.8882	0.957621	6.26553e+06	0	1	1	32.4286	0	37.8333
DDoS	8	6	119.958	0.143995	9.72255e+07	0	0	1	777.933	0	833.5
BENIGN	2	0	2.17647e+06	117647	17	0	1	1	24.6667	0	37
DDoS	3	4	6569.96	3.95543	1.76972e+06	0	0	0	1453.38	1	1661
DDoS	3	5	6250.17	4.29824	1.86123e+06	0	0	0	1292.56	1	1454.12
DDoS	8	5	119.304	0.133049	9.77084e+07	0	0	1	833.071	0	897.154
DDoS	3	5	24956	17.1711	465900	0	0	0	1291.89	1	1453.38
BENIGN	9	6	8856.71	32.308	464281	0	0	0	257	0	274.133
BENIGN	1	1	7198.48	65.4407	30562	0	0	0	104.667	1	157
DDoS	4	0	13.6132	2.26887	1.76299e+06	0	0	1	6	0	7.5
DDoS	8	4	156.969	0.161588	7.42632e+07	0	0	1	897.154	0	971.917
BENIGN	2	0	4.00855	0.668091	2.9936e+06	0	0	1	6	0	9
BENIGN	2	2	4159.59	33.1441	120685	0	0	0	108	1	135
BENIGN	1	1	5719.96	79.4439	25175	0	0	0	62	1	93
BENIGN	15	11	20877.8	64.9232	400473	0	0	0	309.667	0	321.577
BENIGN	2	2	619529	13468	297	0	0	0	44.4	1	55.5
DDoS	3	6	304978	236.072	38124	0	0	0	1162.7	2	1291.89
DDoS	3	5	44829.4	30.845	259361	0	0	0	1291.89	1	1453.38
BENIGN	2	2	1.88439e+06	23121.4	173	0	0	0	75.4	1	94.25
DDoS	3	5	69425	47.7435	167562	0	0	0	1292.56	1	1454.12
BENIGN	1	1	4140.79	65.7268	30429	0	0	0	60.3333	1	90.5
DDoS	3	4	771943	464.746	15062	0	0	0	1453.38	1	1661
DDoS	9	5	116.144	0.139345	1.0047e+08	0	0	1	778.333	0	833.929
BENIGN	2	1	118.801	29.7003	101009	0	0	1	4.5	0	6
BENIGN	9	8	7857.86	16.6294	1.02229e+06	0	0	0	446.278	0	472.529
BENIGN	5	3	36407.8	160.475	49852	0	0	0	201.667	0	226.875
DDoS	3	6	347002	268.601	33507	0	0	0	1162.7	2	1291.89
BENIGN	9	6	748.741	2.75475	5.44514e+06	0	0	0	254.812	0	271.8
DDoS	8	5	145.137	0.161775	8.03583e+07	0	0	1	833.5	0	897.615
BENIGN	2	0	164384	27397.3	73	0	0	1	6	0	9
BENIGN	2	2	3.28272	0.047404	8.43812e+07	0	0	0	66.4	1	83
DDoS	8	4	124.87	0.128544	9.33534e+07	0	0	1	897.154	0	971.917
DDoS	3	7	9827.21	8.45206	1.18314e+06	0	0	0	1057	2	1162.7
DDoS	9	4	118.724	0.132334	9.82362e+07	0	0	1	833.5	0	897.615
BENIGN	2	0	1.23333e+07	666667	3	0	1	1	24.6667	0	37
BENIGN	1	1	122449	20408.2	98	0	0	1	6	1	9
DDoS	5	0	4.97358	0.82893	6.03187e+06	0	0	1	6	0	7.2
DDoS	3	5	52152.4	35.8651	223058	0	0	0	1292.56	1	1454.12
BENIGN	16	14	10.9081	0.2591	1.15786e+08	0	0	0	40.7419	0	42.1
BENIGN	2	2	10307.5	168.976	23672	0	0	0	55.2	1	69
BENIGN	2	0	292683	48780.5	41	0	0	1	6	0	9
BENIGN	1	1	3417.56	41.425	48280	0	0	0	73.3333	1	110
BENIGN	2	2	749.853	10.2021	392077	0	0	0	65.8	1	82.25
DDoS	9	4	166.559	0.185558	7.00591e+07	0	0	1	833.929	0	898.077
DDoS	2	5	17660.9	10.6382	658009	0	0	0	1452.62	2	1660.14
BENIGN	8	6	604.472	2.4759	5.65452e+06	0	0	0	227.867	0	244.143
BENIGN	2	2	869565	21739.1	184	0	0	0	38.4	1	48
DDoS	3	5	287448	197.78	40449	0	0	0	1291.89	1	1453.38
DDoS	3	4	186965	112.562	62188	0	0	0	1453.38	1	1661
DDoS	3	6	25541.7	19.7708	455216	0	0	0	1162.7	2	1291.89
DDoS	3	6	33616.5	26.0078	346050	0	0	0	1163.3	2	1292.56
DDoS	5	0	3.10373	0.517288	9.6658e+06	0	0	1	6	0	7.2
BENIGN	2	2	1.33962e+06	18867.9	212	0	0	0	65.4	1	81.75
DDoS	3	5	11993.8	8.24809	969921	0	0	0	1292.56	1	1454.12
BENIGN	2	2	2065.16	10.8408	368978	0	0	0	159.4	1	199.25
BENIGN	2	2	3151.73	65.661	60919	0	0	0	46.4	1	58
BENIGN	1	1	0	19802	101	0	0	1	0	1	0
BENIGN	2	0	1.03333e+07	666667	3	0	1	1	20.6667	0	31
DDoS	9	5	144.548	0.173423	8.07274e+07	0	0	1	778.333	0	833.929
BENIGN	13	13	40.16	0.221267	1.17505e+08	0	0	0	174.778	1	181.5
BENIGN	2	2	1.47059e+06	29411.8	136	0	0	0	48.4	1	60.5
BENIGN	10	5	9038.77	54.3413	276033	0	0	0	155.938	0	166.333
DDoS	4	0	12.1891	2.03151	1.96898e+06	0	0	1	6	0	7.5
DDoS	5	0	4.82485	0.804142	6.21781e+06	0	0	1	6	0	7.2
DDoS	3	6	26982.3	20.8751	431135	0	0	0	1163.3	2	1292.56
BENIGN	2	2	7279.69	127.714	31320	0	0	0	53.8	1	67.25
BENIGN	2	2	12329.4	170.061	23521	0	0	0	66	1	82.5
BENIGN	2	2	5164.1	64.9572	61579	0	0	0	72.8	1	91
DDoS	3	5	511054	351.633	22751	0	0	0	1291.89	1	1453.38
DDoS	8	4	159.663	0.164361	7.30102e+07	0	0	1	897.154	0	971.917
BENIGN	2	2	1.33333e+06	27210.9	147	0	0	0	47.4	1	59.25
BENIGN	1	1	141176	23529.4	85	0	0	1	6	1	9
DDoS	3	6	8904.64	6.88917	1.3064e+06	0	0	0	1163.3	2	1292.56
BENIGN	1	1	1921.23	22.0831	90567	0	0	0	71.6667	1	107.5
BENIGN	2	2	2.00881e+06	17621.1	227	0	0	0	101.6	1	127
DDoS	3	4	8941.35	5.38034	1.30103e+06	0	0	0	1454.12	1	1661.86
DDoS	5	0	6.4528	1.07547	4.64915e+06	0	0	1	6	0	7.2
DDoS	4	0	3.63639	0.606065	6.59995e+06	0	0	1	6	0	7.5
BENIGN	1	1	4429.82	65.1445	30701	0	0	0	61.3333	1	92
DDoS	3	5	10265	7.05924	1.13327e+06	0	0	0	1292.56	1	1454.12
DDoS	5	0	8.48917	1.41486	3.53391e+06	0	0	1	6	0	7.2
BENIGN	2	2	5415.5	82.053	48749	0	0	0	59.4	1	74.25
DDoS	8	5	116.64	0.130078	9.99403e+07	0	0	1	833.071	0	897.154
BENIGN	2	0	1.23333e+07	666667	3	0	1	1	22.6667	0	34
BENIGN	1	1	4389.65	22.1141	90440	0	0	0	150.667	1	226
DDoS	5	0	3.19326	0.53221	9.39479e+06	0	0	1	6	0	7.2
BENIGN	13	11	1352.03	3.36222	7.13815e+06	0	0	0	386.04	0	402.125
BENIGN	4	4	184.357	1.53631	5.20729e+06	0	0	0	106.667	1	120
BENIGN	2	2	6700.06	130.098	30746	0	0	0	47.8	1	59.75
DDoS	3	5	101300	69.664	114837	0	0	0	1292.56	1	1454.12
DDoS	3	4	342333	206.101	33964	0	0	0	1453.38	1	1661
DDoS	5	0	2.99109	0.498516	1.00298e+07	0	0	1	6	0	7.2
DDoS	3	5	7986.81	5.49252	1.45653e+06	0	0	0	1292.56	1	1454.12
DDoS	9	6	143.983	0.185084	8.10443e+07	0	0	1	729.688	0	778.333
DDoS	3	6	16712	12.9294	696088	0	0	0	1163.3	2	1292.56
DDoS	9	7	141.928	0.194606	8.22175e+07	0	0	1	686.765	0	729.688
BENIGN	22	18	70.7909	0.342523	1.1678e+08	0	0	0	201.634	0	206.675
DDoS	8	5	131.731	0.146907	8.84911e+07	0	0	1	833.071	0	897.154
DDoS	5	0	7.47958	1.2466	4.01092e+06	0	0	1	6	0	7.2
BENIGN	9	10	1105.73	4.55528	4.17098e+06	0	0	0	230.6	1	242.737
BENIGN	10	5	13389.2	100.721	148926	0	0	0	124.625	0	132.933
DDoS	3	6	21850.5	16.9136	532116	0	0	0	1162.7	2	1291.89
DDoS	3	5	26661.7	18.3447	436093	0	0	0	1291.89	1	1453.38
BENIGN	2	2	1.10256e+06	25641	156	0	0	0	41.4	1	51.75
DDoS	3	4	7393.55	4.45127	1.57259e+06	0	0	0	1453.38	1	1661
BENIGN	2	0	938.894	156.482	12781	0	0	1	6	0	9
DDoS	3	5	306091	210.499	38005	0	0	0	1292.56	1	1454.12
BENIGN	1	1	23952.1	3992.02	501	1	0	0	6	1	9
BENIGN	4	4	5.69836	0.084734	9.44131e+07	0	0	0	63.6667	1	71.625
DDoS	3	6	26204.5	20.2734	443932	0	0	0	1163.3	2	1292.56
DDoS	4	0	2.174	0.362333	1.10396e+07	0	0	1	6	0	7.5
BENIGN	1	1	3248.79	32.9826	60638	0	0	0	84.3333	1	126.5
BENIGN	2	2	2.41475e+06	18433.2	217	0	0	0	118.2	1	147.75
BENIGN	11	8	172.225	1.98923	9.55146e+06	0	0	0	82.25	0	86.5789
DDoS	3	4	104693	62.9978	111115	0	0	0	1454.12	1	1661.86
BENIGN	2	2	1.00559e+06	22346.4	179	0	0	0	42.2	1	52.75
BENIGN	1	1	9626.57	64.6078	30956	0	0	0	127.667	1	191.5
DDoS	5	0	3.50655	0.584426	8.55541e+06	0	0	1	6	0	7.2
DDoS	4	0	8.82601	1.471	2.71924e+06	0	0	1	6	0	7.5
DDoS	5	0	4.62863	0.771439	6.4814e+06	0	0	1	6	0	7.2
BENIGN	10	5	14897.6	138.026	108675	0	0	0	101.188	0	107.933
BENIGN	1	1	5392.35	41.6398	48031	0	0	0	105.667	1	158.5
BENIGN	7	6	288.926	2.42952	5.35086e+06	0	0	0	110.429	0	118.923
BENIGN	2	2	4.03074	1.34358	2.97712e+06	0	0	0	2.4	1	3
DDoS	5	0	3.40558	0.567597	8.80906e+06	0	0	1	6	0	7.2
BENIGN	7	4	126.834	1.85776	5.92112e+06	0	0	0	62.5833	0	68.2727
BENIGN	5	3	24604.6	92.7601	86244	0	0	0	235.778	0	265.25
BENIGN	16	14	11.0172	0.260249	1.15274e+08	0	0	0	40.9677	0	42.3333
BENIGN	2	2	1.2e+06	23529.4	170	0	0	0	49.4	1	61.75
BENIGN	1	1	6827.49	65.0237	30758	0	0	0	89	1	133.5
BENIGN	1	1	0	2e+06	1	0	0	1	0	1	0
DDoS	3	4	6892.92	4.14772	1.68767e+06	0	0	0	1454.12	1	1661.86
DDoS	5	0	45.0356	7.50593	666140	0	0	1	6	0	7.2
DDoS	4	0	2.24054	0.373423	1.07117e+07	0	0	1	6	0	7.5
DDoS	3	6	277243	214.603	41938	0	0	0	1162.7	2	1291.89
DDoS	8	6	149.044	0.179002	7.82116e+07	0	0	1	777.533	0	833.071
BENIGN	18	16	27.3827	0.294251	1.15548e+08	0	0	0	90.4	0	93.0588
BENIGN	2	2	3800.36	43.9348	91044	0	0	0	77	1	96.25
BENIGN	9	7	86.1603	0.412004	3.88346e+07	0	0	0	196.824	0	209.125
BENIGN	2	2	10847.4	85.0774	47016	0	0	0	108	1	135
DDoS	4	0	2.38196	0.396993	1.00758e+07	0	0	1	6	0	7.5
DDoS	3	7	10915	9.38765	1.06523e+06	0	0	0	1057	2	1162.7
BENIGN	5	0	53.8154	1.92198	2.60148e+06	0	0	0	28	0	33.6
BENIGN	1	1	0	24691.4	81	0	0	1	0	1	0
BENIGN	10	5	14365.8	180.777	82975	0	0	0	74.5	0	79.4667
BENIGN	3	1	320819	13651.9	293	0	1	1	28.4	0	35.5
DDoS	3	5	9393.64	6.46	1.23839e+06	0	0	0	1292.56	1	1454.12
DDoS	3	4	16802.9	10.1109	692323	0	0	0	1454.12	1	1661.86
DDoS	3	5	326760	224.713	35601	0	0	0	1292.56	1	1454.12
BENIGN	2	0	0	500000	4	0	0	1	0	0	0
BENIGN	9	11	3318.92	14.2657	1.40196e+06	0	0	0	221.571	1	232.65
BENIGN	9	9	620.11	1.2239	1.47071e+07	0	0	0	480	1	506.667
BENIGN	15	12	79.297	0.444195	6.07842e+07	0	0	0	172.143	0	178.519
DDoS	2	3	6217.41	2.67507	1.86911e+06	0	0	0	1936.83	1	2324.2
DDoS	8	5	127.304	0.141898	9.16151e+07	0	0	1	833.5	0	897.615
DDoS	3	4	121119	72.8817	96046	0	0	0	1454.12	1	1661.86
BENIGN	6	8	455.633	1.36563	1.02517e+07	0	0	0	311.4	1	333.643
DDoS	5	0	3.12865	0.521442	9.58879e+06	0	0	1	6	0	7.2
DDoS	3	6	15350.7	11.8823	757426	0	0	0	1162.7	2	1291.89
DDoS	8	6	152.679	0.183273	7.6389e+07	0	0	1	777.933	0	833.5
BENIGN	1	1	7578.04	86.1141	23225	0	0	0	77.3333	1	116
DDoS	2	7	8204.57	6.35083	1.41714e+06	0	0	0	1162.7	3	1291.89
BENIGN	18	15	20.388	0.284845	1.15852e+08	0	0	0	69.4706	0	71.5758
DDoS	4	0	2.02879	0.338132	1.18297e+07	0	0	1	6	0	7.5
DDoS	3	5	69115.3	47.5305	168313	0	0	0	1292.56	1	1454.12
BENIGN	1	1	521739	86956.5	23	0	0	1	6	1	9
DDoS	3	5	6269.54	4.31156	1.85548e+06	0	0	0	1292.56	1	1454.12
BENIGN	2	2	2.62652	0.0345594	1.15743e+08	0	0	0	70.8	1	88.5
BENIGN	1	1	0	80000	25	0	0	1	0	1	0
DDoS	3	6	67179.7	52.0012	173073	0	0	0	1162.7	2	1291.89
BENIGN	2	2	2.90833	0.0605903	6.60172e+07	0	0	0	48	1	60
BENIGN	1	1	0	35087.7	57	0	0	1	0	1	0
BENIGN	1	1	5128.53	63.3152	31588	0	0	0	72	1	108
BENIGN	3	1	0	53.2163	75165	0	0	1	0	0	0
BENIGN	5	1	46.8926	1.55445	3.85988e+06	0	1	1	32.4286	0	37.8333
DDoS	8	5	145.524	0.16229	8.01034e+07	0	0	1	833.071	0	897.154
BENIGN	2	2	185.312	2.01975	1.98044e+06	0	0	0	84.6	1	105.75
BENIGN	6	5	25317.4	71.9801	152820	0	0	0	322.417	0	351.727
DDoS	5	0	9.92087	1.65348	3.02393e+06	0	0	1	6	0	7.2
BENIGN	2	2	1.49189e+06	21621.6	185	0	0	0	64	1	80
BENIGN	1	1	4104.71	83.7696	23875	0	0	0	46.3333	1	69.5
BENIGN	2	2	1.18519e+06	24691.4	162	0	0	0	46.4	1	58
DDoS	8	6	142.388	0.17092	8.19099e+07	0	0	1	777.933	0	833.5
BENIGN	2	2	9646.46	96.4646	41466	0	0	0	87.2	1	109
BENIGN	9	6	803.629	2.48648	6.03263e+06	0	0	0	303	0	323.2
BENIGN	4	4	18977.1	202.963	39416	0	0	0	88.1111	1	99.125
BENIGN	3	3	22.0867	0.173456	3.4591e+07	0	0	0	116.429	1	135.833
BENIGN	1	1	2392.7	33.232	60183	0	0	0	62	1	93
DDoS	8	4	120.392	0.123934	9.68256e+07	0	0	1	897.154	0	971.917
BENIGN	2	0	22857.1	3809.52	525	0	0	1	6	0	9
BENIGN	10	5	12425.8	89.4801	167635	0	0	0	130.188	0	138.867
DDoS	5	0	3.62402	0.604004	8.2781e+06	0	0	1	6	0	7.2
BENIGN	2	2	1.65049e+06	19417.5	206	0	0	0	77.2	1	96.5
BENIGN	1	1	12997.7	82.2639	24312	0	0	0	136.667	1	205
BENIGN	2	2	837696	20942.4	191	0	0	0	38.4	1	48
DDoS	3	4	77047.4	46.3622	150985	0	0	0	1454.12	1	1661.86
DDoS	3	4	17642.7	10.6162	659368	0	0	0	1454.12	1	1661.86
BENIGN	9	10	1702.78	4.22361	4.49852e+06	0	0	0	383	1	403.158
DDoS	4	0	2.4433	0.407217	9.82277e+06	0	0	1	6	0	7.5
DDoS	5	0	4.30788	0.71798	6.96398e+06	0	0	1	6	0	7.2
DDoS	3	7	69902.4	60.1207	166332	0	0	0	1057	2	1162.7
BENIGN	2	0	141176	23529.4	85	0	0	1	6	0	9
BENIGN	1	1	150000	25000	80	0	0	1	6	1	9
BENIGN	1	1	0	20618.6	97	0	0	1	0	1	0
DDoS	3	7	11618.3	9.98736	1.00127e+06	0	0	0	1057.55	2	1163.3
DDoS	3	4	14951.3	9.00141	777656	0	0	0	1453.38	1	1661
BENIGN	1	1	94488.2	15748	127	0	0	1	6	1	9
BENIGN	1	1	0	22222.2	90	0	0	1	0	1	0
DDoS	3	6	21553.3	16.675	539731	0	0	0	1163.3	2	1292.56
BENIGN	2	0	113208	18867.9	106	0	0	1	6	0	9
DDoS	8	7	122.287	0.157356	9.53253e+07	0	0	1	728.938	0	777.533
BENIGN	23	18	968.487	2.62601	1.5613e+07	0	0	0	360.024	0	368.805
BENIGN	28	28	196.537	0.480573	1.16528e+08	0	0	0	401.789	1	408.964
DDoS	8	6	122.975	0.147693	9.47915e+07	0	0	1	777.533	0	833.071
DDoS	8	6	119.121	0.143064	9.78582e+07	0	0	1	777.533	0	833.071
BENIGN	2	0	11.9994	1.9999	1.00005e+06	0	0	1	6	0	9
BENIGN	1	1	0	69.8446	28635	0	0	1	0	1	0
BENIGN	2	2	1294.68	23.9756	166836	0	0	0	50	1	62.5
DDoS	5	0	2.96216	0.493693	1.01278e+07	0	0	1	6	0	7.2
DDoS	4	0	15.9672	2.66121	1.50308e+06	0	0	1	6	0	7.5
DDoS	3	4	309273	186.101	37614	0	0	0	1454.12	1	1661.86
BENIGN	12	13	15871.3	35.5064	704099	0	0	0	429.808	1	447
DDoS	4	0	4.04662	0.674437	5.93087e+06	0	0	1	6	0	7.5
BENIGN	2	2	1.80769e+06	19230.8	208	0	0	0	84.4	1	105.5
DDoS	5	0	2.95079	0.491798	1.01668e+07	0	0	1	6	0	7.2
BENIGN	7	9	1265.7	18.1137	883307	0	0	0	65.7647	1	69.875
BENIGN	7	4	196.142	0.470879	2.33606e+07	0	0	0	381.833	0	416.545
DDoS	3	5	18194.6	12.5124	639364	0	0	0	1292.56	1	1454.12
BENIGN	1	1	5674.63	64.8529	30839	0	0	0	72.6667	1	109
DDoS	4	0	64.6883	10.7814	371010	0	0	1	6	0	7.5
DDoS	3	5	7765.63	5.34041	1.49801e+06	0	0	0	1292.56	1	1454.12
BENIGN	12	11	2166.4	3.8039	6.04643e+06	0	0	0	545.792	0	569.522
BENIGN	2	2	7145.82	166.182	24070	0	0	0	41.4	1	51.75
BENIGN	7	4	131.747	1.82981	6.01154e+06	0	0	0	66	0	72
DDoS	3	4	6362.18	3.83033	1.82752e+06	0	0	0	1453.38	1	1661
BENIGN	5	2	4180.56	26.4592	264558	0	0	0	138.25	0	158
BENIGN	2	2	1.0383e+06	17021.3	235	0	0	0	55.4	1	69.25
DDoS	8	5	148.709	0.165842	7.8388e+07	0	0	1	833.071	0	897.154
DDoS	5	0	21.5807	3.59678	1.39013e+06	0	0	1	6	0	7.2
BENIGN	1	1	3875.21	65.6814	30450	0	0	0	56.3333	1	84.5
BENIGN	5	3	884.736	7.56994	1.05681e+06	0	0	0	103.889	0	116.875
DDoS	3	5	82452.7	56.7026	141087	0	0	0	1292.56	1	1454.12
DDoS	5	0	1.24094	0.206823	2.41753e+07	0	0	1	6	0	7.2
BENIGN	12	10	27.837	0.327669	6.71409e+07	0	0	0	81.2609	0	84.9545
BENIGN	2	2	11132.8	107.046	37367	0	0	0	95.8	1	119.75
BENIGN	1	1	1.33333e+06	222222	9	0	0	1	6	1	9
DDoS	5	0	315.497	52.5829	95088	0	0	1	6	0	7.2
DDoS	3	6	82382.7	63.7692	141134	0	0	0	1162.7	2	1291.89
DDoS	5	0	2.96743	0.494572	1.01098e+07	0	0	1	6	0	7.2
BENIGN	10	5	18452.7	109.968	136403	0	0	0	157.312	0	167.8
BENIGN	1	1	0	90909.1	22	0	0	1	0	1	0
BENIGN	2	2	9025.64	164.103	24375	0	0	0	53.4	1	66.75
DDoS	3	5	17392.6	11.9608	668849	0	0	0	1292.56	1	1454.12
DDoS	3	5	24225.3	16.6597	480201	0	0	0	1292.56	1	1454.12
BENIGN	2	0	1.23333e+07	666667	3	0	1	1	22.6667	0	34
BENIGN	3	1	17785	1616.81	2474	0	0	1	8.8	0	11
BENIGN	4	2	5129.39	98.642	60826	0	0	0	50	0	58.3333
DDoS	3	6	10274.5	7.95307	1.13164e+06	0	0	0	1162.7	2	1291.89
DDoS	5	0	8.46525	1.41088	3.5439e+06	0	0	1	6	0	7.2
DDoS	3	5	22837.7	15.7055	509377	0	0	0	1292.56	1	1454.12
DDoS	5	0	6.4448	1.07413	4.65491e+06	0	0	1	6	0	7.2
DDoS	4	0	13.5716	2.26193	1.7684e+06	0	0	1	6	0	7.5
DDoS	5	0	8.19928	1.36655	3.65886e+06	0	0	1	6	0	7.2
BENIGN	2	2	9205.91	128.754	31067	0	0	0	66	1	82.5
BENIGN	1	1	0	37037	54	0	0	1	0	1	0
DDoS	3	5	16486.9	11.338	705591	0	0	0	1292.56	1	1454.12
DDoS	5	0	5.7418	0.956967	5.22484e+06	0	0	1	6	0	7.2
BENIGN	3	0	1.075e+07	750000	4	0	0	1	12.25	0	16.3333
BENIGN	2	1	0	30612.2	98	0	0	1	0	0	0
DDoS	8	5	144.423	0.161062	8.07143e+07	0	0	1	833.071	0	897.154
BENIGN	3	3	3.74041	0.0515918	1.16297e+08	0	0	0	68.7143	1	80.1667
BENIGN	52	69	1372.21	1.33873	9.03842e+07	0	0	0	1016.61	1	1025.01
DDoS	5	0	3.02002	0.503336	9.93371e+06	0	0	1	6	0	7.2
DDoS	3	5	11887.3	8.17911	978101	0	0	0	1291.89	1	1453.38
DDoS	3	5	6168.78	4.24226	1.88579e+06	0	0	0	1292.56	1	1454.12
BENIGN	2	0	0	913.242	2190	0	0	1	0	0	0
BENIGN	2	2	1.82022e+06	22471.9	178	0	0	0	70.8	1	88.5
BENIGN	2	0	9.25e+06	500000	4	0	1	1	22.6667	0	34
BENIGN	1	1	4077.13	84.9401	23546	0	0	0	48	1	72
BENIGN	2	0	37267.1	6211.18	322	0	0	1	6	0	9
DDoS	4	0	3.84501	0.640835	6.24186e+06	0	0	1	6	0	7.5
BENIGN	3	0	0	4838.71	620	0	0	1	0	0	0
BENIGN	6	3	71.1812	0.817132	1.10141e+07	0	0	0	78.4	0	87.1111
DDoS	3	4	21597.2	12.9958	538634	0	0	0	1454.12	1	1661.86
BENIGN	2	0	4e+06	666667	3	0	0	1	6	0	9
DDoS	4	0	1091.06	181.843	21997	0	0	1	6	0	7.5
DDoS	3	7	9383.08	8.07008	1.23914e+06	0	0	0	1057	2	1162.7
BENIGN	2	1	210784	14705.9	204	0	1	1	18.5	0	24.6667
BENIGN	2	0	4e+06	666667	3	0	0	1	6	0	9
DDoS	9	4	121.614	0.135555	9.59019e+07	0	0	1	833.5	0	897.615
BENIGN	2	2	2.15652e+06	34782.6	115	0	0	0	60.4	1	75.5
DDoS	3	4	8927.88	5.37223	1.303e+06	0	0	0	1454.12	1	1661.86
DDoS	8	4	163.654	0.168469	7.12297e+07	0	0	1	897.154	0	971.917
BENIGN	1	1	3894.94	28.1223	71118	0	0	0	106	1	159
BENIGN	1	1	0	22471.9	89	0	0	1	0	1	0
BENIGN	16	14	11.6212	0.259017	1.15823e+08	0	0	0	43.4194	0	44.8667
BENIGN	2	2	10039.6	128.713	31077	0	0	0	71.4	1	89.25
BENIGN	1	1	3355.37	33.0579	60500	0	0	0	85.3333	1	128
BENIGN	5	0	61.3474	0.411176	1.21603e+07	0	0	1	124.333	0	149.2
BENIGN	2	2	1.22652e+06	22099.4	181	0	0	0	50.8	1	63.5
DDoS	3	6	53496.1	41.4092	217343	0	0	0	1162.7	2	1291.89
BENIGN	2	2	2.50476e+06	19047.6	210	0	0	0	112.2	1	140.25
BENIGN	1	1	5120.86	86.7943	23043	0	0	0	56.3333	1	84.5
BENIGN	1	1	5350.04	65.2443	30654	0	0	0	72.6667	1	109
DDoS	8	6	1173	1.40804	9.94288e+06	0	0	1	777.933	0	833.5
DDoS	6	5	144.328	0.136404	8.06428e+07	0	0	1	970.417	0	1058.64
DDoS	5	0	5.28041	0.880068	5.68138e+06	0	0	1	6	0	7.2
BENIGN	2	0	7.12802	1.188	1.6835e+06	0	0	1	6	0	9
DDoS	4	0	14.4494	2.40823	1.66097e+06	0	0	1	6	0	7.5
BENIGN	20	16	162.784	0.573184	6.2807e+07	0	0	0	276.324	0	284
BENIGN	2	2	5033.14	76.8418	52055	0	0	0	61.4	1	76.75
DDoS	3	4	9927.83	5.97702	1.17115e+06	0	0	0	1453.38	1	1661
DDoS	8	4	119.018	0.122457	9.79937e+07	0	0	1	897.615	0	972.417
DDoS	3	5	17402.5	11.9738	668123	0	0	0	1291.89	1	1453.38
BENIGN	13	11	81.6317	0.250757	9.57104e+07	0	0	0	312.52	0	325.542
BENIGN	58	117	603512	651.134	268762	0	0	0	921.597	2	926.863
DDoS	3	5	8423.26	5.79266	1.38106e+06	0	0	0	1292.56	1	1454.12
BENIGN	2	2	1.2517e+06	27210.9	147	0	0	0	44.4	1	55.5
DDoS	8	5	161.789	0.180335	7.20879e+07	0	0	1	833.5	0	897.615
DDoS	3	6	6701.76	5.18489	1.73581e+06	0	0	0	1163.3	2	1292.56
DDoS	3	5	9584.53	6.59467	1.2131e+06	0	0	0	1291.89	1	1453.38
DDoS	5	0	12.2831	2.04719	2.44238e+06	0	0	1	6	0	7.2
BENIGN	1	1	0	16.9957	117677	0	0	1	0	1	0
BENIGN	2	1	33210.3	5535.06	542	0	0	1	6	0	8
BENIGN	1	1	823.835	7.95976	251264	0	0	0	87	1	130.5
BENIGN	2	2	4591.2	66.5391	60115	0	0	0	62.8	1	78.5
DDoS	3	6	6233.68	4.82276	1.86615e+06	0	0	0	1163.3	2	1292.56
DDoS	4	0	2.53197	0.421995	9.47878e+06	0	0	1	6	0	7.5
BENIGN	2	0	0	1366.12	1464	0	0	1	0	0	0
DDoS	4	0	4.68575	0.780959	5.12191e+06	0	0	1	6	0	7.5
DDoS	3	4	32183.5	19.366	361459	0	0	0	1454.12	1	1661.86
DDoS	3	6	13662.6	10.5757	851010	0	0	0	1162.7	2	1291.89
BENIGN	2	2	13266.8	128.804	31055	0	0	0	90.2	1	112.75
BENIGN	2	0	1.23333e+07	666667	3	0	1	1	24.6667	0	37
DDoS	8	5	119.122	0.132778	9.7908e+07	0	0	1	833.5	0	897.615
DDoS	4	0	2.36366	0.393944	1.01537e+07	0	0	1	6	0	7.5
BENIGN	3	2	6037.5	41.8109	119586	0	0	0	120.333	0	144.4
BENIGN	2	2	2354.55	22.1085	180926	0	0	0	92	1	115
BENIGN	3	4	27404.2	146.883	47657	0	0	0	163.25	1	186.571
DDoS	8	5	130.478	0.145436	8.93866e+07	0	0	1	833.5	0	897.615
DDoS	5	0	3.72866	0.621443	8.04578e+06	0	0	1	6	0	7.2
BENIGN	1	1	1547.15	13.3375	149953	0	0	0	92	1	138
DDoS	8	6	1247.01	1.49688	9.3528e+06	0	0	1	777.933	0	833.5
DDoS	3	6	63859	49.4307	182073	0	0	0	1162.7	2	1291.89
BENIGN	1	1	1197.95	15.2605	131057	0	0	0	70	1	105
BENIGN	2	2	940120	11976	334	0	0	0	72.2	1	90.25
BENIGN	2	2	2.06897e+06	19704.4	203	0	0	0	90	1	112.5
BENIGN	1	1	0	86.1475	23216	0	0	1	0	1	0
BENIGN	2	0	12.0019	2.00032	999838	0	0	1	6	0	9
DDoS	4	0	2.59803	0.433005	9.23777e+06	0	0	1	6	0	7.5
BENIGN	1	1	5994.89	65.5179	30526	0	0	0	80.6667	1	121
BENIGN	1	1	0	37037	54	0	0	1	0	1	0
DDoS	3	4	6414.43	3.86179	1.81263e+06	0	0	0	1453.38	1	1661
BENIGN	2	0	9.25e+06	500000	4	0	1	1	24.6667	0	37
BENIGN	2	2	1.28767e+06	27397.3	146	0	0	0	44.2	1	55.25
DDoS	3	5	468695	322.321	24820	0	0	0	1292.56	1	1454.12
BENIGN	1	1	387097	64516.1	31	0	0	1	6	1	9
BENIGN	2	0	111111	18518.5	108	0	0	1	6	0	9
DDoS	3	5	196522	135.217	59164	0	0	0	1291.89	1	1453.38
BENIGN	2	0	4e+06	666667	3	1	0	0	6	0	9
BENIGN	2	2	918367	20408.2	196	0	0	0	42.2	1	52.75
DDoS	3	5	6256.46	4.30256	1.85936e+06	0	0	0	1292.56	1	1454.12
DDoS	3	5	24027.2	16.532	483909	0	0	0	1291.89	1	1453.38
DDoS	3	6	9538.85	7.38365	1.21891e+06	0	0	0	1162.7	2	1291.89
BENIGN	2	0	3.36364e+06	181818	11	0	1	1	24.6667	0	37
BENIGN	2	0	1.23333e+07	666667	3	0	1	1	22.6667	0	34
DDoS	8	4	148.806	0.153184	7.83372e+07	0	0	1	897.154	0	971.917
DDoS	8	6	134.116	0.16099	8.69619e+07	0	0	1	777.933	0	833.5
DDoS	8	5	115.527	0.12877	1.00955e+08	0	0	1	833.5	0	897.615
BENIGN	4	2	3304.3	70.8065	84738	0	0	0	44.2857	0	51.6667
DDoS	3	4	401637	241.805	28949	0	0	0	1453.38	1	1661
BENIGN	7	8	43449.4	87.3647	171694	0	0	0	466.25	1	497.333
BENIGN	1	1	138.711	23.1184	86511	0	0	1	6	1	9
BENIGN	2	0	387097	64516.1	31	0	0	1	6	0	9
BENIGN	5	1	36.4881	1.20955	4.96052e+06	0	1	1	32.4286	0	37.8333
DDoS	3	6	15583.5	12.0626	746108	0	0	0	1162.7	2	1291.89
DDoS	4	0	4.33775	0.722958	5.53282e+06	0	0	1	6	0	7.5
DDoS	5	0	6.64664	1.10777	4.51356e+06	0	0	1	6	0	7.2
BENIGN	41	44	7338.21	64.8522	1.31067e+06	0	0	0	111.837	1	113.153
DDoS	3	4	72249.3	43.475	161012	0	0	0	1454.12	1	1661.86
BENIGN	1	1	72289.2	12048.2	166	0	0	1	6	1	9
DDoS	3	5	6410.1	4.40822	1.81479e+06	0	0	0	1292.56	1	1454.12
BENIGN	1	1	0	35714.3	56	0	0	1	0	1	0
BENIGN	2	2	1.65714e+06	22857.1	175	0	0	0	67.4	1	84.25
DDoS	3	6	12655.7	9.79123	919190	0	0	0	1163.3	2	1292.56
BENIGN	5	3	100.279	1.32164	6.05311e+06	0	0	0	67.4444	0	75.875
BENIGN	8	6	470.655	1.46393	9.56328e+06	0	0	0	300.067	0	321.5
BENIGN	1	1	600000	100000	20	0	0	1	6	1	9
DDoS	3	6	9920.34	7.67895	1.17204e+06	0	0	0	1162.7	2	1291.89
DDoS	4	0	5.23573	0.872621	4.58389e+06	0	0	1	6	0	7.5
DDoS	4	0	2.01129	0.335215	1.19326e+07	0	0	1	6	0	7.5
DDoS	4	0	2.60877	0.434794	9.19975e+06	0	0	1	6	0	7.5
DDoS	5	0	2.48064	0.41344	1.20937e+07	0	0	1	6	0	7.2
DDoS	3	6	31080	24.0454	374292	0	0	0	1163.3	2	1292.56
BENIGN	2	2	1e+06	15151.5	264	0	0	0	61	1	76.25
DDoS	8	5	123.13	0.137316	9.4672e+07	0	0	1	833.071	0	897.154
BENIGN	2	2	538012	23391.8	171	0	0	0	23	1	28.75
DDoS	4	0	2.77968	0.46328	8.63409e+06	0	0	1	6	0	7.5
DDoS	8	5	119.931	0.133749	9.71972e+07	0	0	1	833.071	0	897.154
BENIGN	2	0	25157.2	4192.87	477	0	0	1	6	0	9
BENIGN	10	9	159.274	0.630198	3.01492e+07	0	0	0	240.1	0	252.737
BENIGN	6	4	443.752	9.90519	1.00957e+06	0	0	0	43.6364	0	48
DDoS	3	5	24672.3	16.9671	471500	0	0	0	1292.56	1	1454.12
BENIGN	1	1	2432.89	32.8769	60833	0	0	0	65.3333	1	98
DDoS	3	6	22099.6	17.0976	526390	0	0	0	1163.3	2	1292.56
DDoS	5	0	6.09034	1.01506	4.92583e+06	0	0	1	6	0	7.2
DDoS	5	0	8.19465	1.36578	3.66092e+06	0	0	1	6	0	7.2
DDoS	3	4	257360	154.943	45178	0	0	0	1453.38	1	1661
DDoS	4	0	18.8086	3.13477	1.27601e+06	0	0	1	6	0	7.5
BENIGN	2	0	4e+06	666667	3	1	0	0	6	0	9
BENIGN	7	4	131.924	1.93231	5.69266e+06	0	0	0	62.5833	0	68.2727
BENIGN	1	1	1853.38	15.9089	125716	0	0	0	95.6667	1	143.5
BENIGN	2	0	0.659487	0.109915	1.8196e+07	0	0	1	6	0	9
BENIGN	7	4	85.5616	2.01537	5.45806e+06	0	0	0	38.9167	0	42.4545
BENIGN	2	0	4e+06	666667	3	0	0	1	6	0	9
DDoS	5	0	3.45073	0.575122	8.6938e+06	0	0	1	6	0	7.2
DDoS	3	6	6549.73	5.06727	1.7761e+06	0	0	0	1163.3	2	1292.56
BENIGN	3	0	1.075e+07	750000	4	0	0	1	12.25	0	16.3333
BENIGN	5	3	378.171	72.0325	111061	0	0	1	5.33333	0	6
BENIGN	7	4	147.518	2.07771	5.29428e+06	0	0	0	65.0833	0	71
DDoS	5	0	4.67045	0.778408	6.42336e+06	0	0	1	6	0	7.2
DDoS	4	0	7.9789	1.32982	3.00794e+06	0	0	1	6	0	7.5
BENIGN	16	15	24.0331	0.269255	1.15133e+08	0	0	0	86.4688	0	89.2581
BENIGN	2	2	85.3447	0.72326	5.53051e+06	0	0	0	104.6	1	130.75
DDoS	3	5	6367.29	4.38104	1.82605e+06	0	0	0	1291.89	1	1453.38
BENIGN	9	6	875.097	2.52432	5.9422e+06	0	0	0	325	0	346.667
DDoS	8	6	144.555	0.173521	8.06819e+07	0	0	1	777.933	0	833.5
BENIGN	1	1	0	80000	25	0	0	1	0	1	0
DDoS	3	4	592761	356.87	19615	0	0	0	1453.38	1	1661
BENIGN	2	2	5635.22	67.086	59625	0	0	0	74.6	1	93.25
BENIGN	1	1	5503.72	85.9956	23257	0	0	0	61.3333	1	92
DDoS	3	5	13875.2	9.54196	838402	0	0	0	1292.56	1	1454.12
BENIGN	2	0	145.173	24.1955	82660	0	0	1	6	0	9
DDoS	3	5	23068.4	15.8723	504023	0	0	0	1291.89	1	1453.38
BENIGN	2	2	5512.11	128.189	31204	0	0	0	41.4	1	51.75
DDoS	8	5	141.321	0.157521	8.25286e+07	0	0	1	833.5	0	897.615
BENIGN	2	2	1.38889e+06	27777.8	144	0	0	0	48.4	1	60.5
DDoS	8	6	141.714	0.17011	8.22995e+07	0	0	1	777.933	0	833.5
BENIGN	2	2	1.41573e+06	22471.9	178	0	0	0	59.6	1	74.5
DDoS	3	7	227281	195.477	51157	0	0	0	1057	2	1162.7
DDoS	3	4	6474.65	3.89804	1.79577e+06	0	0	0	1453.38	1	1661
DDoS	3	4	30040.3	18.0857	387047	0	0	0	1453.38	1	1661
DDoS	3	5	18812.2	12.9438	618057	0	0	0	1291.89	1	1453.38
BENIGN	1	1	370672	4073.32	491	0	0	0	81.3333	1	122
DDoS	5	0	3.01636	0.502727	9.94576e+06	0	0	1	6	0	7.2
BENIGN	1	1	0	60606.1	33	0	0	1	0	1	0
BENIGN	1	1	3262.47	43.2115	46284	0	0	0	68.6667	1	103
DDoS	3	6	17785.1	13.7667	653750	0	0	0	1162.7	2	1291.89
BENIGN	1	3	176471	39215.7	102	0	0	1	3.6	3	4.5
BENIGN	2	2	1.60248e+06	24844.7	161	0	0	0	58.8	1	73.5
DDoS	5	0	25.9454	4.32424	1.15627e+06	0	0	1	6	0	7.2
BENIGN	1	1	2013.34	20.3368	98344	0	0	0	82	1	123
BENIGN	6	2	688.763	6.30447	1.26894e+06	0	0	0	100.556	0	113.125
BENIGN	8	7	203.132	0.558976	2.68348e+07	0	0	0	340.688	0	363.4
DDoS	3	6	33142.4	25.641	351001	0	0	0	1163.3	2	1292.56
BENIGN	2	2	2.09045e+06	20100.5	199	0	0	0	91.2	1	114
DDoS	5	0	11.9527	1.99212	2.50989e+06	0	0	1	6	0	7.2
DDoS	4	0	3.20348	0.533913	7.49186e+06	0	0	1	6	0	7.5
BENIGN	1	1	126316	21052.6	95	0	0	1	6	1	9
DDoS	3	6	268896	208.035	43262	0	0	0	1163.3	2	1292.56
BENIGN	2	0	1.2e+07	2e+06	1	1	0	0	6	0	9
BENIGN	4	4	16.4741	0.610152	1.31115e+07	0	0	0	27	1	30.375
BENIGN	17	14	103.991	0.507434	6.10917e+07	0	0	0	198.531	0	204.935
DDoS	4	0	3.63369	0.605615	6.60486e+06	0	0	1	6	0	7.5
DDoS	4	0	2.98737	0.497896	8.03381e+06	0	0	1	6	0	7.5
DDoS	9	4	115.099	0.128228	1.01382e+08	0	0	1	833.929	0	898.077
BENIGN	2	2	12216.4	65.154	61393	0	0	0	158.8	1	198.5
DDoS	8	5	1283.02	1.4301	9.09026e+06	0	0	1	833.5	0	897.615
DDoS	3	5	9338.56	6.42543	1.24505e+06	0	0	0	1291.89	1	1453.38
BENIGN	33	43	167336	164.526	461933	0	0	0	1003.87	1	1017.08
BENIGN	1	1	5840.13	121.669	16438	0	0	0	48	1	72
DDoS	5	0	3.90079	0.650132	7.69074e+06	0	0	1	6	0	7.2
DDoS	4	0	4.92614	0.821024	4.87196e+06	0	0	1	6	0	7.5
BENIGN	2	1	0	28.4944	105284	0	0	1	0	0	0
DDoS	3	6	10432.4	8.07117	1.11508e+06	0	0	0	1163.3	2	1292.56
BENIGN	2	2	2.30769e+06	15384.6	260	0	0	0	126.4	1	158
BENIGN	4	2	3443.53	59.3713	101059	0	0	0	54.4286	0	63.5
BENIGN	2	2	1.64835e+06	21978	182	0	0	0	69.4	1	86.75
BENIGN	23	20	130331	232.011	185336	0	0	0	548.977	0	561.744
DDoS	5	0	2.82893	0.471489	1.06047e+07	0	0	1	6	0	7.2
DDoS	3	4	6161.92	3.70785	1.88789e+06	0	0	0	1454.12	1	1661.86
BENIGN	2	2	4.03988	0.052466	7.62399e+07	0	0	0	72.4	1	90.5
BENIGN	1	1	0	21978	91	0	0	1	0	1	0
BENIGN	2	2	9900.16	167.799	23838	0	0	0	56.2	1	70.25
DDoS	3	6	155290	120.204	74873	0	0	0	1162.7	2	1291.89
BENIGN	1	1	2352.75	32.9056	60780	0	0	0	61.6667	1	92.5
DDoS	4	0	3.28325	0.547208	7.30984e+06	0	0	1	6	0	7.5
BENIGN	1	1	106195	17699.1	113	0	0	1	6	1	9
DDoS	3	5	6866.85	4.72476	1.69321e+06	0	0	0	1291.89	1	1453.38
DDoS	4	0	3.00381	0.500635	7.98985e+06	0	0	1	6	0	7.5
BENIGN	2	2	1.26316e+06	17543.9	228	0	0	0	66	1	82.5
DDoS	4	0	11.4186	1.9031	2.10184e+06	0	0	1	6	0	7.5
DDoS	3	5	295890	203.588	39295	0	0	0	1291.89	1	1453.38
DDoS	4	0	3.04537	0.507562	7.8808e+06	0	0	1	6	0	7.5
BENIGN	1	1	0	7.97283	250852	0	0	1	0	1	0
BENIGN	1	1	1.2e+06	200000	10	0	0	1	6	1	9
DDoS	3	4	358435	215.683	32455	0	0	0	1454.12	1	1661.86
DDoS	3	6	89556.3	69.2862	129896	0	0	0	1163.3	2	1292.56
BENIGN	1	3	272727	60606.1	66	0	0	1	3.6	3	4.5
BENIGN	8	8	597.663	1.70305	9.39492e+06	0	0	0	330.294	1	350.938
BENIGN	15	18	95684.7	87.7573	376037	0	0	0	1058.26	1	1090.33
BENIGN	22	28	241704	334.789	149348	0	0	0	707.804	1	721.96
BENIGN	16	16	54.4303	0.272577	1.17398e+08	0	0	0	193.636	1	199.688
BENIGN	2	0	9.25e+06	500000	4	0	1	1	22.6667	0	34
BENIGN	5	4	64.5266	0.77639	1.15921e+07	0	0	0	74.8	0	83.1111
DDoS	3	4	181053	108.946	64252	0	0	0	1454.12	1	1661.86
BENIGN	2	2	1.04319e+06	13289	301	0	0	0	72.2	1	90.25
BENIGN	1	1	324622	2751.03	727	0	0	0	104.333	1	156.5
BENIGN	2	2	883978	22099.4	181	0	0	0	38.4	1	48
BENIGN	18	21	62.8922	0.326256	1.19538e+08	0	0	0	187.95	1	192.769
BENIGN	2	2	976190	23809.5	168	0	0	0	39.4	1	49.25
BENIGN	2	2	1.96571e+06	22857.1	175	0	0	0	75.4	1	94.25
DDoS	4	0	3.00611	0.501019	7.98373e+06	0	0	1	6	0	7.5
BENIGN	2	2	1.84314e+06	19607.8	204	0	0	0	84.4	1	105.5
DDoS	3	5	20383.1	14.0175	570717	0	0	0	1292.56	1	1454.12
DDoS	4	0	7.05914	1.17652	3.39985e+06	0	0	1	6	0	7.5
BENIGN	66	67	1562.1	13.9137	9.55894e+06	0	0	0	111.433	1	112.271
BENIGN	9	8	2580.03	5.46005	3.11352e+06	0	0	0	446.278	0	472.529
BENIGN	1	1	545455	90909.1	22	0	0	1	6	1	9
BENIGN	2	0	6e+06	1e+06	2	1	0	0	6	0	9
DDoS	3	4	6400.18	3.85122	1.8176e+06	0	0	0	1454.12	1	1661.86
DDoS	4	0	2.00289	0.333816	1.19827e+07	0	0	1	6	0	7.5
DDoS	5	0	2.9375	0.489583	1.02128e+07	0	0	1	6	0	7.2
BENIGN	10	9	11958.5	22.7553	834971	0	0	0	499.25	0	525.526
DDoS	5	0	1763.46	293.91	17012	0	0	1	6	0	7.2
DDoS	3	4	404868	243.75	28718	0	0	0	1453.38	1	1661
BENIGN	2	2	1.3262e+06	21390.4	187	0	0	0	56.6	1	70.75
DDoS	3	4	6376.65	3.83904	1.82337e+06	0	0	0	1453.38	1	1661
DDoS	3	4	89887.7	54.0887	129417	0	0	0	1454.12	1	1661.86
DDoS	5	0	6.08271	1.01379	4.93201e+06	0	0	1	6	0	7.2
BENIGN	2	2	6100.07	54.9556	72786	0	0	0	98.2	1	122.75
DDoS	5	0	4.48912	0.748186	6.68283e+06	0	0	1	6	0	7.2
BENIGN	1	1	0	50000	40	0	0	1	0	1	0
BENIGN	4	2	1802.86	30.0476	199683	0	0	0	57	0	66.5
BENIGN	2	0	977.995	162.999	12270	0	0	1	6	0	9
DDoS	5	0	2.72582	0.454304	1.10059e+07	0	0	1	6	0	7.2
BENIGN	18	24	3167.88	22.5587	1.86181e+06	0	0	0	137.163	1	140.429
DDoS	3	6	161684	125.153	71912	0	0	0	1162.7	2	1291.89
BENIGN	3	1	1049.64	174.94	22865	1	0	0	6	0	7.5
DDoS	4	0	3.41354	0.568924	7.03082e+06	0	0	1	6	0	7.5
BENIGN	20	16	56197.5	131.602	273553	0	0	0	415.486	0	427.028
BENIGN	1	1	3490.47	41.5533	48131	0	0	0	74	1	111
BENIGN	2	0	0	28985.5	69	0	0	1	0	0	0
BENIGN	22	24	119.65	0.396421	1.16038e+08	0	0	0	295.404	1	301.826
DDoS	4	0	2.40511	0.400851	9.97876e+06	0	0	1	6	0	7.5
DDoS	3	4	21506.2	12.941	540915	0	0	0	1454.12	1	1661.86
DDoS	8	4	160.62	0.165346	7.25749e+07	0	0	1	897.154	0	971.917
BENIGN	1	1	2089.51	23.0886	86623	0	0	0	79.3333	1	119
DDoS	5	0	3.05787	0.509644	9.81076e+06	0	0	1	6	0	7.2
BENIGN	5	6	82.5701	0.182641	6.02276e+07	0	0	0	414.417	1	452.091
BENIGN	1	1	5946.74	65.3488	30605	0	0	0	79.3333	1	119
DDoS	3	5	16348.5	11.2428	711564	0	0	0	1292.56	1	1454.12
BENIGN	2	1	165179	13392.9	224	0	1	1	17	0	22.6667
DDoS	3	5	6677.37	4.59202	1.74215e+06	0	0	0	1292.56	1	1454.12
DDoS	5	0	3.15696	0.52616	9.50281e+06	0	0	1	6	0	7.2
DDoS	4	0	2.52453	0.420754	9.50673e+06	0	0	1	6	0	7.5
DDoS	3	5	47666.1	32.7968	243926	0	0	0	1291.89	1	1453.38
BENIGN	3	0	0	0.333132	9.00543e+06	0	0	0	0	0	0
DDoS	7	7	115.433	0.138705	1.00933e+08	0	0	1	777.133	1	832.643
BENIGN	10	9	38439.6	142.814	133040	0	0	0	255.7	0	269.158
DDoS	3	4	104035	62.6342	111760	0	0	0	1453.38	1	1661
DDoS	8	5	160.601	0.179104	7.25836e+07	0	0	1	833.071	0	897.154
DDoS	3	4	13339.6	8.02691	872067	0	0	0	1454.12	1	1661.86
BENIGN	4	2	15263.2	193.206	31055	0	0	0	73.5714	0	85.8333
BENIGN	1	1	3502.98	40.7324	49101	0	0	0	76.6667	1	115
BENIGN	1	1	4370.94	65.238	30657	0	0	0	62.6667	1	94
BENIGN	1	1	1965.45	18.7185	106846	0	0	0	88.3333	1	132.5
DDoS	5	0	5.76268	0.960446	5.20591e+06	0	0	1	6	0	7.2
DDoS	3	4	16435.6	9.89499	707429	0	0	0	1453.38	1	1661
DDoS	3	6	8703.34	6.73343	1.33661e+06	0	0	0	1163.3	2	1292.56
DDoS	6	0	34.4382	5.73969	1.04535e+06	0	0	1	6	0	7
DDoS	5	0	329.605	54.9342	91018	0	0	1	6	0	7.2
DDoS	5	0	10.5044	1.75073	2.85595e+06	0	0	1	6	0	7.2
BENIGN	2	2	1.44231e+06	19230.8	208	0	0	0	69.4	1	86.75
DDoS	3	5	672431	462.668	17291	0	0	0	1291.89	1	1453.38
DDoS	3	6	13690.9	10.5975	849253	0	0	0	1162.7	2	1291.89
DDoS	5	0	3.67972	0.613286	8.1528e+06	0	0	1	6	0	7.2
BENIGN	15	12	78.643	0.299276	9.02178e+07	0	0	0	253.393	0	262.778
DDoS	3	7	389410	334.919	29858	0	0	0	1057	2	1162.7
BENIGN	3	1	2.60535	0.744385	5.37356e+06	0	0	0	2.8	0	3.5
DDoS	8	6	145.333	0.174544	8.02091e+07	0	0	1	777.533	0	833.071
DDoS	3	6	6162.99	4.76807	1.88756e+06	0	0	0	1163.3	2	1292.56
DDoS	5	0	3.73191	0.621984	8.03879e+06	0	0	1	6	0	7.2
BENIGN	2	2	1.65823e+06	25316.5	158	0	0	0	61.4	1	76.75
DDoS	5	0	2.69864	0.449773	1.11167e+07	0	0	1	6	0	7.2
BENIGN	4	2	819.879	12.2982	487877	0	0	0	63.4286	0	74
DDoS	3	5	16926.1	11.6401	687280	0	0	0	1292.56	1	1454.12
DDoS	8	4	128.291	0.132066	9.08636e+07	0	0	1	897.154	0	971.917
BENIGN	2	0	4e+06	666667	3	0	0	1	6	0	9
BENIGN	2	1	0	20.6828	145048	0	0	1	0	0	0
BENIGN	1	1	6026.8	64.1149	31194	0	0	0	84.6667	1	127
DDoS	3	5	6971.94	4.79707	1.66769e+06	0	0	0	1291.89	1	1453.38
BENIGN	2	2	3.12849e+06	22346.4	179	0	0	0	128.8	1	161
BENIGN	2	1	279070	69767.4	43	1	0	1	4.5	0	6
BENIGN	2	2	2.31429e+06	28571.4	140	0	0	0	70.8	1	88.5
DDoS	3	5	10153	6.98584	1.14517e+06	0	0	0	1291.89	1	1453.38
DDoS	3	4	710393	427.69	16367	0	0	0	1453.38	1	1661
DDoS	8	5	125.708	0.140191	9.27305e+07	0	0	1	833.071	0	897.154
BENIGN	17	17	115.222	0.543347	6.25751e+07	0	0	0	206	1	212.059
BENIGN	2	2	1.88571e+06	19047.6	210	0	0	0	86.2	1	107.75
BENIGN	2	0	1.23333e+07	666667	3	0	1	1	22.6667	0	34
DDoS	4	0	5.73204	0.95534	4.18699e+06	0	0	1	6	0	7.5
DDoS	3	4	22484.8	13.5369	517105	0	0	0	1453.38	1	1661
DDoS	4	0	532.718	88.7863	45052	0	0	1	6	0	7.5
BENIGN	23	24	34.3588	0.415987	1.12984e+08	0	0	0	80.875	1	82.5957
BENIGN	1	1	1922.92	20.6765	96728	0	0	0	78.6667	1	118
DDoS	8	5	148.483	0.165504	7.85478e+07	0	0	1	833.5	0	897.615
BENIGN	1	1	6429.51	84.5988	23641	0	0	0	65.3333	1	98
DDoS	7	7	1204.86	1.44778	9.66997e+06	0	0	1	777.133	1	832.643
DDoS	3	7	21321.2	18.3282	545608	0	0	0	1057.55	2	1163.3
DDoS	3	4	16637.8	10.0167	698830	0	0	0	1453.38	1	1661
DDoS	3	6	15293.6	11.832	760647	0	0	0	1163.3	2	1292.56
DDoS	3	5	461664	317.486	25198	0	0	0	1292.56	1	1454.12
BENIGN	2	2	975155	12422.4	322	0	0	0	71.4	1	89.25
DDoS	5	0	4.89488	0.815813	6.12885e+06	0	0	1	6	0	7.2
DDoS	3	6	47137.4	36.4684	246789	0	0	0	1163.3	2	1292.56
BENIGN	3	1	2.00152	0.667174	5.99544e+06	0	0	0	2.4	0	3
DDoS	3	5	14980.5	10.3074	776141	0	0	0	1291.89	1	1453.38
DDoS	8	6	138.303	0.166016	8.43291e+07	0	0	1	777.933	0	833.5
DDoS	5	0	3.63821	0.606369	8.24581e+06	0	0	1	6	0	7.2
DDoS	3	5	6440.8	4.42933	1.80614e+06	0	0	0	1292.56	1	1454.12
DDoS	3	6	9839.17	7.61611	1.1817e+06	0	0	0	1162.7	2	1291.89
BENIGN	3	1	0	0.730108	5.47864e+06	0	0	0	0	0	0
BENIGN	4	4	12.1947	0.451657	1.77125e+07	0	0	0	27	1	30.375
BENIGN	2	0	1.23333e+07	666667	3	0	1	1	24.6667	0	37
BENIGN	2	2	4487.14	66.4761	60172	0	0	0	61.2	1	76.5
DDoS	8	5	148.92	0.165992	7.83171e+07	0	0	1	833.5	0	897.615
BENIGN	39	44	6587.08	57.8425	1.43493e+06	0	0	0	112.524	1	113.88
BENIGN	2	2	1.47273e+06	18181.8	220	0	0	0	70.8	1	88.5
BENIGN	13	11	116.059	0.421393	5.6954e+07	0	0	0	264.4	0	275.417
DDoS	3	5	30488.3	20.9776	381360	0	0	0	1291.89	1	1453.38
BENIGN	3	2	103.324	28.7012	174209	1	0	0	4	0	4.8
BENIGN	19	22	64.5454	0.42594	9.62578e+07	0	0	0	147.929	1	151.537
DDoS	8	5	1175.47	1.31089	9.91689e+06	0	0	1	833.071	0	897.154
BENIGN	2	2	54.6198	0.709348	5.63898e+06	0	0	0	74.4	1	93
DDoS	4	0	2.37795	0.396326	1.00927e+07	0	0	1	6	0	7.5
DDoS	4	0	37.6556	6.27593	637356	0	0	1	6	0	7.5
BENIGN	2	2	908571	11428.6	350	0	0	0	71.2	1	89
BENIGN	1	1	0	19.5567	102267	0	0	1	0	1	0
DDoS	7	5	1215.08	1.25084	9.59357e+06	0	0	1	897.154	0	971.917
BENIGN	2	2	1.30702e+06	17543.9	228	0	0	0	65.8	1	82.25
BENIGN	5	6	9796.9	24.47	449530	0	0	0	367	1	400.364
DDoS	8	5	154.263	0.171947	7.56045e+07	0	0	1	833.5	0	897.615
BENIGN	19	16	30.8364	0.291774	1.19956e+08	0	0	0	102.75	0	105.686
BENIGN	1	3	281250	62500	64	0	0	1	3.6	3	4.5
DDoS	5	0	6.85725	1.14287	4.37493e+06	0	0	1	6	0	7.2
DDoS	5	0	4.51073	0.751789	6.65081e+06	0	0	1	6	0	7.2
BENIGN	4	2	1499.12	34.5951	173435	0	0	0	42.5714	0	49.6667
BENIGN	1	1	5420.54	44.4306	45014	0	0	0	100.667	1	151
BENIGN	62	44	3804.39	6.45245	1.64279e+07	0	0	0	584.093	0	589.604
BENIGN	4	2	2.07424e+06	13100.4	458	0	1	1	193.286	0	225.5
DDoS	3	5	9354.15	6.43284	1.24362e+06	0	0	0	1292.56	1	1454.12
BENIGN	2	2	545455	20202	198	0	0	0	27	1	33.75
DDoS	5	0	3.76627	0.627712	7.96544e+06	0	0	1	6	0	7.2
BENIGN	15	15	81.2609	0.453212	6.61942e+07	0	0	0	173.516	1	179.3
BENIGN	1	1	836.307	8.40509	237951	0	0	0	82	1	123
BENIGN	2	0	31496.1	5249.34	381	0	0	1	6	0	9
BENIGN	2	2	1.25786e+06	25157.2	159	0	0	0	48.4	1	60.5
DDoS	4	0	2.26306	0.377177	1.06051e+07	0	0	1	6	0	7.5
BENIGN	2	2	7904.18	80.6549	49594	0	0	0	96.4	1	120.5
DDoS	3	4	235770	141.945	49315	0	0	0	1453.38	1	1661
DDoS	3	6	25564.2	19.7883	454815	0	0	0	1162.7	2	1291.89
BENIGN	2	2	3.64253	0.0582804	6.86337e+07	0	0	0	61.4	1	76.75
BENIGN	1	1	3633.48	66.0633	30274	0	0	0	52.3333	1	78.5
BENIGN	15	9	57.3672	0.227085	1.05688e+08	0	0	0	242.52	0	252.625
DDoS	3	5	117111	80.5786	99282	0	0	0	1291.89	1	1453.38
DDoS	4	0	2.10939	0.351565	1.13777e+07	0	0	1	6	0	7.5
DDoS	4	0	4.68578	0.780963	5.12188e+06	0	0	1	6	0	7.5
DDoS	8	5	126.455	0.140951	9.22307e+07	0	0	1	833.5	0	897.615
DDoS	9	4	142.943	0.159329	8.15921e+07	0	0	1	833.5	0	897.615
BENIGN	2	2	10392.6	174.665	22901	0	0	0	54.2	1	67.75
DDoS	8	5	160.543	0.178947	7.2647e+07	0	0	1	833.5	0	897.615
DDoS	3	4	12491.8	7.52066	930769	0	0	0	1453.38	1	1661
DDoS	3	6	9588.56	7.4183	1.21322e+06	0	0	0	1163.3	2	1292.56
DDoS	7	5	1329.96	1.36909	8.76492e+06	0	0	1	897.154	0	971.917
DDoS	5	0	3.12132	0.520221	9.6113e+06	0	0	1	6	0	7.2
DDoS	3	5	9807.51	6.74461	1.18613e+06	0	0	0	1292.56	1	1454.12
BENIGN	1	1	62.7025	10.4504	191380	0	0	1	6	1	9
DDoS	3	5	7119.17	4.89584	1.63404e+06	0	0	0	1292.56	1	1454.12
DDoS	5	0	2.79623	0.466039	1.07287e+07	0	0	1	6	0	7.2
BENIGN	2	2	9561.09	128.337	31168	0	0	0	68.8	1	86
DDoS	8	5	143.269	0.159693	8.14063e+07	0	0	1	833.5	0	897.615
DDoS	8	5	130.282	0.145292	8.94751e+07	0	0	1	833.071	0	897.154
BENIGN	2	2	8125.69	126.964	31505	0	0	0	58.8	1	73.5
DDoS	3	5	90752.4	62.4103	128184	0	0	0	1292.56	1	1454.12
DDoS	3	4	10406.6	6.262	1.11785e+06	0	0	0	1454.12	1	1661.86
DDoS	3	3	64928.5	33.5057	179074	0	0	0	1661	1	1937.83
DDoS	5	0	4.00547	0.667578	7.48977e+06	0	0	1	6	0	7.2
DDoS	5	0	4.93187	0.821979	6.08288e+06	0	0	1	6	0	7.2
BENIGN	1	1	307692	51282.1	39	0	0	1	6	1	9
BENIGN	2	0	0	2e+06	1	0	0	1	0	0	0
DDoS	5	0	4.93108	0.821846	6.08386e+06	0	0	1	6	0	7.2
BENIGN	16	14	12.3515	0.260031	1.15371e+08	0	0	0	45.9677	0	47.5
DDoS	4	0	6.02422	1.00404	3.98392e+06	0	0	1	6	0	7.5
DDoS	3	6	238141	184.336	48824	0	0	0	1162.7	2	1291.89
DDoS	9	7	114.641	0.157191	1.01787e+08	0	0	1	686.765	0	729.688
DDoS	3	6	22549.8	17.4459	515881	0	0	0	1163.3	2	1292.56
BENIGN	2	0	0	19417.5	103	0	0	1	0	0	0
DDoS	5	0	6.75387	1.12565	4.4419e+06	0	0	1	6	0	7.2
DDoS	9	6	128.651	0.165461	9.06559e+07	0	0	1	729.312	0	777.933
BENIGN	36	41	148.05	0.64526	1.19332e+08	0	0	0	226.5	1	229.442
DDoS	3	5	143276	98.5817	81151	0	0	0	1291.89	1	1453.38
BENIGN	10	8	1456.17	14.7585	1.21964e+06	0	0	0	93.4737	0	98.6667
BENIGN	2	2	3441.4	47.4676	84268	0	0	0	67	1	83.75
BENIGN	21	17	53.1335	0.321816	1.1808e+08	0	0	0	160.872	0	165.105
BENIGN	13	7	13530.5	62.3237	320905	0	0	0	206.762	0	217.1
BENIGN	2	1	178744	14492.8	207	0	1	1	18.5	0	24.6667
BENIGN	1	1	400000	66666.7	30	0	0	1	6	1	9
DDoS	7	6	1431.55	1.59648	8.1429e+06	0	0	1	833.071	0	897.154
DDoS	8	6	162.584	0.195162	7.17354e+07	0	0	1	777.933	0	833.5
DDoS	4	0	2.16594	0.360989	1.10807e+07	0	0	1	6	0	7.5
DDoS	4	0	2.37207	0.395344	1.01178e+07	0	0	1	6	0	7.5
DDoS	4	0	13.583	2.26383	1.76692e+06	0	0	1	6	0	7.5
DDoS	3	4	32309.2	19.4516	359867	0	0	0	1453.38	1	1661
DDoS	9	6	162.769	0.209233	7.16904e+07	0	0	1	729.688	0	778.333
DDoS	3	5	14339.1	9.86097	811279	0	0	0	1292.56	1	1454.12
DDoS	5	0	6.64025	1.10671	4.5179e+06	0	0	1	6	0	7.2
DDoS	2	6	283710	195.208	40982	0	0	0	1291.89	3	1453.38
DDoS	3	5	10396.3	7.1495	1.11896e+06	0	0	0	1292.56	1	1454.12
BENIGN	2	2	1.96985e+06	20100.5	199	0	0	0	85.2	1	106.5
DDoS	3	6	356624	276.048	32603	0	0	0	1162.7	2	1291.89
BENIGN	8	6	819.33	2.27953	6.1416e+06	0	0	0	335.467	0	359.429
DDoS	3	6	721874	558.486	16115	0	0	0	1163.3	2	1292.56
BENIGN	2	0	54794.5	9132.42	219	0	0	1	6	0	9
DDoS	3	6	17897.4	13.8465	649983	0	0	0	1163.3	2	1292.56
BENIGN	13	0	3.61111e+07	722222	18	0	0	0	50	0	53.8462
DDoS	3	5	9093.56	6.25363	1.27926e+06	0	0	0	1292.56	1	1454.12
DDoS	5	0	2.51682	0.41947	1.19198e+07	0	0	1	6	0	7.2
BENIGN	4	4	488.541	7.94375	1.00708e+06	0	0	0	59.8889	1	67.375
DDoS	9	6	119.349	0.153417	9.77724e+07	0	0	1	729.688	0	778.333
DDoS	3	4	13231.1	7.96573	878764	0	0	0	1453.38	1	1661
BENIGN	4	2	0	0.955166	6.28163e+06	0	0	0	0	0	0
BENIGN	1	1	7152.77	84.1503	23767	0	0	0	74.3333	1	111.5
DDoS	5	0	50.2742	8.37903	596728	0	0	1	6	0	7.2
BENIGN	2	2	906.184	12.9455	308988	0	0	0	64.4	1	80.5
DDoS	3	5	170624	117.338	68179	0	0	0	1292.56	1	1454.12
DDoS	3	5	318417	219.088	36515	0	0	0	1291.89	1	1453.38
DDoS	4	0	2.65646	0.442743	9.03459e+06	0	0	1	6	0	7.5
DDoS	5	0	34.9661	5.82768	857975	0	0	1	6	0	7.2
DDoS	3	6	6548.21	5.06871	1.7756e+06	0	0	0	1162.7	2	1291.89
BENIGN	1	1	428571	71428.6	28	0	0	1	6	1	9
BENIGN	7	5	99.4177	2.17703	5.5121e+06	0	0	0	42.1538	0	45.6667
BENIGN	9	8	38161.3	137.679	123476	0	0	0	261.778	0	277.176
BENIGN	2	1	0	5586.59	537	0	0	1	0	0	0
DDoS	4	0	2.61	0.435001	9.19539e+06	0	0	1	6	0	7.5
BENIGN	2	2	1.42249e+06	12158.1	329	0	0	0	104.2	1	130.25
BENIGN	2	4	2.25054	0.133695	4.48781e+07	0	0	1	15.2857	2	17.8333
BENIGN	2	2	1.19298e+06	14035.1	285	0	0	0	77.2	1	96.5
BENIGN	17	15	25.0718	0.275703	1.16067e+08	0	0	0	88.1818	0	90.9375
DDoS	6	0	5.54113	0.923522	6.49687e+06	0	0	1	6	0	7
DDoS	3	6	91942.8	71.1693	126459	0	0	0	1162.7	2	1291.89
DDoS	4	0	58.0391	9.67319	413514	0	0	1	6	0	7.5
DDoS	2	6	13319.7	9.16941	872466	0	0	0	1291.22	3	1452.62
DDoS	5	0	3.047	0.507833	9.84575e+06	0	0	1	6	0	7.2
DDoS	7	6	1334.44	1.48895	8.73099e+06	0	0	1	832.643	0	896.692
DDoS	3	5	11501.3	7.90941	1.01145e+06	0	0	0	1292.56	1	1454.12
DDoS	3	5	9053.5	6.22929	1.28426e+06	0	0	0	1291.89	1	1453.38
DDoS	5	0	3.12997	0.521662	9.58475e+06	0	0	1	6	0	7.2
DDoS	3	6	6483.47	5.01601	1.79426e+06	0	0	0	1163.3	2	1292.56
BENIGN	2	2	1.68317e+06	19802	202	0	0	0	77.2	1	96.5
DDoS	3	4	6284.97	3.78385	1.84997e+06	0	0	0	1453.38	1	1661
BENIGN	6	7	3165.12	36.5422	355753	0	0	0	80.4286	1	86.6154
BENIGN	17	18	207636	275.411	127083	0	0	0	732.972	1	753.914
BENIGN	4	4	16663.3	320.449	24965	0	0	0	51.1111	1	57.5
BENIGN	16	21	151522	189.935	194803	0	0	0	776.763	1	797.757
DDoS	5	0	7.38025	1.23004	4.0649e+06	0	0	1	6	0	7.2
DDoS	4	0	2.40593	0.400988	9.97536e+06	0	0	1	6	0	7.5
DDoS	4	0	3.99824	0.666373	6.00264e+06	0	0	1	6	0	7.5
DDoS	2	5	454354	273.683	25577	0	0	0	1452.62	2	1660.14
DDoS	8	5	158.843	0.177144	7.33867e+07	0	0	1	833.071	0	897.154
DDoS	5	0	3.18783	0.531305	9.41078e+06	0	0	1	6	0	7.2
DDoS	5	0	63.0169	10.5028	476063	0	0	1	6	0	7.2
DDoS	8	6	116.491	0.139905	1.00068e+08	0	0	1	777.533	0	833.071
BENIGN	2	0	0	666667	3	0	0	1	0	0	0
DDoS	8	4	160.29	0.165006	7.27245e+07	0	0	1	897.154	0	971.917
BENIGN	20	15	193819	429.754	81442	0	0	0	438.472	0	451
BENIGN	2	2	6098.06	64.8729	61659	0	0	0	82.8	1	103.5
BENIGN	2	0	1.23333e+07	666667	3	0	1	1	22.6667	0	34
DDoS	3	5	150912	103.835	77045	0	0	0	1291.89	1	1453.38
BENIGN	2	1	0	5649.72	531	0	0	1	0	0	0
BENIGN	1	1	2212.89	32.5425	61458	0	0	0	64	1	96
BENIGN	1	1	0	28985.5	69	0	0	1	0	1	0
DDoS	3	4	11649.3	7.01345	998082	0	0	0	1453.38	1	1661
BENIGN	16	18	161622	211.841	160498	0	0	0	741.143	1	762.941
BENIGN	2	2	2.63291e+06	25316.5	158	0	0	0	100.8	1	126
DDoS	4	0	3.25697	0.542829	7.36881e+06	0	0	1	6	0	7.5
BENIGN	4	4	416.183	3.7494	2.13368e+06	0	0	0	98.6667	1	111
DDoS	4	0	3.98481	0.664136	6.02287e+06	0	0	1	6	0	7.5
BENIGN	2	0	0.187281	0.0312135	6.40748e+07	0	0	1	6	0	9
DDoS	5	0	7.40215	1.23369	4.05287e+06	0	0	1	6	0	7.2
BENIGN	2	2	11830.5	128.593	31106	0	0	0	82	1	102.5
BENIGN	22	18	48.8004	0.335283	1.19302e+08	0	0	0	142	0	145.55
BENIGN	2	2	1380.95	27.0775	147724	0	0	0	49.4	1	61.75
BENIGN	2	1	0	2561.91	1171	0	0	1	0	0	0
BENIGN	2	2	2.8e+06	20000	200	0	0	0	120.8	1	151
BENIGN	6	4	2.55717	0.0852389	1.17317e+08	0	1	1	31.4545	0	34.6
BENIGN	2	2	20715.4	167.736	23847	0	0	0	106.4	1	133
BENIGN	6	6	824.621	2.31744	5.17814e+06	0	0	0	328.462	1	355.833
BENIGN	2	2	7640.26	129.496	30889	0	0	0	56.2	1	70.25
BENIGN	20	17	25.2815	0.318711	1.16093e+08	0	0	0	77.2368	0	79.3243
DDoS	5	0	3.29316	0.548861	9.10978e+06	0	0	1	6	0	7.2
DDoS	3	6	18175.2	14.0687	639718	0	0	0	1162.7	2	1291.89
BENIGN	1	1	8363.28	65.3381	30610	0	0	0	106.667	1	160
BENIGN	1	1	40.4089	13.4696	148482	0	0	0	2	1	3
BENIGN	1	1	3215.9	32.3206	61880	0	0	0	81.3333	1	122
DDoS	8	6	142.845	0.171468	8.16477e+07	0	0	1	777.933	0	833.5
BENIGN	3	4	1038.25	78.1477	89574	0	0	0	11.625	1	13.2857
BENIGN	1	1	5468.83	66.2888	30171	0	0	0	72.3333	1	108.5
BENIGN	1	1	3877.75	65.7246	30430	0	0	0	56.3333	1	84.5
DDoS	3	6	11033	8.53584	1.05438e+06	0	0	0	1163.3	2	1292.56
BENIGN	4	2	4.21038	1.14829	5.22518e+06	0	0	0	3.14286	0	3.66667
BENIGN	1	1	0	251.036	7967	0	0	1	0	1	0
DDoS	3	4	6227.49	3.74731	1.86801e+06	0	0	0	1454.12	1	1661.86
DDoS	5	0	3.22866	0.53811	9.29178e+06	0	0	1	6	0	7.2
DDoS	3	5	7760.77	5.33707	1.49895e+06	0	0	0	1292.56	1	1454.12
BENIGN	3	2	418.138	116.149	43048	1	0	0	4	0	4.8
BENIGN	9	5	22996	75.8409	184597	0	0	0	283	0	303.214
BENIGN	4	2	0	1.11675	5.37276e+06	0	0	0	0	0	0
BENIGN	2	2	9357.61	84.3028	47448	0	0	0	97.8	1	122.25
DDoS	5	0	18.7261	3.12102	1.60204e+06	0	0	1	6	0	7.2
BENIGN	24	15	119.366	0.381861	1.02131e+08	0	0	0	304.775	0	312.59
BENIGN	2	1	39142.7	248.262	12084	0	1	1	235	0	313.333
DDoS	3	6	9742.84	7.53766	1.194e+06	0	0	0	1163.3	2	1292.56
BENIGN	2	2	3366.7	44.8893	89108	0	0	0	68.6	1	85.75
DDoS	4	0	2.03223	0.338705	1.18097e+07	0	0	1	6	0	7.5
BENIGN	2	2	8353.65	84.8087	47165	0	0	0	87.2	1	109
BENIGN	21	19	49.8403	0.345813	1.1567e+08	0	0	0	140.61	0	144.125
BENIGN	9	5	30354.2	100.155	139783	0	0	0	282.867	0	303.071
BENIGN	2	0	4e+06	666667	3	0	0	1	6	0	9
BENIGN	1	1	0	666667	3	0	0	1	0	1	0
BENIGN	2	2	2.7809	0.0579355	6.90423e+07	0	0	0	48	1	60
DDoS	3	6	14010.3	10.8448	829891	0	0	0	1162.7	2	1291.89
BENIGN	2	2	1457.84	17.9981	222246	0	0	0	71.6	1	89.5
BENIGN	10	5	7235.37	53.8613	278493	0	0	0	125.938	0	134.333
DDoS	3	4	18033.3	10.8513	645084	0	0	0	1454.12	1	1661.86
BENIGN	2	2	1.34387e+06	15810.3	253	0	0	0	77.2	1	96.5
BENIGN	18	17	125.184	0.442883	7.90276e+07	0	0	0	274.806	0	282.657
DDoS	3	5	8890.9	6.11426	1.30842e+06	0	0	0	1292.56	1	1454.12
DDoS	3	4	6277.59	3.77746	1.8531e+06	0	0	0	1454.12	1	1661.86
BENIGN	2	2	1.57647e+06	23529.4	170	0	0	0	62.2	1	77.75
DDoS	4	0	2.97333	0.495556	8.07175e+06	0	0	1	6	0	7.5
DDoS	8	6	140.854	0.169164	8.27597e+07	0	0	1	777.533	0	833.071
DDoS	3	6	12151.6	9.4061	956826	0	0	0	1162.7	2	1291.89
BENIGN	6	5	93.1505	2.11269	5.20663e+06	0	0	0	40.4167	0	44.0909
DDoS	3	5	177257	121.899	65628	0	0	0	1292.56	1	1454.12
BENIGN	2	0	62827.2	10471.2	191	0	0	1	6	0	9
BENIGN	14	9	12378.1	45.4715	505811	0	0	0	260.875	0	272.217
DDoS	4	0	2.62615	0.437691	9.13886e+06	0	0	1	6	0	7.5
DDoS	3	6	365215	282.699	31836	0	0	0	1162.7	2	1291.89
DDoS	3	4	540441	325.203	21525	0	0	0	1454.12	1	1661.86
DDoS	4	0	2.46384	0.41064	9.74088e+06	0	0	1	6	0	7.5
BENIGN	6	6	46.8698	0.40376	2.97206e+07	0	0	0	107.154	1	116.083
DDoS	4	0	2.84681	0.474468	8.43049e+06	0	0	1	6	0	7.5
DDoS	5	0	5.93019	0.988365	5.05886e+06	0	0	1	6	0	7.2
DDoS	4	0	3.04694	0.507823	7.87676e+06	0	0	1	6	0	7.5
BENIGN	1	1	126316	21052.6	95	0	0	1	6	1	9
BENIGN	10	6	4660.48	33.0677	483856	0	0	0	132.647	0	140.938
BENIGN	17	17	181.33	0.553977	6.13744e+07	0	0	0	317.971	1	327.324
BENIGN	2	0	1.03333e+07	666667	3	0	1	1	20.6667	0	31
BENIGN	4	2	12910.3	193.655	30983	0	0	0	62.7143	0	73.1667
DDoS	3	4	20685	12.4534	562097	0	0	0	1453.38	1	1661
BENIGN	2	2	10202.4	129.967	30777	0	0	0	71.6	1	89.5
DDoS	4	0	2.5381	0.423017	9.45589e+06	0	0	1	6	0	7.5
BENIGN	1	1	1165.97	23.7954	84050	0	0	0	46.3333	1	69.5
DDoS	6	0	3.5772	0.596201	1.00637e+07	0	0	1	6	0	7
DDoS	3	4	9617.63	5.78728	1.20955e+06	0	0	0	1454.12	1	1661.86
DDoS	7	5	1146.41	1.18076	1.0163e+07	0	0	1	896.692	0	971.417
DDoS	6	0	5.70987	0.951646	6.30487e+06	0	0	1	6	0	7
BENIGN	2	2	5359.36	127.604	31347	0	0	0	40.4	1	50.5
BENIGN	2	0	1.1551	0.0312188	6.40639e+07	0	1	1	37	0	55.5
BENIGN	1	1	0	25974	77	0	0	1	0	1	0
DDoS	2	5	160445	96.5957	72467	0	0	0	1453.38	2	1661
BENIGN	2	2	778210	15564.2	257	0	0	0	46.8	1	58.5
DDoS	8	6	143.199	0.171893	8.14461e+07	0	0	1	777.933	0	833.5
BENIGN	2	2	888889	22222.2	180	0	0	0	38.4	1	48
DDoS	3	7	52855.8	45.4595	219976	0	0	0	1057	2	1162.7
BENIGN	2	0	0	2e+06	1	0	0	1	0	0	0
BENIGN	91	117	1581.25	1.78722	1.16382e+08	0	0	0	880.522	1	884.755
BENIGN	4	0	4.45e+06	200000	20	0	0	1	19	0	23.75
BENIGN	2	2	1.53939e+06	24242.4	165	0	0	0	59.8	1	74.75
DDoS	3	4	13505.2	8.12657	861372	0	0	0	1454.12	1	1661.86
DDoS	4	0	3.00646	0.501077	7.98281e+06	0	0	1	6	0	7.5
BENIGN	4	1	1023.5	213.229	23449	1	0	0	5	0	6
BENIGN	2	2	3959.99	51.4284	77778	0	0	0	70.2	1	87.75
DDoS	5	0	8.75935	1.45989	3.42491e+06	0	0	1	6	0	7.2
BENIGN	1	1	0	13986	143	0	0	1	0	1	0
BENIGN	2	0	1.23333e+07	666667	3	0	1	1	22.6667	0	34
BENIGN	8	8	2837.44	40.0344	399656	0	0	0	66.7059	1	70.875
DDoS	5	0	6.36818	1.06136	4.71092e+06	0	0	1	6	0	7.2
BENIGN	2	2	1.584e+06	16000	250	0	0	0	85.8	1	107.25
DDoS	9	5	156.565	0.187841	7.45312e+07	0	0	1	778.333	0	833.929
DDoS	2	4	55963.3	28.8942	207654	0	0	0	1660.14	2	1936.83
BENIGN	2	2	2.04598e+06	15325.7	261	0	0	0	116.8	1	146
BENIGN	8	6	15184.7	35.0975	398889	0	0	0	403.8	0	432.643
BENIGN	5	3	14780.1	100.119	79905	0	0	0	131.222	0	147.625
DDoS	3	4	393845	236.991	29537	0	0	0	1454.12	1	1661.86
BENIGN	5	3	4421.1	43.2381	185022	0	0	0	90.8889	0	102.25
BENIGN	2	0	56074.8	9345.79	214	0	0	1	6	0	9
DDoS	3	5	30558.3	21.0257	380486	0	0	0	1291.89	1	1453.38
BENIGN	3	3	98.7739	1.97548	3.03724e+06	0	0	0	50	1	58.3333
DDoS	3	6	16865.2	13.0479	689765	0	0	0	1163.3	2	1292.56
BENIGN	1	1	0	14285.7	140	0	0	1	0	1	0
BENIGN	2	2	6929.84	82.498	48486	0	0	0	77.6	1	97
BENIGN	3	0	6.2e+06	600000	5	0	0	1	7.75	0	10.3333
DDoS	8	5	126.945	0.14157	9.18272e+07	0	0	1	833.071	0	897.154
BENIGN	2	2	1004.62	9.49995	421055	0	0	0	94.6	1	118.25
BENIGN	1	1	5457.25	66.1485	30235	0	0	0	73.3333	1	110
DDoS	3	6	10476.7	8.10963	1.10979e+06	0	0	0	1162.7	2	1291.89
BENIGN	49	53	2953.37	3.2381	3.14999e+07	0	0	0	903.214	1	912.069
BENIGN	2	2	589744	25641	156	0	0	0	23	1	28.75
DDoS	8	4	159.439	0.164046	7.31501e+07	0	0	1	897.615	0	972.417
DDoS	3	5	20308.4	13.9661	572816	0	0	0	1292.56	1	1454.12
DDoS	3	5	14622.1	10.0556	795578	0	0	0	1292.56	1	1454.12
BENIGN	1	1	331373	3921.57	510	0	0	0	76	1	114
BENIGN	2	2	16971.2	168.032	23805	0	0	0	88.2	1	110.25
DDoS	4	0	11.0652	1.8442	2.16897e+06	0	0	1	6	0	7.5
BENIGN	2	2	1.23741e+06	28777	139	0	0	0	41.4	1	51.75
BENIGN	2	2	3.59655	0.0414588	9.64814e+07	0	0	0	78.2	1	97.75
DDoS	8	6	165.959	0.199316	7.02403e+07	0	0	1	777.533	0	833.071
BENIGN	2	0	315.134	52.5224	38079	0	0	1	6	0	9
DDoS	3	5	15964.2	10.9842	728319	0	0	0	1291.89	1	1453.38
DDoS	4	0	7.0277	1.17128	3.41506e+06	0	0	1	6	0	7.5
DDoS	3	6	22568.6	17.4604	515451	0	0	0	1163.3	2	1292.56
DDoS	3	4	15088.1	9.08377	770605	0	0	0	1453.38	1	1661
BENIGN	10	5	14521.2	135.712	110528	0	0	0	100.312	0	107
DDoS	3	4	60623.9	36.4796	191888	0	0	0	1454.12	1	1661.86
BENIGN	3	1	0	0.746418	5.35893e+06	0	0	0	0	0	0
BENIGN	2	0	6.17e+08	2e+06	1	0	1	1	411.333	0	617
BENIGN	1	1	1324.45	16.6597	120050	0	0	0	69.3333	1	104
BENIGN	14	10	18850	76.4577	313899	0	0	0	236.68	0	246.542
BENIGN	16	11	128.933	0.407584	6.62439e+07	0	0	0	305.036	0	316.333
BENIGN	17	12	163288	438.782	66092	0	0	0	359.733	0	372.138
DDoS	3	6	12905.1	9.98932	900962	0	0	0	1162.7	2	1291.89
BENIGN	2	2	3.99699	0.0481566	8.30624e+07	0	0	0	74.8	1	93.5
BENIGN	6	6	1.30653e+06	20100.5	597	0	0	0	65.2308	1	70.6667
DDoS	8	6	133.186	0.159956	8.75241e+07	0	0	1	777.533	0	833.071
DDoS	8	5	130.484	0.145443	8.93823e+07	0	0	1	833.5	0	897.615
BENIGN	3	1	2.12081	0.706936	5.65822e+06	0	0	0	2.4	0	3
DDoS	3	6	21673.1	16.7763	536471	0	0	0	1162.7	2	1291.89
DDoS	5	0	10.1147	1.68578	2.96599e+06	0	0	1	6	0	7.2
DDoS	3	5	6667.94	4.5879	1.74372e+06	0	0	0	1291.89	1	1453.38
BENIGN	2	2	9788.89	130.518	30647	0	0	0	67	1	83.75
DDoS	8	6	143.71	0.172596	8.11145e+07	0	0	1	777.533	0	833.071
DDoS	5	0	5.25591	0.875984	5.70786e+06	0	0	1	6	0	7.2
BENIGN	4	2	6994.77	75.4831	79488	0	0	0	85.1429	0	99.3333
DDoS	3	6	7512.27	5.81195	1.54853e+06	0	0	0	1163.3	2	1292.56
DDoS	4	0	2.06228	0.343713	1.16376e+07	0	0	1	6	0	7.5
BENIGN	10	11	740.98	2.01667	1.04132e+07	0	0	0	350.727	1	367.429
BENIGN	4	2	0	1.15681	5.18668e+06	0	0	0	0	0	0
DDoS	5	0	3.15202	0.525337	9.5177e+06	0	0	1	6	0	7.2
DDoS	3	6	175845	136.044	66155	0	0	0	1163.3	2	1292.56
DDoS	4	0	3.27742	0.546237	7.32283e+06	0	0	1	6	0	7.5
DDoS	4	0	12.1521	2.02535	1.97497e+06	0	0	1	6	0	7.5
BENIGN	10	8	17060.9	163.523	110076	0	0	0	98.8421	0	104.333
BENIGN	15	12	29.081	0.442609	6.10019e+07	0	0	0	63.3571	0	65.7037
DDoS	3	6	14649.7	11.3339	794075	0	0	0	1163.3	2	1292.56
DDoS	4	0	2.36134	0.393556	1.01637e+07	0	0	1	6	0	7.5
BENIGN	2	2	4656.5	63.7877	62708	0	0	0	68.8	1	86
DDoS	4	0	7.1857	1.19762	3.33997e+06	0	0	1	6	0	7.5
BENIGN	2	2	16762.3	127.47	31380	0	0	0	112.2	1	140.25
DDoS	3	6	20723.8	16.0332	561334	0	0	0	1163.3	2	1292.56
BENIGN	2	2	9650.18	126.976	31502	0	0	0	68.2	1	85.25
BENIGN	16	13	41.468	0.245323	1.18212e+08	0	0	0	163.4	0	169.034
BENIGN	4	2	16148.7	193.013	31086	0	0	0	77.5714	0	90.5
BENIGN	2	0	1.10204e+06	40816.3	49	0	0	0	27	0	40.5
DDoS	3	5	6852.04	4.71214	1.69774e+06	0	0	0	1292.56	1	1454.12
BENIGN	2	0	9.25e+06	500000	4	0	1	1	24.6667	0	37
BENIGN	34	18	88.6048	0.538883	9.64959e+07	0	1	1	168.925	0	172.173
DDoS	4	0	5.91127	0.985212	4.06004e+06	0	0	1	6	0	7.5
DDoS	8	6	159.316	0.191338	7.3169e+07	0	0	1	777.533	0	833.071
BENIGN	1	1	545455	90909.1	22	0	0	1	6	1	9
BENIGN	2	2	1.87013e+06	25974	154	0	0	0	66.4	1	83
BENIGN	2	1	0	31.2181	96098	0	0	1	0	0	0
BENIGN	2	0	244898	40816.3	49	0	0	1	6	0	9
DDoS	3	5	21891.8	15.0549	531387	0	0	0	1292.56	1	1454.12
BENIGN	2	1	0	76923.1	39	0	0	1	0	0	0
BENIGN	5	2	44.5241	1.84419	3.7957e+06	0	1	1	26.875	0	30.7143
BENIGN	1	1	387097	64516.1	31	0	0	1	6	1	9
DDoS	3	5	6452.93	4.43767	1.80275e+06	0	0	0	1292.56	1	1454.12
BENIGN	2	2	826667	26666.7	150	0	0	0	29.4	1	36.75
DDoS	4	0	11.4506	1.90844	2.09595e+06	0	0	1	6	0	7.5
BENIGN	2	2	5301.22	43.6314	91677	0	0	0	104.4	1	130.5
BENIGN	1	1	0	25641	78	0	0	1	0	1	0
BENIGN	2	2	5105.61	82.3486	48574	0	0	0	55.6	1	69.5
DDoS	4	0	92.6405	15.4401	259066	0	0	1	6	0	7.5
DDoS	4	0	11.7876	1.96459	2.03605e+06	0	0	1	6	0	7.5
DDoS	5	0	2.98102	0.496836	1.00637e+07	0	0	1	6	0	7.2
BENIGN	13	10	386.349	3.09617	7.42852e+06	0	0	0	119.583	0	124.783
DDoS	5	0	8.08885	1.34814	3.70881e+06	0	0	1	6	0	7.2
BENIGN	2	0	4e+06	666667	3	1	0	0	6	0	9
BENIGN	2	2	9165.73	129.095	30985	0	0	0	64.6	1	80.75
BENIGN	23	19	49.6553	0.356988	1.17651e+08	0	0	0	135.86	0	139.095
DDoS	4	0	6.17304	1.02884	3.88787e+06	0	0	1	6	0	7.5
BENIGN	1	1	1023.85	21.3301	93764	0	0	0	48	1	72
BENIGN	2	0	804348	43478.3	46	0	1	1	22.6667	0	34
BENIGN	14	9	14602.1	46.5811	493763	0	0	0	300.417	0	313.478
BENIGN	24	36	678469	595.061	100830	0	0	0	1121.48	1	1140.17
BENIGN	4	2	4956.03	97.177	61743	0	0	0	48.4286	0	56.5
BENIGN	3	0	0	494.071	6072	0	0	1	0	0	0
DDoS	3	5	6389.23	4.39387	1.82072e+06	0	0	0	1292.56	1	1454.12
DDoS	4	0	5.98219	0.997032	4.01191e+06	0	0	1	6	0	7.5
BENIGN	2	2	778947	21052.6	190	0	0	0	35.4	1	44.25
BENIGN	2	2	17.3087	0.198381	2.01633e+07	0	0	0	80.8	1	101
DDoS	3	5	110898	76.2646	104898	0	0	0	1292.56	1	1454.12
DDoS	8	4	120.237	0.123711	9.70005e+07	0	0	1	897.615	0	972.417
BENIGN	1	1	0	23255.8	86	0	0	1	0	1	0
DDoS	4	0	2.13968	0.356614	1.12166e+07	0	0	1	6	0	7.5
DDoS	3	6	137961	106.735	84321	0	0	0	1163.3	2	1292.56
DDoS	3	5	493865	339.631	23555	0	0	0	1292.56	1	1454.12
DDoS	3	6	28414.8	21.9834	409399	0	0	0	1163.3	2	1292.56
BENIGN	2	0	4e+06	666667	3	1	0	0	6	0	9
BENIGN	2	0	0	666667	3	0	0	1	0	0	0
BENIGN	2	1	205742	14354.1	209	0	1	1	20	0	26.6667
BENIGN	1	1	3995.81	32.7525	61064	0	0	0	100	1	150
DDoS	3	4	22457.1	13.5202	517743	0	0	0	1453.38	1	1661
DDoS	8	6	117.089	0.140623	9.95568e+07	0	0	1	777.533	0	833.071
DDoS	4	0	2.58622	0.431036	9.27996e+06	0	0	1	6	0	7.5
DDoS	4	0	86.8498	14.475	276339	0	0	1	6	0	7.5
BENIGN	1	1	0	35087.7	57	0	0	1	0	1	0
BENIGN	2	2	440191	19138.8	209	0	0	0	23	1	28.75
BENIGN	2	2	1.50485e+06	19417.5	206	0	0	0	69.8	1	87.25
DDoS	4	0	7.5211	1.25352	3.19102e+06	0	0	1	6	0	7.5
BENIGN	3	0	0	0.333324	9.00025e+06	0	0	0	0	0	0
DDoS	5	0	7.25004	1.20834	4.13791e+06	0	0	1	6	0	7.2
DDoS	4	0	3.06639	0.511065	7.8268e+06	0	0	1	6	0	7.5
BENIGN	2	0	0	8695.65	230	0	0	1	0	0	0
BENIGN	10	6	3465.95	10.0009	1.59985e+06	0	0	0	326.176	0	346.562
DDoS	4	0	6.02875	1.00479	3.98093e+06	0	0	1	6	0	7.5
DDoS	4	0	6.53608	1.08935	3.67192e+06	0	0	1	6	0	7.5
BENIGN	1	2	0	61224.5	49	0	0	1	0	2	0
DDoS	3	5	6753.03	4.64405	1.72263e+06	0	0	0	1292.56	1	1454.12
DDoS	3	4	293019	176.411	39680	0	0	0	1453.38	1	1661
DDoS	5	0	2.60195	0.433658	1.15298e+07	0	0	1	6	0	7.2
DDoS	5	0	2.73731	0.456218	1.09597e+07	0	0	1	6	0	7.2
DDoS	8	5	161.944	0.180601	7.19817e+07	0	0	1	833.071	0	897.154
DDoS	5	0	15.5523	2.59205	1.92898e+06	0	0	1	6	0	7.2
DDoS	8	4	142.223	0.146408	8.19627e+07	0	0	1	897.154	0	971.917
DDoS	3	5	21325.3	14.6729	545222	0	0	0	1291.89	1	1453.38
DDoS	5	0	5.03113	0.838522	5.96287e+06	0	0	1	6	0	7.2
BENIGN	2	0	33333.3	5555.56	360	0	0	1	6	0	9
DDoS	6	0	3.34009	0.556682	1.07781e+07	0	0	1	6	0	7
BENIGN	2	1	1151.11	13.5958	220657	0	1	1	124	0	165.333
BENIGN	2	0	50847.5	8474.58	236	0	0	1	6	0	9
DDoS	3	5	195050	134.136	59641	0	0	0	1292.56	1	1454.12
DDoS	3	4	6420.75	3.8636	1.81178e+06	0	0	0	1454.12	1	1661.86
BENIGN	3	1	0	0.683051	5.85607e+06	0	0	0	0	0	0
BENIGN	24	20	61.9737	0.371758	1.18357e+08	0	0	0	163	0	166.705
DDoS	4	0	2.65582	0.442636	9.03677e+06	0	0	1	6	0	7.5
DDoS	8	6	145.507	0.174754	8.01128e+07	0	0	1	777.533	0	833.071
BENIGN	1	1	0	26315.8	76	0	0	1	0	1	0
BENIGN	10	10	30.4295	0.325101	6.15193e+07	0	0	0	89.1429	1	93.6
DDoS	3	6	322918	249.958	36006	0	0	0	1162.7	2	1291.89
BENIGN	1	1	1.5e+06	250000	8	0	0	1	6	1	9
DDoS	8	5	119.466	0.133229	9.75762e+07	0	0	1	833.071	0	897.154
BENIGN	1	1	0	38461.5	52	0	0	1	0	1	0
DDoS	8	4	129.577	0.133321	9.0008e+07	0	0	1	897.615	0	972.417
BENIGN	4	4	355.614	3.39083	2.3593e+06	0	0	0	93.2222	1	104.875
BENIGN	2	0	346774	16129	124	0	1	1	26.6667	0	40
BENIGN	2	2	4581.81	78.9967	50635	0	0	0	53	1	66.25
DDoS	5	0	784.868	130.811	38223	0	0	1	6	0	7.2
BENIGN	2	2	623306	10840.1	369	0	0	0	51.6	1	64.5
DDoS	5	0	2.95604	0.492674	1.01487e+07	0	0	1	6	0	7.2
DDoS	5	0	14.2318	2.37196	2.10796e+06	0	0	1	6	0	7.2
BENIGN	11	9	140.668	0.638384	3.13291e+07	0	0	0	209.857	0	220.35
BENIGN	1	1	601.051	8.71088	229598	0	0	0	61.3333	1	92
BENIGN	6	4	15724.1	38.0361	262908	0	0	0	375.818	0	413.4
BENIGN	2	0	0	129.55	15438	0	0	1	0	0	0
BENIGN	10	9	5901.82	19.9032	954620	0	0	0	281.7	0	296.526
BENIGN	1	1	3713.71	33.1581	60317	0	0	0	98.3333	1	147.5
DDoS	5	0	4.01562	0.669271	7.47082e+06	0	0	1	6	0	7.2
BENIGN	1	1	230769	38461.5	52	0	0	1	6	1	9
BENIGN	23	27	327.465	0.700429	7.13848e+07	0	0	0	458.353	1	467.52
BENIGN	4	4	11374.7	129.997	61540	0	0	0	83	1	93.375
BENIGN	1	1	0	71428.6	28	0	0	1	0	1	0
BENIGN	10	8	110165	290.97	61862	0	0	0	358.684	0	378.611
DDoS	3	5	21230.7	14.6003	547933	0	0	0	1292.56	1	1454.12
BENIGN	2	2	2.89796e+06	20408.2	196	0	0	0	129.2	1	161.5
BENIGN	2	0	107143	17857.1	112	0	0	1	6	0	9
DDoS	3	5	20559	14.1384	565836	0	0	0	1292.56	1	1454.12
BENIGN	15	15	44.547	0.256804	1.1682e+08	0	0	0	167.871	1	173.467
DDoS	3	4	9610.54	5.786	1.20982e+06	0	0	0	1453.38	1	1661
DDoS	5	0	9.63731	1.60622	3.1129e+06	0	0	1	6	0	7.2
DDoS	3	4	17599.1	10.5955	660657	0	0	0	1453.38	1	1661
BENIGN	4	4	10477.2	255.542	31306	0	0	0	40.1111	1	45.125
BENIGN	4	2	1937.38	29.5033	203367	0	0	0	61.2857	0	71.5
DDoS	2	0	1338.69	223.115	8964	1	0	1	6	0	9
DDoS	4	0	999.251	166.542	24018	0	0	1	6	0	7.5
DDoS	3	6	6990.69	5.40843	1.66407e+06	0	0	0	1163.3	2	1292.56
DDoS	9	5	141.682	0.169984	8.23607e+07	0	0	1	778.333	0	833.929
BENIGN	4	4	52.5896	0.65737	1.21697e+07	0	0	0	74.6667	1	84
BENIGN	4	1	6836.58	143.025	34959	0	0	0	39.8333	0	47.8
BENIGN	2	0	705882	117647	17	0	0	1	6	0	9
DDoS	5	0	11.3998	1.89997	2.63163e+06	0	0	1	6	0	7.2
DDoS	3	5	10271.9	7.06765	1.13192e+06	0	0	0	1291.89	1	1453.38
DDoS	5	0	8.61349	1.43558	3.48291e+06	0	0	1	6	0	7.2
DDoS	5	0	3.7636	0.627266	7.9711e+06	0	0	1	6	0	7.2
DDoS	9	5	162.765	0.195278	7.16925e+07	0	0	1	778.333	0	833.929
DDoS	3	6	6365.28	4.92711	1.82663e+06	0	0	0	1162.7	2	1291.89
BENIGN	8	5	51262.6	143.284	90729	0	0	0	332.214	0	357.769
DDoS	9	6	124.728	0.160333	9.35553e+07	0	0	1	729.688	0	778.333
DDoS	4	0	11.1677	1.86128	2.14906e+06	0	0	1	6	0	7.5
DDoS	6	0	4.51932	0.75322	7.9658e+06	0	0	1	6	0	7
BENIGN	3	1	2.23741	0.745804	5.36334e+06	0	0	0	2.4	0	3
BENIGN	2	0	0	666667	3	0	0	1	0	0	0
DDoS	3	6	12521.3	9.69226	928576	0	0	0	1162.7	2	1291.89
BENIGN	11	10	7934.8	48.4533	433407	0	0	0	156.318	0	163.762
DDoS	8	3	118.833	0.112136	9.80954e+07	0	0	1	971.917	0	1060.27
BENIGN	2	2	5758.66	65.8133	60778	0	0	0	77.6	1	97
DDoS	3	5	89317	61.4232	130244	0	0	0	1292.56	1	1454.12
DDoS	3	5	6989.68	4.8068	1.66431e+06	0	0	0	1292.56	1	1454.12
BENIGN	2	2	2.33333e+06	18018	222	0	0	0	111	1	138.75
BENIGN	2	0	0	1129.31	1771	0	0	1	0	0	0
BENIGN	2	2	550898	23952.1	167	0	0	0	23	1	28.75
BENIGN	10	9	4371.73	17.3012	1.09819e+06	0	0	0	240.05	0	252.684
BENIGN	2	2	4765.66	67.122	59593	0	0	0	65.4	1	81.75
BENIGN	2	0	164384	27397.3	73	0	0	1	6	0	9
DDoS	9	4	115.71	0.128975	1.00795e+08	0	0	1	833.5	0	897.615
BENIGN	1	1	4376.4	33.0295	60552	0	0	0	104	1	156
BENIGN	1	1	244898	40816.3	49	0	0	1	6	1	9
BENIGN	4	2	3236.65	47.3657	126674	0	0	0	63.8571	0	74.5
DDoS	3	6	339148	262.521	34283	0	0	0	1162.7	2	1291.89
DDoS	3	4	20240.7	12.1796	574732	0	0	0	1454.12	1	1661.86
DDoS	5	0	3.69383	0.615638	8.12166e+06	0	0	1	6	0	7.2
DDoS	9	6	163.384	0.210131	7.1384e+07	0	0	1	729.312	0	777.933
DDoS	4	0	18.005	3.00084	1.33296e+06	0	0	1	6	0	7.5
DDoS	3	6	299928	232.162	38766	0	0	0	1162.7	2	1291.89
BENIGN	3	0	1.85e+07	1.5e+06	2	0	0	1	9.25	0	12.3333
DDoS	9	5	165.735	0.198944	7.03716e+07	0	0	1	777.933	0	833.5
DDoS	3	7	23817.2	20.4844	488176	0	0	0	1057	2	1162.7
DDoS	2	6	75168.1	51.7197	154680	0	0	0	1291.89	3	1453.38
BENIGN	6	4	22244.6	179.682	55654	0	0	0	112.545	0	123.8
DDoS	3	5	44165.1	30.388	263262	0	0	0	1291.89	1	1453.38
DDoS	3	6	21833.1	16.9001	532540	0	0	0	1162.7	2	1291.89
DDoS	5	0	5.77938	0.963231	5.19086e+06	0	0	1	6	0	7.2
BENIGN	2	2	981982	18018	222	0	0	0	50.8	1	63.5
DDoS	3	5	18292.4	12.5862	635618	0	0	0	1291.89	1	1453.38
DDoS	9	7	157.83	0.216521	7.3896e+07	0	0	1	686.412	0	729.312
BENIGN	3	3	0.199844	0.0666148	9.00701e+07	0	0	1	3.42857	1	4
DDoS	8	5	145.107	0.161825	8.03336e+07	0	0	1	833.071	0	897.154
BENIGN	20	16	29.2659	0.308243	1.16791e+08	0	0	0	92.3784	0	94.9444
DDoS	3	5	463263	318.585	25111	0	0	0	1292.56	1	1454.12
DDoS	3	4	405404	244.073	28680	0	0	0	1453.38	1	1661
DDoS	3	4	6583.27	3.96344	1.76614e+06	0	0	0	1453.38	1	1661
BENIGN	10	12	1306.85	2.06527	1.06524e+07	0	0	0	605.261	1	632.773
BENIGN	1	1	0	45454.5	44	0	0	1	0	1	0
DDoS	8	5	156.446	0.17438	7.45498e+07	0	0	1	833.5	0	897.615
BENIGN	2	2	88.1895	0.860385	4.64908e+06	0	0	0	91.8	1	114.75
DDoS	3	6	392552	303.859	29619	0	0	0	1162.7	2	1291.89
BENIGN	1	1	3246.62	28.1092	71151	0	0	0	98.6667	1	148
DDoS	5	0	2.51368	0.418946	1.19347e+07	0	0	1	6	0	7.2
BENIGN	1	1	4193.82	43.0135	46497	0	0	0	87	1	130.5
DDoS	3	5	151400	104.118	76836	0	0	0	1292.56	1	1454.12
BENIGN	5	5	14.2194	0.16515	6.05511e+07	0	0	0	78.2727	1	86.1
DDoS	9	6	142.647	0.183461	8.17613e+07	0	0	1	729.312	0	777.933
BENIGN	2	2	6338.37	81.2612	49224	0	0	0	71.4	1	89.25
DDoS	9	6	127.284	0.163703	9.16294e+07	0	0	1	729.312	0	777.933
DDoS	4	0	2.3803	0.396717	1.00828e+07	0	0	1	6	0	7.5
BENIGN	1	1	521.173	86.8621	23025	1	0	1	6	1	9
DDoS	3	6	16720.8	12.9429	695363	0	0	0	1162.7	2	1291.89
DDoS	4	0	17.5661	2.92768	1.36627e+06	0	0	1	6	0	7.5
BENIGN	2	2	1.53648e+06	17167.4	233	0	0	0	80	1	100
DDoS	5	0	3.67428	0.612379	8.16488e+06	0	0	1	6	0	7.2
BENIGN	2	2	1.84314e+06	19607.8	204	0	0	0	84.4	1	105.5
DDoS	3	5	6775.67	4.65962	1.71688e+06	0	0	0	1292.56	1	1454.12
BENIGN	2	0	77922.1	12987	154	0	0	1	6	0	9
DDoS	8	5	142.88	0.159259	8.16279e+07	0	0	1	833.5	0	897.615
DDoS	3	5	13799.4	9.48983	843008	0	0	0	1292.56	1	1454.12
BENIGN	20	25	4247.52	311.3	144555	0	0	0	13.3478	1	13.6444
BENIGN	2	2	1.40152e+06	15151.5	264	0	0	0	80.4	1	100.5
DDoS	8	6	126.407	0.151814	9.22182e+07	0	0	1	777.533	0	833.071
DDoS	9	5	117.956	0.141519	9.89263e+07	0	0	1	778.333	0	833.929
DDoS	3	5	22112.8	15.207	526075	0	0	0	1292.56	1	1454.12
DDoS	5	0	8.6883	1.44805	3.45292e+06	0	0	1	6	0	7.2
BENIGN	2	2	1.19728e+06	27210.9	147	0	0	0	42.4	1	53
BENIGN	1	1	5245.39	65.5673	30503	0	0	0	77.3333	1	116
BENIGN	1	1	5612.48	65.2614	30646	0	0	0	76.6667	1	115
BENIGN	1	1	2854.83	32.4412	61650	0	0	0	72.6667	1	109
DDoS	9	4	115.703	0.128967	1.00801e+08	0	0	1	833.5	0	897.615
BENIGN	1	1	114286	19047.6	105	0	0	1	6	1	9
DDoS	3	5	29037.7	19.9795	400410	0	0	0	1291.89	1	1453.38
BENIGN	16	14	10.6393	0.258865	1.15891e+08	0	0	0	39.7742	0	41.1
BENIGN	2	2	1.67164e+06	19900.5	201	0	0	0	75.4	1	94.25
BENIGN	5	1	41.501	1.47341	4.07219e+06	0	1	1	30.7143	0	35.8333
DDoS	8	4	116.506	0.119873	1.00106e+08	0	0	1	897.615	0	972.417
BENIGN	14	16	128.434	0.498772	6.01477e+07	0	0	0	249.194	1	257.5
BENIGN	79	176	2244.83	2.20369	1.15715e+08	0	0	0	1014.69	2	1018.67
DDoS	4	0	4.73947	0.789911	5.06386e+06	0	0	1	6	0	7.5
DDoS	8	6	115.519	0.138666	1.00962e+08	0	0	1	777.933	0	833.5
BENIGN	2	1	174528	14150.9	212	0	1	1	17	0	22.6667
BENIGN	2	0	6.17e+08	2e+06	1	0	1	1	411.333	0	617
DDoS	3	6	6244.72	4.83129	1.86286e+06	0	0	0	1163.3	2	1292.56
BENIGN	2	2	701.56	9.44863	423342	0	0	0	68.6	1	85.75
DDoS	5	0	7.02085	1.17014	4.27299e+06	0	0	1	6	0	7.2
DDoS	3	5	23018.3	15.8379	505119	0	0	0	1291.89	1	1453.38
BENIGN	13	13	241.181	0.842272	3.08689e+07	0	0	0	275.741	1	286.346
BENIGN	2	3	173.628	48.23	103670	0	0	1	3	1	3.6
DDoS	5	0	3.72681	0.621134	8.04979e+06	0	0	1	6	0	7.2
BENIGN	2	0	0	1272.26	1572	0	0	1	0	0	0
DDoS	4	0	4.45082	0.741803	5.39227e+06	0	0	1	6	0	7.5
BENIGN	2	0	0	666667	3	0	0	1	0	0	0
BENIGN	1	1	2979.29	7.70838	259458	1	0	0	259.667	1	389.5
BENIGN	2	0	4e+06	666667	3	0	0	1	6	0	9
BENIGN	2	2	1.44785e+06	24539.9	163	0	0	0	57.4	1	71.75
BENIGN	4	4	3521.96	85.9014	93130	0	0	0	40.1111	1	45.125
DDoS	5	0	7.55114	1.25852	3.97291e+06	0	0	1	6	0	7.2
DDoS	5	0	10.586	1.76433	2.83394e+06	0	0	1	6	0	7.2
DDoS	5	0	13.275	2.2125	2.25988e+06	0	0	1	6	0	7.2
BENIGN	1	1	4577.56	41.4259	48279	0	0	0	97.6667	1	146.5
DDoS	4	0	5.59194	0.93199	4.29189e+06	0	0	1	6	0	7.5
BENIGN	2	0	1.23333e+07	666667	3	0	1	1	24.6667	0	37
BENIGN	1	1	0	19.9904	100048	0	0	1	0	1	0
DDoS	3	6	6230.97	4.82066	1.86696e+06	0	0	0	1163.3	2	1292.56
DDoS	4	0	2.77941	0.463234	8.63494e+06	0	0	1	6	0	7.5
DDoS	3	6	160265	123.991	72586	0	0	0	1163.3	2	1292.56
BENIGN	3	1	415254	33898.3	118	0	0	1	11	0	13.75
BENIGN	2	0	4e+06	666667	3	0	0	1	6	0	9
DDoS	3	6	11998.6	9.28282	969533	0	0	0	1163.3	2	1292.56
BENIGN	2	2	4814.6	77.6548	51510	0	0	0	56	1	70
DDoS	4	0	3.16458	0.52743	7.58395e+06	0	0	1	6	0	7.5
BENIGN	2	0	666667	111111	18	0	0	1	6	0	9
BENIGN	1	1	139535	23255.8	86	0	0	1	6	1	9
DDoS	8	5	164.811	0.183798	7.07297e+07	0	0	1	833.071	0	897.154
DDoS	3	4	10798.9	6.49808	1.07724e+06	0	0	0	1454.12	1	1661.86
DDoS	8	6	134.106	0.161061	8.69237e+07	0	0	1	777.533	0	833.071
BENIGN	2	0	480000	80000	25	0	0	1	6	0	9
BENIGN	2	2	7969.1	122.602	32626	0	0	0	60	1	75
DDoS	4	0	10.4416	1.74026	2.29851e+06	0	0	1	6	0	7.5
BENIGN	2	2	1.02609e+06	17391.3	230	0	0	0	54.2	1	67.75
DDoS	8	4	157.733	0.162374	7.39035e+07	0	0	1	897.154	0	971.917
BENIGN	1	1	4233.15	65.1254	30710	0	0	0	59.6667	1	89.5
DDoS	3	5	81536.3	56.1014	142599	0	0	0	1291.89	1	1453.38
BENIGN	6	4	141.874	1.85699	5.38505e+06	0	0	0	69.4545	0	76.4
DDoS	8	5	117.135	0.130563	9.95686e+07	0	0	1	833.5	0	897.615
BENIGN	8	7	1897.99	5.23438	2.86567e+06	0	0	0	339.938	0	362.6
DDoS	4	0	5.22205	0.870341	4.5959e+06	0	0	1	6	0	7.5
BENIGN	9	11	1097.8	1.97357	1.01339e+07	0	0	0	529.762	1	556.25
DDoS	3	4	1.49543e+06	900.322	7775	0	0	0	1453.38	1	1661
DDoS	4	0	3.022	0.503666	7.94176e+06	0	0	1	6	0	7.5
DDoS	3	5	50401	34.6607	230809	0	0	0	1292.56	1	1454.12
BENIGN	1	2	2194.53	212.374	14126	0	0	1	7.75	2	10.3333
BENIGN	2	2	9610.93	168.613	23723	0	0	0	53.8	1	67.25
BENIGN	7	4	154.905	2.18176	5.04181e+06	0	0	0	65.0833	0	71
DDoS	3	5	280703	193.139	41421	0	0	0	1291.89	1	1453.38
DDoS	8	5	144.183	0.160712	8.08902e+07	0	0	1	833.5	0	897.615
DDoS	3	5	15408.3	10.6018	754592	0	0	0	1291.89	1	1453.38
DDoS	5	0	3.48927	0.581545	8.59779e+06	0	0	1	6	0	7.2
DDoS	4	0	11.4288	1.9048	2.09996e+06	0	0	1	6	0	7.5
BENIGN	3	1	2.03934	0.67978	5.88426e+06	0	0	0	2.4	0	3
DDoS	3	5	16356.9	11.2486	711200	0	0	0	1292.56	1	1454.12
DDoS	4	0	4.03861	0.673102	5.94264e+06	0	0	1	6	0	7.5
DDoS	8	4	123.959	0.127607	9.40388e+07	0	0	1	897.154	0	971.917
DDoS	3	4	6382.02	3.84228	1.82184e+06	0	0	0	1453.38	1	1661
BENIGN	4	2	2.01564	1.00782	5.95345e+06	0	0	0	1.71429	0	2
BENIGN	2	2	3381.64	55.8948	71563	0	0	0	54.6	1	68.25
DDoS	3	5	10407.7	7.15739	1.11773e+06	0	0	0	1292.56	1	1454.12
DDoS	3	6	10103.2	7.81644	1.15142e+06	0	0	0	1163.3	2	1292.56
DDoS	5	0	4.9918	0.831967	6.00985e+06	0	0	1	6	0	7.2
DDoS	3	6	16749.7	12.9653	694160	0	0	0	1162.7	2	1291.89
DDoS	6	0	3.24367	0.540611	1.10986e+07	0	0	1	6	0	7
BENIGN	4	2	2.11892	1.05946	5.66326e+06	0	0	0	1.71429	0	2
DDoS	3	4	11505.6	6.92337	1.01107e+06	0	0	0	1454.12	1	1661.86
DDoS	9	5	142.572	0.171052	8.18463e+07	0	0	1	778.333	0	833.929
DDoS	3	6	131383	101.698	88497	0	0	0	1162.7	2	1291.89
DDoS	4	0	2.64911	0.441518	9.05965e+06	0	0	1	6	0	7.5
BENIGN	10	10	161.613	0.662621	3.01832e+07	0	0	0	232.286	1	243.9
DDoS	5	0	4.58727	0.764545	6.53984e+06	0	0	1	6	0	7.2
DDoS	3	4	11214.9	6.74843	1.03728e+06	0	0	0	1454.12	1	1661.86
DDoS	5	0	57.4706	9.57843	522006	0	0	1	6	0	7.2
BENIGN	2	2	6801.4	64.7752	61752	0	0	0	91.8	1	114.75
BENIGN	2	2	1.27969e+06	15325.7	261	0	0	0	73.8	1	92.25
DDoS	3	5	20959.3	14.4211	554742	0	0	0	1291.89	1	1453.38
DDoS	3	4	157001	94.5218	74057	0	0	0	1453.38	1	1661
BENIGN	1	1	0	38461.5	52	0	0	1	0	1	0
BENIGN	4	2	7447.45	120.12	49950	0	0	0	59.1429	0	69
BENIGN	2	0	64864.9	10810.8	185	0	0	1	6	0	9
DDoS	5	0	3.98681	0.664468	7.52482e+06	0	0	1	6	0	7.2
DDoS	3	5	10096.6	6.94344	1.15217e+06	0	0	0	1292.56	1	1454.12
BENIGN	17	16	61.6299	0.363306	9.08325e+07	0	0	0	164.647	0	169.636
BENIGN	17	21	278.356	0.589705	6.4439e+07	0	0	0	459.923	1	472.026
DDoS	3	5	36647.9	25.2027	317426	0	0	0	1292.56	1	1454.12
DDoS	8	6	117.692	0.141347	9.90468e+07	0	0	1	777.533	0	833.071
BENIGN	1	1	11799.4	84.2815	23730	0	0	0	118.667	1	178
BENIGN	2	2	4774.3	47.743	83782	0	0	0	87	1	108.75
DDoS	3	5	14659.3	10.0812	793559	0	0	0	1292.56	1	1454.12
BENIGN	3	1	0	0.728347	5.49189e+06	0	0	0	0	0	0
BENIGN	1	1	0	20.5406	97368	0	0	1	0	1	0
BENIGN	100	112	1846.57	1.89985	1.11588e+08	0	0	0	967.394	1	971.958
BENIGN	7	4	141.803	2.077	5.29609e+06	0	0	0	62.5833	0	68.2727
DDoS	3	4	18008.6	10.842	645637	0	0	0	1453.38	1	1661
DDoS	5	0	3.12667	0.521111	9.59488e+06	0	0	1	6	0	7.2
BENIGN	2	2	2.52055e+06	18264.8	219	0	0	0	125.2	1	156.5
DDoS	3	6	11401	8.8205	1.02035e+06	0	0	0	1163.3	2	1292.56
BENIGN	2	2	541176	23529.4	170	0	0	0	23	1	28.75
DDoS	8	5	142.286	0.158679	8.19265e+07	0	0	1	833.071	0	897.154
BENIGN	4	4	408.75	6.54	1.22324e+06	0	0	0	60.4444	1	68
DDoS	2	6	22490.9	15.483	516697	0	0	0	1291.22	3	1452.62
DDoS	9	6	163.741	0.210481	7.12652e+07	0	0	1	729.688	0	778.333
BENIGN	34	31	301.474	0.561501	1.15761e+08	0	0	0	528.773	0	536.908
DDoS	5	0	2.46677	0.411128	1.21617e+07	0	0	1	6	0	7.2
DDoS	3	4	10793.4	6.49476	1.07779e+06	0	0	0	1454.12	1	1661.86
BENIGN	9	6	82278.5	202.856	73944	0	0	0	380.25	0	405.6
BENIGN	15	11	24046.5	74.7767	347702	0	0	0	309.667	0	321.577
BENIGN	2	2	2.82167	0.0587848	6.80448e+07	0	0	0	48	1	60
BENIGN	2	0	62500	10416.7	192	0	0	1	6	0	9
BENIGN	1	1	196721	32786.9	61	0	0	1	6	1	9
BENIGN	3	0	9.25e+06	750000	4	0	0	1	9.25	0	12.3333
BENIGN	1	1	0	13.5468	147636	0	0	1	0	1	0
DDoS	3	5	187020	128.613	62202	0	0	0	1292.56	1	1454.12
BENIGN	3	0	0	0.333213	9.00325e+06	0	0	0	0	0	0
BENIGN	8	9	852.107	2.05182	8.28534e+06	0	0	0	392.222	1	415.294
BENIGN	2	2	4479.54	65.3947	61167	0	0	0	62.8	1	78.5
DDoS	4	0	8.92532	1.48755	2.68898e+06	0	0	1	6	0	7.5
BENIGN	1	1	0	86.4678	23130	0	0	1	0	1	0
DDoS	3	3	9389.36	4.84529	1.23832e+06	0	0	0	1661	1	1937.83
BENIGN	1	1	226415	37735.8	53	0	0	1	6	1	9
DDoS	5	0	3.90635	0.651059	7.6798e+06	0	0	1	6	0	7.2
DDoS	3	4	196784	118.473	59085	0	0	0	1453.38	1	1661
DDoS	3	5	6626.56	4.55943	1.75461e+06	0	0	0	1291.89	1	1453.38
DDoS	8	5	143.437	0.15988	8.13111e+07	0	0	1	833.5	0	897.615
BENIGN	4	4	15.9669	0.591366	1.3528e+07	0	0	0	27	1	30.375
DDoS	3	5	22575.8	15.5333	515021	0	0	0	1291.89	1	1453.38
DDoS	3	5	167127	114.992	69570	0	0	0	1291.89	1	1453.38
BENIGN	2	2	4.70228	0.0639766	6.25229e+07	0	0	0	67.8	1	84.75
BENIGN	2	0	0	13422.8	149	0	0	1	0	0	0
DDoS	4	0	3.35907	0.559844	7.14484e+06	0	0	1	6	0	7.5
BENIGN	5	3	17816.8	76.8795	104059	0	0	0	206	0	231.75
DDoS	5	0	14.7893	2.46489	2.02849e+06	0	0	1	6	0	7.2
BENIGN	1	1	0	21276.6	94	0	0	1	0	1	0
DDoS	3	5	6264.08	4.31002	1.85614e+06	0	0	0	1291.89	1	1453.38
DDoS	3	4	103109	62.0765	112764	0	0	0	1453.38	1	1661
BENIGN	12	8	12220.1	65.3304	306136	0	0	0	178.143	0	187.05
BENIGN	3	1	21428.6	4761.9	840	1	0	0	4.8	0	6
DDoS	3	5	11467	7.88586	1.01447e+06	0	0	0	1292.56	1	1454.12
BENIGN	1	1	126316	21052.6	95	0	0	1	6	1	9
BENIGN	11	9	674.665	1.86655	1.0715e+07	0	0	0	344.238	0	361.45
DDoS	5	0	13.2688	2.21147	2.26094e+06	0	0	1	6	0	7.2
DDoS	3	5	463929	319.208	25062	0	0	0	1291.89	1	1453.38
DDoS	4	0	7.67312	1.27885	3.1278e+06	0	0	1	6	0	7.5
DDoS	3	6	22401.1	17.3309	519305	0	0	0	1163.3	2	1292.56
DDoS	8	5	121.398	0.135314	9.60727e+07	0	0	1	833.5	0	897.615
BENIGN	1	1	107143	17857.1	112	0	0	1	6	1	9
BENIGN	8	7	874.522	2.66623	5.62593e+06	0	0	0	307.5	0	328
BENIGN	2	2	2081.93	24.4933	163310	0	0	0	75.4	1	94.25
BENIGN	1	1	3722.96	64.189	31158	0	0	0	55.3333	1	83
BENIGN	2	0	3e+06	500000	4	0	0	1	6	0	9
BENIGN	2	2	1.12e+06	17777.8	225	0	0	0	57.8	1	72.25
DDoS	4	0	3.55932	0.59322	6.74286e+06	0	0	1	6	0	7.5
BENIGN	3	1	58252.4	12945	309	1	0	0	4.8	0	6
BENIGN	1	1	2847.02	20.4821	97646	0	0	0	110	1	165
DDoS	3	5	73775.1	50.735	157682	0	0	0	1292.56	1	1454.12
DDoS	3	4	924907	556.837	12571	0	0	0	1453.38	1	1661
DDoS	8	4	143.391	0.14761	8.12954e+07	0	0	1	897.154	0	971.917
DDoS	3	4	132455	79.703	87826	0	0	0	1454.12	1	1661.86
BENIGN	2	2	462312	20100.5	199	0	0	0	23	1	28.75
DDoS	3	7	6593.62	5.67095	1.76337e+06	0	0	0	1057	2	1162.7
DDoS	6	0	3.68576	0.614293	9.76733e+06	0	0	1	6	0	7
BENIGN	1	3	13088.6	569.071	7029	1	0	0	19.6	3	24.5
BENIGN	2	0	0	666667	3	0	0	1	0	0	0
DDoS	3	6	14458.7	11.1861	804567	0	0	0	1163.3	2	1292.56
BENIGN	1	1	230769	38461.5	52	0	0	1	6	1	9
DDoS	4	0	7.82341	1.3039	3.06772e+06	0	0	1	6	0	7.5
DDoS	2	6	103292	71.1073	112506	0	0	0	1291.22	3	1452.62
BENIGN	3	4	6738.2	17.4436	401294	0	0	0	338	1	386.286
DDoS	3	6	6460.8	5.00105	1.79962e+06	0	0	0	1162.7	2	1291.89
BENIGN	2	2	2.16667e+06	20833.3	192	0	0	0	91.2	1	114
BENIGN	2	2	981595	24539.9	163	0	0	0	38.4	1	48
DDoS	3	6	11814.1	9.14484	984162	0	0	0	1162.7	2	1291.89
BENIGN	2	0	9.25e+06	500000	4	0	1	1	24.6667	0	37
BENIGN	1	1	307692	51282.1	39	0	0	1	6	1	9
BENIGN	18	18	2146.9	4.66999	7.70879e+06	0	0	0	447.297	1	459.722
DDoS	8	5	121.496	0.135494	9.59453e+07	0	0	1	833.071	0	897.154
BENIGN	1	1	250000	41666.7	48	0	0	1	6	1	9
BENIGN	1	1	7652.81	65.4086	30577	0	0	0	95.6667	1	143.5
BENIGN	1	1	920.66	19.1804	104273	0	0	0	48	1	72
BENIGN	2	0	162.075	27.0124	74040	0	0	1	6	0	9
DDoS	3	5	10178.3	6.9996	1.14292e+06	0	0	0	1292.56	1	1454.12
DDoS	3	6	17925.2	13.868	648975	0	0	0	1163.3	2	1292.56
BENIGN	4	2	1670.91	24.4524	245375	0	0	0	63.8571	0	74.5
DDoS	5	0	4.49891	0.749818	6.66828e+06	0	0	1	6	0	7.2
BENIGN	1	1	4072.18	39.9233	50096	0	0	0	99.3333	1	149
DDoS	8	6	119.084	0.142946	9.79391e+07	0	0	1	777.933	0	833.5
BENIGN	38	52	12775.5	14.6319	6.15093e+06	0	0	0	863.527	1	873.122
DDoS	5	0	26.3838	4.3973	1.13706e+06	0	0	1	6	0	7.2
DDoS	3	5	6441.6	4.43217	1.80498e+06	0	0	0	1291.89	1	1453.38
BENIGN	1	1	0	100000	20	0	0	1	0	1	0
DDoS	8	5	153.004	0.170544	7.62266e+07	0	0	1	833.5	0	897.615
DDoS	8	5	129.365	0.144195	9.01558e+07	0	0	1	833.5	0	897.615
DDoS	5	0	3.74635	0.624392	8.00779e+06	0	0	1	6	0	7.2
DDoS	5	0	3.28236	0.547059	9.13978e+06	0	0	1	6	0	7.2
BENIGN	2	2	2e+06	23529.4	170	0	0	0	77.2	1	96.5
BENIGN	15	18	671.561	1.29911	2.5402e+07	0	0	0	501.735	1	516.939
DDoS	3	4	13146.7	7.91082	884864	0	0	0	1454.12	1	1661.86
BENIGN	3	1	2.23296	0.744321	5.37403e+06	0	0	0	2.4	0	3
DDoS	4	0	3.62436	0.60406	6.62186e+06	0	0	1	6	0	7.5
DDoS	8	7	142.804	0.183758	8.16293e+07	0	0	1	728.938	0	777.533
DDoS	5	0	7.06981	1.1783	4.2434e+06	0	0	1	6	0	7.2
BENIGN	2	2	20.6216	0.160479	2.49253e+07	0	0	0	112	1	140
DDoS	8	4	131.999	0.135883	8.83114e+07	0	0	1	897.154	0	971.917
DDoS	4	0	6.04542	1.00757	3.96994e+06	0	0	1	6	0	7.5
DDoS	4	0	3.91143	0.651905	6.13586e+06	0	0	1	6	0	7.5
BENIGN	1	1	4565.3	66.1638	30228	0	0	0	64.3333	1	96.5
BENIGN	2	0	0	7633.59	262	0	0	1	0	0	0
DDoS	8	5	160.736	0.179162	7.25602e+07	0	0	1	833.5	0	897.615
DDoS	3	5	74222.2	51.0425	156732	0	0	0	1292.56	1	1454.12
BENIGN	2	0	645.231	107.538	18598	0	0	1	6	0	9
DDoS	8	5	156.442	0.174376	7.45515e+07	0	0	1	833.5	0	897.615
BENIGN	1	1	0	30303	66	0	0	1	0	1	0
BENIGN	2	0	203390	33898.3	59	0	0	1	6	0	9
BENIGN	2	2	7243.92	64.6778	61845	0	0	0	97.8	1	122.25
DDoS	8	5	164.314	0.18315	7.09801e+07	0	0	1	833.5	0	897.615
DDoS	3	6	14169.5	10.9681	820563	0	0	0	1162.7	2	1291.89
DDoS	3	4	34449.6	20.7402	337508	0	0	0	1453.38	1	1661
DDoS	5	0	3.01788	0.50298	9.94076e+06	0	0	1	6	0	7.2
BENIGN	1	1	5164.24	65.3702	30595	0	0	0	67.3333	1	101
DDoS	9	6	165.97	0.213347	7.0308e+07	0	0	1	729.688	0	778.333
DDoS	4	0	2.59467	0.432444	9.24975e+06	0	0	1	6	0	7.5
DDoS	3	6	11351.3	8.78663	1.02428e+06	0	0	0	1162.7	2	1291.89
DDoS	8	6	119.237	0.143129	9.78137e+07	0	0	1	777.933	0	833.5
DDoS	5	0	2.92108	0.486846	1.02702e+07	0	0	1	6	0	7.2
BENIGN	1	2	6e+06	1.5e+06	2	0	0	1	3	2	4
DDoS	3	6	317678	245.902	36600	0	0	0	1162.7	2	1291.89
BENIGN	7	4	143.527	1.96612	5.59478e+06	0	0	0	66.9167	0	73
BENIGN	1	1	0	20.029	99855	0	0	1	0	1	0
BENIGN	10	5	15040.7	113.83	131776	0	0	0	123.875	0	132.133
DDoS	8	4	119.123	0.122565	9.79073e+07	0	0	1	897.615	0	972.417
DDoS	3	5	45557.8	31.33	255346	0	0	0	1292.56	1	1454.12
DDoS	3	4	295574	177.95	39337	0	0	0	1453.38	1	1661
BENIGN	2	2	2.17143e+06	22857.1	175	0	0	0	91.8	1	114.75
BENIGN	2	0	4e+06	666667	3	1	0	0	6	0	9
BENIGN	1	1	0	62500	32	0	0	1	0	1	0
DDoS	8	5	159.379	0.177649	7.3178e+07	0	0	1	833.5	0	897.615
DDoS	4	0	5.86953	0.978255	4.08891e+06	0	0	1	6	0	7.5
BENIGN	2	0	4.13333e+07	666667	3	0	0	0	62	0	93
BENIGN	1	1	0	54054.1	37	0	0	1	0	1	0
BENIGN	1	1	324324	54054.1	37	0	0	1	6	1	9
DDoS	8	6	124.238	0.149132	9.38765e+07	0	0	1	777.933	0	833.5
BENIGN	2	0	4.625e+06	250000	8	0	1	1	24.6667	0	37
DDoS	5	0	8.05783	1.34297	3.72309e+06	0	0	1	6	0	7.2
BENIGN	3	0	2.17647e+06	176471	17	0	0	1	9.25	0	12.3333
BENIGN	15	13	22906.8	77.6973	360373	0	0	0	284.655	0	294.821
BENIGN	13	12	1014.28	3.97445	6.29018e+06	0	0	0	245.385	0	255.2
DDoS	4	0	2.64745	0.441242	9.06532e+06	0	0	1	6	0	7.5
DDoS	3	6	322354	249.522	36069	0	0	0	1162.7	2	1291.89
BENIGN	2	2	8401.46	129.253	30947	0	0	0	59.2	1	74
DDoS	3	6	21175	16.3823	549373	0	0	0	1163.3	2	1292.56
BENIGN	2	2	1.26829e+06	24390.2	164	0	0	0	50.4	1	63
BENIGN	14	9	26700.7	86.0949	267147	0	0	0	297.208	0	310.13
DDoS	4	0	12.4288	2.07147	1.931e+06	0	0	1	6	0	7.5
BENIGN	1	1	352941	58823.5	34	0	0	1	6	1	9
BENIGN	2	0	9.25e+06	500000	4	0	1	1	24.6667	0	37
BENIGN	1	1	4153.96	64.9056	30814	0	0	0	61.3333	1	92
DDoS	9	4	130.349	0.145291	8.94753e+07	0	0	1	833.5	0	897.615
DDoS	4	0	6.94284	1.15714	3.4568e+06	0	0	1	6	0	7.5
DDoS	3	6	9322.05	7.2121	1.2479e+06	0	0	0	1163.3	2	1292.56
BENIGN	2	0	0	666667	3	0	0	1	0	0	0
BENIGN	1	1	482618	4089.98	489	0	0	0	104.333	1	156.5
BENIGN	9	9	651.523	1.64158	1.09651e+07	0	0	0	376	1	396.889
DDoS	3	6	173281	134.13	67099	0	0	0	1162.7	2	1291.89
DDoS	7	6	1278.19	1.42618	9.11526e+06	0	0	1	832.643	0	896.692
DDoS	3	6	458227	354.512	25387	0	0	0	1163.3	2	1292.56
BENIGN	2	2	1.59624e+06	18779.3	213	0	0	0	77.2	1	96.5
BENIGN	4	0	174.859	24.1185	165848	0	0	1	5.8	0	7.25
DDoS	3	6	23416.3	18.1256	496534	0	0	0	1162.7	2	1291.89
DDoS	3	6	30150.4	23.3383	385633	0	0	0	1162.7	2	1291.89
DDoS	4	0	2.7872	0.464533	8.6108e+06	0	0	1	6	0	7.5
BENIGN	10	5	2961.74	21.874	685746	0	0	0	126.938	0	135.4
BENIGN	1	1	0	14285.7	140	0	0	1	0	1	0
BENIGN	40	51	334044	445.783	204135	0	0	0	741.196	1	749.341
DDoS	5	0	10.5193	1.75321	2.85191e+06	0	0	1	6	0	7.2
DDoS	4	0	20.3192	3.38653	1.18115e+06	0	0	1	6	0	7.5
BENIGN	2	2	1.91716e+06	23668.6	169	0	0	0	71.8	1	89.75
BENIGN	2	0	1.2e+07	2e+06	1	0	0	1	6	0	9
DDoS	3	5	54248.4	37.3258	214329	0	0	0	1291.89	1	1453.38
DDoS	4	0	2.38978	0.398297	1.00428e+07	0	0	1	6	0	7.5
BENIGN	21	18	46.5372	0.333692	1.16874e+08	0	0	0	135.975	0	139.462
BENIGN	5	0	545.995	94.1371	53114	0	0	1	4.83333	0	5.8
BENIGN	2	0	4e+06	666667	3	0	0	1	6	0	9
BENIGN	1	1	212.292	3.07669	650049	0	0	0	61	1	91.5
DDoS	3	4	14366.9	8.64509	809708	0	0	0	1454.12	1	1661.86
DDoS	3	6	14438.2	11.1702	805712	0	0	0	1163.3	2	1292.56
BENIGN	2	2	5220.05	65.661	60919	0	0	0	70.4	1	88
DDoS	3	5	251911	173.239	46179	0	0	0	1292.56	1	1454.12
DDoS	5	0	3.40447	0.567412	8.81195e+06	0	0	1	6	0	7.2
DDoS	8	6	163.097	0.195778	7.15094e+07	0	0	1	777.933	0	833.5
BENIGN	1	1	2965.85	42.3693	47204	0	0	0	65.3333	1	98
DDoS	3	6	11029.2	8.53284	1.05475e+06	0	0	0	1163.3	2	1292.56
BENIGN	11	6	13090.5	87.9598	193270	0	0	0	140.556	0	148.824
BENIGN	3	1	0	0.665458	6.0109e+06	0	0	0	0	0	0
BENIGN	8	7	1454.74	3.34782	4.48053e+06	0	0	0	407.375	0	434.533
BENIGN	2	2	139.958	1.43179	2.7937e+06	0	0	0	91	1	113.75
DDoS	3	6	14453.5	11.1879	804443	0	0	0	1162.7	2	1291.89
BENIGN	1	1	3764.51	41.8279	47815	0	0	0	78.3333	1	117.5
BENIGN	15	10	116852	377.918	66152	0	0	0	297.308	0	309.2
DDoS	4	0	4.05209	0.675349	5.92286e+06	0	0	1	6	0	7.5
BENIGN	2	2	2.2719e+06	12084.6	331	0	0	0	159.2	1	199
BENIGN	1	1	590.262	11.3512	176193	0	0	0	49.3333	1	74
DDoS	5	0	3.65684	0.609474	8.2038e+06	0	0	1	6	0	7.2
DDoS	8	4	162.04	0.166722	7.19762e+07	0	0	1	897.615	0	972.417
DDoS	4	0	2.6529	0.442149	9.04671e+06	0	0	1	6	0	7.5
DDoS	7	6	1245.64	1.38986	9.35344e+06	0	0	1	832.643	0	896.692
BENIGN	3	2	170.54	47.3723	105547	1	0	0	4	0	4.8
BENIGN	4	2	7469.23	194.849	30793	0	0	0	37.5714	0	43.8333
BENIGN	1	1	631579	105263	19	0	0	1	6	1	9
BENIGN	2	0	2595.16	432.526	4624	0	0	1	6	0	9
DDoS	8	6	141.41	0.169745	8.24765e+07	0	0	1	777.933	0	833.5
BENIGN	2	2	6915.1	85.3716	46854	0	0	0	70.8	1	88.5
BENIGN	1	1	1.2e+07	2e+06	1	0	0	1	6	1	9
BENIGN	7	4	134.452	1.96934	5.58563e+06	0	0	0	62.5833	0	68.2727
DDoS	3	6	9884.03	7.65084	1.17634e+06	0	0	0	1162.7	2	1291.89
BENIGN	2	0	0	0.0382848	5.22401e+07	0	0	1	0	0	0
BENIGN	1	1	3753.21	65.8458	30374	0	0	0	54.3333	1	81.5
BENIGN	3	1	103631	116.472	34343	0	0	1	711.8	0	889.75
DDoS	3	4	13325.8	8.01863	872967	0	0	0	1454.12	1	1661.86
BENIGN	1	1	6350.6	62.8773	31808	0	0	0	79.6667	1	119.5
BENIGN	2	2	1.33333e+06	21164	189	0	0	0	59.8	1	74.75
BENIGN	5	6	4645.34	14.8846	739020	0	0	0	286.083	1	312.091
DDoS	3	6	17561.2	13.5935	662083	0	0	0	1162.7	2	1291.89
DDoS	8	4	160.985	0.165722	7.24105e+07	0	0	1	897.154	0	971.917
DDoS	4	0	7.43964	1.23994	3.22596e+06	0	0	1	6	0	7.5
DDoS	8	6	137.336	0.16494	8.48792e+07	0	0	1	777.533	0	833.071
BENIGN	2	2	5622.04	64.2519	62255	0	0	0	79	1	98.75
DDoS	3	4	256661	154.522	45301	0	0	0	1453.38	1	1661
DDoS	4	0	3.99766	0.666277	6.00351e+06	0	0	1	6	0	7.5
BENIGN	1	1	3331.32	41.6415	48029	0	0	0	70	1	105
BENIGN	2	2	1.17842e+06	16597.5	241	0	0	0	67.8	1	84.75
DDoS	3	6	84182.4	65.1287	138188	0	0	0	1163.3	2	1292.56
DDoS	3	5	53295	36.6698	218163	0	0	0	1291.89	1	1453.38
BENIGN	2	2	1.27072e+06	22099.4	181	0	0	0	53.6	1	67
BENIGN	2	2	10945	130.297	30699	0	0	0	74.4	1	93
BENIGN	19	16	32.7237	0.30913	1.13221e+08	0	0	0	102.917	0	105.857
DDoS	8	4	127.231	0.130907	9.16678e+07	0	0	1	897.615	0	972.417
DDoS	9	4	161.947	0.180512	7.20173e+07	0	0	1	833.5	0	897.615
DDoS	3	4	6635.55	3.99491	1.75223e+06	0	0	0	1453.38	1	1661
DDoS	8	4	127.237	0.130913	9.16637e+07	0	0	1	897.615	0	972.417
DDoS	5	0	14.606	2.43433	2.05395e+06	0	0	1	6	0	7.2
BENIGN	1	1	375000	62500	32	0	0	1	6	1	9
DDoS	4	0	1.01543	0.169238	2.36354e+07	0	0	1	6	0	7.5
DDoS	5	0	114.503	19.0838	262002	0	0	1	6	0	7.2
DDoS	9	5	142.188	0.170591	8.20676e+07	0	0	1	778.333	0	833.929
DDoS	8	5	143.536	0.15999	8.1255e+07	0	0	1	833.5	0	897.615
DDoS	8	6	142.582	0.17124	8.17566e+07	0	0	1	777.533	0	833.071
DDoS	3	5	326895	224.921	35568	0	0	0	1291.89	1	1453.38
BENIGN	8	7	554.659	1.60584	9.34088e+06	0	0	0	323.812	0	345.4
BENIGN	3	1	243781	19900.5	201	0	0	1	11	0	13.75
DDoS	3	6	6356.05	4.91997	1.82928e+06	0	0	0	1162.7	2	1291.89
BENIGN	2	2	7747.47	164.84	24266	0	0	0	44.4	1	55.5
DDoS	5	0	2.96744	0.494573	1.01097e+07	0	0	1	6	0	7.2
BENIGN	2	0	1.23333e+07	666667	3	0	1	1	24.6667	0	37
DDoS	9	7	116.54	0.159794	1.00129e+08	0	0	1	686.765	0	729.688
DDoS	3	5	10466.6	7.1979	1.11144e+06	0	0	0	1292.56	1	1454.12
DDoS	4	0	3.37464	0.56244	7.11187e+06	0	0	1	6	0	7.5
BENIGN	2	0	397849	21505.4	93	0	1	1	24.6667	0	37
DDoS	5	0	4.79927	0.799879	6.25095e+06	0	0	1	6	0	7.2
DDoS	3	4	350623	211.091	33161	0	0	0	1453.38	1	1661
DDoS	8	4	156.894	0.161428	7.43366e+07	0	0	1	897.615	0	972.417
BENIGN	2	2	8430.06	129.693	30842	0	0	0	62.2	1	77.75
BENIGN	10	8	12353.1	49.031	367115	0	0	0	238.684	0	251.944
DDoS	4	0	2.9847	0.497451	8.041e+06	0	0	1	6	0	7.5
DDoS	2	6	6647.1	4.57356	1.74918e+06	0	0	0	1291.89	3	1453.38
BENIGN	11	8	681.886	6.21979	3.05476e+06	0	0	0	104.15	0	109.632
DDoS	9	6	115.835	0.148901	1.00738e+08	0	0	1	729.688	0	778.333
BENIGN	4	2	6569.84	100.048	59971	0	0	0	61.2857	0	71.5
DDoS	4	0	5.50093	0.916821	4.3629e+06	0	0	1	6	0	7.5
DDoS	3	6	442445	342.479	26279	0	0	0	1162.7	2	1291.89
BENIGN	2	2	1.48387e+06	9216.59	434	0	0	0	135.4	1	169.25
BENIGN	2	0	1032.79	172.132	11619	0	0	1	6	0	9
BENIGN	4	4	11805	134.914	59297	0	0	0	83	1	93.375
BENIGN	1	1	5781.1	64.9562	30790	0	0	0	75.6667	1	113.5
BENIGN	2	2	930.563	11.9303	335281	0	0	0	71.6	1	89.5
DDoS	3	5	18393.7	12.6559	632117	0	0	0	1291.89	1	1453.38
DDoS	3	4	449526	270.636	25865	0	0	0	1453.38	1	1661
BENIGN	37	37	236.069	0.637001	1.16169e+08	0	1	1	385.013	1	390.216
BENIGN	1	3	692308	153846	26	0	0	1	3.6	3	4.5
BENIGN	1	1	0	37037	54	0	0	1	0	1	0
BENIGN	2	0	2417.41	402.901	4964	0	0	1	6	0	9
BENIGN	1	2	268657	44776.1	67	0	0	1	6	2	8
BENIGN	2	2	842105	21052.6	190	0	0	0	38.4	1	48
BENIGN	3	4	1293.6	15.1679	461502	0	0	0	74.625	1	85.2857
BENIGN	2	2	6866.07	171.652	23303	0	0	0	38.4	1	48
BENIGN	1	1	1050.88	175.147	11419	1	0	1	6	1	9
DDoS	2	6	665731	458.295	17456	0	0	0	1291.22	3	1452.62
BENIGN	4	0	218593	10050.3	398	0	0	1	18.6	0	23.25
BENIGN	2	0	54814.8	2962.96	675	0	1	1	24.6667	0	37
DDoS	4	0	19.1543	3.19239	1.25298e+06	0	0	1	6	0	7.5
BENIGN	9	6	5.67986e+06	13192.6	1137	0	0	0	403.625	0	430.533
DDoS	3	6	213787	165.484	54386	0	0	0	1162.7	2	1291.89
DDoS	3	6	6249.32	4.83485	1.86148e+06	0	0	0	1163.3	2	1292.56
BENIGN	17	25	109169	191.325	219522	0	0	0	557.326	1	570.595
DDoS	9	4	142.995	0.159305	8.16045e+07	0	0	1	833.929	0	898.077
BENIGN	1	1	0	37735.8	53	0	0	1	0	1	0
DDoS	8	6	142.038	0.170499	8.2112e+07	0	0	1	777.933	0	833.5
BENIGN	2	2	5384.62	128.205	31200	0	0	0	40.4	1	50.5
DDoS	5	0	4.32724	0.721207	6.93282e+06	0	0	1	6	0	7.2
BENIGN	12	13	0.653765	0.20954	1.19309e+08	0	0	1	3.23077	1	3.36
BENIGN	6	5	6221.85	20.3147	541479	0	0	0	280.75	0	306.273
DDoS	3	4	596746	359.269	19484	0	0	0	1453.38	1	1661
DDoS	3	5	32173.7	22.1372	361382	0	0	0	1291.89	1	1453.38
DDoS	3	4	11273.5	6.78366	1.03189e+06	0	0	0	1454.12	1	1661.86
BENIGN	4	0	185.359	25.5668	156453	0	0	1	5.8	0	7.25
DDoS	8	6	1377.39	1.65339	8.46745e+06	0	0	1	777.933	0	833.5
BENIGN	2	2	124.35	1.56415	2.55731e+06	0	0	0	72.8	1	91
DDoS	4	0	3.28091	0.546818	7.31505e+06	0	0	1	6	0	7.5
BENIGN	1	1	1292.81	11.5947	172493	0	0	0	91.6667	1	137.5
DDoS	3	6	118751	91.8733	97961	0	0	0	1163.3	2	1292.56
BENIGN	2	2	1.65217e+06	17391.3	230	0	0	0	82.2	1	102.75
BENIGN	1	1	0	222222	9	0	0	1	0	1	0
DDoS	5	0	8.89168	1.48195	3.37394e+06	0	0	1	6	0	7.2
BENIGN	2	0	0	2e+06	1	0	0	1	0	0	0
DDoS	5	0	5.85265	0.975441	5.12588e+06	0	0	1	6	0	7.2
DDoS	3	6	101783	78.7457	114292	0	0	0	1163.3	2	1292.56
BENIGN	1	1	0	64516.1	31	0	0	1	0	1	0
DDoS	9	4	115.512	0.128754	1.00968e+08	0	0	1	833.5	0	897.615
BENIGN	14	13	140.566	0.374621	7.20729e+07	0	0	0	361.821	0	375.222
DDoS	3	7	67677	58.1767	171890	0	0	0	1057.55	2	1163.3
DDoS	8	6	120.221	0.14431	9.70133e+07	0	0	1	777.933	0	833.5
BENIGN	10	6	4505.93	31.7459	504002	0	0	0	133.588	0	141.938
DDoS	8	5	158.046	0.176254	7.37571e+07	0	0	1	833.071	0	897.154
BENIGN	2	2	2939.63	42.9143	93209	0	0	0	62.4	1	78
DDoS	3	4	7779.86	4.68142	1.49527e+06	0	0	0	1454.12	1	1661.86
BENIGN	1	1	0	24691.4	81	0	0	1	0	1	0
BENIGN	2	2	1.6e+06	22222.2	180	0	0	0	66	1	82.5
BENIGN	2	2	1.71014e+06	28985.5	138	0	0	0	57.4	1	71.75
DDoS	3	6	308679	238.936	37667	0	0	0	1162.7	2	1291.89
DDoS	8	6	142.39	0.170922	8.19086e+07	0	0	1	777.933	0	833.5
BENIGN	2	0	770833	41666.7	48	0	1	1	24.6667	0	37
BENIGN	2	2	1.13966e+06	22346.4	179	0	0	0	49.4	1	61.75
BENIGN	14	10	16420.5	59.4051	404006	0	0	0	265.36	0	276.417
DDoS	4	0	3.19671	0.532785	7.50772e+06	0	0	1	6	0	7.5
DDoS	4	0	2.51328	0.418881	9.54926e+06	0	0	1	6	0	7.5
BENIGN	2	1	0	31.5484	95092	0	0	1	0	0	0
BENIGN	1	1	3718.35	33.6502	59435	0	0	0	95	1	142.5
DDoS	3	6	179211	138.72	64879	0	0	0	1162.7	2	1291.89
BENIGN	14	12	29.2209	0.428266	6.07099e+07	0	0	0	65.7037	0	68.2308
DDoS	8	5	158.981	0.177297	7.33231e+07	0	0	1	833.071	0	897.154
DDoS	3	5	345466	237.699	33656	0	0	0	1291.89	1	1453.38
DDoS	3	4	9664.06	5.81822	1.20312e+06	0	0	0	1453.38	1	1661
DDoS	3	6	9406.49	7.27743	1.2367e+06	0	0	0	1163.3	2	1292.56
DDoS	5	0	15.0224	2.50374	1.99701e+06	0	0	1	6	0	7.2
DDoS	3	6	8550.51	6.6152	1.3605e+06	0	0	0	1163.3	2	1292.56
DDoS	3	5	25757.5	17.7134	451635	0	0	0	1292.56	1	1454.12
BENIGN	4	4	31.2166	0.226207	3.53658e+07	0	0	0	127.111	1	143
DDoS	5	0	6.63734	1.10622	4.51988e+06	0	0	1	6	0	7.2
BENIGN	2	2	1.43396e+06	25157.2	159	0	0	0	54.2	1	67.75
BENIGN	2	2	1.09645e+06	20304.6	197	0	0	0	52.4	1	65.5
BENIGN	2	0	9.25e+06	500000	4	0	1	1	24.6667	0	37
DDoS	3	6	50938.9	39.4298	228254	0	0	0	1162.7	2	1291.89
DDoS	8	4	118.496	0.121982	9.83748e+07	0	0	1	897.154	0	971.917
BENIGN	2	2	1.01622e+06	21621.6	185	0	0	0	45.4	1	56.75
BENIGN	1	1	2242.41	46.717	42811	0	0	0	48	1	72
DDoS	9	6	115.635	0.14872	1.00861e+08	0	0	1	729.312	0	777.933
BENIGN	1	1	0	1654.26	1209	0	0	1	0	1	0
BENIGN	1	1	1542.9	28.5722	69998	0	0	0	51.3333	1	77
DDoS	4	0	15.1064	2.51773	1.58874e+06	0	0	1	6	0	7.5
BENIGN	2	2	632124	10362.7	386	0	0	0	55.4	1	69.25
BENIGN	510	669	204380	225.113	5.23737e+06	0	0	0	907.128	1	907.897
BENIGN	1	1	5595.63	64.6893	30917	0	0	0	76.3333	1	114.5
BENIGN	3	1	2.19866	0.732888	5.45786e+06	0	0	0	2.4	0	3
BENIGN	3	1	0	0.726609	5.50502e+06	0	0	0	0	0	0
DDoS	3	5	96263	66.2	120846	0	0	0	1292.56	1	1454.12
BENIGN	1	1	0	9803.92	204	0	0	1	0	1	0
DDoS	3	5	38275.5	26.322	303928	0	0	0	1292.56	1	1454.12
BENIGN	1	1	4013.83	28.5682	70008	0	0	0	109.667	1	164.5
DDoS	3	6	12012.9	9.29394	968373	0	0	0	1163.3	2	1292.56
BENIGN	2	2	1.98742e+06	25157.2	159	0	0	0	73.6	1	92
BENIGN	3	1	215859	17621.1	227	0	0	1	11	0	13.75
DDoS	4	0	59.5495	9.92492	403026	0	0	1	6	0	7.5
DDoS	3	4	27018.3	16.2663	430338	0	0	0	1453.38	1	1661
DDoS	3	5	212052	145.903	54831	0	0	0	1291.89	1	1453.38
BENIGN	1	1	1104.31	23.0065	86932	0	0	0	48	1	72
BENIGN	3	1	2.15507	0.718356	5.56827e+06	0	0	0	2.4	0	3
BENIGN	2	0	0	500000	4	0	0	1	0	0	0
BENIGN	2	2	1.47783e+06	19704.4	203	0	0	0	69.4	1	86.75
BENIGN	5	1	40.3791	1.43358	4.18533e+06	0	1	1	30.7143	0	35.8333
BENIGN	2	0	4.13333e+07	666667	3	0	0	0	62	0	93
BENIGN	1	1	5717.22	64.2385	31134	0	0	0	75	1	112.5
BENIGN	2	0	506849	27397.3	73	0	1	1	24.6667	0	37
BENIGN	2	2	2.28261e+06	21739.1	184	0	0	0	92.2	1	115.25
DDoS	3	6	254763	197.1	45662	0	0	0	1163.3	2	1292.56
DDoS	8	4	158.403	0.16298	7.36289e+07	0	0	1	897.615	0	972.417
DDoS	3	4	6783.87	4.08421	1.71392e+06	0	0	0	1453.38	1	1661
BENIGN	11	11	190.484	0.663391	3.3163e+07	0	0	0	274.652	1	287.136
DDoS	3	4	17736.1	10.678	655556	0	0	0	1453.38	1	1661
BENIGN	2	0	4e+06	666667	3	0	0	1	6	0	9
BENIGN	1	1	3710.7	65.0999	30722	0	0	0	54.3333	1	81.5
DDoS	3	6	109483	84.7466	106199	0	0	0	1162.7	2	1291.89
BENIGN	6	8	2776.19	34.7645	402710	0	0	0	74.5333	1	79.8571
BENIGN	2	2	1.48023e+06	22598.9	177	0	0	0	61.4	1	76.75
DDoS	3	5	46962	32.3124	247583	0	0	0	1291.89	1	1453.38
DDoS	8	6	145.185	0.174276	8.03322e+07	0	0	1	777.933	0	833.5
DDoS	8	5	123.77	0.13803	9.41826e+07	0	0	1	833.071	0	897.154
DDoS	3	5	10942.4	7.52505	1.06312e+06	0	0	0	1292.56	1	1454.12
BENIGN	1	1	0	41666.7	48	0	0	1	0	1	0
BENIGN	1	1	150000	25000	80	0	0	1	6	1	9
BENIGN	2	2	3569.06	83.0013	48192	0	0	0	41.4	1	51.75
DDoS	3	4	369651	222.547	31454	0	0	0	1453.38	1	1661
DDoS	2	6	15707.3	10.813	739847	0	0	0	1291.22	3	1452.62
DDoS	3	5	11690.4	8.03946	995092	0	0	0	1292.56	1	1454.12
BENIGN	2	2	9621.01	130.014	30766	0	0	0	67.6	1	84.5
DDoS	4	0	2.61671	0.436118	9.17184e+06	0	0	1	6	0	7.5
DDoS	4	0	3.90122	0.650204	6.15192e+06	0	0	1	6	0	7.5
DDoS	3	5	6728.03	4.62686	1.72903e+06	0	0	0	1292.56	1	1454.12
BENIGN	2	0	9.25e+06	500000	4	0	1	1	24.6667	0	37
BENIGN	10	10	18.6818	0.300834	6.64819e+07	0	0	0	59.1429	1	62.1
BENIGN	2	2	1.39459e+06	21621.6	185	0	0	0	59.4	1	74.25
DDoS	5	0	3.71848	0.619746	8.06782e+06	0	0	1	6	0	7.2
BENIGN	2	2	2.05031e+06	25157.2	159	0	0	0	75.4	1	94.25
DDoS	7	4	1327.02	1.25288	8.77979e+06	0	0	1	971.417	0	1059.73
DDoS	3	4	17271.4	10.3928	673543	0	0	0	1454.12	1	1661.86
BENIGN	9	13	141550	218.534	100671	0	0	0	678.261	1	709.091
BENIGN	1	1	0	40000	50	0	0	1	0	1	0
DDoS	4	0	2.97817	0.496362	8.05863e+06	0	0	1	6	0	7.5
DDoS	5	0	8.01297	1.33549	3.74393e+06	0	0	1	6	0	7.2
DDoS	5	0	2.96751	0.494585	1.01095e+07	0	0	1	6	0	7.2
DDoS	3	6	6193.36	4.79156	1.8783e+06	0	0	0	1163.3	2	1292.56
BENIGN	1	1	0	34482.8	58	0	0	1	0	1	0
BENIGN	14	8	58715.1	196.82	111777	0	0	0	285.348	0	298.318
BENIGN	2	2	2.86465	0.0596802	6.70239e+07	0	0	0	48	1	60
BENIGN	49	54	679.246	0.887295	1.16083e+08	0	0	0	758.163	1	765.524
BENIGN	10	5	14482.4	104.29	143830	0	0	0	130.188	0	138.867
BENIGN	2	2	1.21888e+06	17167.4	233	0	0	0	63	1	78.75
BENIGN	2	2	800.817	12.8131	312181	0	0	0	56.4	1	70.5
DDoS	8	4	139.734	0.143845	8.34229e+07	0	0	1	897.154	0	971.917
BENIGN	2	2	1.79121e+06	21978	182	0	0	0	75.4	1	94.25
BENIGN	1	1	3985.17	32.6653	61227	0	0	0	100.667	1	151
DDoS	3	6	6353.98	4.91582	1.83082e+06	0	0	0	1163.3	2	1292.56
BENIGN	2	2	1.18219e+06	16194.3	247	0	0	0	67	1	83.75
DDoS	3	4	6512.77	3.91897	1.78618e+06	0	0	0	1454.12	1	1661.86
DDoS	2	4	70624.2	36.4449	164632	0	0	0	1661	2	1937.83
DDoS	3	4	27894.5	16.7851	417036	0	0	0	1454.12	1	1661.86
BENIGN	7	6	3010.01	38.0274	341859	0	0	0	73.5	0	79.1538
BENIGN	2	0	2949.85	491.642	4068	0	0	1	6	0	9
BENIGN	1	1	1331.44	13.7973	144956	0	0	0	79	1	118.5
BENIGN	8	5	846.641	2.05304	6.33208e+06	0	0	0	382.929	0	412.385
DDoS	3	5	18379.2	12.6393	632944	0	0	0	1292.56	1	1454.12
BENIGN	23	22	108.429	0.389627	1.15495e+08	0	0	0	272.239	0	278.289
BENIGN	7	4	147.25	2.07395	5.30389e+06	0	0	0	65.0833	0	71
BENIGN	2	2	10.7196	0.102335	3.90873e+07	0	0	0	93.2	1	116.5
DDoS	4	0	36.3088	6.05147	660996	0	0	1	6	0	7.5
BENIGN	1	1	0	21.0155	95168	0	0	1	0	1	0
DDoS	5	0	2.48043	0.413405	1.20947e+07	0	0	1	6	0	7.2
BENIGN	1	1	125000	20833.3	96	0	0	1	6	1	9
BENIGN	4	2	3750.94	57.7067	103974	0	0	0	61.8571	0	72.1667
DDoS	8	4	141.769	0.145941	8.22252e+07	0	0	1	897.154	0	971.917
BENIGN	25	21	86.6355	0.392325	1.1725e+08	0	0	0	216.128	0	220.826
DDoS	5	0	14.6838	2.44729	2.04307e+06	0	0	1	6	0	7.2
DDoS	4	0	19.5141	3.25235	1.22988e+06	0	0	1	6	0	7.5
DDoS	3	5	6198.2	4.2647	1.87587e+06	0	0	0	1291.89	1	1453.38
DDoS	3	4	8887.32	5.34783	1.30894e+06	0	0	0	1454.12	1	1661.86
BENIGN	22	20	90.6867	0.364587	1.15199e+08	0	0	0	242.953	0	248.738
DDoS	8	4	118.554	0.122043	9.83261e+07	0	0	1	897.154	0	971.917
DDoS	5	0	6.95103	1.15851	4.31591e+06	0	0	1	6	0	7.2
BENIGN	3	1	0	0.677099	5.90755e+06	0	0	0	0	0	0
DDoS	3	5	821987	565.571	14145	0	0	0	1291.89	1	1453.38
BENIGN	2	2	1.66474e+06	23121.4	173	0	0	0	65.6	1	82
DDoS	5	0	5.56115	0.926858	5.39457e+06	0	0	1	6	0	7.2
DDoS	5	0	2.71968	0.45328	1.10307e+07	0	0	1	6	0	7.2
DDoS	8	4	129.66	0.133407	8.99503e+07	0	0	1	897.615	0	972.417
BENIGN	2	0	0	666667	3	0	0	1	0	0	0
DDoS	4	0	5.08268	0.847113	4.72192e+06	0	0	1	6	0	7.5
DDoS	4	0	2.45304	0.40884	9.78379e+06	0	0	1	6	0	7.5
DDoS	3	5	9315.17	6.40603	1.24882e+06	0	0	0	1292.56	1	1454.12
BENIGN	2	2	6490.18	85.3971	46840	0	0	0	66.8	1	83.5
DDoS	5	0	19.6978	3.28297	1.52301e+06	0	0	1	6	0	7.2
BENIGN	1	1	160000	26666.7	75	0	0	1	6	1	9
DDoS	4	0	8.28794	1.38132	2.89577e+06	0	0	1	6	0	7.5
DDoS	3	5	8661.6	5.95657	1.34306e+06	0	0	0	1292.56	1	1454.12
BENIGN	2	0	0	68.3177	29275	0	0	1	0	0	0
BENIGN	3	0	3905.2	403.986	7426	0	0	1	7.25	0	9.66667
DDoS	3	5	54072.8	37.1858	215136	0	0	0	1292.56	1	1454.12
DDoS	8	5	1393.54	1.55329	8.36935e+06	0	0	1	833.5	0	897.615
DDoS	4	0	10.625	1.77083	2.25882e+06	0	0	1	6	0	7.5
BENIGN	3	3	3.8646	0.0526991	1.13854e+08	0	0	0	69	1	80.5
BENIGN	1	1	3669.65	41.7005	47961	0	0	0	77.3333	1	116
BENIGN	3	1	177536	14492.8	276	0	0	1	11	0	13.75
DDoS	4	0	21.2413	3.54021	1.12988e+06	0	0	1	6	0	7.5
DDoS	2	6	449659	309.55	25844	0	0	0	1291.22	3	1452.62
BENIGN	7	5	478.022	1.20207	9.98281e+06	0	0	0	367.077	0	397.667
DDoS	4	0	4.1104	0.685066	5.83885e+06	0	0	1	6	0	7.5
BENIGN	14	9	16553.3	56.0385	410432	0	0	0	283.083	0	295.391
BENIGN	10	10	16.5436	0.32792	6.09904e+07	0	0	0	48.0476	1	50.45
BENIGN	1	1	444444	74074.1	27	0	0	1	6	1	9
DDoS	3	4	348208	209.637	33391	0	0	0	1453.38	1	1661
BENIGN	2	0	1.23333e+07	666667	3	0	1	1	22.6667	0	34
DDoS	3	4	283143	170.466	41064	0	0	0	1453.38	1	1661
BENIGN	2	0	1.23333e+07	666667	3	0	1	1	24.6667	0	37
BENIGN	6	5	32626.1	92.7597	118586	0	0	0	322.417	0	351.727
DDoS	3	4	11440.1	6.88748	1.01634e+06	0	0	0	1453.38	1	1661
DDoS	4	0	2.59185	0.431975	9.25979e+06	0	0	1	6	0	7.5
BENIGN	2	0	4e+06	666667	3	0	0	1	6	0	9
BENIGN	2	2	1.94318e+06	22727.3	176	0	0	0	75.4	1	94.25
DDoS	5	0	2.79683	0.466139	1.07264e+07	0	0	1	6	0	7.2
DDoS	8	5	144.222	0.160755	8.08684e+07	0	0	1	833.5	0	897.615
DDoS	3	6	13045.5	10.0928	891722	0	0	0	1163.3	2	1292.56
DDoS	3	4	32860.6	19.7836	353828	0	0	0	1453.38	1	1661
BENIGN	1	1	0	23529.4	85	0	0	1	0	1	0
BENIGN	1	1	665.218	9.30375	214967	0	0	0	63	1	94.5
DDoS	3	5	410465	282.277	28341	0	0	0	1292.56	1	1454.12
DDoS	8	5	162.545	0.181179	7.17524e+07	0	0	1	833.5	0	897.615
BENIGN	1	1	0	40000	50	0	0	1	0	1	0
BENIGN	16	14	10.7506	0.260516	1.15156e+08	0	0	0	39.9355	0	41.2667
DDoS	3	7	40773.5	35.0679	285161	0	0	0	1057	2	1162.7
DDoS	5	0	3.09168	0.51528	9.70346e+06	0	0	1	6	0	7.2
BENIGN	4	4	11473.7	254.972	31376	0	0	0	44.1111	1	49.625
DDoS	3	4	6944.1	4.18067	1.67437e+06	0	0	0	1453.38	1	1661
DDoS	4	3	259317	156.121	44837	0	0	1	1453.38	0	1661
BENIGN	1	1	3152.4	65.675	30453	0	0	0	48	1	72
DDoS	2	6	6915.41	4.76063	1.68045e+06	0	0	0	1291.22	3	1452.62
BENIGN	2	2	1.23741e+06	28777	139	0	0	0	41.4	1	51.75
BENIGN	1	1	255319	42553.2	47	0	0	1	6	1	9
BENIGN	2	2	1.17209e+06	18604.7	215	0	0	0	56.8	1	71
BENIGN	1	1	4634.77	65.2784	30638	0	0	0	63.6667	1	95.5
BENIGN	2	2	9709.68	129.462	30897	0	0	0	69.4	1	86.75
BENIGN	3	3	48.8829	1.95532	3.06856e+06	0	0	0	28.5714	1	33.3333
BENIGN	15	12	58604.4	91.7073	294415	0	0	0	616.214	0	639.037
BENIGN	2	1	0	97.1062	30894	0	0	1	0	0	0
BENIGN	2	0	1.23333e+07	666667	3	0	1	1	22.6667	0	34
BENIGN	1	1	1862.96	22.0468	90716	0	0	0	70	1	105
DDoS	3	4	12304.2	7.40771	944962	0	0	0	1453.38	1	1661
BENIGN	4	2	9373.8	191.302	31364	0	0	0	46.8571	0	54.6667
DDoS	3	6	408036	315.845	28495	0	0	0	1162.7	2	1291.89
BENIGN	35	42	6882.19	54.8581	1.40362e+06	0	0	0	123.846	1	125.455
BENIGN	2	0	100000	16666.7	120	0	0	1	6	0	9
BENIGN	2	2	1.93966e+06	17241.4	232	0	0	0	98.4	1	123
DDoS	4	0	2.54486	0.424143	9.43079e+06	0	0	1	6	0	7.5
BENIGN	2	2	16454.8	164.548	24309	0	0	0	87.2	1	109
DDoS	4	0	6.14313	1.02386	3.9068e+06	0	0	1	6	0	7.5
BENIGN	3	1	14128.7	3139.72	1274	1	0	0	4.8	0	6
DDoS	5	0	4.89248	0.815413	6.13186e+06	0	0	1	6	0	7.2
DDoS	5	0	4.94495	0.824158	6.0668e+06	0	0	1	6	0	7.2
DDoS	5	0	2.97714	0.496191	1.00768e+07	0	0	1	6	0	7.2
BENIGN	8	6	731.387	2.00184	6.99356e+06	0	0	0	341	0	365.357
BENIGN	2	0	1.23333e+07	666667	3	0	1	1	22.6667	0	34
DDoS	8	5	123.676	0.137854	9.43027e+07	0	0	1	833.5	0	897.615
DDoS	3	6	18580.8	14.3827	625753	0	0	0	1162.7	2	1291.89
DDoS	3	6	11502.8	8.89927	1.01132e+06	0	0	0	1163.3	2	1292.56
DDoS	5	0	5.13624	0.85604	5.84085e+06	0	0	1	6	0	7.2
DDoS	4	0	657.57	109.595	36498	0	0	1	6	0	7.5
BENIGN	2	0	53571.4	8928.57	224	0	0	1	6	0	9
BENIGN	1	1	0	23809.5	84	0	0	1	0	1	0
BENIGN	3	1	0	0.705814	5.66722e+06	0	0	0	0	0	0
DDoS	5	0	8.73173	1.45529	3.43574e+06	0	0	1	6	0	7.2
DDoS	3	5	89442.6	61.5096	130061	0	0	0	1292.56	1	1454.12
BENIGN	10	10	27396.4	34.5325	579164	0	0	0	755.571	1	793.35
BENIGN	2	2	6548.06	123.548	32376	0	0	0	48.6	1	60.75
BENIGN	4	4	6.4486	0.0741218	1.0793e+08	0	0	0	84.2222	1	94.75
BENIGN	2	2	5864.24	65.5222	61048	0	0	0	78.8	1	98.5
BENIGN	2	2	2.34646e+06	15748	254	0	0	0	125.6	1	157
BENIGN	2	2	2.85714e+06	20408.2	196	0	0	0	120.8	1	151
DDoS	4	0	532.67	88.7784	45056	0	0	1	6	0	7.5
DDoS	2	6	80632	55.5078	144124	0	0	0	1291.22	3	1452.62
DDoS	4	0	2.98886	0.498144	8.02981e+06	0	0	1	6	0	7.5
BENIGN	1	1	2145.48	19.8655	100677	0	0	0	85.6667	1	128.5
BENIGN	4	2	12007.9	97.8905	61293	0	0	0	109.429	0	127.667
BENIGN	10	5	15314.4	143.126	104803	0	0	0	100.312	0	107
DDoS	3	5	12383.7	8.52067	938893	0	0	0	1291.89	1	1453.38
DDoS	5	0	2.98071	0.496786	1.00647e+07	0	0	1	6	0	7.2
BENIGN	3	0	390909	27272.7	110	0	0	1	12.25	0	16.3333
DDoS	5	0	3.72448	0.620747	8.05482e+06	0	0	1	6	0	7.2
DDoS	5	0	2.70424	0.450706	1.10937e+07	0	0	1	6	0	7.2
BENIGN	32	33	59197.4	65.6336	990347	0	0	0	888.273	1	901.938
BENIGN	2	1	0	75.8591	39547	0	0	1	0	0	0
BENIGN	2	2	6209.56	65.3637	61196	0	0	0	82.2	1	102.75
DDoS	4	0	24.4867	4.08112	980124	0	0	1	6	0	7.5
DDoS	3	5	12391.6	8.52607	938299	0	0	0	1291.89	1	1453.38
DDoS	5	0	2.98307	0.497178	1.00568e+07	0	0	1	6	0	7.2
DDoS	4	0	5.32334	0.887224	4.50845e+06	0	0	1	6	0	7.5
DDoS	5	0	7.59298	1.2655	3.95102e+06	0	0	1	6	0	7.2
DDoS	5	0	2.80773	0.467954	1.06848e+07	0	0	1	6	0	7.2
BENIGN	2	2	1.55422e+06	24096.4	166	0	0	0	59.4	1	74.25
DDoS	5	0	9.41342	1.5689	3.18694e+06	0	0	1	6	0	7.2
DDoS	3	4	41695.1	25.1024	278858	0	0	0	1453.38	1	1661
DDoS	5	0	3.12932	0.521553	9.58676e+06	0	0	1	6	0	7.2
BENIGN	14	20	564.562	1.11632	3.04572e+07	0	0	0	491.286	1	505.735
BENIGN	1	1	10530.3	62.3092	32098	0	0	0	131.667	1	197.5
DDoS	5	0	3.67162	0.611937	8.17077e+06	0	0	1	6	0	7.2
BENIGN	2	2	1.42574e+06	19802	202	0	0	0	66	1	82.5
DDoS	8	5	143.015	0.15941	8.15508e+07	0	0	1	833.5	0	897.615
DDoS	4	0	2.01619	0.336031	1.19037e+07	0	0	1	6	0	7.5
BENIGN	26	0	960.8	25.9676	1.00125e+06	0	0	0	37	0	38.4231
DDoS	3	6	18329.8	14.1884	634322	0	0	0	1162.7	2	1291.89
DDoS	3	5	7446.23	5.12076	1.56227e+06	0	0	0	1292.56	1	1454.12
BENIGN	15	10	28822.5	86.1813	290086	0	0	0	321.577	0	334.44
BENIGN	2	2	1.77358e+06	25157.2	159	0	0	0	66.8	1	83.5
BENIGN	1	1	5472.85	65.1529	30697	0	0	0	74.6667	1	112
DDoS	3	4	19642.6	11.8258	591928	0	0	0	1453.38	1	1661
BENIGN	1	1	0	32786.9	61	0	0	1	0	1	0
BENIGN	2	0	1.23333e+07	666667	3	0	1	1	24.6667	0	37
BENIGN	15	6	51390.2	54.0922	388226	0	0	0	906.864	0	950.048
DDoS	4	0	3.97682	0.662804	6.03497e+06	0	0	1	6	0	7.5
DDoS	3	4	84448.2	50.8418	137682	0	0	0	1453.38	1	1661
BENIGN	2	0	1.23333e+07	666667	3	0	1	1	24.6667	0	37
BENIGN	3	1	236715	19323.7	207	0	0	1	11	0	13.75
BENIGN	13	13	95.6034	0.429307	6.05627e+07	0	0	0	214.444	1	222.692
DDoS	8	6	129.117	0.154989	9.03289e+07	0	0	1	777.933	0	833.5
BENIGN	2	2	7964.63	134.994	29631	0	0	0	56.2	1	70.25
DDoS	4	0	2.93037	0.488395	8.19009e+06	0	0	1	6	0	7.5
DDoS	8	6	143.718	0.172604	8.11105e+07	0	0	1	777.533	0	833.071
BENIGN	2	2	1.45e+06	20000	200	0	0	0	67.4	1	84.25
BENIGN	10	5	9386.38	79.1431	189530	0	0	0	111.188	0	118.6
BENIGN	2	2	12375.2	116.747	34262	0	0	0	91.6	1	114.5
DDoS	3	5	10131.8	6.96762	1.14817e+06	0	0	0	1292.56	1	1454.12
BENIGN	1	1	631579	105263	19	0	0	1	6	1	9
DDoS	3	5	15069.9	10.3635	771938	0	0	0	1292.56	1	1454.12
DDoS	5	0	3.73375	0.622292	8.03481e+06	0	0	1	6	0	7.2
BENIGN	2	2	6925.76	106.55	37541	0	0	0	62.2	1	77.75
DDoS	3	5	27274.3	18.7565	426518	0	0	0	1292.56	1	1454.12
BENIGN	2	0	4e+06	666667	3	0	0	1	6	0	9
BENIGN	1	1	3115.78	32.9712	60659	0	0	0	79.3333	1	119
DDoS	4	0	2.70459	0.450765	8.8738e+06	0	0	1	6	0	7.5
BENIGN	14	13	23597.2	109.792	245919	0	0	0	207.25	0	214.926
DDoS	5	0	4.97195	0.828659	6.03385e+06	0	0	1	6	0	7.2
BENIGN	2	2	1.57616e+06	8830.02	453	0	0	0	178.4	1	223
DDoS	3	4	46297.6	27.8733	251136	0	0	0	1453.38	1	1661
BENIGN	20	16	14.1379	0.311294	1.15646e+08	0	0	0	44.1892	0	45.4167
BENIGN	3	5	44711.1	132.575	60343	0	0	0	299.778	1	337.25
BENIGN	2	2	5720.23	130.005	30768	0	0	0	42.4	1	53
DDoS	3	5	73774	50.7605	157603	0	0	0	1291.89	1	1453.38
BENIGN	2	2	1.96947e+06	15267.2	262	0	0	0	116.2	1	145.25
DDoS	8	6	157.897	0.189536	7.38644e+07	0	0	1	777.933	0	833.5
DDoS	3	6	63747	49.344	182393	0	0	0	1162.7	2	1291.89
DDoS	4	0	8.5197	1.41995	2.817e+06	0	0	1	6	0	7.5
BENIGN	1	1	2166.26	41.6589	48009	0	0	0	46.6667	1	70
BENIGN	10	5	15881.6	137.941	108742	0	0	0	107.938	0	115.133
DDoS	3	5	15280.1	10.5081	761317	0	0	0	1292.56	1	1454.12
DDoS	5	0	25.707	4.2845	1.167e+06	0	0	1	6	0	7.2
BENIGN	5	1	43.7754	1.45112	4.13474e+06	0	1	1	32.4286	0	37.8333
DDoS	7	4	1285.23	1.21342	9.06529e+06	0	0	1	971.417	0	1059.73
DDoS	4	0	7.04852	1.17475	3.40497e+06	0	0	1	6	0	7.5
BENIGN	2	2	1.78616e+06	25157.2	159	0	0	0	64.6	1	80.75
BENIGN	10	6	10065.8	86.0326	185976	0	0	0	110.118	0	117
DDoS	3	6	644977	499.251	18027	0	0	0	1162.7	2	1291.89
BENIGN	1	1	4296.46	89.5095	22344	0	0	0	48	1	72
DDoS	3	4	45384.1	27.3234	256191	0	0	0	1453.38	1	1661
BENIGN	2	0	115385	19230.8	104	0	0	1	6	0	9
DDoS	3	5	9381.35	6.45154	1.24001e+06	0	0	0	1292.56	1	1454.12
DDoS	5	0	2.49778	0.416296	1.20107e+07	0	0	1	6	0	7.2
DDoS	4	0	2.08014	0.34669	1.15377e+07	0	0	1	6	0	7.5
BENIGN	2	2	1.30337e+06	22471.9	178	0	0	0	53	1	66.25
DDoS	3	6	15442.4	11.9472	753315	0	0	0	1163.3	2	1292.56
DDoS	4	0	2.38292	0.397153	1.00717e+07	0	0	1	6	0	7.5
BENIGN	2	2	1.66412e+06	15267.2	262	0	0	0	97.6	1	122
DDoS	3	4	7541.45	4.53796	1.54254e+06	0	0	0	1454.12	1	1661.86
BENIGN	1	1	2010.5	41.0307	48744	0	0	0	46.3333	1	69.5
DDoS	4	0	6.84159	1.14027	3.50795e+06	0	0	1	6	0	7.5
DDoS	4	0	3.06834	0.51139	7.82181e+06	0	0	1	6	0	7.5
DDoS	3	4	7002.85	4.21604	1.66032e+06	0	0	0	1453.38	1	1661
DDoS	3	7	13758.1	11.8267	845541	0	0	0	1057.55	2	1163.3
DDoS	3	5	7655.83	5.2649	1.5195e+06	0	0	0	1292.56	1	1454.12
BENIGN	2	0	461538	76923.1	26	0	0	1	6	0	9
DDoS	4	0	2.07188	0.345314	1.15837e+07	0	0	1	6	0	7.5
DDoS	3	4	84743	51.0193	137203	0	0	0	1453.38	1	1661
DDoS	3	4	13501	8.12824	861195	0	0	0	1453.38	1	1661
BENIGN	24	21	110.815	0.387675	1.16076e+08	0	0	0	279.63	0	285.844
BENIGN	2	2	1.46939e+06	20408.2	196	0	0	0	66	1	82.5
BENIGN	2	2	1.38589e+06	16597.5	241	0	0	0	73.8	1	92.25
DDoS	5	0	4.12797	0.687995	7.26749e+06	0	0	1	6	0	7.2
DDoS	4	0	12.6918	2.11529	1.89099e+06	0	0	1	6	0	7.5
DDoS	3	6	6499.23	5.0282	1.7899e+06	0	0	0	1163.3	2	1292.56
BENIGN	1	1	0	62500	32	0	0	1	0	1	0
DDoS	3	6	30210.3	23.3846	384869	0	0	0	1162.7	2	1291.89
BENIGN	1	1	774.175	16.1286	124003	0	0	0	48	1	72
DDoS	3	6	8298.38	6.42013	1.40184e+06	0	0	0	1163.3	2	1292.56
BENIGN	5	2	69.1041	2.28174	3.06784e+06	0	0	0	26.5	0	30.2857
BENIGN	2	0	0	5.08201	393545	0	0	1	0	0	0
DDoS	3	7	13013.5	11.1925	893454	0	0	0	1057	2	1162.7
DDoS	2	4	43242.8	22.315	268877	0	0	0	1661	2	1937.83
BENIGN	2	0	4e+06	666667	3	0	0	1	6	0	9
BENIGN	13	0	4.64286e+07	928571	14	0	0	0	50	0	53.8462
BENIGN	2	2	5901.77	82.5423	48460	0	0	0	66	1	82.5
DDoS	6	0	3.415	0.569167	1.05417e+07	0	0	1	6	0	7
DDoS	3	6	25001.8	19.3429	465286	0	0	0	1163.3	2	1292.56
DDoS	3	4	123626	74.3905	94098	0	0	0	1454.12	1	1661.86
DDoS	4	0	2.80351	0.467252	8.5607e+06	0	0	1	6	0	7.5
BENIGN	2	0	1.0355e+09	1e+06	2	0	1	1	1378.67	0	2068
BENIGN	16	16	53.7648	0.274398	1.16619e+08	0	0	0	190	1	195.938
DDoS	5	0	12.1362	2.02271	2.47194e+06	0	0	1	6	0	7.2
BENIGN	1	1	1809.83	21.1676	94484	0	0	0	71	1	106.5
DDoS	3	6	7774.06	6.01449	1.49639e+06	0	0	0	1163.3	2	1292.56
DDoS	4	0	6.89237	1.14873	3.48211e+06	0	0	1	6	0	7.5
DDoS	5	0	6.12135	1.02023	4.90088e+06	0	0	1	6	0	7.2
DDoS	3	5	57430.2	39.4947	202559	0	0	0	1292.56	1	1454.12
DDoS	8	5	117.2	0.130635	9.95137e+07	0	0	1	833.5	0	897.615
DDoS	9	4	124.501	0.138702	9.37262e+07	0	0	1	833.929	0	898.077
BENIGN	1	1	0	26666.7	75	0	0	1	0	1	0
BENIGN	14	18	44398.1	51.7046	618901	0	0	0	832.667	1	858.688
DDoS	8	6	160.426	0.19267	7.2663e+07	0	0	1	777.533	0	833.071
BENIGN	2	0	0	0.124826	1.60222e+07	0	0	1	0	0	0
BENIGN	3	0	102990	9966.78	301	0	0	1	7.75	0	10.3333
BENIGN	4	4	9719.09	237.051	33748	0	0	0	40.1111	1	45.125
BENIGN	2	2	898785	16194.3	247	0	0	0	50.8	1	63.5
BENIGN	1	1	2850.04	33.14	60350	0	0	0	76.6667	1	115
DDoS	5	0	7.98106	1.33018	3.7589e+06	0	0	1	6	0	7.2
DDoS	3	4	18224	10.9717	638005	0	0	0	1453.38	1	1661
BENIGN	2	2	5777.13	82.5304	48467	0	0	0	64.6	1	80.75
BENIGN	2	0	1.23333e+07	666667	3	0	1	1	22.6667	0	34
BENIGN	2	2	1.25e+06	19230.8	208	0	0	0	60.2	1	75.25
DDoS	5	0	6.94945	1.15824	4.31689e+06	0	0	1	6	0	7.2
DDoS	3	6	6357.07	4.91822	1.82993e+06	0	0	0	1163.3	2	1292.56
BENIGN	5	1	43.6395	1.44661	4.14762e+06	0	1	1	32.4286	0	37.8333
DDoS	8	4	1289.52	1.32678	9.04445e+06	0	0	1	897.615	0	972.417
BENIGN	1	1	3799.38	41.2976	48429	0	0	0	81.6667	1	122.5
BENIGN	18	16	93.3699	0.513852	6.61669e+07	0	0	0	176.514	0	181.706
BENIGN	1	1	0	34482.8	58	0	0	1	0	1	0
DDoS	3	0	17.216	4.30401	697024	0	0	1	4.5	0	6
BENIGN	5	1	44.7042	1.48191	4.04884e+06	0	1	1	32.4286	0	37.8333
BENIGN	2	2	2.35754e+06	22346.4	179	0	0	0	92.6	1	115.75
BENIGN	4	4	3601.09	49.33	162173	0	0	0	69.8889	1	78.625
BENIGN	2	1	55727.6	9287.93	323	1	0	0	6	0	8
BENIGN	2	3	202.043	56.123	89090	0	0	1	3	1	3.6
BENIGN	56	51	389.994	0.909789	1.1761e+08	0	0	0	424.694	0	428.664
BENIGN	6	8	3416.91	41.1322	340366	0	0	0	77.5333	1	83.0714
BENIGN	9	6	374.421	1.6265	9.22224e+06	0	0	0	215.812	0	230.2
BENIGN	2	2	6859.38	65.3275	61230	0	0	0	92.2	1	115.25
BENIGN	2	2	1.82114e+06	16260.2	246	0	0	0	96.4	1	120.5
DDoS	5	0	3.82369	0.637282	7.84582e+06	0	0	1	6	0	7.2
DDoS	5	0	5.02973	0.838288	5.96454e+06	0	0	1	6	0	7.2
BENIGN	1	1	0	33333.3	60	0	0	1	0	1	0
DDoS	8	6	145.058	0.174214	8.0361e+07	0	0	1	777.533	0	833.071
BENIGN	3	4	26815.6	143.728	48703	0	0	0	163.25	1	186.571
BENIGN	2	2	1.17986e+06	28777	139	0	0	0	39.4	1	49.25
DDoS	4	0	15.514	2.58567	1.54699e+06	0	0	1	6	0	7.5
BENIGN	1	1	58823.5	9803.92	204	0	0	1	6	1	9
BENIGN	2	0	0	666667	3	0	0	1	0	0	0
BENIGN	2	2	3280.21	50.0795	79873	0	0	0	61.4	1	76.75
BENIGN	2	0	28.9831	0.999418	2.00116e+06	0	1	1	29	0	43.5
BENIGN	1	1	315789	52631.6	38	0	0	1	6	1	9
BENIGN	2	0	705882	117647	17	0	0	1	6	0	9
BENIGN	3	1	2.16485	0.721618	5.5431e+06	0	0	0	2.4	0	3
DDoS	4	0	2.47848	0.413079	9.68337e+06	0	0	1	6	0	7.5
BENIGN	3	3	8.0474	0.0749758	8.00258e+07	0	0	0	100	1	116.667
BENIGN	2	0	0	60.6778	32961	0	0	1	0	0	0
DDoS	2	6	238556	164.224	48714	0	0	0	1291.22	3	1452.62
DDoS	4	0	5.92167	0.986945	4.05291e+06	0	0	1	6	0	7.5
BENIGN	2	2	1.07383e+06	26845.6	149	0	0	0	38.4	1	48
BENIGN	7	5	148.759	0.424419	2.8274e+07	0	0	0	323.538	0	350.5
DDoS	3	4	9679.78	5.82467	1.20178e+06	0	0	0	1454.12	1	1661.86
BENIGN	2	2	9744.53	74.1029	53979	0	0	0	112.2	1	140.25
BENIGN	13	14	14037.8	16.6397	1.62262e+06	0	0	0	813.5	1	843.63
BENIGN	1	1	255319	42553.2	47	0	0	1	6	1	9
BENIGN	17	21	376532	467.589	81268	0	0	0	784.615	1	805.263
BENIGN	11	11	33.8658	0.329667	6.6734e+07	0	0	0	98.2609	1	102.727
DDoS	3	5	6951.69	4.78067	1.67341e+06	0	0	0	1292.56	1	1454.12
BENIGN	2	2	7348.36	65.6103	60966	0	0	0	96.4	1	120.5
BENIGN	1	1	0	80000	25	0	0	1	0	1	0
BENIGN	6	8	6094.58	16.8193	832379	0	0	0	338.2	1	362.357
BENIGN	3	3	1217.98	78.5793	76356	0	0	0	13.2857	1	15.5
BENIGN	13	8	6459.25	19.5848	1.07226e+06	0	0	0	314.818	0	329.81
DDoS	3	6	9613.17	7.43733	1.21011e+06	0	0	0	1163.3	2	1292.56
BENIGN	2	0	150000	25000	80	0	0	1	6	0	9
DDoS	3	6	16037.9	12.4143	724970	0	0	0	1162.7	2	1291.89
BENIGN	3	3	0.199876	0.0666253	9.00558e+07	0	0	1	3.42857	1	4
DDoS	4	0	2.19108	0.365179	1.09535e+07	0	0	1	6	0	7.5
DDoS	3	6	11895.6	9.20788	977424	0	0	0	1162.7	2	1291.89
DDoS	3	6	15120.6	11.6982	769346	0	0	0	1163.3	2	1292.56
BENIGN	3	1	2.025	0.674999	5.92594e+06	0	0	0	2.4	0	3
BENIGN	2	2	1.77049e+06	21857.9	183	0	0	0	71.8	1	89.75
BENIGN	2	2	6649.07	55.8745	71589	0	0	0	101.2	1	126.5
DDoS	8	4	117.766	0.121231	9.89846e+07	0	0	1	897.154	0	971.917
BENIGN	2	2	9691.25	85.7633	46640	0	0	0	98	1	122.5
DDoS	3	5	16415.8	11.2891	708648	0	0	0	1292.56	1	1454.12
BENIGN	2	0	1.2e+07	2e+06	1	1	0	0	6	0	9
DDoS	3	5	23591.5	16.2323	492846	0	0	0	1291.89	1	1453.38
BENIGN	2	2	4787.85	82.5491	48456	0	0	0	55.4	1	69.25
DDoS	4	0	9.49944	1.58324	2.52646e+06	0	0	1	6	0	7.5
BENIGN	2	0	0	666667	3	0	0	1	0	0	0
DDoS	4	0	6.32423	1.05404	3.79493e+06	0	0	1	6	0	7.5
DDoS	3	4	15867.5	9.55299	732755	0	0	0	1453.38	1	1661
BENIGN	1	1	3322.83	69.2257	28891	0	0	0	48	1	72
DDoS	3	6	130861	101.294	88850	0	0	0	1162.7	2	1291.89
BENIGN	3	2	173.596	48.2211	103689	1	0	0	4	0	4.8
DDoS	3	5	6658.81	4.58162	1.74611e+06	0	0	0	1291.89	1	1453.38
DDoS	4	0	11.9027	1.98379	2.01634e+06	0	0	1	6	0	7.5
DDoS	7	6	1408.95	1.57127	8.27354e+06	0	0	1	833.071	0	897.154
BENIGN	8	4	713.469	2.09998	5.71434e+06	0	0	0	313.615	0	339.75
DDoS	3	5	22844.9	15.7104	509216	0	0	0	1292.56	1	1454.12
BENIGN	13	8	68.9895	0.278987	7.52723e+07	0	0	0	236.045	0	247.286
DDoS	3	3	14679.2	7.57505	792074	0	0	1	1661	1	1937.83
BENIGN	2	2	2.27465	0.0392181	1.01994e+08	0	0	0	58.4	1	73
BENIGN	2	0	4e+06	666667	3	0	0	1	6	0	9
DDoS	3	6	18451.5	14.2826	630139	0	0	0	1162.7	2	1291.89
BENIGN	2	2	1.28409e+06	22727.3	176	0	0	0	52	1	65
BENIGN	3	1	0	64.2725	62235	0	0	0	0	0	0
DDoS	3	5	53317.7	36.6855	218070	0	0	0	1291.89	1	1453.38
BENIGN	5	5	288.869	1.9194	5.20997e+06	0	0	0	136.818	1	150.5
DDoS	5	0	5.03541	0.839235	5.95781e+06	0	0	1	6	0	7.2
BENIGN	22	21	2970.84	3.8928	1.1046e+07	0	0	0	745.818	0	763.163
DDoS	4	0	3.04892	0.508154	7.87164e+06	0	0	1	6	0	7.5
DDoS	3	4	285718	171.927	40715	0	0	0	1454.12	1	1661.86
DDoS	5	0	4.09731	0.682885	7.32187e+06	0	0	1	6	0	7.2
BENIGN	2	0	1.03333e+07	666667	3	0	1	1	20.6667	0	31
DDoS	3	6	339402	262.582	34275	0	0	0	1163.3	2	1292.56
BENIGN	1	1	376699	3883.5	515	0	0	0	86	1	129
DDoS	4	0	2.43105	0.405175	9.87229e+06	0	0	1	6	0	7.5
DDoS	9	4	152.375	0.169843	7.65413e+07	0	0	1	833.5	0	897.615
BENIGN	2	2	1.77358e+06	18867.9	212	0	0	0	84.4	1	105.5
DDoS	3	5	11045.2	7.59967	1.05268e+06	0	0	0	1291.89	1	1453.38
BENIGN	3	0	45744.7	3191.49	940	0	0	1	12.25	0	16.3333
BENIGN	15	6	1.39266e+06	1469.87	14287	0	0	0	904.409	0	947.476
BENIGN	3	1	11.3821	1.46866	2.72358e+06	0	0	1	6.2	0	7.75
DDoS	4	0	2.5568	0.426133	9.38674e+06	0	0	1	6	0	7.5
BENIGN	24	20	49.6638	0.370061	1.18899e+08	0	0	0	131.222	0	134.205
BENIGN	4	2	9538.59	97.9992	61225	0	0	0	88.4286	0	103.167
DDoS	3	6	12928.9	10.0077	899304	0	0	0	1162.7	2	1291.89
BENIGN	2	2	932735	17937.2	223	0	0	0	50.4	1	63
BENIGN	2	2	923077	21978	182	0	0	0	40.4	1	50.5
DDoS	4	0	6.22742	1.0379	3.85392e+06	0	0	1	6	0	7.5
BENIGN	3	0	135338	22556.4	133	0	0	1	6	0	8
BENIGN	2	0	3e+06	500000	4	1	0	0	6	0	9
BENIGN	2	2	2241.97	22.1977	180199	0	0	0	86.8	1	108.5
BENIGN	2	1	0	52631.6	57	0	0	1	0	0	0
BENIGN	2	2	3181	58.3669	68532	0	0	0	50.2	1	62.75
BENIGN	1	1	9950.66	82.9222	24119	0	0	0	107	1	160.5
DDoS	3	5	21291	14.6493	546100	0	0	0	1291.89	1	1453.38
DDoS	3	4	116254	69.9545	100065	0	0	0	1454.12	1	1661.86
DDoS	3	4	44642.4	26.8629	260582	0	0	0	1454.12	1	1661.86
DDoS	5	0	54.1361	9.02268	554159	0	0	1	6	0	7.2
DDoS	5	0	3.8586	0.6431	7.77484e+06	0	0	1	6	0	7.2
DDoS	3	4	71011.5	42.7523	163734	0	0	0	1453.38	1	1661
BENIGN	1	1	2840.79	40.5828	49282	0	0	0	67.3333	1	101
DDoS	3	5	9900.89	6.80883	1.17494e+06	0	0	0	1292.56	1	1454.12
DDoS	3	6	48727	37.7177	238615	0	0	0	1162.7	2	1291.89
BENIGN	9	6	5.56614e+06	13227.5	1134	0	0	0	394.5	0	420.8
DDoS	4	0	7.08608	1.18101	3.38692e+06	0	0	1	6	0	7.5
BENIGN	2	2	6325.43	166.459	24030	0	0	0	36.4	1	45.5
DDoS	8	5	142.839	0.159214	8.16514e+07	0	0	1	833.5	0	897.615
BENIGN	1	1	5650.08	42.8036	46725	0	0	0	101.667	1	152.5
DDoS	5	0	2.62062	0.436769	1.14477e+07	0	0	1	6	0	7.2
BENIGN	1	1	153846	25641	78	0	0	1	6	1	9
BENIGN	2	2	2.88492	0.0387238	1.03296e+08	0	0	0	70.6	1	88.25
BENIGN	2	2	1.73262e+06	21390.4	187	0	0	0	70.8	1	88.5
BENIGN	1	1	214286	35714.3	56	0	0	1	6	1	9
DDoS	9	5	119.233	0.143125	9.78168e+07	0	0	1	777.933	0	833.5
DDoS	3	4	457540	275.46	25412	0	0	0	1453.38	1	1661
BENIGN	5	1	29.6006	1.05091	5.70935e+06	0	1	1	30.7143	0	35.8333
BENIGN	2	1	2.52724	0.63181	4.74826e+06	0	0	1	4.5	0	6
DDoS	3	5	14462.6	9.94589	804352	0	0	0	1292.56	1	1454.12
DDoS	3	6	93650.6	72.4539	124217	0	0	0	1163.3	2	1292.56
BENIGN	2	2	449.726	3.58348	1.11623e+06	0	0	0	110	1	137.5
BENIGN	2	2	9098.43	127.251	31434	0	0	0	66.2	1	82.75
BENIGN	2	2	1.35814e+06	18604.7	215	0	0	0	66.4	1	83
BENIGN	2	2	11842.3	128.721	31075	0	0	0	82	1	102.5
DDoS	8	6	142.355	0.170967	8.18869e+07	0	0	1	777.533	0	833.071
BENIGN	2	0	771.704	128.617	15550	0	0	1	6	0	9
DDoS	8	5	115.712	0.129043	1.00742e+08	0	0	1	833.071	0	897.154
BENIGN	6	5	4.94792	0.176139	6.24505e+07	0	1	1	29.5833	0	32.2727
DDoS	5	0	4.39828	0.733047	6.82084e+06	0	0	1	6	0	7.2
BENIGN	1	1	3528.26	65.3381	30610	0	0	0	51.3333	1	77
DDoS	3	4	19949.5	12.0043	583123	0	0	0	1454.12	1	1661.86
DDoS	3	4	10091.2	6.07223	1.15279e+06	0	0	0	1454.12	1	1661.86
DDoS	4	0	7.11046	1.18508	3.37531e+06	0	0	1	6	0	7.5
BENIGN	2	2	1.38636e+06	22727.3	176	0	0	0	55.4	1	69.25
DDoS	3	5	163847	112.678	70999	0	0	0	1292.56	1	1454.12
BENIGN	1	1	255319	42553.2	47	0	0	1	6	1	9
DDoS	5	0	22.7274	3.7879	1.31999e+06	0	0	1	6	0	7.2
BENIGN	1	1	5659.38	65.8068	30392	0	0	0	72.3333	1	108.5
BENIGN	13	8	10728.4	33.1612	633271	0	0	0	308.818	0	323.524
BENIGN	2	2	1.28261e+06	21739.1	184	0	0	0	54.2	1	67.75
BENIGN	8	6	920.888	2.37124	5.90408e+06	0	0	0	362.467	0	388.357
BENIGN	1	1	5724.21	33.0879	60445	0	0	0	134.667	1	202
BENIGN	2	2	958.917	6.7768	590249	0	0	0	123	1	153.75
DDoS	3	4	356208	214.454	32641	0	0	0	1453.38	1	1661
BENIGN	2	0	9.25e+06	500000	4	0	1	1	22.6667	0	34
DDoS	3	3	16489.6	8.50929	705112	0	0	0	1661	1	1937.83
BENIGN	2	2	1.0582e+06	21164	189	0	0	0	48.4	1	60.5
BENIGN	1	1	5978.68	64.9857	30776	0	0	0	76.6667	1	115
DDoS	9	6	148.575	0.191086	7.84988e+07	0	0	1	729.312	0	777.933
DDoS	8	6	143.591	0.172364	8.12237e+07	0	0	1	777.933	0	833.5
DDoS	3	5	22564.1	15.5253	515287	0	0	0	1291.89	1	1453.38
DDoS	3	6	19923	15.4137	583898	0	0	0	1163.3	2	1292.56
BENIGN	3	4	2614.31	16.82	416171	0	0	0	136	1	155.429
BENIGN	3	1	145.277	1.33282	3.00116e+06	0	0	1	129.6	0	162
BENIGN	2	2	1.76871e+06	27210.9	147	0	0	0	62.2	1	77.75
BENIGN	2	0	2.31129	0.0624673	3.20168e+07	0	1	1	37	0	55.5
DDoS	8	5	139.743	0.155763	8.34601e+07	0	0	1	833.5	0	897.615
DDoS	4	0	7.29936	1.21656	3.28796e+06	0	0	1	6	0	7.5
BENIGN	19	23	3499.29	24.7633	1.69606e+06	0	0	0	138.023	1	141.31
BENIGN	2	0	4e+06	666667	3	0	0	1	6	0	9
DDoS	8	5	119.522	0.133292	9.75305e+07	0	0	1	833.071	0	897.154
DDoS	3	5	11821.6	8.12972	984044	0	0	0	1292.56	1	1454.12
BENIGN	10	5	11702.6	89.4694	167655	0	0	0	122.625	0	130.8
DDoS	3	5	774927	533.191	15004	0	0	0	1291.89	1	1453.38
DDoS	4	0	3.9723	0.66205	6.04184e+06	0	0	1	6	0	7.5
DDoS	3	6	73096.9	56.5522	159145	0	0	0	1163.3	2	1292.56
DDoS	8	6	148.537	0.178393	7.84786e+07	0	0	1	777.533	0	833.071
BENIGN	8	8	869.318	3.14543	5.08675e+06	0	0	0	260.118	1	276.375
DDoS	3	6	6135.29	4.74663	1.89608e+06	0	0	0	1163.3	2	1292.56
DDoS	3	5	24036.1	16.5296	483980	0	0	0	1292.56	1	1454.12
DDoS	8	5	121.961	0.135942	9.56292e+07	0	0	1	833.5	0	897.615
BENIGN	2	0	108108	18018	111	0	0	1	6	0	9
DDoS	3	6	365871	283.206	31779	0	0	0	1162.7	2	1291.89
DDoS	3	7	519852	447.107	22366	0	0	0	1057	2	1162.7
DDoS	5	0	4.09624	0.682707	7.32379e+06	0	0	1	6	0	7.2
DDoS	9	6	116.218	0.14947	1.00355e+08	0	0	1	729.312	0	777.933
DDoS	3	5	9885.52	6.80177	1.17616e+06	0	0	0	1291.89	1	1453.38
BENIGN	2	2	1.43902e+06	24390.2	164	0	0	0	54.2	1	67.75
DDoS	3	7	6569.97	5.6477	1.77063e+06	0	0	0	1057.55	2	1163.3
BENIGN	7	3	132.151	1.74112	5.74343e+06	0	0	0	69	0	75.9
DDoS	8	6	145.35	0.174474	8.0241e+07	0	0	1	777.933	0	833.5
DDoS	3	5	99463.1	68.4006	116958	0	0	0	1292.56	1	1454.12
DDoS	5	0	3.0062	0.501033	9.97939e+06	0	0	1	6	0	7.2
DDoS	3	4	12060.8	7.25744	964528	0	0	0	1454.12	1	1661.86
DDoS	5	0	3.35841	0.559735	8.9328e+06	0	0	1	6	0	7.2
BENIGN	1	1	5213.73	64.7668	30880	0	0	0	69.6667	1	104.5
BENIGN	54	31	210.811	0.733783	1.15838e+08	0	0	0	283.953	0	287.294
DDoS	3	4	184265	110.879	63132	0	0	0	1454.12	1	1661.86
BENIGN	3	2	0	0.296094	1.68865e+07	0	0	1	0	0	0
BENIGN	10	7	29247.6	114.065	149038	0	0	0	242.167	0	256.412
BENIGN	1	1	0	39215.7	51	0	0	1	0	1	0
BENIGN	2	0	0	500000	4	0	0	1	0	0	0
DDoS	2	5	316226	190.481	36749	0	0	0	1452.62	2	1660.14
DDoS	3	4	24027.3	14.4656	483908	0	0	0	1453.38	1	1661
DDoS	4	0	11.6337	1.93895	2.06297e+06	0	0	1	6	0	7.5
DDoS	4	0	2.40535	0.400892	9.97776e+06	0	0	1	6	0	7.5
BENIGN	1	1	0	34482.8	58	0	0	1	0	1	0
DDoS	4	0	2.62992	0.438319	9.12577e+06	0	0	1	6	0	7.5
DDoS	7	6	1162.56	1.29717	1.00218e+07	0	0	1	832.643	0	896.692
DDoS	6	0	4.46056	0.743427	8.07073e+06	0	0	1	6	0	7
BENIGN	14	14	80.662	0.427348	6.55203e+07	0	0	0	182.241	1	188.75
BENIGN	4	4	5.56519	0.115941	6.90003e+07	0	0	0	48	1	54
DDoS	3	5	199708	137.41	58220	0	0	0	1291.89	1	1453.38
BENIGN	2	0	250000	41666.7	48	0	0	1	6	0	9
BENIGN	5	1	40.656	1.5439	3.88627e+06	0	1	1	28.4286	0	33.1667
BENIGN	2	0	250000	41666.7	48	1	0	0	6	0	9
DDoS	3	6	69890.2	54.0992	166361	0	0	0	1162.7	2	1291.89
BENIGN	1	1	134831	22471.9	89	0	0	1	6	1	9
BENIGN	3	1	0	201.076	19893	0	0	1	0	0	0
DDoS	8	6	120.511	0.144659	9.67795e+07	0	0	1	777.933	0	833.5
BENIGN	1	1	0	39215.7	51	0	0	1	0	1	0
BENIGN	8	7	480.343	1.3923	1.07735e+07	0	0	0	323.438	0	345
BENIGN	2	0	0	355.556	5625	0	0	1	0	0	0
BENIGN	2	0	173.805	28.9675	69043	0	0	1	6	0	9
DDoS	5	0	8.28514	1.38086	3.62094e+06	0	0	1	6	0	7.2
BENIGN	1	1	3902.89	66.1507	30234	0	0	0	56.3333	1	84.5
BENIGN	9	6	783.607	2.63309	5.69674e+06	0	0	0	279	0	297.6
DDoS	5	0	15.0224	2.50374	1.99701e+06	0	0	1	6	0	7.2
DDoS	8	5	124.213	0.138452	9.38953e+07	0	0	1	833.5	0	897.615
BENIGN	3	4	10051.1	54.2047	129140	0	0	0	162.25	1	185.429
DDoS	8	5	139.166	0.155119	8.38066e+07	0	0	1	833.5	0	897.615
DDoS	8	6	131.471	0.157897	8.86656e+07	0	0	1	777.533	0	833.071
DDoS	9	6	114.439	0.147106	1.01967e+08	0	0	1	729.688	0	778.333
BENIGN	1	1	1702.02	16.5244	121033	0	0	0	85.3333	1	128
BENIGN	2	2	9404.91	166.459	24030	0	0	0	52	1	65
BENIGN	10	5	15592.3	196.212	76448	0	0	0	74.5	0	79.4667
DDoS	3	6	9996.49	7.73789	1.16311e+06	0	0	0	1162.7	2	1291.89
BENIGN	9	11	4539.31	19.5113	1.02505e+06	0	0	0	221.571	1	232.65
BENIGN	2	0	1.03333e+07	666667	3	0	1	1	20.6667	0	31
BENIGN	1	1	4760.35	65.2103	30670	0	0	0	70.3333	1	105.5
DDoS	4	0	6.49924	1.08321	3.69274e+06	0	0	1	6	0	7.5
BENIGN	1	1	7426.39	65.7203	30432	0	0	0	91.6667	1	137.5
DDoS	3	5	8264.75	5.68366	1.40754e+06	0	0	0	1292.56	1	1454.12
BENIGN	14	9	15782.5	54.4633	422303	0	0	0	277.708	0	289.783
DDoS	3	6	12045.1	9.31882	965788	0	0	0	1163.3	2	1292.56
DDoS	3	5	10363.6	7.12706	1.12248e+06	0	0	0	1292.56	1	1454.12
BENIGN	2	2	2.67257	0.0414352	9.65362e+07	0	0	0	61.8	1	77.25
BENIGN	9	11	5900.75	25.3632	788544	0	0	0	221.571	1	232.65
BENIGN	1	1	0	20618.6	97	0	0	1	0	1	0
DDoS	8	5	135.188	0.150763	8.6228e+07	0	0	1	833.071	0	897.154
BENIGN	2	2	4606.97	115.174	34730	0	0	0	38.4	1	48
BENIGN	14	14	134.879	0.462422	6.05507e+07	0	0	0	281.621	1	291.679
DDoS	5	0	4.92138	0.82023	6.09585e+06	0	0	1	6	0	7.2
DDoS	8	5	148.867	0.165933	7.83449e+07	0	0	1	833.5	0	897.615
DDoS	3	5	73776.5	50.736	157679	0	0	0	1292.56	1	1454.12
BENIGN	2	2	975124	19900.5	201	0	0	0	46.2	1	57.75
BENIGN	2	0	9.25e+06	500000	4	0	1	1	24.6667	0	37
BENIGN	2	0	0	9569.38	209	0	0	1	0	0	0
BENIGN	2	0	1.23333e+07	666667	3	0	1	1	24.6667	0	37
BENIGN	1	1	1857.57	12.9447	154503	0	0	0	109.333	1	164
BENIGN	5	1	35.2813	1.16955	5.13019e+06	0	1	1	32.4286	0	37.8333
BENIGN	2	2	1.36213e+06	13289	301	0	0	0	89.6	1	112
BENIGN	7	5	289.289	2.71208	4.42464e+06	0	0	0	98.4615	0	106.667
BENIGN	1	1	285714	47619	42	0	0	1	6	1	9
BENIGN	1	1	461538	76923.1	26	0	0	1	6	1	9
BENIGN	1	1	1267.18	19.1998	104168	0	0	0	57.6667	1	86.5
BENIGN	2	0	645833	41666.7	48	0	1	1	20.6667	0	31
DDoS	4	0	3.23295	0.538826	7.42355e+06	0	0	1	6	0	7.5
DDoS	3	5	176726	121.597	65791	0	0	0	1291.89	1	1453.38
BENIGN	2	2	7600.4	128.82	31051	0	0	0	52.6	1	65.75
BENIGN	2	2	968421	21052.6	190	0	0	0	44.4	1	55.5
BENIGN	15	11	17798.5	55.1956	471052	0	0	0	310.519	0	322.462
DDoS	8	5	151.647	0.169031	7.69089e+07	0	0	1	833.5	0	897.615
DDoS	3	5	35220.1	24.2208	330294	0	0	0	1292.56	1	1454.12
BENIGN	3	0	300613	18404.9	163	0	0	1	13.75	0	18.3333
BENIGN	11	8	16355.7	59.1357	321295	0	0	0	262.75	0	276.579
DDoS	3	4	375828	226.266	30937	0	0	0	1453.38	1	1661
BENIGN	2	2	1.07018e+06	17543.9	228	0	0	0	55.8	1	69.75
DDoS	3	5	6441.85	4.43005	1.80585e+06	0	0	0	1292.56	1	1454.12
BENIGN	2	0	54298.6	9049.77	221	0	0	1	6	0	9
BENIGN	2	2	15296.7	129.086	30987	0	0	0	100.8	1	126
DDoS	9	5	154.772	0.185689	7.53948e+07	0	0	1	778.333	0	833.929
DDoS	3	6	10733.7	8.30421	1.08379e+06	0	0	0	1163.3	2	1292.56
BENIGN	7	4	156.329	2.17124	5.06624e+06	0	0	0	66	0	72
DDoS	8	6	165.577	0.198857	7.04024e+07	0	0	1	777.533	0	833.071
DDoS	3	5	340449	234.247	34152	0	0	0	1291.89	1	1453.38
BENIGN	2	0	63492.1	10582	189	0	0	1	6	0	9
DDoS	3	6	348176	269.509	33394	0	0	0	1162.7	2	1291.89
DDoS	3	5	27781.8	19.1055	418728	0	0	0	1292.56	1	1454.12
DDoS	3	6	8316.32	6.43402	1.39882e+06	0	0	0	1163.3	2	1292.56
DDoS	3	6	17325.2	13.4107	671104	0	0	0	1162.7	2	1291.89
DDoS	8	5	154.501	0.172213	7.5488e+07	0	0	1	833.5	0	897.615
DDoS	5	0	3.06945	0.511575	9.77374e+06	0	0	1	6	0	7.2
BENIGN	192	307	11288.4	10.4427	4.77844e+07	0	0	0	1078.82	1	1080.98
DDoS	4	0	4.16167	0.693612	5.76691e+06	0	0	1	6	0	7.5
BENIGN	10	10	5156.5	21.4809	931058	0	0	0	228.619	1	240.05
BENIGN	1	1	3387.5	42.8798	46642	0	0	0	67.6667	1	101.5
BENIGN	2	0	3e+06	500000	4	0	0	1	6	0	9
BENIGN	1	1	0	80000	25	0	0	1	0	1	0
BENIGN	10	11	49.7162	0.343208	6.11873e+07	0	0	0	138.273	1	144.857
BENIGN	4	2	2830.17	51.7714	115894	0	0	0	52	0	60.6667
BENIGN	16	13	89.412	0.475858	6.09426e+07	0	0	0	181.633	0	187.897
DDoS	4	0	37.9723	6.32872	632039	0	0	1	6	0	7.5
BENIGN	2	2	1.10761e+06	10498.7	381	0	0	0	91.6	1	114.5
BENIGN	2	0	75471.7	12578.6	159	0	0	1	6	0	9
BENIGN	2	2	5619.17	85.139	46982	0	0	0	59.8	1	74.75
BENIGN	8	5	592.775	2.1628	6.01072e+06	0	0	0	254.5	0	274.077
DDoS	4	0	2.3822	0.397034	1.00747e+07	0	0	1	6	0	7.5
BENIGN	2	0	1.98802	0.331336	6.03617e+06	0	0	1	6	0	9
DDoS	3	4	413052	248.677	28149	0	0	0	1453.38	1	1661
BENIGN	1	1	407787	4098.36	488	0	0	0	89.3333	1	134
BENIGN	1	1	125000	20833.3	96	0	0	1	6	1	9
BENIGN	1	1	3e+06	500000	4	0	0	1	6	1	9
BENIGN	1	1	9711.22	85.1861	23478	0	0	0	92.6667	1	139
DDoS	4	0	3.36986	0.561643	7.12196e+06	0	0	1	6	0	7.5
BENIGN	2	0	17492.7	2915.45	686	0	0	1	6	0	9
DDoS	4	0	3.52076	0.586793	6.81671e+06	0	0	1	6	0	7.5
BENIGN	2	0	1.23333e+07	666667	3	0	1	1	22.6667	0	34
BENIGN	2	2	9072.58	126.008	31744	0	0	0	66.4	1	83
BENIGN	2	2	1.03448e+06	22988.5	174	0	0	0	41.8	1	52.25
BENIGN	2	2	838095	19047.6	210	0	0	0	42.4	1	53
DDoS	5	0	2.71034	0.451723	1.10687e+07	0	0	1	6	0	7.2
BENIGN	1	1	0	31746	63	0	0	1	0	1	0
BENIGN	2	2	879310	17241.4	232	0	0	0	47.8	1	59.75
BENIGN	2	1	435294	35294.1	85	0	1	1	17	0	22.6667
DDoS	3	4	28114.1	16.926	413564	0	0	0	1453.38	1	1661
BENIGN	4	2	1634.97	24.898	240983	0	0	0	61.2857	0	71.5
BENIGN	10	6	34038.3	124.825	128179	0	0	0	256.647	0	272.688
DDoS	3	5	10672.7	7.33962	1.08997e+06	0	0	0	1292.56	1	1454.12
BENIGN	2	0	3853.56	642.261	3114	0	0	1	6	0	9
BENIGN	2	2	6723.25	168.081	23798	0	0	0	38.4	1	48
DDoS	3	6	7142.95	5.52908	1.62776e+06	0	0	0	1162.7	2	1291.89
BENIGN	14	12	186.217	0.819782	3.17157e+07	0	0	0	218.741	0	227.154
DDoS	3	5	16870.7	11.6079	689184	0	0	0	1291.89	1	1453.38
DDoS	8	5	143.606	0.160068	8.12154e+07	0	0	1	833.5	0	897.615
BENIGN	4	4	7022.87	99.6152	80309	0	0	0	67.4444	1	75.875
BENIGN	39	44	6482.04	56.9202	1.45818e+06	0	0	0	112.524	1	113.88
DDoS	3	5	73508.9	50.552	158253	0	0	0	1292.56	1	1454.12
BENIGN	21	25	3457.12	4.33707	1.06062e+07	0	0	0	780.149	1	797.109
DDoS	3	5	17755.2	12.2102	655190	0	0	0	1292.56	1	1454.12
BENIGN	13	12	132987	245.182	101965	0	0	0	521.538	0	542.4
DDoS	3	6	30027.9	23.2434	387206	0	0	0	1162.7	2	1291.89
DDoS	3	5	85230.3	58.6128	136489	0	0	0	1292.56	1	1454.12
DDoS	9	5	142.444	0.170898	8.19201e+07	0	0	1	778.333	0	833.929
DDoS	8	5	115.478	0.128716	1.00998e+08	0	0	1	833.5	0	897.615
DDoS	6	0	3.58749	0.597915	1.00349e+07	0	0	1	6	0	7
DDoS	4	0	11.8934	1.98223	2.01793e+06	0	0	1	6	0	7.5
BENIGN	15	10	45359.1	129.984	192332	0	0	0	335.538	0	348.96
BENIGN	2	2	1.08108e+06	27027	148	0	0	0	38.4	1	48
DDoS	8	4	126.59	0.130314	9.2085e+07	0	0	1	897.154	0	971.917
BENIGN	2	2	921466	20942.4	191	0	0	0	42.4	1	53
BENIGN	1	1	0	21978	91	0	0	1	0	1	0
DDoS	3	6	9220.03	7.13686	1.26106e+06	0	0	0	1162.7	2	1291.89
BENIGN	18	15	41.3784	0.28519	1.15712e+08	0	0	0	140.824	0	145.091
DDoS	3	6	16445	12.7228	707389	0	0	0	1163.3	2	1292.56
BENIGN	2	2	10839.5	84.3544	47419	0	0	0	110.4	1	138
BENIGN	46	30	538.299	1.21152	6.27309e+07	0	0	0	438.545	0	444.316
DDoS	4	0	2.63194	0.438656	9.11876e+06	0	0	1	6	0	7.5
DDoS	5	0	2.72192	0.453653	1.10216e+07	0	0	1	6	0	7.2
DDoS	3	6	14572.6	11.2801	797866	0	0	0	1162.7	2	1291.89
DDoS	3	7	6309.77	5.42683	1.8427e+06	0	0	0	1057	2	1162.7
BENIGN	2	2	10449.7	126.662	31580	0	0	0	74.2	1	92.75
BENIGN	15	10	21531.4	64.3804	388317	0	0	0	321.577	0	334.44
DDoS	5	0	10.5071	1.75118	2.85522e+06	0	0	1	6	0	7.2
BENIGN	2	2	2.09524e+06	21164	189	0	0	0	88.2	1	110.25
BENIGN	1	1	5323.84	65.3232	30617	0	0	0	72.3333	1	108.5
BENIGN	3	1	67924.5	15094.3	265	1	0	0	4.8	0	6
BENIGN	2	2	1.8673e+06	18957.3	211	0	0	0	87.2	1	109
BENIGN	2	0	0	1063.26	1881	0	0	1	0	0	0
DDoS	3	5	22394.4	15.4086	519192	0	0	0	1291.89	1	1453.38
BENIGN	5	1	65523.8	871.713	6883	0	1	1	107.714	0	125.667
DDoS	3	5	8844.54	6.08238	1.31527e+06	0	0	0	1292.56	1	1454.12
BENIGN	2	2	10290.1	130.255	30709	0	0	0	73.6	1	92
DDoS	3	5	187938	129.245	61898	0	0	0	1292.56	1	1454.12
BENIGN	2	0	260870	43478.3	46	1	0	0	6	0	9
DDoS	4	0	2.6213	0.436883	9.15577e+06	0	0	1	6	0	7.5
DDoS	4	0	4.07964	0.679941	5.88286e+06	0	0	1	6	0	7.5
DDoS	8	4	142.609	0.146729	8.17833e+07	0	0	1	897.615	0	972.417
BENIGN	2	2	1.87179e+06	25641	156	0	0	0	66.6	1	83.25
BENIGN	6	6	455.075	2.35181	5.10246e+06	0	0	0	178.615	1	193.5
DDoS	3	4	126751	76.3101	91731	0	0	0	1453.38	1	1661
DDoS	3	4	311791	187.713	37291	0	0	0	1453.38	1	1661
BENIGN	22	17	50.02	0.337039	1.15714e+08	0	0	0	144.7	0	148.41
DDoS	3	4	18101	10.8977	642340	0	0	0	1453.38	1	1661
BENIGN	2	2	10551.4	167.483	23883	0	0	0	56.6	1	70.75
BENIGN	7	4	154.951	2.18241	5.0403e+06	0	0	0	65.0833	0	71
BENIGN	2	0	666667	111111	18	0	0	1	6	0	9
DDoS	3	6	484903	375.344	23978	0	0	0	1162.7	2	1291.89
DDoS	5	0	7.42821	1.23804	4.03866e+06	0	0	1	6	0	7.2
DDoS	3	5	482388	331.909	24103	0	0	0	1291.89	1	1453.38
BENIGN	2	2	21427.2	126.414	31642	0	0	0	142.8	1	178.5
BENIGN	7	8	5509.78	27.4848	545757	0	0	0	187.938	1	200.467
DDoS	8	5	128.753	0.143587	9.05376e+07	0	0	1	833.071	0	897.154
BENIGN	3	1	0	0.715499	5.5905e+06	0	0	0	0	0	0
DDoS	5	0	2.47838	0.413063	1.21047e+07	0	0	1	6	0	7.2
DDoS	5	0	9.40748	1.56791	3.18895e+06	0	0	1	6	0	7.2
DDoS	4	0	2.39886	0.39981	1.00048e+07	0	0	1	6	0	7.5
DDoS	8	5	117.043	0.130461	9.96469e+07	0	0	1	833.5	0	897.615
BENIGN	2	2	970297	19802	202	0	0	0	46.2	1	57.75
BENIGN	7	10	6807	15.6907	1.08344e+06	0	0	0	409.722	1	433.824
BENIGN	2	2	8010	128.16	31211	0	0	0	56.8	1	71
BENIGN	11	10	94.8574	0.232901	9.01669e+07	0	0	0	388.773	0	407.286
DDoS	3	6	6434.59	4.9782	1.80788e+06	0	0	0	1163.3	2	1292.56
DDoS	3	6	14334.1	11.0955	811140	0	0	0	1162.7	2	1291.89
DDoS	8	5	140.993	0.157237	8.26776e+07	0	0	1	833.071	0	897.154
BENIGN	1	2	264706	44117.6	68	0	0	1	6	2	8
BENIGN	10	5	8430.39	53.4245	280770	0	0	0	147.938	0	157.8
BENIGN	4	2	0	1.12217	5.34679e+06	0	0	0	0	0	0
DDoS	8	4	143.488	0.147634	8.1282e+07	0	0	1	897.615	0	972.417
DDoS	4	0	3.24903	0.541505	7.38682e+06	0	0	1	6	0	7.5
DDoS	3	4	13044.2	7.85319	891357	0	0	0	1453.38	1	1661
BENIGN	1	1	0	16260.2	123	0	0	1	0	1	0
DDoS	8	6	143.48	0.172231	8.12864e+07	0	0	1	777.933	0	833.5
BENIGN	6	6	15083.1	43.7827	274081	0	0	0	318	1	344.5
DDoS	3	4	8741.39	5.26273	1.33011e+06	0	0	0	1453.38	1	1661
BENIGN	1	1	0	111111	18	0	0	1	0	1	0
BENIGN	1	1	0	37037	54	0	0	1	0	1	0
DDoS	3	4	186620	112.354	62303	0	0	0	1453.38	1	1661
BENIGN	3	1	20117.4	3352.89	1193	1	0	0	6	0	7.5
BENIGN	3	1	2.24913	0.749711	5.33539e+06	0	0	0	2.4	0	3
BENIGN	1	1	5824.99	65.4493	30558	0	0	0	73.6667	1	110.5
BENIGN	1	1	553.91	5.92417	337600	0	0	0	80	1	120
BENIGN	7	4	137.29	2.01091	5.47016e+06	0	0	0	62.5833	0	68.2727
DDoS	9	4	164.542	0.183404	7.08817e+07	0	0	1	833.5	0	897.615
DDoS	9	6	130.624	0.167998	8.92865e+07	0	0	1	729.312	0	777.933
DDoS	3	5	11509.8	7.91936	1.01018e+06	0	0	0	1291.89	1	1453.38
BENIGN	1	1	931.28	10.8288	184692	0	0	0	71.6667	1	107.5
BENIGN	2	0	0	500000	4	0	0	1	0	0	0
BENIGN	2	0	9.25e+06	500000	4	0	1	1	24.6667	0	37
BENIGN	2	2	12365	130.157	30732	0	0	0	82	1	102.5
BENIGN	1	1	4950.05	59.6392	33535	0	0	0	71.3333	1	107
BENIGN	3	1	2.31994	0.773312	5.17256e+06	0	0	0	2.4	0	3
DDoS	4	0	4.62828	0.771379	5.18552e+06	0	0	1	6	0	7.5
DDoS	4	0	6.82603	1.13767	3.51595e+06	0	0	1	6	0	7.5
BENIGN	13	9	80.3493	0.246161	8.93723e+07	0	0	0	312.217	0	326.409
DDoS	2	5	11447.9	6.89219	1.01564e+06	0	0	0	1453.38	2	1661
BENIGN	1	1	2553.69	25.5369	78318	0	0	0	84.6667	1	127
BENIGN	2	2	3477.11	28.0412	142647	0	0	0	108	1	135
DDoS	5	0	2.93981	0.489968	1.02048e+07	0	0	1	6	0	7.2
BENIGN	2	2	1.22105e+06	21052.6	190	0	0	0	53	1	66.25
BENIGN	13	0	1.26208e+08	541667	24	0	0	0	233	0	250.923
BENIGN	2	1	42424.2	3636.36	825	0	0	1	14.5	0	19.3333
BENIGN	1	1	4796.94	81.3041	24599	0	0	0	56.3333	1	84.5
BENIGN	4	4	184.4	1.53667	5.20608e+06	0	0	0	106.667	1	120
BENIGN	2	2	9081.47	129.735	30832	0	0	0	63.2	1	79
BENIGN	1	1	3973.98	39.5421	50579	0	0	0	91	1	136.5
DDoS	5	0	2.705	0.450833	1.10906e+07	0	0	1	6	0	7.2
DDoS	3	5	19698.1	13.5464	590564	0	0	0	1292.56	1	1454.12
BENIGN	2	0	82191.8	13698.6	146	0	0	1	6	0	9
DDoS	3	5	13604.2	9.36045	854660	0	0	0	1291.89	1	1453.38
BENIGN	1	1	342857	57142.9	35	0	0	1	6	1	9
BENIGN	23	27	8244.23	9.36461	5.33925e+06	0	0	0	863.098	1	880.36
BENIGN	2	2	938865	8733.62	458	0	0	0	93.6	1	117
DDoS	3	7	222229	191.131	52320	0	0	0	1057	2	1162.7
BENIGN	2	2	963855	24096.4	166	0	0	0	38.4	1	48
DDoS	5	0	3.76339	0.627231	7.97154e+06	0	0	1	6	0	7.2
BENIGN	2	1	0	29411.8	102	0	0	1	0	0	0
BENIGN	1	3	5.44444e+06	444444	9	1	0	1	11	3	13.75
BENIGN	6	4	3829.47	50.7215	197155	0	0	0	68.6364	0	75.5
DDoS	3	6	18372.7	14.2143	633167	0	0	0	1163.3	2	1292.56
BENIGN	4	0	901.994	124.413	32151	0	0	1	5.8	0	7.25
BENIGN	2	0	3e+06	500000	4	0	0	1	6	0	9
DDoS	3	5	211147	145.28	55066	0	0	0	1291.89	1	1453.38
BENIGN	3	3	8.19494	0.0673556	8.90794e+07	0	0	0	110.429	1	128.833
DDoS	3	4	8368.65	5.03832	1.38935e+06	0	0	0	1453.38	1	1661
BENIGN	2	2	1.92632e+06	21052.6	190	0	0	0	81.6	1	102
DDoS	5	0	27.263	4.54384	1.10039e+06	0	0	1	6	0	7.2
BENIGN	2	0	125000	20833.3	96	0	0	1	6	0	9
DDoS	3	5	16521.9	11.3621	704094	0	0	0	1292.56	1	1454.12
BENIGN	5	0	111.961	0.586796	8.52086e+06	0	0	1	159	0	190.8
BENIGN	6	6	83.7851	0.441555	2.71767e+07	0	0	0	175.154	1	189.75
BENIGN	4	4	3331.71	38.9674	205300	0	0	0	80	1	90
BENIGN	4	0	42.8502	5.91038	676776	0	0	1	5.8	0	7.25
DDoS	4	0	4.77802	0.796337	5.023e+06	0	0	1	6	0	7.5
BENIGN	5	1	42.6238	1.61863	3.70685e+06	0	1	1	28.4286	0	33.1667
DDoS	8	5	164.049	0.182855	7.10947e+07	0	0	1	833.5	0	897.615
DDoS	4	0	4.20107	0.700178	5.71283e+06	0	0	1	6	0	7.5
BENIGN	4	2	18247.7	190.743	31456	0	0	0	89.5714	0	104.5
DDoS	4	0	85.116	14.186	281968	0	0	1	6	0	7.5
DDoS	6	0	5.11011	0.851685	7.04486e+06	0	0	1	6	0	7
BENIGN	23	19	66.6544	0.359646	1.16781e+08	0	0	0	181.023	0	185.333
DDoS	5	0	5.53112	0.921853	5.42386e+06	0	0	1	6	0	7.2
BENIGN	2	0	0	27777.8	72	0	0	1	0	0	0
BENIGN	18	12	25779.2	67.338	445514	0	0	0	370.484	0	382.833
DDoS	3	5	6634	4.56455	1.75264e+06	0	0	0	1291.89	1	1453.38
DDoS	4	0	2.39719	0.399532	1.00117e+07	0	0	1	6	0	7.5
BENIGN	2	2	1.53623e+06	28985.5	138	0	0	0	51.4	1	64.25
BENIGN	2	2	2.90837	0.0605911	6.60163e+07	0	0	0	48	1	60
BENIGN	2	0	324324	54054.1	37	0	0	1	6	0	9
DDoS	5	0	8.46851	1.41142	3.54253e+06	0	0	1	6	0	7.2
DDoS	3	5	216022	148.558	53851	0	0	0	1292.56	1	1454.12
BENIGN	2	0	1.23333e+07	666667	3	0	1	1	22.6667	0	34
BENIGN	2	2	2.48458e+06	17621.1	227	0	0	0	118.6	1	148.25
BENIGN	1	1	0	22471.9	89	0	0	1	0	1	0
BENIGN	2	2	12188	165.824	24122	0	0	0	67.8	1	84.75
DDoS	3	7	306261	263.269	37984	0	0	0	1057.55	2	1163.3
DDoS	3	6	13971	10.8088	832654	0	0	0	1163.3	2	1292.56
DDoS	8	5	125.904	0.140337	9.26341e+07	0	0	1	833.5	0	897.615
DDoS	8	6	124.732	0.149725	9.35045e+07	0	0	1	777.933	0	833.5
BENIGN	9	5	644.874	2.69741	5.19016e+06	0	0	0	223.133	0	239.071
BENIGN	1	3	406780	67796.6	59	0	0	1	6	3	7.5
BENIGN	1	3	71856.3	11976	334	0	0	1	6	3	7.5
BENIGN	2	2	1.25373e+06	19900.5	201	0	0	0	59.8	1	74.75
DDoS	3	5	6894.18	4.74112	1.68737e+06	0	0	0	1292.56	1	1454.12
BENIGN	2	2	7951.95	169.19	23642	0	0	0	45.4	1	56.75
BENIGN	1	1	2293.27	33.2358	60176	0	0	0	64	1	96
BENIGN	2	2	1.68132e+06	21978	182	0	0	0	67.4	1	84.25
BENIGN	4	0	512.63	70.7076	56571	0	0	1	5.8	0	7.25
DDoS	3	4	404882	243.758	28717	0	0	0	1453.38	1	1661
BENIGN	8	5	783.716	2.48072	5.24042e+06	0	0	0	293.357	0	315.923
DDoS	8	5	121.54	0.135543	9.59109e+07	0	0	1	833.071	0	897.154
BENIGN	1	1	2730.25	21.755	91933	0	0	0	97.6667	1	146.5
BENIGN	2	1	8.60064	0.600045	4.99963e+06	0	1	1	18.5	0	24.6667
BENIGN	2	2	1.08235e+06	15686.3	255	0	0	0	64.8	1	81
DDoS	3	6	6435.54	4.97893	1.80762e+06	0	0	0	1163.3	2	1292.56
BENIGN	1	1	5392.1	62.3364	32084	0	0	0	76.3333	1	114.5
DDoS	4	0	3.94163	0.656938	6.08885e+06	0	0	1	6	0	7.5
DDoS	8	4	129.669	0.133484	8.98983e+07	0	0	1	897.154	0	971.917
BENIGN	2	2	1.18705e+06	14388.5	278	0	0	0	74.2	1	92.75
DDoS	3	5	16919	11.6412	687217	0	0	0	1291.89	1	1453.38
BENIGN	2	2	1.2968e+06	18264.8	219	0	0	0	62.4	1	78
DDoS	5	0	4.46445	0.744076	6.71975e+06	0	0	1	6	0	7.2
BENIGN	3	1	2.0343	0.678101	5.89883e+06	0	0	0	2.4	0	3
BENIGN	1	1	800000	133333	15	0	0	1	6	1	9
BENIGN	1	1	3801.78	65.548	30512	0	0	0	52.6667	1	79
DDoS	1	6	6.79128	1.13188	6.1844e+06	0	0	1	6	6	6.85714
BENIGN	4	2	917.66	14.9618	401020	0	0	0	58.7143	0	68.5
DDoS	4	0	4.68574	0.780956	5.12193e+06	0	0	1	6	0	7.5
BENIGN	2	2	1.45223e+06	25477.7	157	0	0	0	55.4	1	69.25
DDoS	3	5	99535.4	68.4504	116873	0	0	0	1292.56	1	1454.12
DDoS	3	5	39928.6	27.473	291195	0	0	0	1291.89	1	1453.38
DDoS	4	0	2.36087	0.393479	1.01657e+07	0	0	1	6	0	7.5
DDoS	4	0	3.05857	0.509761	7.84681e+06	0	0	1	6	0	7.5
BENIGN	2	2	409344	4449.39	899	0	0	0	80.8	1	101
DDoS	3	5	16730	11.5052	695338	0	0	0	1292.56	1	1454.12
BENIGN	2	0	1441.27	240.211	8326	0	0	1	6	0	9
DDoS	4	0	8.95204	1.49201	2.68095e+06	0	0	1	6	0	7.5
BENIGN	1	1	117647	19607.8	102	0	0	1	6	1	9
BENIGN	2	0	17647.1	2941.18	680	0	0	1	6	0	9
DDoS	5	0	2.97656	0.496094	1.00787e+07	0	0	1	6	0	7.2
DDoS	8	5	121.614	0.135555	9.59017e+07	0	0	1	833.5	0	897.615
BENIGN	5	1	35.3157	1.25381	4.7854e+06	0	1	1	30.7143	0	35.8333
DDoS	3	5	8930.33	6.14454	1.30197e+06	0	0	0	1291.89	1	1453.38
DDoS	5	0	3.11307	0.518846	9.63677e+06	0	0	1	6	0	7.2
DDoS	9	6	160.498	0.20642	7.26675e+07	0	0	1	729.312	0	777.933
DDoS	3	3	397885	205.325	29222	0	0	0	1661	1	1937.83
DDoS	5	0	13.6924	2.28206	2.191e+06	0	0	1	6	0	7.2
BENIGN	12	10	9.99016	0.186891	1.17716e+08	0	0	0	51.1304	0	53.4545
DDoS	3	4	13491.9	8.12277	861775	0	0	0	1453.38	1	1661
BENIGN	1	1	70.1828	23.3943	85491	0	0	0	2	1	3
DDoS	3	4	21773.3	13.1018	534279	0	0	0	1454.12	1	1661.86
DDoS	3	4	6368.2	3.83396	1.82579e+06	0	0	0	1453.38	1	1661
BENIGN	2	2	1.41615e+06	24844.7	161	0	0	0	55.4	1	69.25
BENIGN	3	1	69230.8	15384.6	260	1	0	0	4.8	0	6
BENIGN	4	2	15366.8	192.889	31106	0	0	0	74.2857	0	86.6667
BENIGN	2	0	0	55555.6	36	0	0	1	0	0	0
DDoS	3	5	11403.2	7.84198	1.02015e+06	0	0	0	1292.56	1	1454.12
DDoS	5	0	3.67341	0.612235	8.1668e+06	0	0	1	6	0	7.2
DDoS	3	5	23358.9	16.0722	497755	0	0	0	1291.89	1	1453.38
DDoS	3	5	21594.1	14.8579	538435	0	0	0	1291.89	1	1453.38
DDoS	3	5	11056.6	7.60362	1.05213e+06	0	0	0	1292.56	1	1454.12
DDoS	4	0	5.66984	0.944973	4.23292e+06	0	0	1	6	0	7.5
DDoS	3	6	23177.4	17.9407	501652	0	0	0	1162.7	2	1291.89
BENIGN	12	7	19293.3	86.9068	218625	0	0	0	210.9	0	222
DDoS	3	6	610373	472.466	19049	0	0	0	1162.7	2	1291.89
DDoS	3	5	8203.41	5.64147	1.41807e+06	0	0	0	1292.56	1	1454.12
BENIGN	1	1	7252.32	86.3371	23165	0	0	0	74	1	111
BENIGN	1	1	4990.22	65.2316	30660	0	0	0	69.6667	1	104.5
DDoS	4	0	11.842	1.97367	2.02668e+06	0	0	1	6	0	7.5
BENIGN	2	0	4e+06	666667	3	0	0	1	6	0	9
DDoS	3	4	339693	204.511	34228	0	0	0	1453.38	1	1661
DDoS	4	0	4.76007	0.793345	5.04194e+06	0	0	1	6	0	7.5
DDoS	5	0	7.4518	1.24197	4.02587e+06	0	0	1	6	0	7.2
BENIGN	2	0	0	144.791	13813	0	0	1	0	0	0
BENIGN	2	2	2.15217e+06	21739.1	184	0	0	0	86.2	1	107.75
DDoS	9	4	117.836	0.131345	9.89763e+07	0	0	1	833.5	0	897.615
DDoS	5	0	2.9505	0.491751	1.01678e+07	0	0	1	6	0	7.2
DDoS	4	0	18.7063	3.11771	1.28299e+06	0	0	1	6	0	7.5
BENIGN	3	1	76923.1	17094	234	1	0	0	4.8	0	6
BENIGN	1	1	1017.53	11.0004	181812	0	0	0	78.6667	1	118
DDoS	4	0	6.07298	1.01216	3.95193e+06	0	0	1	6	0	7.5
BENIGN	21	18	76.5041	0.3379	1.15419e+08	0	0	0	220.75	0	226.41
DDoS	3	4	126757	76.2743	91774	0	0	0	1454.12	1	1661.86
DDoS	3	4	18165.8	10.9366	640050	0	0	0	1453.38	1	1661
BENIGN	3	4	40315.4	104.136	67220	0	0	0	338.75	1	387.143
DDoS	3	5	189824	130.542	61283	0	0	0	1292.56	1	1454.12
BENIGN	2	2	1.39394e+06	20202	198	0	0	0	64.8	1	81
DDoS	3	6	35835.1	27.7386	324458	0	0	0	1162.7	2	1291.89
BENIGN	2	2	8852.96	128.304	31176	0	0	0	64.8	1	81
DDoS	4	0	18.6337	3.10562	1.28799e+06	0	0	1	6	0	7.5
DDoS	3	6	85510.4	66.156	136042	0	0	0	1163.3	2	1292.56
DDoS	3	5	8879.13	6.10617	1.31015e+06	0	0	0	1292.56	1	1454.12
BENIGN	11	6	12587.4	84.5796	200994	0	0	0	140.556	0	148.824
DDoS	5	0	11.719	1.95317	2.55994e+06	0	0	1	6	0	7.2
DDoS	3	4	12420.9	7.47799	936080	0	0	0	1453.38	1	1661
DDoS	3	5	13989.2	9.62532	831141	0	0	0	1291.89	1	1453.38
DDoS	8	6	145.451	0.174596	8.01851e+07	0	0	1	777.933	0	833.5
DDoS	4	0	2.99073	0.498455	8.0248e+06	0	0	1	6	0	7.5
BENIGN	2	1	0	132.761	22597	0	0	1	0	0	0
BENIGN	2	0	200000	33333.3	60	0	0	1	6	0	9
BENIGN	2	2	9881.49	129.17	30967	0	0	0	69.2	1	86.5
BENIGN	1	3	272727	90909.1	44	0	0	1	2.4	3	3
DDoS	4	0	3.04382	0.507304	7.88483e+06	0	0	1	6	0	7.5
DDoS	5	0	499.808	83.3014	60023	0	0	1	6	0	7.2
BENIGN	2	2	1.88034e+06	17094	234	0	0	0	97.2	1	121.5
DDoS	3	5	13589.7	9.3456	856018	0	0	0	1292.56	1	1454.12
DDoS	8	4	141.447	0.145534	8.2455e+07	0	0	1	897.615	0	972.417
BENIGN	2	0	2.275e+07	500000	4	0	1	1	58.6667	0	88
BENIGN	2	2	2.08861e+06	25316.5	158	0	0	0	74.2	1	92.75
BENIGN	2	0	1.23333e+07	666667	3	0	1	1	22.6667	0	34
DDoS	7	5	1180.96	1.21633	9.86572e+06	0	0	1	896.692	0	971.417
DDoS	3	5	12826.5	8.82077	906950	0	0	0	1292.56	1	1454.12
BENIGN	2	2	2.06897e+06	19704.4	203	0	0	0	92.2	1	115.25
DDoS	3	5	17164.9	11.8043	677719	0	0	0	1292.56	1	1454.12
DDoS	4	0	3.9756	0.6626	6.03683e+06	0	0	1	6	0	7.5
DDoS	4	0	15.1223	2.52039	1.58706e+06	0	0	1	6	0	7.5
DDoS	3	6	6182.67	4.78576	1.88058e+06	0	0	0	1162.7	2	1291.89
BENIGN	1	1	298.579	5.52925	361713	0	0	0	49	1	73.5
DDoS	4	0	28.1547	4.69245	852433	0	0	1	6	0	7.5
BENIGN	1	3	250000	55555.6	72	0	0	1	3.6	3	4.5
BENIGN	4	4	5443.45	75.0821	106550	0	0	0	69.1111	1	77.75
DDoS	8	6	150.651	0.180931	7.73776e+07	0	0	1	777.533	0	833.071
DDoS	3	5	84041.1	57.8248	138349	0	0	0	1291.89	1	1453.38
BENIGN	2	0	1.23333e+07	666667	3	0	1	1	22.6667	0	34
DDoS	3	4	536602	322.893	21679	0	0	0	1454.12	1	1661.86
DDoS	9	7	141.096	0.193564	8.266e+07	0	0	1	686.412	0	729.312
BENIGN	3	1	2.04295	0.680983	5.87386e+06	0	0	0	2.4	0	3
BENIGN	1	1	2710.43	33.054	60507	0	0	0	74.3333	1	111.5
DDoS	3	6	53362.4	41.2844	218000	0	0	0	1163.3	2	1292.56
DDoS	9	5	143.021	0.171591	8.15894e+07	0	0	1	778.333	0	833.929
DDoS	3	4	138352	83.2947	84039	0	0	0	1453.38	1	1661
DDoS	3	7	281487	241.973	41327	0	0	0	1057.55	2	1163.3
BENIGN	2	2	600601	12012	333	0	0	0	48.4	1	60.5
DDoS	3	5	87724.5	60.3591	132540	0	0	0	1291.89	1	1453.38
BENIGN	14	9	15962.8	54.8223	419537	0	0	0	279.042	0	291.174
DDoS	4	0	2.25359	0.375598	1.06497e+07	0	0	1	6	0	7.5
BENIGN	6	4	149.286	1.91638	5.21818e+06	0	0	0	70.8182	0	77.9
BENIGN	2	2	2.26087e+06	15810.3	253	0	0	0	123.4	1	154.25
BENIGN	2	2	303595	5326.23	751	0	0	0	54.2	1	67.75
DDoS	4	0	6.37465	1.06244	3.76491e+06	0	0	1	6	0	7.5
DDoS	5	0	2.72684	0.454473	1.10018e+07	0	0	1	6	0	7.2
BENIGN	10	10	2785.57	5.96035	3.3555e+06	0	0	0	445.095	1	467.35
DDoS	8	6	116.653	0.140028	9.99801e+07	0	0	1	777.933	0	833.5
DDoS	8	4	144.464	0.148715	8.06915e+07	0	0	1	897.154	0	971.917
BENIGN	2	0	244898	40816.3	49	1	0	0	6	0	9
BENIGN	4	2	8400.67	113.014	53091	0	0	0	70.2857	0	82
DDoS	3	4	6541.24	3.9361	1.77841e+06	0	0	0	1454.12	1	1661.86
DDoS	4	0	2.38244	0.397073	1.00737e+07	0	0	1	6	0	7.5
DDoS	8	4	117.076	0.120521	9.95679e+07	0	0	1	897.154	0	971.917
BENIGN	1	1	3781.33	65.1954	30677	0	0	0	55.3333	1	83
BENIGN	2	2	5152.11	54.5197	73368	0	0	0	83.6	1	104.5
DDoS	3	5	425103	292.494	27351	0	0	0	1291.89	1	1453.38
DDoS	3	5	100984	69.4463	115197	0	0	0	1292.56	1	1454.12
DDoS	3	6	16840.5	13.0289	690774	0	0	0	1163.3	2	1292.56
DDoS	4	0	13.8166	2.30277	1.73704e+06	0	0	1	6	0	7.5
DDoS	4	0	1.06254	0.17709	2.25874e+07	0	0	1	6	0	7.5
DDoS	3	6	6614.21	5.11715	1.75879e+06	0	0	0	1163.3	2	1292.56
DDoS	4	0	6.96072	1.16012	3.44792e+06	0	0	1	6	0	7.5
DDoS	8	5	1116.94	1.24562	1.04366e+07	0	0	1	833.071	0	897.154
DDoS	4	0	3.16797	0.527996	7.57582e+06	0	0	1	6	0	7.5
DDoS	3	6	9960.52	7.70607	1.16791e+06	0	0	0	1163.3	2	1292.56
DDoS	3	4	11045.1	6.64966	1.05268e+06	0	0	0	1453.38	1	1661
BENIGN	2	2	7576.73	128.419	31148	0	0	0	56.2	1	70.25
BENIGN	5	0	179.038	24.1943	206660	0	0	1	6.16667	0	7.4
DDoS	5	0	3.28578	0.547631	9.13024e+06	0	0	1	6	0	7.2
DDoS	4	0	3.1958	0.532634	7.50985e+06	0	0	1	6	0	7.5
BENIGN	1	1	1548.2	16.8282	118848	0	0	0	76.6667	1	115
BENIGN	1	1	169014	28169	71	0	0	1	6	1	9
DDoS	4	0	2.0374	0.339567	1.17797e+07	0	0	1	6	0	7.5
DDoS	5	0	4.6578	0.776301	6.4408e+06	0	0	1	6	0	7.2
DDoS	3	4	6742.2	4.05703	1.7254e+06	0	0	0	1454.12	1	1661.86
DDoS	4	0	2.37371	0.395618	1.01108e+07	0	0	1	6	0	7.5
DDoS	9	6	141.923	0.182436	8.22205e+07	0	0	1	729.688	0	778.333
DDoS	3	5	12426.2	8.54989	935685	0	0	0	1291.89	1	1453.38
BENIGN	6	9	535.567	1.35816	1.10444e+07	0	0	0	369.688	1	394.333
BENIGN	2	0	0	14184.4	141	0	0	1	0	0	0
BENIGN	2	2	3783.28	79.648	50221	0	0	0	44.8	1	56
BENIGN	2	2	8516.68	129.041	30998	0	0	0	60.4	1	75.5
DDoS	3	4	17037.2	10.2519	682800	0	0	0	1454.12	1	1661.86
BENIGN	2	2	7022.99	163.325	24491	0	0	0	41.4	1	51.75
DDoS	5	0	7.44239	1.2404	4.03096e+06	0	0	1	6	0	7.2
BENIGN	13	8	15650.2	46.0945	455586	0	0	0	324.091	0	339.524
BENIGN	2	2	1.47368e+06	21052.6	190	0	0	0	63.6	1	79.5
DDoS	4	0	38.0691	6.34485	630433	0	0	1	6	0	7.5
BENIGN	1	1	0	13.801	144917	0	0	1	0	1	0
DDoS	8	6	164.659	0.197653	7.08312e+07	0	0	1	777.933	0	833.5
DDoS	8	5	145.44	0.162196	8.01499e+07	0	0	1	833.071	0	897.154
BENIGN	15	9	28305.7	80.9408	296513	0	0	0	335.72	0	349.708
DDoS	5	0	10.1835	1.69725	2.94594e+06	0	0	1	6	0	7.2
BENIGN	2	2	1.12883e+06	24539.9	163	0	0	0	44.4	1	55.5
BENIGN	2	0	176190	9523.81	210	0	1	1	24.6667	0	37
DDoS	3	5	13108.6	9.0148	887430	0	0	0	1292.56	1	1454.12
DDoS	3	5	31362.9	21.5682	370916	0	0	0	1292.56	1	1454.12
BENIGN	2	2	2.17822e+06	19802	202	0	0	0	97.2	1	121.5
DDoS	3	5	79367.1	54.5807	146572	0	0	0	1292.56	1	1454.12
DDoS	5	0	2.73604	0.456006	1.09648e+07	0	0	1	6	0	7.2
BENIGN	1	1	2348.17	33.5452	59621	0	0	0	65.3333	1	98
DDoS	3	6	414118	320.387	28091	0	0	0	1163.3	2	1292.56
DDoS	8	6	126.519	0.151949	9.21361e+07	0	0	1	777.533	0	833.071
DDoS	3	4	17040.3	10.259	682325	0	0	0	1453.38	1	1661
BENIGN	2	2	9309.84	129.303	30935	0	0	0	66.4	1	83
DDoS	3	4	16667.6	10.0295	697942	0	0	0	1454.12	1	1661.86
DDoS	5	0	256.973	42.8288	116744	0	0	1	6	0	7.2
DDoS	3	5	48979	33.6828	237510	0	0	0	1292.56	1	1454.12
DDoS	5	0	2.49421	0.415701	1.20279e+07	0	0	1	6	0	7.2
BENIGN	1	2	382979	63829.8	47	0	0	1	6	2	8
BENIGN	4	4	12997.3	158.504	50472	0	0	0	77.4444	1	87.125
BENIGN	2	2	1.72455e+06	23952.1	167	0	0	0	66	1	82.5
DDoS	3	5	10756	7.40067	1.08098e+06	0	0	0	1291.89	1	1453.38
DDoS	3	6	172017	133.083	67627	0	0	0	1163.3	2	1292.56
BENIGN	2	0	0	14.5338	137610	0	0	1	0	0	0
BENIGN	1	1	95.5095	15.9182	125642	0	0	1	6	1	9
DDoS	4	0	5.39096	0.898494	4.4519e+06	0	0	1	6	0	7.5
BENIGN	1	1	2893.12	32.3253	61871	0	0	0	76	1	114
BENIGN	7	4	132.767	1.81872	6.04821e+06	0	0	0	66.9167	0	73
DDoS	3	6	106459	82.3633	109272	0	0	0	1163.3	2	1292.56
DDoS	4	0	2.65083	0.441805	9.05377e+06	0	0	1	6	0	7.5
BENIGN	2	0	3.7e+07	2e+06	1	0	1	1	24.6667	0	37
BENIGN	1	1	5214.38	56.6781	35287	0	0	0	78.6667	1	118
DDoS	4	0	3.99812	0.666354	6.00282e+06	0	0	1	6	0	7.5
BENIGN	16	13	69.137	0.474999	6.10527e+07	0	0	0	140.7	0	145.552
BENIGN	2	0	0	8658.01	231	0	0	1	0	0	0
BENIGN	2	2	1.26452e+06	25806.5	155	0	0	0	47.4	1	59.25
DDoS	4	0	2.78909	0.464848	8.60497e+06	0	0	1	6	0	7.5
DDoS	4	0	2.93149	0.488582	8.18695e+06	0	0	1	6	0	7.5
BENIGN	8	6	982.553	2.73583	5.11728e+06	0	0	0	335.2	0	359.143
BENIGN	2	2	6112.69	51.1522	78198	0	0	0	102.4	1	128
DDoS	5	0	5.7816	0.963599	5.18888e+06	0	0	1	6	0	7.2
BENIGN	414	569	8121.58	8.39557	1.17086e+08	0	0	0	966.382	1	967.365
BENIGN	2	2	9428.06	166.868	23971	0	0	0	52	1	65
DDoS	5	0	7.72422	1.28737	3.88389e+06	0	0	1	6	0	7.2
BENIGN	1	1	4043.51	41.0509	48720	0	0	0	82.6667	1	124
DDoS	3	5	422923	290.994	27492	0	0	0	1291.89	1	1453.38
DDoS	4	0	4.85434	0.809056	4.94403e+06	0	0	1	6	0	7.5
DDoS	8	5	144.114	0.160717	8.08875e+07	0	0	1	833.071	0	897.154
BENIGN	2	0	1.23333e+07	666667	3	0	1	1	24.6667	0	37
DDoS	3	5	127612	87.7588	91159	0	0	0	1292.56	1	1454.12
BENIGN	1	1	0	35714.3	56	0	0	1	0	1	0
DDoS	5	0	5.05998	0.84333	5.92888e+06	0	0	1	6	0	7.2
BENIGN	3	3	3012.54	194.357	30871	0	0	0	13.2857	1	15.5
BENIGN	1	1	1279.38	13.7568	145383	0	0	0	77.3333	1	116
DDoS	5	0	12.2449	2.04082	2.45e+06	0	0	1	6	0	7.2
BENIGN	1	1	0	21052.6	95	0	0	1	0	1	0
BENIGN	2	2	1.92157e+06	39215.7	102	0	0	0	46.2	1	57.75
DDoS	5	0	312.298	52.0497	96062	0	0	1	6	0	7.2
BENIGN	2	2	8288.81	129.513	30885	0	0	0	57.6	1	72
BENIGN	2	0	7.75e+06	500000	4	0	1	1	20.6667	0	31
DDoS	8	4	1911.03	1.96726	6.09984e+06	0	0	1	897.154	0	971.917
BENIGN	3	1	415254	33898.3	118	0	0	1	11	0	13.75
DDoS	3	5	173847	119.555	66915	0	0	0	1292.56	1	1454.12
DDoS	3	4	210712	126.793	55208	0	0	0	1454.12	1	1661.86
DDoS	5	0	10.5932	1.76554	2.832e+06	0	0	1	6	0	7.2
BENIGN	6	5	61.3999	0.692716	1.58795e+07	0	0	0	81.25	0	88.6364
DDoS	4	0	2.90039	0.483399	8.27474e+06	0	0	1	6	0	7.5
DDoS	5	0	7.85152	1.30859	3.82092e+06	0	0	1	6	0	7.2
BENIGN	19	13	1082.07	3.21657	9.94849e+06	0	0	0	326.212	0	336.406
DDoS	3	6	8558.17	6.62454	1.35858e+06	0	0	0	1162.7	2	1291.89
DDoS	3	5	11167.6	7.67996	1.04167e+06	0	0	0	1292.56	1	1454.12
BENIGN	3	5	7241.69	21.3856	374084	0	0	0	301	1	338.625
BENIGN	2	2	1.24138e+06	27586.2	145	0	0	0	43.4	1	54.25
BENIGN	1	1	2948.33	41.2354	48502	0	0	0	62	1	93
BENIGN	1	1	0	39215.7	51	0	0	1	0	1	0
DDoS	4	0	12.7729	2.12882	1.87898e+06	0	0	1	6	0	7.5
DDoS	3	4	245570	147.845	47347	0	0	0	1453.38	1	1661
DDoS	5	0	14.3269	2.38781	2.09397e+06	0	0	1	6	0	7.2
DDoS	3	4	11190.7	6.73735	1.03898e+06	0	0	0	1453.38	1	1661
BENIGN	21	19	45.992	0.34711	1.15237e+08	0	0	0	129.268	0	132.5
DDoS	3	5	17306	11.9075	671846	0	0	0	1291.89	1	1453.38
DDoS	5	0	29.3576	4.89294	1.02188e+06	0	0	1	6	0	7.2
BENIGN	1	1	4e+06	666667	3	0	0	1	6	1	9
BENIGN	4	2	4709.29	77.6257	77294	0	0	0	56.8571	0	66.3333
DDoS	3	4	22482.4	13.5355	517160	0	0	0	1453.38	1	1661
BENIGN	11	7	1014.16	2.54389	7.07578e+06	0	0	0	377.684	0	398.667
DDoS	4	0	2.64877	0.441461	9.06082e+06	0	0	1	6	0	7.5
BENIGN	1	1	1.5e+06	250000	8	0	0	1	6	1	9
BENIGN	2	0	4e+06	666667	3	1	0	0	6	0	9
BENIGN	2	0	6e+06	1e+06	2	0	0	1	6	0	9
BENIGN	2	2	0	0.763948	5.23596e+06	0	0	0	0	1	0
BENIGN	1	1	3718.44	65.2358	30658	0	0	0	54.3333	1	81.5
BENIGN	21	26	137.474	0.623375	7.53961e+07	0	0	0	215.938	1	220.532
BENIGN	16	14	10.1898	0.258843	1.15901e+08	0	0	0	38.0968	0	39.3667
BENIGN	2	2	4345.11	43.89	91137	0	0	0	88.8	1	111
DDoS	2	5	41096.3	24.7419	282921	0	0	0	1453.38	2	1661
DDoS	8	4	166.041	0.170839	7.02416e+07	0	0	1	897.615	0	972.417
DDoS	5	0	12.8702	2.14503	2.33097e+06	0	0	1	6	0	7.2
BENIGN	1	1	137931	22988.5	87	0	0	1	6	1	9
DDoS	3	4	8996.91	5.41377	1.293e+06	0	0	0	1454.12	1	1661.86
DDoS	3	4	43552.4	26.2206	266966	0	0	0	1453.38	1	1661
DDoS	8	6	164.878	0.197916	7.0737e+07	0	0	1	777.933	0	833.5
DDoS	8	6	155.442	0.186589	7.50313e+07	0	0	1	777.933	0	833.5
DDoS	3	6	26537.6	20.5417	438133	0	0	0	1162.7	2	1291.89
BENIGN	2	0	7.75e+06	500000	4	0	1	1	20.6667	0	31
DDoS	3	5	11386.1	7.83022	1.02168e+06	0	0	0	1292.56	1	1454.12
DDoS	3	4	70021.4	42.1344	166135	0	0	0	1454.12	1	1661.86
BENIGN	2	2	5792.81	128.729	31073	0	0	0	41.8	1	52.25
DDoS	8	5	157.866	0.176053	7.38413e+07	0	0	1	833.071	0	897.154
DDoS	3	6	454837	352.071	25563	0	0	0	1162.7	2	1291.89
DDoS	3	7	373079	320.873	31165	0	0	0	1057	2	1162.7
BENIGN	2	2	1.20231e+06	23121.4	173	0	0	0	50.4	1	63
BENIGN	21	22	1542.62	4.74754	9.05733e+06	0	0	0	317.545	1	324.93
DDoS	3	6	285136	220.713	40777	0	0	0	1162.7	2	1291.89
DDoS	3	5	11199.2	7.70168	1.03874e+06	0	0	0	1292.56	1	1454.12
DDoS	9	5	141.12	0.16931	8.26887e+07	0	0	1	778.333	0	833.929
BENIGN	1	1	96.3871	16.0645	124498	0	0	1	6	1	9
DDoS	4	0	10.1007	1.68345	2.37608e+06	0	0	1	6	0	7.5
BENIGN	11	7	20800.7	94.9082	189657	0	0	0	207.632	0	219.167
BENIGN	2	2	2.37236	0.790786	5.05826e+06	0	0	0	2.4	1	3
BENIGN	2	2	2.16092e+06	22988.5	174	0	0	0	84.4	1	105.5
DDoS	3	6	10437.1	8.07897	1.114e+06	0	0	0	1162.7	2	1291.89
DDoS	4	0	5.66182	0.943637	4.23892e+06	0	0	1	6	0	7.5
BENIGN	8	6	938.621	2.56104	5.46653e+06	0	0	0	342.067	0	366.5
BENIGN	5	1	34.3171	1.13758	5.27434e+06	0	1	1	32.4286	0	37.8333
BENIGN	2	2	6383.18	128.953	31019	0	0	0	46	1	57.5
BENIGN	7	4	140.375	1.97712	5.56365e+06	0	0	0	65.0833	0	71
BENIGN	1	1	212821	2564.1	780	0	0	0	72.6667	1	109
DDoS	3	5	11889.6	8.17643	978422	0	0	0	1292.56	1	1454.12
DDoS	4	0	16.0428	2.6738	1.496e+06	0	0	1	6	0	7.5
BENIGN	9	5	661.176	2.46642	5.67625e+06	0	0	0	250.2	0	268.071
DDoS	3	5	17045	11.7279	682135	0	0	0	1291.89	1	1453.38
BENIGN	2	0	4e+06	666667	3	1	0	0	6	0	9
DDoS	3	4	88868.3	53.5029	130834	0	0	0	1453.38	1	1661
DDoS	3	6	431411	333.766	26965	0	0	0	1163.3	2	1292.56
BENIGN	1	1	0	39.7978	50254	0	0	1	0	1	0
DDoS	3	4	9198.39	5.53786	1.26403e+06	0	0	0	1453.38	1	1661
DDoS	8	5	146.013	0.162751	7.98764e+07	0	0	1	833.5	0	897.615
BENIGN	1	1	222222	37037	54	0	0	1	6	1	9
DDoS	4	0	3.13791	0.522985	7.6484e+06	0	0	1	6	0	7.5
BENIGN	2	1	198.255	12.138	247157	1	0	0	13.75	0	18.3333
BENIGN	68	65	23813.2	38.373	3.46598e+06	0	0	0	615.94	0	620.571
DDoS	3	4	256667	154.525	45300	0	0	0	1453.38	1	1661
BENIGN	1	1	214286	35714.3	56	0	0	1	6	1	9
DDoS	4	0	3.50219	0.583698	6.85286e+06	0	0	1	6	0	7.5
DDoS	3	5	8598.77	5.91336	1.35287e+06	0	0	0	1292.56	1	1454.12
BENIGN	2	0	0	219.563	9109	0	0	1	0	0	0
DDoS	8	6	148.808	0.178626	7.83761e+07	0	0	1	777.933	0	833.5
BENIGN	2	2	19.05	0.180569	2.21522e+07	0	0	0	93.6	1	117
DDoS	3	4	56384.5	33.9461	206209	0	0	0	1453.38	1	1661
DDoS	3	4	8461.76	5.09175	1.37477e+06	0	0	0	1454.12	1	1661.86
DDoS	4	0	3.95132	0.658553	6.07393e+06	0	0	1	6	0	7.5
DDoS	3	4	22441.4	13.5107	518106	0	0	0	1453.38	1	1661
BENIGN	29	25	77.6716	0.450463	1.19877e+08	0	0	0	169.291	0	172.426
BENIGN	2	2	1.27811e+06	23668.6	169	0	0	0	50.8	1	63.5
BENIGN	2	2	1.33333e+06	26143.8	153	0	0	0	49.4	1	61.75
BENIGN	2	2	13523.2	160.038	24994	0	0	0	74.8	1	93.5
BENIGN	31	47	805.791	1.24582	6.26093e+07	0	0	0	638.608	1	646.795
BENIGN	6	7	3233.19	37.3281	348263	0	0	0	80.4286	1	86.6154
DDoS	5	0	10.4183	1.73638	2.87956e+06	0	0	1	6	0	7.2
BENIGN	2	0	0	500000	4	0	0	1	0	0	0
DDoS	5	0	7.58156	1.26359	3.95697e+06	0	0	1	6	0	7.2
BENIGN	2	1	0	60000	50	0	0	1	0	0	0
BENIGN	2	2	1.46667e+06	26666.7	150	0	0	0	53.4	1	66.75
DDoS	3	6	251896	194.982	46158	0	0	0	1162.7	2	1291.89
DDoS	6	0	7.17578	1.19596	5.01687e+06	0	0	1	6	0	7
DDoS	4	0	2.24661	0.374435	1.06828e+07	0	0	1	6	0	7.5
BENIGN	2	2	1.82123e+06	22346.4	179	0	0	0	75.4	1	94.25
DDoS	3	5	150610	103.575	77239	0	0	0	1292.56	1	1454.12
BENIGN	7	4	147.401	2.07607	5.29847e+06	0	0	0	65.0833	0	71
DDoS	3	4	119559	71.9802	97249	0	0	0	1453.38	1	1661
DDoS	3	6	11714.1	9.06743	992564	0	0	0	1162.7	2	1291.89
DDoS	3	6	11364.6	8.79235	1.02362e+06	0	0	0	1163.3	2	1292.56
BENIGN	2	1	0	2770.08	1083	0	0	1	0	0	0
BENIGN	30	25	63.2855	0.542927	1.01303e+08	0	0	0	114.482	0	116.564
DDoS	3	5	7191.98	4.94591	1.6175e+06	0	0	0	1292.56	1	1454.12
DDoS	4	0	2.9711	0.495183	8.07782e+06	0	0	1	6	0	7.5
DDoS	8	5	143.497	0.159946	8.12772e+07	0	0	1	833.5	0	897.615
BENIGN	2	2	10295.2	166.051	24089	0	0	0	55.6	1	69.5
DDoS	3	5	14789.7	10.1709	786560	0	0	0	1292.56	1	1454.12
DDoS	3	4	20496.6	12.3399	567266	0	0	0	1453.38	1	1661
DDoS	5	0	3.4699	0.578317	8.64578e+06	0	0	1	6	0	7.2
DDoS	5	0	7.44616	1.24103	4.02892e+06	0	0	1	6	0	7.2
BENIGN	4	2	2571.41	45.3779	132223	0	0	0	53.1429	0	62
DDoS	3	6	330069	255.493	35226	0	0	0	1162.7	2	1291.89
BENIGN	1	1	0	37735.8	53	0	0	1	0	1	0
DDoS	3	4	6267.63	3.77146	1.85604e+06	0	0	0	1454.12	1	1661.86
BENIGN	2	0	1.325e+07	500000	4	0	1	1	35.3333	0	53
BENIGN	2	2	1.19091e+06	18181.8	220	0	0	0	59	1	73.75
DDoS	3	5	706486	485.85	16466	0	0	0	1292.56	1	1454.12
BENIGN	14	13	25.8045	0.409354	6.59576e+07	0	0	0	60.7857	0	63.037
BENIGN	2	2	1.45455e+06	27972	143	0	0	0	50.4	1	63
BENIGN	4	2	4732.95	98.6031	60850	0	0	0	46	0	53.6667
BENIGN	2	0	24.2931	4.04885	493968	0	0	1	6	0	9
BENIGN	7	0	0	0.107468	6.51357e+07	0	0	0	0	0	0
DDoS	3	5	11703.2	8.04829	994000	0	0	0	1292.56	1	1454.12
BENIGN	3	1	2.04541	0.681804	5.86679e+06	0	0	0	2.4	0	3
DDoS	3	1	1.55e+07	44444.4	90	0	0	1	279.8	0	349.75
BENIGN	2	2	1.21986e+06	28368.8	141	0	0	0	41.4	1	51.75
DDoS	4	0	3.36397	0.560662	7.13442e+06	0	0	1	6	0	7.5
BENIGN	1	1	666667	111111	18	0	0	1	6	1	9
BENIGN	7	8	5576.06	15.2964	980620	0	0	0	341.75	1	364.533
BENIGN	2	2	991.581	19.6353	203715	0	0	0	46.4	1	58
DDoS	5	0	5.85698	0.976163	5.12209e+06	0	0	1	6	0	7.2
BENIGN	31	33	4789.62	5.3464	1.19707e+07	0	0	0	882.077	1	895.859
BENIGN	1	1	2076.5	22.0904	90537	0	0	0	78	1	117
DDoS	9	4	126.3	0.140706	9.23911e+07	0	0	1	833.929	0	898.077
DDoS	5	0	2.97272	0.495454	1.00918e+07	0	0	1	6	0	7.2
BENIGN	1	1	1.43333e+07	666667	3	0	1	1	26.6667	1	40
BENIGN	1	1	0	13.9712	143152	0	0	1	0	1	0
BENIGN	13	12	42.5097	0.214263	1.16679e+08	0	0	0	190.769	0	198.4
BENIGN	3	3	0.199855	0.0666185	9.00651e+07	0	0	1	3.42857	1	4
BENIGN	2	0	1.23333e+07	666667	3	0	1	1	24.6667	0	37
DDoS	5	0	21.508	3.58466	1.39483e+06	0	0	1	6	0	7.2
DDoS	3	6	38868	30.0707	299295	0	0	0	1163.3	2	1292.56
BENIGN	2	0	0	632.711	3161	0	0	1	0	0	0
DDoS	2	4	17402.5	8.98038	668123	0	0	0	1661	2	1937.83
DDoS	3	6	9040.19	6.99765	1.28615e+06	0	0	0	1162.7	2	1291.89
DDoS	9	5	143.696	0.1724	8.12064e+07	0	0	1	778.333	0	833.929
DDoS	4	0	5.92149	0.986914	4.05304e+06	0	0	1	6	0	7.5
DDoS	3	6	27174.4	21.0346	427866	0	0	0	1162.7	2	1291.89
DDoS	5	0	1068.34	178.056	28081	0	0	1	6	0	7.2
BENIGN	2	2	1.57009e+06	12461.1	321	0	0	0	107.2	1	134
BENIGN	2	0	1.03333e+07	666667	3	0	1	1	20.6667	0	31
DDoS	8	5	160.489	0.178886	7.26718e+07	0	0	1	833.5	0	897.615
DDoS	8	5	125.675	0.140154	9.27553e+07	0	0	1	833.071	0	897.154
BENIGN	2	0	266667	44444.4	45	0	0	1	6	0	9
DDoS	3	6	29103.5	22.5279	399505	0	0	0	1162.7	2	1291.89
BENIGN	2	2	1.20988e+06	24691.4	162	0	0	0	47.4	1	59.25
BENIGN	3	1	2.26806	0.75602	5.29086e+06	0	0	0	2.4	0	3
DDoS	3	4	342142	205.985	33983	0	0	0	1453.38	1	1661
BENIGN	2	2	1.46369e+06	22346.4	179	0	0	0	61.4	1	76.75
BENIGN	1	1	5070.99	84.5166	23664	0	0	0	57.3333	1	86
BENIGN	1	1	0	10929	183	0	0	1	0	1	0
DDoS	5	0	4.3235	0.720583	6.93882e+06	0	0	1	6	0	7.2
BENIGN	1	1	0	43478.3	46	0	0	1	0	1	0
DDoS	5	0	2.81857	0.469761	1.06437e+07	0	0	1	6	0	7.2
DDoS	4	0	3.6293	0.604884	6.61284e+06	0	0	1	6	0	7.5
BENIGN	7	7	206.772	0.411838	3.39939e+07	0	0	0	468.6	1	502.071
DDoS	3	5	407136	280.132	28558	0	0	0	1291.89	1	1453.38
DDoS	3	6	6437.52	4.98046	1.80706e+06	0	0	0	1163.3	2	1292.56
DDoS	4	0	11.8873	1.98122	2.01895e+06	0	0	1	6	0	7.5
BENIGN	2	2	9341.61	127.967	31258	0	0	0	66.2	1	82.75
BENIGN	10	8	24525.3	89.3633	201425	0	0	0	260	0	274.444
DDoS	4	0	2.63134	0.438557	9.12082e+06	0	0	1	6	0	7.5
BENIGN	3	4	27013.5	145.906	47976	0	0	0	162	1	185.143
BENIGN	1	1	159145	2375.3	842	0	0	0	59.3333	1	89
BENIGN	1	3	211765	47058.8	85	0	0	1	3.6	3	4.5
BENIGN	16	15	12.9526	0.278454	1.11329e+08	0	0	0	45.0625	0	46.5161
BENIGN	1	1	545455	90909.1	22	0	0	1	6	1	9
BENIGN	1	1	913.52	19.0317	105088	0	0	0	48	1	72
BENIGN	1	1	1105.87	10.3352	193513	0	0	0	86	1	129
DDoS	4	0	4.6639	0.777316	5.14591e+06	0	0	1	6	0	7.5
DDoS	5	0	5.03285	0.838809	5.96083e+06	0	0	1	6	0	7.2
DDoS	3	4	17254.5	10.3826	674202	0	0	0	1454.12	1	1661.86
DDoS	5	0	7.87194	1.31199	3.811e+06	0	0	1	6	0	7.2
BENIGN	13	0	1.3e+07	722222	18	0	0	0	18	0	19.3846
BENIGN	2	2	2.10526e+06	23391.8	171	0	0	0	86.8	1	108.5
DDoS	3	4	6414.51	3.85985	1.81354e+06	0	0	0	1454.12	1	1661.86
BENIGN	2	2	1.575e+06	25000	160	0	0	0	60.2	1	75.25
BENIGN	2	2	4755.38	66.0469	60563	0	0	0	66.4	1	83
DDoS	8	5	149.178	0.166365	7.81416e+07	0	0	1	833.071	0	897.154
BENIGN	2	0	3e+06	500000	4	0	0	1	6	0	9
BENIGN	2	2	10461.2	159.713	25045	0	0	0	61.6	1	77
DDoS	5	0	7.78228	1.29705	3.85491e+06	0	0	1	6	0	7.2
BENIGN	2	2	5300.7	86.1902	46409	0	0	0	55	1	68.75
BENIGN	1	1	0	31250	64	0	0	1	0	1	0
DDoS	4	0	5.42434	0.904057	4.4245e+06	0	0	1	6	0	7.5
BENIGN	7	2	4.35711	0.140552	6.40332e+07	0	1	1	32.5	0	36.1111
BENIGN	5	1	40.2854	1.33543	4.49294e+06	0	1	1	32.4286	0	37.8333
BENIGN	2	0	206897	34482.8	58	0	0	1	6	0	9
DDoS	4	0	3.93979	0.656632	6.09169e+06	0	0	1	6	0	7.5
BENIGN	3	1	89552.2	19900.5	201	1	0	0	4.8	0	6
BENIGN	4	4	3420.58	41.4615	192950	0	0	0	77.7778	1	87.5
DDoS	8	5	131.66	0.146754	8.85839e+07	0	0	1	833.5	0	897.615
DDoS	2	6	322528	222.031	36031	0	0	0	1291.22	3	1452.62
DDoS	5	0	3.10598	0.517664	9.65877e+06	0	0	1	6	0	7.2
BENIGN	16	14	150.961	0.591307	5.07351e+07	0	0	0	247.065	0	255.3
DDoS	3	5	11752.7	8.08649	989304	0	0	0	1291.89	1	1453.38
BENIGN	2	0	4e+06	666667	3	0	0	1	6	0	9
BENIGN	1	1	6609.33	84.735	23603	0	0	0	68	1	102
BENIGN	6	6	15567.5	38.3357	313024	0	0	0	374.846	1	406.083
DDoS	8	5	135.79	0.151356	8.589e+07	0	0	1	833.5	0	897.615
BENIGN	1	1	6658.29	83.7521	23880	0	0	0	68	1	102
BENIGN	2	2	213740	3816.79	1048	0	0	0	51.8	1	64.75
BENIGN	2	2	1.38462e+06	21978	182	0	0	0	56.6	1	70.75
DDoS	3	6	348293	269.461	33400	0	0	0	1163.3	2	1292.56
BENIGN	2	0	7.75e+06	500000	4	0	1	1	20.6667	0	31
DDoS	3	5	7197.64	4.94981	1.61622e+06	0	0	0	1292.56	1	1454.12
BENIGN	2	2	1.35556e+06	14814.8	270	0	0	0	81	1	101.25
BENIGN	2	2	3022.13	43.4839	91988	0	0	0	63	1	78.75
DDoS	5	0	7.33926	1.22321	4.08761e+06	0	0	1	6	0	7.2
DDoS	3	5	685665	471.531	16966	0	0	0	1292.56	1	1454.12
BENIGN	2	0	3.7e+07	2e+06	1	0	1	1	22.6667	0	34
DDoS	3	5	15470.7	10.6392	751938	0	0	0	1292.56	1	1454.12
BENIGN	5	1	32.7948	1.08712	5.51917e+06	0	1	1	32.4286	0	37.8333
DDoS	9	6	145.048	0.186549	8.04078e+07	0	0	1	729.312	0	777.933
DDoS	3	6	7058.7	5.46104	1.64804e+06	0	0	0	1163.3	2	1292.56
BENIGN	5	7	7239.95	33.596	357185	0	0	0	198.923	1	215.5
BENIGN	1	1	0	36363.6	55	0	0	1	0	1	0
BENIGN	6	4	84.8839	1.74658	5.72547e+06	0	0	0	44.1818	0	48.6
DDoS	5	0	2.9859	0.497651	1.00472e+07	0	0	1	6	0	7.2
BENIGN	3	3	6.10316	0.0997792	6.01328e+07	0	0	0	58.7143	1	68.5
DDoS	4	0	2.40103	0.400171	9.99572e+06	0	0	1	6	0	7.5
BENIGN	105	272	5364.5	3.40034	1.10871e+08	0	0	1	1573.46	2	1577.63
DDoS	3	5	625108	430.108	18600	0	0	0	1291.89	1	1453.38
DDoS	3	6	8863.91	6.8612	1.31172e+06	0	0	0	1162.7	2	1291.89
DDoS	5	0	9.51485	1.58581	3.15297e+06	0	0	1	6	0	7.2
BENIGN	117	174	2856.58	2.58491	1.12576e+08	0	0	0	1101.32	1	1105.1
DDoS	3	6	239673	185.521	48512	0	0	0	1162.7	2	1291.89
DDoS	3	4	9061.09	5.4552	1.28318e+06	0	0	0	1453.38	1	1661
DDoS	4	0	5.75138	0.958564	4.17291e+06	0	0	1	6	0	7.5
DDoS	2	6	69301.7	47.7079	167687	0	0	0	1291.22	3	1452.62
BENIGN	2	2	6579.58	129.011	31005	0	0	0	47.8	1	59.75
BENIGN	10	5	9297.78	86.197	174020	0	0	0	101.125	0	107.867
DDoS	3	6	25063	19.3902	464151	0	0	0	1163.3	2	1292.56
DDoS	5	0	2.60514	0.43419	1.15157e+07	0	0	1	6	0	7.2
DDoS	5	0	4.0447	0.674117	7.4171e+06	0	0	1	6	0	7.2
DDoS	5	0	6.37506	1.06251	4.70584e+06	0	0	1	6	0	7.2
DDoS	8	5	144.52	0.16117	8.06601e+07	0	0	1	833.071	0	897.154
DDoS	8	5	116.805	0.130195	9.98502e+07	0	0	1	833.5	0	897.615
DDoS	8	6	124.536	0.149491	9.36513e+07	0	0	1	777.933	0	833.5
DDoS	3	6	180547	139.682	64432	0	0	0	1163.3	2	1292.56
BENIGN	7	7	478.422	1.33931	1.04531e+07	0	0	0	333.4	1	357.214
BENIGN	3	1	0	0.654497	6.11156e+06	0	0	0	0	0	0
DDoS	3	5	19041.2	13.0946	610937	0	0	0	1292.56	1	1454.12
DDoS	5	0	2.74205	0.457008	1.09407e+07	0	0	1	6	0	7.2
DDoS	3	5	23616.6	16.2495	492323	0	0	0	1291.89	1	1453.38
DDoS	3	5	6314.72	4.34262	1.8422e+06	0	0	0	1292.56	1	1454.12
DDoS	8	6	159.726	0.191731	7.30188e+07	0	0	1	777.933	0	833.5
BENIGN	3	0	6045.24	585.023	5128	0	0	1	7.75	0	10.3333
BENIGN	2	2	7248.82	168.577	23728	0	0	0	41.4	1	51.75
DDoS	5	0	150.673	25.1121	199107	0	0	1	6	0	7.2
DDoS	3	6	61319.6	47.4651	189613	0	0	0	1162.7	2	1291.89
DDoS	5	0	15.1832	2.53053	1.97587e+06	0	0	1	6	0	7.2
BENIGN	10	5	10795.7	86.5037	173403	0	0	0	117	0	124.8
DDoS	3	4	49197.9	29.6042	236453	0	0	0	1454.12	1	1661.86
BENIGN	1	1	196721	32786.9	61	0	0	1	6	1	9
BENIGN	2	2	1.23308e+06	30075.2	133	0	0	0	39.4	1	49.25
BENIGN	3	0	97178.7	9404.39	319	0	0	1	7.75	0	10.3333
BENIGN	1	1	0	36363.6	55	0	0	1	0	1	0
BENIGN	1	1	4380.41	64.895	30819	0	0	0	58.3333	1	87.5
DDoS	3	6	6485.94	5.01792	1.79357e+06	0	0	0	1163.3	2	1292.56
DDoS	8	7	113.201	0.145665	1.02976e+08	0	0	1	728.938	0	777.533
BENIGN	14	12	7557.99	25.5404	1.018e+06	0	0	0	284.963	0	295.923
BENIGN	2	0	1.23333e+07	666667	3	0	1	1	24.6667	0	37
DDoS	3	5	283324	194.842	41059	0	0	0	1292.56	1	1454.12
BENIGN	12	11	672.889	3.69454	6.2254e+06	0	0	0	174.542	0	182.13
DDoS	3	5	40107.2	27.5816	290048	0	0	0	1292.56	1	1454.12
BENIGN	2	0	250000	41666.7	48	0	0	1	6	0	9
DDoS	3	4	96419.2	58.0489	120588	0	0	0	1453.38	1	1661
BENIGN	4	2	8086.09	124.401	48231	0	0	0	62	0	72.3333
DDoS	3	5	6624.37	4.55557	1.75609e+06	0	0	0	1292.56	1	1454.12
DDoS	5	0	2.68655	0.447759	1.11667e+07	0	0	1	6	0	7.2
BENIGN	8	11	4506.79	9.95687	1.90823e+06	0	0	0	430	1	452.632
BENIGN	2	0	1.23333e+07	666667	3	0	1	1	24.6667	0	37
BENIGN	1	1	2342.96	40.3959	49510	0	0	0	53.3333	1	80
BENIGN	2	2	2.4e+06	23529.4	170	0	0	0	89.2	1	111.5
DDoS	3	5	59835.9	41.1491	194415	0	0	0	1292.56	1	1454.12
BENIGN	1	1	622.054	9.71959	205770	0	0	0	61.3333	1	92
DDoS	3	6	22179.2	17.168	524230	0	0	0	1162.7	2	1291.89
BENIGN	33	36	306.921	0.591403	1.16672e+08	0	0	0	511.557	1	518.971
DDoS	3	5	706293	485.968	16462	0	0	0	1291.89	1	1453.38
BENIGN	8	7	1047.32	2.86466	5.23622e+06	0	0	0	342.75	0	365.6
BENIGN	2	2	1.38667e+06	26666.7	150	0	0	0	50.4	1	63
BENIGN	1	1	122449	20408.2	98	0	0	1	6	1	9
BENIGN	12	8	281.318	1.26039	1.58682e+07	0	0	0	212.571	0	223.2
BENIGN	29	42	252251	340.291	208645	0	0	0	730.986	1	741.282
DDoS	5	0	4.40795	0.734659	6.80588e+06	0	0	1	6	0	7.2
BENIGN	2	2	1.02793e+06	22346.4	179	0	0	0	43.2	1	54
DDoS	4	0	7.34826	1.22471	3.26608e+06	0	0	1	6	0	7.5
BENIGN	2	0	73619.6	12269.9	163	0	0	1	6	0	9
DDoS	3	4	190907	114.935	60904	0	0	0	1453.38	1	1661
DDoS	3	6	13264.3	10.2674	876565	0	0	0	1162.7	2	1291.89
DDoS	3	4	683298	411.378	17016	0	0	0	1453.38	1	1661
DDoS	4	0	5.42029	0.903382	4.4278e+06	0	0	1	6	0	7.5
DDoS	3	6	306624	237.223	37939	0	0	0	1163.3	2	1292.56
BENIGN	10	10	34.6241	0.302526	6.611e+07	0	0	0	109	1	114.45
BENIGN	2	2	1.78744e+06	19323.7	207	0	0	0	82	1	102.5
BENIGN	2	0	2915.45	485.909	4116	0	0	1	6	0	9
BENIGN	20	25	4766.55	348.206	129234	0	0	0	13.3913	1	13.6889
BENIGN	1	1	0	32258.1	62	0	0	1	0	1	0
DDoS	4	0	4.40779	0.734631	5.44491e+06	0	0	1	6	0	7.5
DDoS	3	6	18920.9	14.6383	614824	0	0	0	1163.3	2	1292.56
BENIGN	52	0	3016.24	17.3347	2.99976e+06	0	0	0	174	0	177.346
BENIGN	10	7	14108.7	208.927	81368	0	0	0	63.7778	0	67.5294
DDoS	5	0	4.27418	0.712363	7.01889e+06	0	0	1	6	0	7.2
BENIGN	29	29	174976	286.006	202793	0	0	0	601.424	1	611.793
DDoS	3	6	326720	252.901	35587	0	0	0	1162.7	2	1291.89
DDoS	3	4	9302.13	5.60032	1.24993e+06	0	0	0	1453.38	1	1661
BENIGN	4	4	4725.1	102.719	77882	0	0	0	45.1111	1	50.75
BENIGN	2	2	9226.1	129.036	30999	0	0	0	66	1	82.5
BENIGN	11	10	333.4	1.1899	1.76485e+07	0	0	0	267.455	0	280.19
BENIGN	1	1	3842.77	65.1317	30707	0	0	0	56.3333	1	84.5
DDoS	3	6	12011.2	9.29263	968509	0	0	0	1163.3	2	1292.56
DDoS	3	5	13255.3	9.12033	877161	0	0	0	1291.89	1	1453.38
DDoS	3	7	11832	10.1764	982670	0	0	0	1057	2	1162.7
BENIGN	16	14	43.8097	0.455245	6.58986e+07	0	0	0	93.129	0	96.2333
DDoS	8	5	142.633	0.158984	8.17694e+07	0	0	1	833.5	0	897.615
DDoS	3	4	6615.98	3.98108	1.75832e+06	0	0	0	1454.12	1	1661.86
BENIGN	1	1	3437.37	28.8855	69239	0	0	0	97.6667	1	146.5
BENIGN	1	1	7812.25	63.7735	31361	0	0	0	99.3333	1	149
BENIGN	8	8	271.224	0.908623	1.76091e+07	0	0	0	280.941	1	298.5
DDoS	3	5	385582	265.164	30170	0	0	0	1292.56	1	1454.12
DDoS	8	5	144.253	0.160872	8.08096e+07	0	0	1	833.071	0	897.154
BENIGN	2	2	3.81579e+06	52631.6	76	0	0	0	67.4	1	84.25
BENIGN	2	0	5136.99	856.164	2336	0	0	1	6	0	9
BENIGN	2	2	2.02867e+06	14336.9	279	0	0	0	119.8	1	149.75
BENIGN	2	2	1.7197e+06	15151.5	264	0	0	0	97	1	121.25
BENIGN	1	1	4186.28	41.6545	48014	0	0	0	86	1	129
DDoS	3	6	9443.89	7.30637	1.2318e+06	0	0	0	1163.3	2	1292.56
BENIGN	4	2	6229.15	94.8602	63251	0	0	0	62.4286	0	72.8333
BENIGN	1	1	0	20.6349	96923	0	0	1	0	1	0
BENIGN	2	2	4891.73	65.2231	61328	0	0	0	68.6	1	85.75
DDoS	3	5	8696.53	5.98059	1.33766e+06	0	0	0	1292.56	1	1454.12
BENIGN	2	2	3688.52	65.8664	60729	0	0	0	51	1	63.75
DDoS	3	6	60235.6	46.6019	193125	0	0	0	1163.3	2	1292.56
DDoS	3	4	14713.8	8.85843	790208	0	0	0	1453.38	1	1661
BENIGN	2	2	2e+06	24691.4	162	0	0	0	70.8	1	88.5
BENIGN	2	2	6165.05	82.7523	48337	0	0	0	67.6	1	84.5
BENIGN	13	9	6178.3	19.5347	1.1262e+06	0	0	0	302.522	0	316.273
DDoS	4	0	2.25061	0.375102	1.06638e+07	0	0	1	6	0	7.5
BENIGN	2	0	1800.72	300.12	6664	0	0	1	6	0	9
DDoS	3	4	17958.5	10.8063	647771	0	0	0	1454.12	1	1661.86
DDoS	3	5	6373.31	4.38292	1.82527e+06	0	0	0	1292.56	1	1454.12
BENIGN	2	0	0	500000	4	0	0	1	0	0	0
DDoS	5	0	46.4417	7.74029	645971	0	0	1	6	0	7.2
BENIGN	2	2	705234	11019.3	363	0	0	0	57.8	1	72.25
BENIGN	2	2	5841.88	129.82	30812	0	0	0	41.8	1	52.25
BENIGN	2	2	12107.3	85.2624	46914	0	0	0	119.4	1	149.25
BENIGN	3	4	21276.3	48.6236	143963	0	0	0	382.875	1	437.571
DDoS	8	5	145.293	0.162032	8.02311e+07	0	0	1	833.071	0	897.154
BENIGN	3	0	6.82387	0.553287	5.42214e+06	0	0	1	9.25	0	12.3333
BENIGN	55	68	953.062	1.06333	1.15675e+08	0	0	0	889.073	1	896.301
DDoS	4	0	3.08254	0.513756	7.7858e+06	0	0	1	6	0	7.5
BENIGN	2	2	1.86755e+06	26490.1	151	0	0	0	66.8	1	83.5
BENIGN	2	2	4369.18	74.6868	53557	0	0	0	53	1	66.25
BENIGN	2	0	1.23333e+07	666667	3	0	1	1	24.6667	0	37
DDoS	9	4	164.867	0.183767	7.07419e+07	0	0	1	833.5	0	897.615
BENIGN	1	1	413793	68965.5	29	0	0	1	6	1	9
BENIGN	2	2	7021.65	167.182	23926	0	0	0	40.4	1	50.5
BENIGN	2	2	1.59341e+06	21978	182	0	0	0	66.6	1	83.25
DDoS	3	6	6310.98	4.88256	1.84329e+06	0	0	0	1163.3	2	1292.56
BENIGN	1	1	266667	44444.4	45	0	0	1	6	1	9
DDoS	3	6	162010	125.406	71767	0	0	0	1162.7	2	1291.89
BENIGN	2	2	2.1039e+06	25974	154	0	0	0	75.2	1	94
DDoS	8	4	144.318	0.148488	8.08146e+07	0	0	1	897.615	0	972.417
BENIGN	1	1	280.472	46.7454	42785	0	0	1	6	1	9
DDoS	3	4	7163.19	4.31258	1.62316e+06	0	0	0	1453.38	1	1661
DDoS	4	0	9.44983	1.57497	2.53973e+06	0	0	1	6	0	7.5
BENIGN	2	2	2.12556e+06	17937.2	223	0	0	0	100.8	1	126
DDoS	4	0	7.92877	1.32146	3.02695e+06	0	0	1	6	0	7.5
BENIGN	4	2	8303.15	83.5887	71780	0	0	0	90.1429	0	105.167
DDoS	8	5	141.876	0.158221	8.21635e+07	0	0	1	833.071	0	897.154
BENIGN	2	2	2.99587	0.0417543	9.57986e+07	0	0	0	66.2	1	82.75
BENIGN	2	0	4e+06	666667	3	1	0	0	6	0	9
DDoS	5	0	14.664	2.44399	2.04583e+06	0	0	1	6	0	7.2
BENIGN	3	4	3666.49	19.5621	357835	0	0	0	164	1	187.429
DDoS	4	0	375.657	62.6096	63888	0	0	1	6	0	7.5
BENIGN	9	9	4002.53	16.322	1.1028e+06	0	0	0	232.316	1	245.222
BENIGN	13	16	222.127	0.270738	1.07114e+08	0	1	1	893	1	923.793
DDoS	8	5	115.455	0.128756	1.00966e+08	0	0	1	833.071	0	897.154
BENIGN	2	2	10.7193	0.121122	3.30244e+07	0	0	0	80.4	1	100.5
BENIGN	3	0	0	2138.28	1403	0	0	1	0	0	0
BENIGN	2	0	4e+06	666667	3	0	0	1	6	0	9
BENIGN	1	1	5700.99	65.5287	30521	0	0	0	75.6667	1	113.5
BENIGN	12	10	62.9739	0.362014	6.07712e+07	0	0	0	166.391	0	173.955
BENIGN	1	1	0	12195.1	164	0	0	1	0	1	0
DDoS	3	7	14361.7	12.352	809585	0	0	0	1057	2	1162.7
BENIGN	2	2	1.20792e+06	19802	202	0	0	0	55.4	1	69.25
BENIGN	1	1	0	30769.2	65	0	0	1	0	1	0
DDoS	3	5	15490.9	10.6586	750571	0	0	0	1291.89	1	1453.38
BENIGN	4	2	7714.62	174.014	34480	0	0	0	43.5714	0	50.8333
DDoS	4	0	2.04678	0.34113	1.17257e+07	0	0	1	6	0	7.5
BENIGN	2	2	1.43925e+06	18691.6	214	0	0	0	70.2	1	87.75
BENIGN	3	0	0	0.333254	9.00216e+06	0	0	0	0	0	0
DDoS	5	0	6.18065	1.03011	4.85386e+06	0	0	1	6	0	7.2
DDoS	3	5	96609.1	66.4722	120351	0	0	0	1291.89	1	1453.38
DDoS	3	5	6508.36	4.47579	1.78739e+06	0	0	0	1292.56	1	1454.12
DDoS	4	0	2.32004	0.386673	1.03447e+07	0	0	1	6	0	7.5
BENIGN	2	2	10533.9	55.588	71958	0	0	0	158.4	1	198
BENIGN	2	2	1.84615e+06	21978	182	0	0	0	74.4	1	93
DDoS	5	0	4.9045	0.817417	6.11683e+06	0	0	1	6	0	7.2
BENIGN	2	2	6071.01	83.7381	47768	0	0	0	66.4	1	83
DDoS	8	5	117.714	0.131276	9.90283e+07	0	0	1	833.071	0	897.154
BENIGN	1	2	0	93.9467	31933	0	0	1	0	2	0
BENIGN	2	2	5.95666	0.075163	5.32177e+07	0	0	0	72.6	1	90.75
BENIGN	1	1	0	40816.3	49	0	0	1	0	1	0
BENIGN	4	2	6823.36	49.2069	121934	0	0	0	125.286	0	146.167
BENIGN	2	2	1.05405e+06	18018	222	0	0	0	55	1	68.75
DDoS	8	5	123.497	0.137654	9.44395e+07	0	0	1	833.5	0	897.615
BENIGN	2	0	4e+06	666667	3	0	0	1	6	0	9
BENIGN	1	1	0	27027	74	0	0	1	0	1	0
DDoS	3	4	10269.9	6.17979	1.13272e+06	0	0	0	1454.12	1	1661.86
BENIGN	2	2	4117.61	30.5008	131144	0	0	0	118.2	1	147.75
BENIGN	7	7	61.2255	0.389263	3.59654e+07	0	0	0	146.8	1	157.286
BENIGN	4	2	7551.14	90.2527	66480	0	0	0	77.5714	0	90.5
BENIGN	2	0	3e+06	500000	4	1	0	0	6	0	9
BENIGN	2	0	7.75e+06	500000	4	0	1	1	20.6667	0	31
BENIGN	6	5	248.686	2.80569	3.9206e+06	0	0	0	81.25	0	88.6364
BENIGN	16	14	20.1757	0.259773	1.15486e+08	0	0	0	75.1613	0	77.6667
BENIGN	1	1	0	9661.84	207	0	0	1	0	1	0
BENIGN	2	2	1.62238e+06	27972	143	0	0	0	56.4	1	70.5
DDoS	4	0	11.7648	1.9608	2.03998e+06	0	0	1	6	0	7.5
DDoS	4	0	4.15883	0.693138	5.77086e+06	0	0	1	6	0	7.5
DDoS	5	0	20.3932	3.39887	1.47108e+06	0	0	1	6	0	7.2
DDoS	3	6	10254.9	7.93384	1.13438e+06	0	0	0	1163.3	2	1292.56
DDoS	4	0	2.39695	0.399492	1.00127e+07	0	0	1	6	0	7.5
BENIGN	7	4	76.8932	1.85082	5.94331e+06	0	0	0	38.0833	0	41.5455
BENIGN	2	2	1.69343e+06	29197.1	137	0	0	0	56.4	1	70.5
BENIGN	2	0	0	7142.86	280	0	0	1	0	0	0
BENIGN	2	2	1.36765e+06	14705.9	272	0	0	0	83	1	103.75
BENIGN	9	9	2036.6	5.71186	3.15134e+06	0	0	0	337.789	1	356.556
BENIGN	3	0	7051.87	682.439	4396	0	0	1	7.75	0	10.3333
DDoS	3	4	155854	93.8313	74602	0	0	0	1453.38	1	1661
DDoS	2	6	16319.7	11.2346	712084	0	0	0	1291.22	3	1452.62
DDoS	8	6	151.702	0.182193	7.68416e+07	0	0	1	777.533	0	833.071
DDoS	3	6	8694.71	6.72676	1.33794e+06	0	0	0	1163.3	2	1292.56
DDoS	3	6	14037.5	10.8603	828708	0	0	0	1163.3	2	1292.56
BENIGN	1	1	5185.09	62.8496	31822	0	0	0	73.3333	1	110
BENIGN	1	1	7168.69	65.1699	30689	0	0	0	88.6667	1	133
DDoS	3	4	9026.43	5.43434	1.28811e+06	0	0	0	1453.38	1	1661
DDoS	3	4	9345.17	5.62623	1.24417e+06	0	0	0	1453.38	1	1661
DDoS	5	0	4.30662	0.71777	6.96602e+06	0	0	1	6	0	7.2
DDoS	3	6	53584.8	41.4779	216983	0	0	0	1162.7	2	1291.89
BENIGN	3	4	27717.4	147.77	47371	0	0	0	164.125	1	187.571
BENIGN	2	2	3.9667e+06	4439.51	901	0	0	0	1009.2	1	1261.5
BENIGN	1	1	522.466	87.0777	22968	0	0	1	6	1	9
BENIGN	26	24	140.815	0.425757	1.17438e+08	0	0	0	324.255	0	330.74
BENIGN	2	2	719764	11799.4	339	0	0	0	55.4	1	69.25
BENIGN	2	2	2.44541e+06	17467.2	229	0	0	0	120.8	1	151
BENIGN	3	3	0.199589	0.0665295	9.01855e+07	0	0	1	3.42857	1	4
BENIGN	1	1	5728.4	42.5903	46959	0	0	0	112.667	1	169
DDoS	8	6	141.849	0.17036	8.2179e+07	0	0	1	777.533	0	833.071
DDoS	3	4	248102	149.292	46888	0	0	0	1454.12	1	1661.86
DDoS	3	4	47182.9	28.4063	246424	0	0	0	1453.38	1	1661
DDoS	3	4	107925	64.9423	107788	0	0	0	1454.12	1	1661.86
BENIGN	2	2	1.94332e+06	16194.3	247	0	0	0	107.2	1	134
DDoS	5	0	13.4231	2.23718	2.23495e+06	0	0	1	6	0	7.2
BENIGN	2	2	2.16425e+06	19323.7	207	0	0	0	96.4	1	120.5
DDoS	5	0	9.16311	1.52718	3.274e+06	0	0	1	6	0	7.2
DDoS	8	6	143.093	0.171765	8.15066e+07	0	0	1	777.933	0	833.5
DDoS	5	0	8.92865	1.48811	3.35997e+06	0	0	1	6	0	7.2
BENIGN	4	4	14873.3	232.396	34424	0	0	0	62.4444	1	70.25
DDoS	3	6	57773.3	44.7201	201252	0	0	0	1162.7	2	1291.89
BENIGN	11	9	81.6139	0.221566	9.02665e+07	0	0	0	350.81	0	368.35
DDoS	3	6	262840	203.454	44236	0	0	0	1162.7	2	1291.89
BENIGN	1	1	2990.06	33.0393	60534	0	0	0	81.6667	1	122.5
BENIGN	6	10	3024.37	27.1701	588883	0	0	0	104.765	1	111.312
DDoS	3	5	11871.8	8.16419	979889	0	0	0	1292.56	1	1454.12
DDoS	4	0	5.31233	0.885389	4.51779e+06	0	0	1	6	0	7.5
DDoS	3	4	6341.02	3.81759	1.83362e+06	0	0	0	1453.38	1	1661
BENIGN	11	6	15180.5	120.762	140773	0	0	0	118.722	0	125.706
DDoS	9	6	121.582	0.156369	9.5927e+07	0	0	1	729.312	0	777.933
BENIGN	3	4	41932.4	108.875	64294	0	0	0	337	1	385.143
BENIGN	1	3	558140	93023.3	43	0	0	1	6	3	7.5
DDoS	5	0	3.02189	0.503648	9.92756e+06	0	0	1	6	0	7.2
BENIGN	2	0	4e+06	666667	3	0	0	1	6	0	9
BENIGN	2	2	9298.75	128.259	31187	0	0	0	66.6	1	83.25
BENIGN	1	1	0	38461.5	52	0	0	1	0	1	0
BENIGN	2	2	394850	17167.4	233	0	0	0	23	1	28.75
BENIGN	6	6	71.855	0.966659	1.24139e+07	0	0	0	71.3077	1	77.25
BENIGN	1	1	0	60606.1	33	0	0	1	0	1	0
BENIGN	1	1	400000	66666.7	30	0	0	1	6	1	9
DDoS	3	5	6870.87	4.72509	1.69309e+06	0	0	0	1292.56	1	1454.12
BENIGN	7	7	133291	328.708	42591	0	0	0	378.467	1	405.5
BENIGN	2	2	7449.1	169.298	23627	0	0	0	42.4	1	53
BENIGN	2	2	1699.84	28.3306	141190	0	0	0	55.2	1	69
DDoS	9	5	130.365	0.156407	8.95103e+07	0	0	1	778.333	0	833.929
DDoS	4	0	2.9625	0.493751	8.10126e+06	0	0	1	6	0	7.5
DDoS	3	6	27312.7	21.1416	425700	0	0	0	1162.7	2	1291.89
DDoS	5	0	9.48183	1.5803	3.16395e+06	0	0	1	6	0	7.2
DDoS	8	4	161.944	0.166709	7.19815e+07	0	0	1	897.154	0	971.917
BENIGN	2	2	1.65306e+06	20408.2	196	0	0	0	70.8	1	88.5
DDoS	5	0	10.3986	1.73311	2.88499e+06	0	0	1	6	0	7.2
DDoS	2	6	6362.73	4.38016	1.82642e+06	0	0	0	1291.22	3	1452.62
BENIGN	2	2	1.56667e+06	16666.7	240	0	0	0	82.8	1	103.5
BENIGN	2	2	1.37063e+06	27972	143	0	0	0	47.4	1	59.25
DDoS	5	0	3.03878	0.506463	9.87239e+06	0	0	1	6	0	7.2
DDoS	7	6	1151.7	1.28438	1.01216e+07	0	0	1	833.071	0	897.154
DDoS	3	4	20813.6	12.5307	558626	0	0	0	1453.38	1	1661
BENIGN	1	1	4900.34	33.1104	60404	0	0	0	115.333	1	173
BENIGN	4	2	7335.53	98.6842	60800	0	0	0	69	0	80.5
DDoS	3	6	21586.7	16.7008	538897	0	0	0	1163.3	2	1292.56
BENIGN	12	7	3479.85	9.04476	2.10066e+06	0	0	0	365.5	0	384.737
BENIGN	2	2	1.81935e+06	25806.5	155	0	0	0	64	1	80
DDoS	3	6	342701	265.135	33945	0	0	0	1163.3	2	1292.56
BENIGN	18	15	11.6911	0.284518	1.15986e+08	0	0	0	39.8824	0	41.0909
BENIGN	2	2	1764.8	26.9435	148459	0	0	0	58.8	1	73.5
DDoS	5	0	7.91781	1.31964	3.78893e+06	0	0	1	6	0	7.2
BENIGN	2	0	55045.9	9174.31	218	0	0	1	6	0	9
BENIGN	7	0	0	0.110851	6.31476e+07	0	0	0	0	0	0
BENIGN	2	2	1.3617e+06	17021.3	235	0	0	0	70.4	1	88
BENIGN	2	2	508287	22099.4	181	0	0	0	23	1	28.75
BENIGN	2	2	2.46667e+06	16666.7	240	0	0	0	135.2	1	169
DDoS	4	0	3.94482	0.657471	6.08392e+06	0	0	1	6	0	7.5
BENIGN	2	0	4e+06	666667	3	0	0	1	6	0	9
DDoS	3	6	796097	616.227	14605	0	0	0	1162.7	2	1291.89
DDoS	5	0	7.4554	1.24257	4.02393e+06	0	0	1	6	0	7.2
BENIGN	2	2	9354.9	129.929	30786	0	0	0	66.4	1	83
DDoS	3	6	6474.44	5.01161	1.79583e+06	0	0	0	1162.7	2	1291.89
BENIGN	2	2	2660.64	50.2008	79680	0	0	0	49.8	1	62.25
BENIGN	4	0	2.59482	0.280522	1.42592e+07	0	0	1	7.4	0	9.25
BENIGN	6	6	32634.4	94.7299	126676	0	0	0	318	1	344.5
BENIGN	1	1	0	666667	3	0	0	1	0	1	0
DDoS	3	6	80583.8	62.3446	144359	0	0	0	1163.3	2	1292.56
DDoS	3	8	280111	264.869	41530	0	0	0	969.417	2	1057.55
BENIGN	1	2	0	61224.5	49	0	0	1	0	2	0
DDoS	3	6	6819.57	5.27604	1.70583e+06	0	0	0	1163.3	2	1292.56
DDoS	4	0	11.7589	1.95982	2.04101e+06	0	0	1	6	0	7.5
DDoS	4	0	406.387	67.7312	59057	0	0	1	6	0	7.5
BENIGN	2	2	6676.42	65.7776	60811	0	0	0	88.4	1	110.5
BENIGN	2	0	4e+06	666667	3	0	0	1	6	0	9
DDoS	3	6	13128.4	10.1569	886093	0	0	0	1163.3	2	1292.56
DDoS	3	6	229960	177.911	50587	0	0	0	1163.3	2	1292.56
DDoS	5	0	4.23978	0.70663	7.07584e+06	0	0	1	6	0	7.2
DDoS	4	0	2.40605	0.401009	9.97484e+06	0	0	1	6	0	7.5
DDoS	5	0	3.17396	0.528993	9.45193e+06	0	0	1	6	0	7.2
BENIGN	1	1	0	83333.3	24	0	0	1	0	1	0
BENIGN	1	1	0	24691.4	81	0	0	1	0	1	0
DDoS	3	5	27039.9	18.5953	430216	0	0	0	1292.56	1	1454.12
DDoS	8	5	128.246	0.142947	9.09426e+07	0	0	1	833.5	0	897.615
BENIGN	2	2	1.26316e+06	16194.3	247	0	0	0	70.8	1	88.5
DDoS	3	6	23223.6	17.9672	500912	0	0	0	1163.3	2	1292.56
BENIGN	2	2	1.48495e+06	13377.9	299	0	0	0	98.2	1	122.75
BENIGN	5	1	32.8407	1.16594	5.14606e+06	0	1	1	30.7143	0	35.8333
DDoS	3	4	18748.6	11.2817	620474	0	0	0	1454.12	1	1661.86
BENIGN	18	19	52.1891	0.314085	1.17802e+08	0	0	0	161.789	1	166.162
BENIGN	1	1	1550.79	23.4968	85118	0	0	0	63.3333	1	95
BENIGN	8	8	41.831	0.367745	4.35084e+07	0	0	0	107.059	1	113.75
BENIGN	2	2	5996.24	127.579	31353	0	0	0	45.4	1	56.75
BENIGN	3	0	7.75e+06	750000	4	0	0	1	7.75	0	10.3333
BENIGN	10	7	1073.49	3.32107	5.11883e+06	0	0	0	305.278	0	323.235
DDoS	3	4	342016	205.804	34013	0	0	0	1454.12	1	1661.86
BENIGN	2	2	3467.41	55.4785	72100	0	0	0	57.4	1	71.75
DDoS	8	4	126.142	0.129854	9.24114e+07	0	0	1	897.154	0	971.917
BENIGN	2	2	2.08421e+06	21052.6	190	0	0	0	86.2	1	107.75
DDoS	8	6	161.354	0.193785	7.22451e+07	0	0	1	777.533	0	833.071
BENIGN	17	15	111.234	0.467002	6.85223e+07	0	0	0	230.97	0	238.188
BENIGN	2	0	1.2e+07	2e+06	1	0	0	1	6	0	9
BENIGN	2	0	43321.3	7220.22	277	0	0	1	6	0	9
BENIGN	2	2	1.62581e+06	25806.5	155	0	0	0	59.8	1	74.75
BENIGN	1	1	4059.02	33.2707	60113	0	0	0	100.667	1	151
BENIGN	8	6	883.245	2.45541	5.7017e+06	0	0	0	335.733	0	359.714
DDoS	5	0	16.1555	2.69258	1.85696e+06	0	0	1	6	0	7.2
BENIGN	2	2	8649.28	130.064	30754	0	0	0	60	1	75
BENIGN	1	1	236.88	6.23369	320837	0	0	0	38	1	57
DDoS	3	5	108938	74.9162	106786	0	0	0	1292.56	1	1454.12
DDoS	4	0	2.1068	0.351133	1.13917e+07	0	0	1	6	0	7.5
DDoS	3	6	6702.7	5.1883	1.73467e+06	0	0	0	1162.7	2	1291.89
BENIGN	13	14	81.0236	0.414404	6.51539e+07	0	0	0	188.536	1	195.519
BENIGN	4	0	0	53.7014	74486	0	0	1	0	0	0
DDoS	3	4	10065.2	6.05974	1.15517e+06	0	0	0	1453.38	1	1661
DDoS	8	6	1112.5	1.3361	1.04782e+07	0	0	1	777.533	0	833.071
BENIGN	3	0	5769.23	961.538	3120	0	0	1	6	0	8
DDoS	5	0	3.31685	0.552809	9.04472e+06	0	0	1	6	0	7.2
DDoS	4	0	4.63149	0.771914	5.18192e+06	0	0	1	6	0	7.5
BENIGN	17	32	1023.8	0.934628	5.24273e+07	0	0	0	1073.5	1	1095.41
BENIGN	2	2	13841.7	129.362	30921	0	0	0	98.8	1	123.5
BENIGN	3	0	1.225e+07	750000	4	0	0	1	13.75	0	18.3333
DDoS	3	4	259531	156.25	44800	0	0	0	1453.38	1	1661
DDoS	3	4	59876.9	36.0301	194282	0	0	0	1454.12	1	1661.86
BENIGN	2	0	18.0027	0.339673	5.88801e+06	0	1	1	53	0	79.5
BENIGN	1	3	216867	48192.8	83	0	0	1	3.6	3	4.5
BENIGN	2	0	235294	39215.7	51	0	0	1	6	0	9
BENIGN	2	2	1.74684e+06	25316.5	158	0	0	0	64	1	80
BENIGN	2	2	1.81643e+06	19323.7	207	0	0	0	84.4	1	105.5
BENIGN	2	2	6659.57	109.173	36639	0	0	0	55.2	1	69
DDoS	8	6	1457.21	1.7501	7.99953e+06	0	0	1	777.533	0	833.071
DDoS	3	6	150299	116.281	77399	0	0	0	1163.3	2	1292.56
DDoS	8	5	128.229	0.142929	9.09544e+07	0	0	1	833.5	0	897.615
DDoS	8	5	131.609	0.146772	8.85729e+07	0	0	1	833.071	0	897.154
DDoS	3	4	26652.3	16.046	436247	0	0	0	1453.38	1	1661
DDoS	3	6	6235.4	4.82408	1.86564e+06	0	0	0	1163.3	2	1292.56
DDoS	3	4	8190.61	4.92859	1.42028e+06	0	0	0	1454.12	1	1661.86
DDoS	4	0	3.30722	0.551204	7.25684e+06	0	0	1	6	0	7.5
DDoS	3	4	25809	15.5302	450734	0	0	0	1454.12	1	1661.86
BENIGN	2	0	9.25e+06	500000	4	0	1	1	24.6667	0	37
DDoS	8	5	162.281	0.180885	7.1869e+07	0	0	1	833.5	0	897.615
BENIGN	13	11	6342.09	26.207	915787	0	0	0	232.32	0	242
BENIGN	8	6	809.91	2.7615	5.0697e+06	0	0	0	273.733	0	293.286
BENIGN	3	4	27011.5	144.006	48609	0	0	0	164.125	1	187.571
DDoS	4	0	4.9868	0.831134	4.8127e+06	0	0	1	6	0	7.5
DDoS	4	0	1.98764	0.331274	1.20746e+07	0	0	1	6	0	7.5
DDoS	5	0	5.81858	0.969764	5.1559e+06	0	0	1	6	0	7.2
BENIGN	3	1	563218	45977	87	0	0	1	11	0	13.75
BENIGN	2	0	1.2e+07	2e+06	1	1	0	0	6	0	9
BENIGN	30	28	205.271	0.53141	1.09144e+08	0	0	0	379.729	0	386.276
DDoS	9	5	155.81	0.186935	7.48923e+07	0	0	1	778.333	0	833.929
BENIGN	2	2	5000.52	69.4517	57594	0	0	0	66	1	82.5
BENIGN	1	1	3412.31	42.9221	46596	0	0	0	66.6667	1	100
DDoS	8	4	144.442	0.148616	8.0745e+07	0	0	1	897.615	0	972.417
BENIGN	10	4	15539.9	130.823	107015	0	0	0	110.867	0	118.786
DDoS	3	5	6324.39	4.34928	1.83939e+06	0	0	0	1292.56	1	1454.12
DDoS	3	5	53752.6	36.9846	216306	0	0	0	1291.89	1	1453.38
DDoS	8	7	164.754	0.211894	7.07902e+07	0	0	1	729.312	0	777.933
BENIGN	1	1	1196.81	17.8629	111964	0	0	0	59	1	88.5
DDoS	4	0	2.048	0.341333	1.17188e+07	0	0	1	6	0	7.5
DDoS	3	5	115952	79.7814	100274	0	0	0	1291.89	1	1453.38
BENIGN	3	1	2.06932	0.689772	5.79901e+06	0	0	0	2.4	0	3
BENIGN	1	1	2293.95	32.7708	61030	0	0	0	64.6667	1	97
DDoS	3	6	58928.1	45.5904	197410	0	0	0	1163.3	2	1292.56
BENIGN	10	6	970.296	2.82422	5.66528e+06	0	0	0	323.353	0	343.562
DDoS	5	0	1674.29	279.049	17918	0	0	1	6	0	7.2
DDoS	3	5	14606.5	10.0501	796014	0	0	0	1291.89	1	1453.38
BENIGN	2	0	454.563	75.7604	26399	0	0	1	6	0	9
DDoS	5	0	2.49214	0.415357	1.20378e+07	0	0	1	6	0	7.2
DDoS	3	5	13006.8	8.94935	893920	0	0	0	1291.89	1	1453.38
DDoS	4	0	15.9789	2.66315	1.50198e+06	0	0	1	6	0	7.5
BENIGN	2	2	1.57769e+06	15936.3	251	0	0	0	86.2	1	107.75
BENIGN	2	2	21387.3	166.438	24033	0	0	0	110.4	1	138
BENIGN	2	3	182.619	16.6018	301173	0	0	1	9.16667	1	11
BENIGN	7	7	444.696	1.26746	1.10457e+07	0	0	0	327.467	1	350.857
DDoS	3	4	6166.25	3.71046	1.88656e+06	0	0	0	1454.12	1	1661.86
BENIGN	180	0	0	1.57197	1.14506e+08	0	0	0	0	0	0
DDoS	3	5	6348.45	4.36582	1.83242e+06	0	0	0	1292.56	1	1454.12
BENIGN	2	2	3645.24	65.0936	61450	0	0	0	53	1	66.25
DDoS	3	5	6175.63	4.24697	1.88369e+06	0	0	0	1292.56	1	1454.12
DDoS	5	0	4.17191	0.695318	7.19096e+06	0	0	1	6	0	7.2
BENIGN	9	11	103.288	0.43371	4.61138e+07	0	0	0	226.81	1	238.15
DDoS	3	5	175394	120.618	66325	0	0	0	1292.56	1	1454.12
DDoS	4	0	2.39671	0.399451	1.00137e+07	0	0	1	6	0	7.5
DDoS	5	0	3.1316	0.521934	9.57976e+06	0	0	1	6	0	7.2
BENIGN	3	3	8.09567	0.0610994	9.82007e+07	0	0	0	121.714	1	142
BENIGN	1	1	0	34482.8	58	0	0	1	0	1	0
DDoS	3	4	9547.89	5.74532	1.21838e+06	0	0	0	1454.12	1	1661.86
DDoS	5	0	7.3058	1.21763	4.10633e+06	0	0	1	6	0	7.2
BENIGN	16	14	15.6892	0.260474	1.15175e+08	0	0	0	58.2903	0	60.2333
DDoS	3	6	290697	225.017	39997	0	0	0	1162.7	2	1291.89
BENIGN	43	61	550546	578.755	179696	0	0	0	942.2	1	951.26
BENIGN	1	1	375000	62500	32	0	0	1	6	1	9
DDoS	3	4	6318.86	3.80425	1.84005e+06	0	0	0	1453.38	1	1661
DDoS	4	0	2.40067	0.400111	9.99723e+06	0	0	1	6	0	7.5
DDoS	5	0	2.71108	0.451846	1.10657e+07	0	0	1	6	0	7.2
DDoS	4	0	4.07265	0.678775	5.89297e+06	0	0	1	6	0	7.5
BENIGN	1	1	3743.72	65.6793	30451	0	0	0	54.3333	1	81.5
DDoS	5	0	7.49008	1.24835	4.0053e+06	0	0	1	6	0	7.2
BENIGN	2	2	1.24138e+06	15325.7	261	0	0	0	70.8	1	88.5
DDoS	4	0	1.98205	0.330342	1.21086e+07	0	0	1	6	0	7.5
DDoS	5	0	5.1512	0.858534	5.82388e+06	0	0	1	6	0	7.2
BENIGN	1	1	0	57142.9	35	0	0	1	0	1	0
DDoS	3	5	7157.91	4.92248	1.6252e+06	0	0	0	1292.56	1	1454.12
BENIGN	6	6	222.732	3.45321	3.47502e+06	0	0	0	62.1538	1	67.3333
BENIGN	10	5	17534.3	247.66	60567	0	0	0	66.375	0	70.8
DDoS	3	4	12815.2	7.71135	907753	0	0	0	1454.12	1	1661.86
BENIGN	2	2	16471.8	164.718	24284	0	0	0	87.2	1	109
BENIGN	1	1	0	9803.92	204	0	0	1	0	1	0
BENIGN	2	2	6031.73	80.423	49737	0	0	0	69	1	86.25
BENIGN	2	2	68.4564	22.8188	175294	1	0	0	3.6	1	4.5
DDoS	3	5	44568.3	30.6496	261015	0	0	0	1292.56	1	1454.12
BENIGN	10	6	5593.28	38.8591	411744	0	0	0	135.471	0	143.938
BENIGN	2	2	5074.69	81.8498	48870	0	0	0	57.2	1	71.5
BENIGN	2	2	9523.81	126.984	31500	0	0	0	69.4	1	86.75
DDoS	4	0	5.37071	0.895118	4.46869e+06	0	0	1	6	0	7.5
BENIGN	10	8	21508.7	87.9701	204615	0	0	0	231.632	0	244.5
DDoS	3	6	7311.8	5.65686	1.59099e+06	0	0	0	1163.3	2	1292.56
BENIGN	2	0	0	666667	3	0	0	1	0	0	0
DDoS	4	0	2.54811	0.424684	9.41876e+06	0	0	1	6	0	7.5
BENIGN	8	6	601.931	1.97911	7.0739e+06	0	0	0	283.867	0	304.143
DDoS	3	4	417172	251.157	27871	0	0	0	1453.38	1	1661
DDoS	8	4	160.331	0.165048	7.27061e+07	0	0	1	897.154	0	971.917
DDoS	3	6	11961.6	9.259	972027	0	0	0	1162.7	2	1291.89
BENIGN	2	2	15574.3	127.137	31462	0	0	0	104.8	1	131
DDoS	5	0	3.43167	0.571944	8.74211e+06	0	0	1	6	0	7.2
DDoS	4	0	3.97445	0.662408	6.03858e+06	0	0	1	6	0	7.5
BENIGN	3	3	5.19622	0.0622301	9.64163e+07	0	0	0	78.7143	1	91.8333
DDoS	5	0	337.01	56.1684	89018	0	0	1	6	0	7.2
BENIGN	1	1	603	10.3077	194030	0	0	0	52.6667	1	79
BENIGN	7	10	6938.93	15.7219	1.08129e+06	0	0	0	416.833	1	441.353
DDoS	3	5	139912	96.2175	83145	0	0	0	1292.56	1	1454.12
DDoS	3	5	59103.3	40.6452	196825	0	0	0	1292.56	1	1454.12
BENIGN	1	1	315789	52631.6	38	0	0	1	6	1	9
DDoS	3	5	12857.4	8.84661	904301	0	0	0	1291.89	1	1453.38
BENIGN	1	1	4356.89	62.2413	32133	0	0	0	65.3333	1	98
DDoS	8	4	141.87	0.145969	8.22093e+07	0	0	1	897.615	0	972.417
BENIGN	2	2	1.18182e+06	15151.5	264	0	0	0	70.8	1	88.5
DDoS	3	6	6768.25	5.23633	1.71876e+06	0	0	0	1163.3	2	1292.56
DDoS	3	6	309204	239.343	37603	0	0	0	1162.7	2	1291.89
DDoS	8	6	133.188	0.159958	8.75231e+07	0	0	1	777.533	0	833.071
BENIGN	3	2	228.958	63.5995	78617	1	0	0	4	0	4.8
BENIGN	4	2	5246.62	62.2129	96443	0	0	0	77.1429	0	90
BENIGN	2	2	6456.12	82.2436	48636	0	0	0	71.8	1	89.75
DDoS	3	6	447664	346.34	25986	0	0	0	1163.3	2	1292.56
DDoS	9	5	114.426	0.137354	1.01926e+08	0	0	1	777.933	0	833.5
DDoS	4	0	584.895	97.4825	41033	0	0	1	6	0	7.5
DDoS	3	5	17705.5	12.176	657028	0	0	0	1292.56	1	1454.12
DDoS	5	0	2.67482	0.445804	1.12157e+07	0	0	1	6	0	7.2
DDoS	3	5	6476.9	4.45415	1.79608e+06	0	0	0	1292.56	1	1454.12
BENIGN	8	6	735.321	2.39184	5.85322e+06	0	0	0	286.933	0	307.429
DDoS	9	6	164.931	0.212012	7.07506e+07	0	0	1	729.688	0	778.333
DDoS	5	0	3.82514	0.637524	7.84284e+06	0	0	1	6	0	7.2
DDoS	4	0	6.03487	1.00581	3.97689e+06	0	0	1	6	0	7.5
DDoS	3	5	9423.87	6.48079	1.23442e+06	0	0	0	1292.56	1	1454.12
DDoS	8	4	144.168	0.14841	8.0857e+07	0	0	1	897.154	0	971.917
BENIGN	1	1	2197.01	32.7912	60992	0	0	0	61.6667	1	92.5
BENIGN	1	1	2178.18	24.0683	83097	0	0	0	81.6667	1	122.5
BENIGN	2	1	87378.6	14563.1	206	0	0	1	6	0	8
BENIGN	2	0	0	666667	3	0	0	1	0	0	0
BENIGN	3	1	5233.75	128.436	31144	0	0	1	33.8	0	42.25
BENIGN	3	4	11229.9	61.5098	113803	0	0	0	159.75	1	182.571
BENIGN	6	3	139.684	1.61796	5.56255e+06	0	0	0	77.7	0	86.3333
BENIGN	11	6	23130.5	146.123	116340	0	0	0	149.5	0	158.294
BENIGN	2	2	2.3617e+06	21276.6	188	0	0	0	98.2	1	122.75
DDoS	5	0	14.5067	2.41778	2.06801e+06	0	0	1	6	0	7.2
DDoS	3	5	27696.5	19.0468	420017	0	0	0	1292.56	1	1454.12
DDoS	3	4	13518.2	8.13859	860100	0	0	0	1453.38	1	1661
BENIGN	2	1	207729	14492.8	207	0	1	1	20	0	26.6667
DDoS	3	6	490239	379.475	23717	0	0	0	1162.7	2	1291.89
BENIGN	1	1	0	37037	54	0	0	1	0	1	0
DDoS	3	6	15286.4	11.8265	761002	0	0	0	1163.3	2	1292.56
DDoS	5	0	2.98481	0.497468	1.00509e+07	0	0	1	6	0	7.2
BENIGN	2	2	3359.39	42.2565	94660	0	0	0	70.2	1	87.75
BENIGN	1	1	2240.7	39.3105	50877	0	0	0	52.3333	1	78.5
DDoS	8	6	115.729	0.138919	1.00778e+08	0	0	1	777.933	0	833.5
DDoS	8	6	119.1	0.143038	9.78761e+07	0	0	1	777.533	0	833.071
DDoS	8	5	162.697	0.181348	7.16852e+07	0	0	1	833.5	0	897.615
DDoS	3	6	10419.5	8.06117	1.11646e+06	0	0	0	1163.3	2	1292.56
BENIGN	2	2	1.63057e+06	25477.7	157	0	0	0	58.8	1	73.5
DDoS	5	0	13.0502	2.17504	2.29881e+06	0	0	1	6	0	7.2
DDoS	4	0	14.354	2.39233	1.67201e+06	0	0	1	6	0	7.5
DDoS	3	6	7471.7	5.78056	1.55694e+06	0	0	0	1163.3	2	1292.56
DDoS	3	6	140339	108.575	82892	0	0	0	1163.3	2	1292.56
BENIGN	2	0	0	10471.2	191	0	0	1	0	0	0
BENIGN	2	2	1293.44	23.9527	166996	0	0	0	50.6	1	63.25
DDoS	3	6	10520.1	8.13897	1.10579e+06	0	0	0	1163.3	2	1292.56
DDoS	9	5	142.441	0.170895	8.19217e+07	0	0	1	778.333	0	833.929
BENIGN	2	0	1.03333e+07	666667	3	0	1	1	20.6667	0	31
BENIGN	2	2	13286.3	128.37	31160	0	0	0	92.6	1	115.75
DDoS	3	6	9548.24	7.3871	1.21834e+06	0	0	0	1163.3	2	1292.56
DDoS	5	0	7.39299	1.23217	4.0579e+06	0	0	1	6	0	7.2
DDoS	8	6	145.201	0.174297	8.03229e+07	0	0	1	777.933	0	833.5
BENIGN	2	0	3e+06	500000	4	1	0	0	6	0	9
DDoS	3	6	16280.5	12.5956	714537	0	0	0	1163.3	2	1292.56
DDoS	3	5	7034.29	4.83747	1.65376e+06	0	0	0	1292.56	1	1454.12
DDoS	4	0	3.90953	0.651588	6.13885e+06	0	0	1	6	0	7.5
DDoS	3	5	20680.3	14.2218	562515	0	0	0	1292.56	1	1454.12
DDoS	4	0	3.95257	0.658762	6.07199e+06	0	0	1	6	0	7.5
DDoS	8	6	143.638	0.17242	8.11971e+07	0	0	1	777.933	0	833.5
DDoS	3	5	27249.2	18.7489	426692	0	0	0	1291.89	1	1453.38
DDoS	5	0	5.8584	0.976399	5.12086e+06	0	0	1	6	0	7.2
BENIGN	4	1	272.137	56.6951	88191	1	0	0	5	0	6
BENIGN	1	1	0	85.9143	23279	0	0	1	0	1	0
BENIGN	2	2	1.48624e+06	18348.6	218	0	0	0	70.8	1	88.5
BENIGN	2	2	2.15238e+06	19047.6	210	0	0	0	97	1	121.25
DDoS	5	0	3.10375	0.517292	9.66572e+06	0	0	1	6	0	7.2
BENIGN	13	0	3.25e+07	650000	20	0	0	0	50	0	53.8462
DDoS	3	4	315214	189.774	36886	0	0	0	1453.38	1	1661
DDoS	3	6	107870	83.498	107787	0	0	0	1162.7	2	1291.89
DDoS	3	6	442740	342.531	26275	0	0	0	1163.3	2	1292.56
DDoS	5	0	26.8345	4.47242	1.11796e+06	0	0	1	6	0	7.2
DDoS	4	0	2.75079	0.458465	8.72478e+06	0	0	1	6	0	7.5
DDoS	4	0	3.17747	0.529578	7.55318e+06	0	0	1	6	0	7.5
BENIGN	2	2	12304.1	168.549	23732	0	0	0	64.6	1	80.75
BENIGN	2	2	919643	17857.1	224	0	0	0	47.8	1	59.75
BENIGN	1	1	9765.29	85.6604	23348	0	0	0	92.6667	1	139
DDoS	4	0	3.23719	0.539532	7.41383e+06	0	0	1	6	0	7.5
BENIGN	2	2	3502.24	37.0607	107931	0	0	0	82.6	1	103.25
DDoS	5	0	17.8246	2.97077	1.68306e+06	0	0	1	6	0	7.2
BENIGN	10	5	1835.63	15.8883	944088	0	0	0	108.312	0	115.533
BENIGN	2	0	4e+06	666667	3	0	0	1	6	0	9
BENIGN	18	14	38268.2	175.819	182005	0	0	0	211.061	0	217.656
BENIGN	1	1	319392	3802.28	526	0	0	0	74.6667	1	112
BENIGN	1	1	342857	57142.9	35	0	0	1	6	1	9
DDoS	8	4	137.323	0.141364	8.48872e+07	0	0	1	897.154	0	971.917
DDoS	5	0	7.36359	1.22726	4.0741e+06	0	0	1	6	0	7.2
DDoS	5	0	4.19415	0.699025	7.15282e+06	0	0	1	6	0	7.2
BENIGN	2	0	49.9981	8.33302	240009	0	0	1	6	0	9
DDoS	3	5	86566.7	59.5318	134382	0	0	0	1292.56	1	1454.12
BENIGN	2	2	2.05797e+06	19323.7	207	0	0	0	92	1	115
DDoS	8	4	126.596	0.130321	9.20805e+07	0	0	1	897.154	0	971.917
DDoS	5	0	3.74728	0.624547	8.0058e+06	0	0	1	6	0	7.2
BENIGN	2	0	9.24143	0.249768	8.00742e+06	0	1	1	37	0	55.5
DDoS	8	6	114.346	0.137259	1.01997e+08	0	0	1	777.933	0	833.5
BENIGN	7	2	4.35622	0.140523	6.40463e+07	0	1	1	32.5	0	36.1111
BENIGN	16	15	48.9792	0.264292	1.17295e+08	0	0	0	179.531	0	185.323
BENIGN	2	1	0	54545.5	55	0	0	1	0	0	0
BENIGN	3	0	120787	8426.97	356	0	0	1	12.25	0	16.3333
BENIGN	7	2	4.06003	0.140001	6.42852e+07	0	1	1	30.7	0	34.1111
DDoS	3	5	65566.1	45.0897	177424	0	0	0	1292.56	1	1454.12
DDoS	3	6	114062	88.2457	101988	0	0	0	1163.3	2	1292.56
DDoS	8	6	148.646	0.178523	7.84211e+07	0	0	1	777.533	0	833.071
DDoS	8	5	118.697	0.132303	9.8259e+07	0	0	1	833.5	0	897.615
DDoS	4	0	2.96085	0.493475	8.10578e+06	0	0	1	6	0	7.5
BENIGN	4	2	1621.16	29.6554	202324	0	0	0	51.7143	0	60.3333
DDoS	3	5	9239.95	6.3543	1.25899e+06	0	0	0	1292.56	1	1454.12
DDoS	9	5	157.329	0.188757	7.41695e+07	0	0	1	778.333	0	833.929
BENIGN	15	12	35.2991	0.442879	6.09647e+07	0	0	0	76.8571	0	79.7037
BENIGN	2	2	1.60209e+06	20942.4	191	0	0	0	67.8	1	84.75
BENIGN	2	2	2.08889e+06	22222.2	180	0	0	0	81.2	1	101.5
BENIGN	1	1	109091	18181.8	110	0	0	1	6	1	9
DDoS	5	0	7.41123	1.23521	4.04791e+06	0	0	1	6	0	7.2
BENIGN	1	1	6988.26	64.7061	30909	0	0	0	90.3333	1	135.5
DDoS	8	4	1169.36	1.20377	9.96871e+06	0	0	1	897.154	0	971.917
BENIGN	1	1	203390	33898.3	59	0	0	1	6	1	9
BENIGN	25	27	179.344	0.450526	1.15421e+08	0	0	0	390.566	1	398.077
DDoS	5	0	109.091	18.1819	274999	0	0	1	6	0	7.2
DDoS	3	6	53867.6	41.6968	215844	0	0	0	1162.7	2	1291.89
BENIGN	3	1	91370.6	20304.6	197	1	0	0	4.8	0	6
DDoS	4	0	4.51956	0.75326	5.31025e+06	0	0	1	6	0	7.5
BENIGN	9	9	467.021	1.20297	1.49629e+07	0	0	0	367.789	1	388.222
BENIGN	2	2	1.81818e+06	20202	198	0	0	0	83.6	1	104.5
DDoS	8	5	116.292	0.129623	1.00291e+08	0	0	1	833.5	0	897.615
BENIGN	1	1	421.882	70.3136	28444	0	0	1	6	1	9
DDoS	8	6	145.168	0.174346	8.03003e+07	0	0	1	777.533	0	833.071
BENIGN	10	5	13284.3	103.622	144757	0	0	0	120.188	0	128.2
BENIGN	2	0	3e+06	500000	4	1	0	0	6	0	9
DDoS	4	0	2.50161	0.416935	9.59381e+06	0	0	1	6	0	7.5
BENIGN	2	2	4184.92	65.3894	61172	0	0	0	59.2	1	74
DDoS	4	0	3.96835	0.661392	6.04785e+06	0	0	1	6	0	7.5
BENIGN	2	2	12782.8	168.194	23782	0	0	0	67.6	1	84.5
BENIGN	1	1	5366.73	894.454	2236	1	0	1	6	1	9
BENIGN	2	2	4.66667e+06	5649.72	708	0	0	0	711.6	1	889.5
BENIGN	2	0	1.8e+07	666667	3	0	0	0	27	0	40.5
BENIGN	1	1	155844	25974	77	0	0	1	6	1	9
BENIGN	2	2	7457.56	130.834	30573	0	0	0	55.4	1	69.25
BENIGN	37	45	55.841	0.686398	1.19464e+08	0	0	0	80.3735	1	81.3537
BENIGN	2	0	175355	9478.67	211	0	1	1	24.6667	0	37
BENIGN	2	0	0	666667	3	0	0	1	0	0	0
BENIGN	1	1	560.478	6.87704	290823	0	0	0	69	1	103.5
DDoS	4	0	2.9892	0.4982	8.0289e+06	0	0	1	6	0	7.5
DDoS	8	5	161.936	0.180499	7.20225e+07	0	0	1	833.5	0	897.615
DDoS	5	0	7.90777	1.31796	3.79374e+06	0	0	1	6	0	7.2
DDoS	3	4	23231.4	13.9864	500487	0	0	0	1453.38	1	1661
DDoS	5	0	2.72191	0.453651	1.10217e+07	0	0	1	6	0	7.2
DDoS	3	5	97663.6	67.1631	119113	0	0	0	1292.56	1	1454.12
BENIGN	2	2	1.30357e+06	17857.1	224	0	0	0	66.6	1	83.25
DDoS	5	0	7.45354	1.24226	4.02494e+06	0	0	1	6	0	7.2
DDoS	4	0	4.42882	0.738137	5.41905e+06	0	0	1	6	0	7.5
BENIGN	1	1	0	33333.3	60	0	0	1	0	1	0
DDoS	5	0	7.50959	1.2516	3.99489e+06	0	0	1	6	0	7.2
BENIGN	29	39	287987	348.448	195151	0	0	0	814.507	1	826.485
BENIGN	3	1	0	0.791478	5.05383e+06	0	0	0	0	0	0
DDoS	5	0	13.6431	2.27384	2.19892e+06	0	0	1	6	0	7.2
BENIGN	1	1	3292.65	32.7627	61045	0	0	0	86.3333	1	129.5
DDoS	5	0	5.68411	0.947352	5.27787e+06	0	0	1	6	0	7.2
BENIGN	2	2	17291.1	142.313	28107	0	0	0	103.4	1	129.25
DDoS	4	0	11.842	1.97366	2.02669e+06	0	0	1	6	0	7.5
DDoS	3	4	29174.9	17.5556	398733	0	0	0	1454.12	1	1661.86
BENIGN	3	4	27861.9	148.201	47233	0	0	0	164.5	1	188
DDoS	4	0	2.90725	0.484542	8.25521e+06	0	0	1	6	0	7.5
BENIGN	2	1	0	7092.2	423	0	0	1	0	0	0
BENIGN	1	1	235294	39215.7	51	0	0	1	6	1	9
BENIGN	20	15	33.1896	0.299854	1.16723e+08	0	0	1	107.611	0	110.686
BENIGN	13	0	1.80556e+07	361111	36	0	0	0	50	0	53.8462
DDoS	5	0	4.51004	0.751673	6.65183e+06	0	0	1	6	0	7.2
BENIGN	2	1	3515.43	210.926	14223	0	1	1	22	0	29.3333
BENIGN	1	1	480000	80000	25	0	0	1	6	1	9
BENIGN	1	1	111111	18518.5	108	0	0	1	6	1	9
BENIGN	1	1	5210.71	65.1339	30706	0	0	0	71	1	106.5
BENIGN	1	1	1020.71	21.2648	94052	0	0	0	48	1	72
BENIGN	2	0	27724	1289.49	1551	0	1	1	26.6667	0	40
DDoS	3	4	6468.79	3.89251	1.79833e+06	0	0	0	1454.12	1	1661.86
DDoS	4	0	3.53391	0.588985	6.79135e+06	0	0	1	6	0	7.5
DDoS	3	4	106061	63.8209	109682	0	0	0	1454.12	1	1661.86
BENIGN	1	1	72289.2	12048.2	166	0	0	1	6	1	9
BENIGN	8	8	872.101	3.1555	5.07052e+06	0	0	0	260.118	1	276.375
BENIGN	2	0	1.23333e+07	666667	3	0	1	1	22.6667	0	34
DDoS	8	5	159.554	0.177936	7.30601e+07	0	0	1	833.071	0	897.154
BENIGN	3	4	27071	145.991	47948	0	0	0	162.25	1	185.429
BENIGN	8	5	385.152	0.890604	1.45968e+07	0	0	0	401.571	0	432.462
DDoS	3	5	42273.2	29.0863	275044	0	0	0	1291.89	1	1453.38
DDoS	5	0	2.53364	0.422274	1.18407e+07	0	0	1	6	0	7.2
BENIGN	8	6	707.493	2.40819	5.81349e+06	0	0	0	274.2	0	293.786
DDoS	4	0	7.60731	1.26789	3.15486e+06	0	0	1	6	0	7.5
DDoS	3	4	6292.62	3.7865	1.84867e+06	0	0	0	1454.12	1	1661.86
DDoS	3	6	208915	161.629	55683	0	0	0	1163.3	2	1292.56
DDoS	8	5	125.709	0.140191	9.27303e+07	0	0	1	833.071	0	897.154
DDoS	3	6	8227.63	6.36539	1.4139e+06	0	0	0	1163.3	2	1292.56
BENIGN	2	2	1.30496e+06	28368.8	141	0	0	0	43.2	1	54
DDoS	3	5	19892.1	13.6798	584804	0	0	0	1292.56	1	1454.12
BENIGN	8	5	882.555	2.46948	5.26426e+06	0	0	0	331.857	0	357.385
DDoS	4	0	3.20478	0.534131	7.48881e+06	0	0	1	6	0	7.5
BENIGN	2	2	4.32338	0.0714609	5.59747e+07	0	0	0	60.6	1	75.75
DDoS	5	0	20.619	3.43649	1.45497e+06	0	0	1	6	0	7.2
BENIGN	15	15	135891	186.962	160460	0	0	0	703.387	1	726.833
BENIGN	2	0	3.7e+07	2e+06	1	0	1	1	24.6667	0	37
BENIGN	2	2	1.24706e+06	23529.4	170	0	0	0	51.4	1	64.25
DDoS	5	0	2.54741	0.424569	1.17767e+07	0	0	1	6	0	7.2
DDoS	3	5	181239	124.638	64186	0	0	0	1292.56	1	1454.12
DDoS	3	4	549350	330.735	21165	0	0	0	1453.38	1	1661
BENIGN	2	0	9.25e+06	500000	4	0	1	1	24.6667	0	37
BENIGN	2	0	1.23333e+07	666667	3	0	1	1	22.6667	0	34
BENIGN	2	0	857143	142857	14	0	0	1	6	0	9
DDoS	5	0	14.7928	2.46547	2.02801e+06	0	0	1	6	0	7.2
BENIGN	1	1	1032	21.5001	93023	0	0	0	48	1	72
BENIGN	2	2	1.872e+06	16000	250	0	0	0	109	1	136.25
DDoS	3	6	249876	193.419	46531	0	0	0	1162.7	2	1291.89
DDoS	8	6	151.402	0.181833	7.69938e+07	0	0	1	777.533	0	833.071
BENIGN	2	0	27272.7	4545.45	440	0	0	1	6	0	9
BENIGN	8	5	785.083	2.21968	5.85671e+06	0	0	0	328.429	0	353.692
BENIGN	3	0	170968	9677.42	310	0	0	1	13.25	0	17.6667
BENIGN	2	2	1.38182e+06	24242.4	165	0	0	0	53	1	66.25
BENIGN	1	1	5156.19	85.9365	23273	0	0	0	57.3333	1	86
DDoS	4	0	4.80782	0.801304	4.99187e+06	0	0	1	6	0	7.5
DDoS	8	5	156.393	0.174321	7.45751e+07	0	0	1	833.5	0	897.615
BENIGN	2	2	837.627	29.9153	133711	0	0	0	28	1	35
DDoS	5	0	7.38752	1.23125	4.0609e+06	0	0	1	6	0	7.2
DDoS	3	7	214953	184.874	54091	0	0	0	1057	2	1162.7
BENIGN	1	2	6e+06	1.5e+06	2	0	0	1	3	2	4
DDoS	3	4	8568.46	5.15862	1.35695e+06	0	0	0	1453.38	1	1661
BENIGN	1	1	7223.27	65.0745	30734	0	0	0	89.6667	1	134.5
BENIGN	2	2	2.06061e+06	20202	198	0	0	0	89.2	1	111.5
DDoS	8	4	1455.54	1.49837	8.0087e+06	0	0	1	897.154	0	971.917
DDoS	6	0	11.7076	1.95127	3.07492e+06	0	0	1	6	0	7
DDoS	5	0	158.681	26.4469	189058	0	0	1	6	0	7.2
BENIGN	3	2	308.409	12.4358	402064	0	0	1	29.5	0	35.4
BENIGN	2	2	3042.04	32.0215	124916	0	0	0	82.2	1	102.75
BENIGN	46	42	487.534	0.929219	9.47032e+07	0	0	0	518.775	0	524.67
DDoS	4	0	11.8869	1.98115	2.01903e+06	0	0	1	6	0	7.5
BENIGN	1	1	3883.87	64.7312	30897	0	0	0	55.3333	1	83
DDoS	3	5	11223.3	7.71825	1.0365e+06	0	0	0	1292.56	1	1454.12
DDoS	8	5	123.402	0.137619	9.44636e+07	0	0	1	833.071	0	897.154
DDoS	3	4	74324.2	44.7236	156517	0	0	0	1454.12	1	1661.86
BENIGN	18	16	210.28	0.485899	6.99735e+07	0	0	0	420.4	0	432.765
BENIGN	10	5	13423.9	115.524	129843	0	0	0	108.938	0	116.2
BENIGN	3	3	1435.3	92.5997	64795	0	0	0	13.2857	1	15.5
DDoS	5	0	2.44126	0.406877	1.22887e+07	0	0	1	6	0	7.2
DDoS	9	6	163.829	0.210596	7.12266e+07	0	0	1	729.688	0	778.333
BENIGN	14	9	23259.6	75.031	306540	0	0	0	297.083	0	310
BENIGN	6	7	247.746	1.86815	6.95875e+06	0	0	0	123.143	1	132.615
BENIGN	2	0	70175.4	11695.9	171	0	0	1	6	0	9
DDoS	3	4	10943.5	6.58508	1.06301e+06	0	0	0	1454.12	1	1661.86
DDoS	3	4	17276.6	10.396	673339	0	0	0	1454.12	1	1661.86
BENIGN	2	2	1.52679e+06	17857.1	224	0	0	0	75.4	1	94.25
BENIGN	2	0	0	6514.66	307	0	0	1	0	0	0
DDoS	5	0	4.21317	0.702195	7.12053e+06	0	0	1	6	0	7.2
BENIGN	15	10	21577.8	64.5191	387482	0	0	0	321.577	0	334.44
BENIGN	12	10	47162.7	197.973	111126	0	0	0	227.87	0	238.227
BENIGN	2	0	0	666667	3	0	0	1	0	0	0
BENIGN	6	6	40305.6	93.264	128667	0	0	0	398.923	1	432.167
BENIGN	2	2	1.69325e+06	24539.9	163	0	0	0	64.8	1	81
DDoS	5	0	4.90849	0.818081	6.11186e+06	0	0	1	6	0	7.2
DDoS	8	6	1421.67	1.70654	8.20373e+06	0	0	1	777.933	0	833.5
DDoS	4	0	5.97306	0.99551	4.01804e+06	0	0	1	6	0	7.5
DDoS	3	6	17432.6	13.4939	666969	0	0	0	1162.7	2	1291.89
BENIGN	1	1	1016.27	15.0558	132839	0	0	0	59	1	88.5
DDoS	6	0	4.23831	0.706386	8.49394e+06	0	0	1	6	0	7
BENIGN	1	1	514.866	6.05725	330183	0	0	0	75.3333	1	113
BENIGN	1	1	974.777	10.1013	197994	0	0	0	80.3333	1	120.5
DDoS	4	0	5.92196	0.986993	4.05271e+06	0	0	1	6	0	7.5
BENIGN	3	0	8.6e+06	600000	5	0	0	1	12.25	0	16.3333
BENIGN	10	5	9949.98	79.7274	188141	0	0	0	117	0	124.8
DDoS	3	4	373055	224.597	31167	0	0	0	1453.38	1	1661
DDoS	8	5	130.359	0.145378	8.94223e+07	0	0	1	833.071	0	897.154
DDoS	3	6	208433	161.339	55783	0	0	0	1162.7	2	1291.89
BENIGN	2	2	2.74725e+06	14652	273	0	0	0	158.8	1	198.5
BENIGN	1	1	75000	12500	160	0	0	1	6	1	9
DDoS	4	0	4.10475	0.684126	5.84688e+06	0	0	1	6	0	7.5
BENIGN	1	1	2367.66	23.9157	83627	0	0	0	82.6667	1	124
DDoS	3	5	647059	445.211	17969	0	0	0	1291.89	1	1453.38
DDoS	5	0	9.31113	1.55186	3.22195e+06	0	0	1	6	0	7.2
DDoS	3	6	7467.35	5.7772	1.55785e+06	0	0	0	1163.3	2	1292.56
DDoS	3	5	16178.3	11.1258	719049	0	0	0	1292.56	1	1454.12
DDoS	3	5	142826	98.221	81449	0	0	0	1292.56	1	1454.12
DDoS	3	4	22252.2	13.3969	522509	0	0	0	1453.38	1	1661
DDoS	3	5	23409.3	16.0986	496939	0	0	0	1292.56	1	1454.12
DDoS	2	4	14851.4	7.6679	782483	0	0	0	1660.14	2	1936.83
BENIGN	2	2	1.11211e+06	17937.2	223	0	0	0	58.4	1	73
BENIGN	1	1	5928.92	65.1529	30697	0	0	0	80	1	120
BENIGN	2	2	11626	164.908	24256	0	0	0	64.4	1	80.5
DDoS	5	0	2.69526	0.449211	1.11306e+07	0	0	1	6	0	7.2
DDoS	5	0	2.49986	0.416644	1.20007e+07	0	0	1	6	0	7.2
BENIGN	1	1	5466.27	65.4643	30551	0	0	0	72.6667	1	109
BENIGN	1	1	0	13245	151	0	0	1	0	1	0
BENIGN	2	0	1.03333e+07	666667	3	0	1	1	20.6667	0	31
BENIGN	2	0	2.17647e+06	117647	17	0	1	1	24.6667	0	37
BENIGN	2	0	130435	21739.1	92	0	0	1	6	0	9
DDoS	3	5	202613	139.336	57415	0	0	0	1292.56	1	1454.12
BENIGN	2	2	1.01911e+06	25477.7	157	0	0	0	38.4	1	48
DDoS	3	5	124777	85.8535	93182	0	0	0	1291.89	1	1453.38
BENIGN	26	22	131837	240.204	199830	0	0	0	537.653	0	548.854
DDoS	3	6	323206	250.181	35974	0	0	0	1162.7	2	1291.89
BENIGN	1	1	153846	25641	78	0	0	1	6	1	9
DDoS	5	0	7.91169	1.31861	3.79186e+06	0	0	1	6	0	7.2
BENIGN	2	1	407.905	39.4747	75998	0	1	1	15.5	0	20.6667
BENIGN	1	1	1298.87	17.3183	115485	0	0	0	65.6667	1	98.5
DDoS	8	4	141.727	0.145897	8.22499e+07	0	0	1	897.154	0	971.917
DDoS	3	4	11123.2	6.69671	1.04529e+06	0	0	0	1453.38	1	1661
DDoS	4	0	18.9566	3.15943	1.26605e+06	0	0	1	6	0	7.5
BENIGN	2	2	3418.54	43.5483	91852	0	0	0	69.2	1	86.5
BENIGN	2	2	17801.9	128.999	31008	0	0	0	117.2	1	146.5
BENIGN	1	1	0	16528.9	121	0	0	1	0	1	0
BENIGN	2	2	3953.56	67.0095	59693	0	0	0	56.2	1	70.25
DDoS	3	5	17047.1	11.7293	682051	0	0	0	1291.89	1	1453.38
DDoS	4	0	11.5721	1.92868	2.07395e+06	0	0	1	6	0	7.5
BENIGN	2	2	4739.43	81.7144	48951	0	0	0	52.4	1	65.5
BENIGN	2	2	1.17791e+06	24539.9	163	0	0	0	46.4	1	58
BENIGN	1	1	0	52631.6	38	0	0	1	0	1	0
DDoS	5	0	3.82321	0.637201	7.84681e+06	0	0	1	6	0	7.2
DDoS	3	6	9694.01	7.49988	1.20002e+06	0	0	0	1163.3	2	1292.56
DDoS	8	6	143.833	0.172743	8.10452e+07	0	0	1	777.533	0	833.071
BENIGN	37	46	568.25	0.70964	1.16961e+08	0	0	0	791.226	1	800.759
DDoS	5	0	3.91399	0.652332	7.66481e+06	0	0	1	6	0	7.2
BENIGN	5	3	6372.2	58.9336	135746	0	0	0	96.1111	0	108.125
BENIGN	3	0	7.75e+06	750000	4	0	0	1	7.75	0	10.3333
DDoS	5	0	4.36617	0.727695	6.87101e+06	0	0	1	6	0	7.2
BENIGN	3	0	23378.6	2262.44	1326	0	0	1	7.75	0	10.3333
DDoS	3	6	9848.37	7.62324	1.1806e+06	0	0	0	1162.7	2	1291.89
DDoS	5	0	3.7333	0.622217	8.03579e+06	0	0	1	6	0	7.2
DDoS	5	0	11.2911	1.88185	2.65696e+06	0	0	1	6	0	7.2
DDoS	3	5	183809	126.47	63256	0	0	0	1291.89	1	1453.38
BENIGN	24	21	129.352	0.384949	1.16898e+08	0	0	0	328.717	0	336.022
DDoS	3	5	134075	92.2031	86765	0	0	0	1292.56	1	1454.12
BENIGN	1	1	2393.58	41.2686	48463	0	0	0	55.3333	1	83
DDoS	4	0	2.21653	0.369422	1.08277e+07	0	0	1	6	0	7.5
BENIGN	2	2	1e+06	21276.6	188	0	0	0	45.4	1	56.75
DDoS	8	5	143.828	0.160316	8.10896e+07	0	0	1	833.5	0	897.615
DDoS	6	0	37.1552	6.19253	968909	0	0	1	6	0	7
BENIGN	3	1	350.018	77.7817	51426	1	0	0	4.8	0	6
DDoS	3	6	13537.1	10.4732	859339	0	0	0	1163.3	2	1292.56
DDoS	3	5	15578.5	10.7133	746734	0	0	0	1292.56	1	1454.12
BENIGN	2	2	653465	19802	202	0	0	0	31.4	1	39.25
BENIGN	2	1	1.77342e+06	5110.73	587	0	0	1	261.75	0	349
DDoS	4	0	2.14609	0.357681	1.11831e+07	0	0	1	6	0	7.5
BENIGN	2	2	4564.78	46.343	86313	0	0	0	87.2	1	109
BENIGN	4	2	608.062	9.3548	641382	0	0	0	61.1429	0	71.3333
BENIGN	1	1	4524.89	66.0567	30277	0	0	0	61	1	91.5
BENIGN	2	2	7391.23	167.983	23812	0	0	0	42.4	1	53
DDoS	4	0	2.98744	0.497906	8.03364e+06	0	0	1	6	0	7.5
BENIGN	2	2	5055.96	73.2748	54589	0	0	0	62.6	1	78.25
BENIGN	2	2	410714	17857.1	224	0	0	0	23	1	28.75
BENIGN	2	2	952381	23809.5	168	0	0	0	38.4	1	48
DDoS	2	6	9154.52	6.2988	1.27008e+06	0	0	0	1291.89	3	1453.38
DDoS	4	0	3.98741	0.664568	6.01895e+06	0	0	1	6	0	7.5
DDoS	3	5	264991	182.328	43877	0	0	0	1291.89	1	1453.38
DDoS	3	5	13312.5	9.15496	873843	0	0	0	1292.56	1	1454.12
DDoS	5	0	8.9768	1.49613	3.34195e+06	0	0	1	6	0	7.2
BENIGN	3	1	2.03297	0.677656	5.9027e+06	0	0	0	2.4	0	3
DDoS	3	5	1.16819e+06	803.778	9953	0	0	0	1291.89	1	1453.38
BENIGN	6	7	341.995	0.870729	1.493e+07	0	0	0	364.714	1	392.769
DDoS	3	6	15033.2	11.6306	773823	0	0	0	1163.3	2	1292.56
BENIGN	9	7	85.3734	0.181646	8.80836e+07	0	0	0	442.353	0	470
DDoS	4	0	13.833	2.3055	1.73498e+06	0	0	1	6	0	7.5
DDoS	3	6	412144	319.024	28211	0	0	0	1162.7	2	1291.89
BENIGN	2	2	5.34721	0.0374586	1.06785e+08	0	0	0	123	1	153.75
BENIGN	1	4	136364	56818.2	88	0	0	1	2	4	2.4
DDoS	3	4	498713	300.249	23314	0	0	0	1453.38	1	1661
BENIGN	1	1	3313.21	32.8041	60968	0	0	0	82.6667	1	124
BENIGN	2	2	1.34247e+06	27397.3	146	0	0	0	47.4	1	59.25
BENIGN	1	1	2404.88	32.9435	60710	0	0	0	64.6667	1	97
DDoS	8	5	145.486	0.162247	8.01247e+07	0	0	1	833.071	0	897.154
DDoS	3	5	19814.1	13.6332	586803	0	0	0	1291.89	1	1453.38
BENIGN	1	1	190476	31746	63	0	0	1	6	1	9
BENIGN	1	1	0	111111	18	0	0	1	0	1	0
DDoS	8	6	130.659	0.15684	8.92628e+07	0	0	1	777.933	0	833.5
BENIGN	4	2	5503.6	111.559	53783	0	0	0	47.1429	0	55
BENIGN	1	1	2997.73	33.1241	60379	0	0	0	81.6667	1	122.5
BENIGN	2	0	155.832	25.972	77006	0	0	1	6	0	9
BENIGN	2	0	0	42553.2	47	0	0	1	0	0	0
BENIGN	2	0	4e+06	666667	3	0	0	1	6	0	9
BENIGN	4	2	17854.9	191.988	31252	0	0	0	84.5714	0	98.6667
DDoS	4	0	2.32092	0.386819	1.03407e+07	0	0	1	6	0	7.5
DDoS	8	5	142.813	0.159184	8.16665e+07	0	0	1	833.5	0	897.615
BENIGN	4	1	4186.61	100.158	49921	0	0	1	35.8333	0	43
DDoS	4	0	4.01079	0.668465	5.98386e+06	0	0	1	6	0	7.5
BENIGN	2	2	1397.96	17.2588	231766	0	0	0	71.8	1	89.75
DDoS	3	5	61500.8	42.294	189152	0	0	0	1292.56	1	1454.12
DDoS	4	0	3.23662	0.539437	7.41513e+06	0	0	1	6	0	7.5
BENIGN	2	0	1.96667e+07	666667	3	0	1	1	37.3333	0	56
BENIGN	17	24	3211.12	22.0899	1.85605e+06	0	0	0	141.905	1	145.366
DDoS	5	0	4.99514	0.832523	6.00584e+06	0	0	1	6	0	7.2
BENIGN	2	2	1.98148e+06	18518.5	216	0	0	0	93	1	116.25
BENIGN	2	0	7.75e+06	500000	4	0	1	1	20.6667	0	31
DDoS	3	6	10668.6	8.25391	1.09039e+06	0	0	0	1163.3	2	1292.56
DDoS	4	0	12.0294	2.0049	1.99511e+06	0	0	1	6	0	7.5
DDoS	3	4	141854	85.3586	82007	0	0	0	1454.12	1	1661.86
BENIGN	1	1	0	42553.2	47	0	0	1	0	1	0
BENIGN	2	0	3e+06	500000	4	1	0	0	6	0	9
BENIGN	1	1	150000	25000	80	0	0	1	6	1	9
DDoS	5	0	5.05571	0.842619	5.93388e+06	0	0	1	6	0	7.2
BENIGN	3	1	0	0.763078	5.24193e+06	0	0	0	0	0	0
DDoS	3	4	254596	153.2	45692	0	0	0	1454.12	1	1661.86
DDoS	8	6	145.976	0.175227	7.98965e+07	0	0	1	777.933	0	833.5
DDoS	3	4	20740.7	12.4804	560879	0	0	0	1454.12	1	1661.86
BENIGN	7	4	142.589	2.00829	5.47728e+06	0	0	0	65.0833	0	71
DDoS	3	5	9497.73	6.53495	1.22419e+06	0	0	0	1291.89	1	1453.38
DDoS	4	0	10.261	1.71017	2.33895e+06	0	0	1	6	0	7.5
BENIGN	2	2	1.59259e+06	18518.5	216	0	0	0	75.4	1	94.25
DDoS	8	5	144.266	0.160804	8.0844e+07	0	0	1	833.5	0	897.615
DDoS	3	4	14408.1	8.66986	807395	0	0	0	1454.12	1	1661.86
BENIGN	1	1	181818	30303	66	0	0	1	6	1	9
DDoS	3	6	18421.1	14.259	631179	0	0	0	1162.7	2	1291.89
BENIGN	2	2	6.29228	0.0680246	5.88022e+07	0	0	0	82	1	102.5
DDoS	4	0	2.37321	0.395535	1.01129e+07	0	0	1	6	0	7.5
BENIGN	2	0	0	138.889	14400	0	0	1	0	0	0
BENIGN	2	2	3.71279	0.0495039	8.08017e+07	0	0	0	71.6	1	89.5
DDoS	9	6	141.098	0.181375	8.27016e+07	0	0	1	729.688	0	778.333
DDoS	2	6	9882.16	6.80297	1.17596e+06	0	0	0	1291.22	3	1452.62
DDoS	3	6	304843	235.967	38141	0	0	0	1162.7	2	1291.89
DDoS	3	6	9148.58	7.0779	1.27156e+06	0	0	0	1163.3	2	1292.56
DDoS	3	6	8849.98	6.84689	1.31447e+06	0	0	0	1163.3	2	1292.56
BENIGN	5	0	833.238	143.662	34804	0	0	1	4.83333	0	5.8
BENIGN	2	0	222222	37037	54	0	0	1	6	0	9
DDoS	3	4	230015	138.408	50575	0	0	0	1454.12	1	1661.86
BENIGN	1	1	0	38461.5	52	0	0	1	0	1	0
BENIGN	2	2	5687.51	129.262	30945	0	0	0	42.4	1	53
BENIGN	20	21	1321.34	4.21298	9.73182e+06	0	0	0	306.167	1	313.634
DDoS	3	4	476849	287.085	24383	0	0	0	1453.38	1	1661
DDoS	3	4	6655.41	4.0048	1.7479e+06	0	0	0	1454.12	1	1661.86
BENIGN	2	2	9588.29	168.216	23779	0	0	0	52.4	1	65.5
BENIGN	2	2	1.34902e+06	15686.3	255	0	0	0	75.4	1	94.25
DDoS	3	6	208357	161.198	55832	0	0	0	1163.3	2	1292.56
DDoS	5	0	2.86568	0.477613	1.04687e+07	0	0	1	6	0	7.2
BENIGN	2	0	1.03333e+07	666667	3	0	1	1	20.6667	0	31
DDoS	8	6	125.989	0.151235	9.25713e+07	0	0	1	777.933	0	833.5
DDoS	8	5	164.097	0.182908	7.1074e+07	0	0	1	833.5	0	897.615
DDoS	8	6	161.55	0.194021	7.21572e+07	0	0	1	777.533	0	833.071
BENIGN	11	8	1175.57	3.50918	5.41437e+06	0	0	0	318.25	0	335
DDoS	3	5	18582.4	12.7791	626022	0	0	0	1292.56	1	1454.12
DDoS	5	0	3.38685	0.564475	8.85779e+06	0	0	1	6	0	7.2
DDoS	3	4	337700	203.311	34430	0	0	0	1453.38	1	1661
DDoS	3	5	6125.82	4.21272	1.89901e+06	0	0	0	1292.56	1	1454.12
DDoS	3	4	26724.1	16.0892	435075	0	0	0	1453.38	1	1661
DDoS	3	7	13591.8	11.6899	855440	0	0	0	1057	2	1162.7
DDoS	8	5	129.121	0.143923	9.0326e+07	0	0	1	833.5	0	897.615
DDoS	3	5	212672	146.33	54671	0	0	0	1291.89	1	1453.38
BENIGN	10	5	13823.6	104.989	142872	0	0	0	123.438	0	131.667
DDoS	3	4	11497.5	6.91845	1.01179e+06	0	0	0	1454.12	1	1661.86
DDoS	3	5	26963.2	18.5426	431440	0	0	0	1292.56	1	1454.12
DDoS	3	5	31219.5	21.4807	372428	0	0	0	1291.89	1	1453.38
DDoS	5	0	3.74028	0.62338	8.02079e+06	0	0	1	6	0	7.2
BENIGN	1	1	2261	41.1091	48651	0	0	0	52.3333	1	78.5
BENIGN	35	43	373.485	0.669974	1.16422e+08	0	0	0	550.405	1	557.462
BENIGN	1	1	806.452	14.6628	136400	0	0	0	49.6667	1	74.5
BENIGN	10	6	791.157	2.70077	5.92424e+06	0	0	0	275.706	0	292.938
BENIGN	2	2	1.90717e+06	16877.6	237	0	0	0	97	1	121.25
BENIGN	24	31	4635.23	5.45018	1.00914e+07	0	0	0	835.286	1	850.473
BENIGN	1	1	3127.12	32.2383	62038	0	0	0	81	1	121.5
BENIGN	16	12	76.9941	0.456842	6.12904e+07	0	0	0	162.724	0	168.536
DDoS	4	0	12.8099	2.13498	1.87356e+06	0	0	1	6	0	7.5
DDoS	4	0	2.69731	0.449552	8.89775e+06	0	0	1	6	0	7.5
BENIGN	4	0	235294	78431.4	51	0	0	1	2.4	0	3
BENIGN	2	2	2.06642e+06	14760.1	271	0	0	0	119.6	1	149.5
DDoS	8	3	118.648	0.111961	9.82483e+07	0	0	1	971.917	0	1060.27
BENIGN	1	1	367556	4106.78	487	0	0	0	76	1	114
BENIGN	2	0	1.23333e+07	666667	3	0	1	1	24.6667	0	37
BENIGN	2	0	0	666667	3	0	0	1	0	0	0
DDoS	4	0	31.7428	5.29046	756078	0	0	1	6	0	7.5
BENIGN	2	2	961039	25974	154	0	0	0	35.4	1	44.25
BENIGN	1	1	375000	62500	32	0	0	1	6	1	9
BENIGN	2	0	9.25e+06	500000	4	0	1	1	24.6667	0	37
BENIGN	2	1	178423	12448.1	241	0	1	1	20	0	26.6667
BENIGN	1	1	4615.23	65.4643	30551	0	0	0	63.6667	1	95.5
DDoS	4	0	7.95204	1.32534	3.01809e+06	0	0	1	6	0	7.5
DDoS	4	0	2.55488	0.425814	9.39378e+06	0	0	1	6	0	7.5
BENIGN	1	1	102564	17094	117	0	0	1	6	1	9
BENIGN	10	11	679.971	3.28488	6.39292e+06	0	0	0	197.591	1	207
BENIGN	2	2	1.68473e+06	19704.4	203	0	0	0	75.8	1	94.75
BENIGN	2	0	97.1463	16.1911	123525	0	0	1	6	0	9
BENIGN	6	4	4223.88	53.2646	187742	0	0	0	72.0909	0	79.3
BENIGN	11	6	125.348	1.13346	1.49983e+07	0	0	0	104.444	0	110.588
BENIGN	21	20	56.0744	0.349029	1.17469e+08	0	0	0	156.833	0	160.659
DDoS	4	0	6.38961	1.06494	3.7561e+06	0	0	1	6	0	7.5
DDoS	3	5	9705.78	6.67465	1.19856e+06	0	0	0	1292.56	1	1454.12
BENIGN	7	3	132.289	1.74294	5.73744e+06	0	0	0	69	0	75.9
DDoS	8	5	134.049	0.149493	8.69604e+07	0	0	1	833.071	0	897.154
BENIGN	2	2	1.17757e+06	18691.6	214	0	0	0	56.8	1	71
DDoS	3	6	8036.19	6.21729	1.44758e+06	0	0	0	1163.3	2	1292.56
BENIGN	2	0	0	454.03	4405	0	0	1	0	0	0
BENIGN	17	15	80.7093	0.510414	6.26942e+07	0	0	0	153.333	0	158.125
BENIGN	2	0	0	666667	3	0	0	1	0	0	0
DDoS	4	0	6.40699	1.06783	3.74591e+06	0	0	1	6	0	7.5
DDoS	3	6	470158	363.93	24730	0	0	0	1162.7	2	1291.89
BENIGN	13	8	36233.9	143.109	146741	0	0	0	241.682	0	253.19
DDoS	5	0	11.2361	1.87269	2.66996e+06	0	0	1	6	0	7.2
BENIGN	7	5	98.4041	0.298496	4.02016e+07	0	0	0	304.308	0	329.667
DDoS	5	0	283.565	47.2608	105796	0	0	1	6	0	7.2
DDoS	3	7	29324.5	25.2211	396494	0	0	0	1057	2	1162.7
DDoS	3	5	17637.2	12.1291	659570	0	0	0	1292.56	1	1454.12
BENIGN	1	1	0	32786.9	61	0	0	1	0	1	0
BENIGN	2	2	9.83023	0.127665	3.13319e+07	0	0	0	74	1	92.5
BENIGN	1	1	0	23529.4	85	0	0	1	0	1	0
DDoS	4	0	11.0651	1.84419	2.16898e+06	0	0	1	6	0	7.5
DDoS	4	0	6.52978	1.0883	3.67547e+06	0	0	1	6	0	7.5
BENIGN	10	10	3476.7	14.9439	1.33834e+06	0	0	0	221.571	1	232.65
DDoS	4	0	3.43642	0.572736	6.98402e+06	0	0	1	6	0	7.5
DDoS	8	5	156.779	0.174841	7.43531e+07	0	0	1	833.071	0	897.154
BENIGN	9	9	15.584	0.296211	6.07675e+07	0	0	0	49.8421	1	52.6111
BENIGN	2	2	2.00957e+06	19138.8	209	0	0	0	90.6	1	113.25
BENIGN	2	2	1.56044e+06	21978	182	0	0	0	65.4	1	81.75
DDoS	3	5	9964.82	6.85279	1.16741e+06	0	0	0	1292.56	1	1454.12
DDoS	8	4	145.238	0.149434	8.03029e+07	0	0	1	897.615	0	972.417
BENIGN	16	8	74.149	0.309384	7.75735e+07	0	1	1	246.2	0	256.458
BENIGN	39	37	314.241	0.654418	1.16134e+08	0	0	0	473.948	0	480.184
DDoS	3	6	41795.6	32.3356	278331	0	0	0	1163.3	2	1292.56
DDoS	3	6	18123.7	14.0289	641535	0	0	0	1162.7	2	1291.89
DDoS	5	0	5.85368	0.975613	5.12498e+06	0	0	1	6	0	7.2
DDoS	4	0	2.58709	0.431182	9.27682e+06	0	0	1	6	0	7.5
DDoS	6	0	3.08332	0.513887	1.16757e+07	0	0	1	6	0	7
BENIGN	2	0	0	666667	3	0	0	1	0	0	0
BENIGN	9	7	67540.3	180.589	88599	0	0	0	352	0	374
DDoS	4	0	5.92923	0.988204	4.04775e+06	0	0	1	6	0	7.5
BENIGN	1	1	0	45454.5	44	0	0	1	0	1	0
DDoS	4	0	2.98924	0.498206	8.0288e+06	0	0	1	6	0	7.5
BENIGN	3	2	11919.1	54.7753	91282	0	0	0	181.333	0	217.6
DDoS	8	6	154.466	0.185417	7.55055e+07	0	0	1	777.933	0	833.5
BENIGN	2	2	8730.77	65.399	61163	0	0	0	116.8	1	146
DDoS	4	0	55.428	9.238	432994	0	0	1	6	0	7.5
DDoS	4	0	5.99439	0.999064	4.00375e+06	0	0	1	6	0	7.5
DDoS	5	0	13.0665	2.17775	2.29595e+06	0	0	1	6	0	7.2
BENIGN	3	3	0.199412	0.0664705	9.02655e+07	0	0	1	3.42857	1	4
BENIGN	38	55	3501.15	3.6898	2.52046e+07	0	1	1	942.872	1	953.011
BENIGN	1	1	157895	26315.8	76	0	0	1	6	1	9
BENIGN	4	2	6352.1	97.7246	61397	0	0	0	61.5714	0	71.8333
DDoS	3	4	26798.7	16.1341	433865	0	0	0	1453.38	1	1661
BENIGN	1	1	5335.14	64.6684	30927	0	0	0	72.3333	1	108.5
BENIGN	2	2	2.23585e+06	18867.9	212	0	0	0	100.8	1	126
BENIGN	2	1	462500	37500	80	0	1	1	17	0	22.6667
DDoS	5	0	3.24228	0.540379	9.25276e+06	0	0	1	6	0	7.2
BENIGN	10	6	2260.74	35.7076	448084	0	0	0	59.5882	0	63.3125
BENIGN	1	1	2561.04	43.4075	46075	0	0	0	54	1	81
BENIGN	1	1	0	24390.2	82	0	0	1	0	1	0
DDoS	3	5	13935	9.588	834376	0	0	0	1291.89	1	1453.38
BENIGN	1	1	179104	29850.7	67	0	0	1	6	1	9
DDoS	3	5	18830	12.9494	617790	0	0	0	1292.56	1	1454.12
BENIGN	1	3	290323	64516.1	62	0	0	1	3.6	3	4.5
BENIGN	15	12	15601.1	44.1773	611174	0	0	0	340.536	0	353.148
DDoS	5	0	57.6559	9.60932	520328	0	0	1	6	0	7.2
DDoS	3	5	26790.7	18.4239	434218	0	0	0	1292.56	1	1454.12
BENIGN	26	20	73.8782	0.389233	1.18181e+08	0	0	0	185.766	0	189.804
DDoS	3	5	15630.7	10.7492	744241	0	0	0	1292.56	1	1454.12
DDoS	8	4	131.544	0.135415	8.86164e+07	0	0	1	897.154	0	971.917
DDoS	4	0	18.7646	3.12744	1.279e+06	0	0	1	6	0	7.5
DDoS	3	4	67024.7	40.3312	173563	0	0	0	1454.12	1	1661.86
BENIGN	2	2	8023.88	128.382	31157	0	0	0	56.8	1	71
DDoS	3	5	118806	81.7027	97916	0	0	0	1292.56	1	1454.12
BENIGN	2	2	1.55238e+06	19047.6	210	0	0	0	75.4	1	94.25
BENIGN	11	6	37.1242	0.568569	2.98996e+07	0	0	0	61.6667	0	65.2941
DDoS	4	0	3.17006	0.528344	7.57083e+06	0	0	1	6	0	7.5
DDoS	8	6	155.478	0.186632	7.50137e+07	0	0	1	777.933	0	833.5
BENIGN	1	1	400000	4938.27	405	0	0	0	71	1	106.5
BENIGN	3	4	18246.5	98.4017	71137	0	0	0	162.25	1	185.429
DDoS	3	7	11199.4	9.62728	1.03872e+06	0	0	0	1057.55	2	1163.3
BENIGN	23	20	52.5036	0.370593	1.1603e+08	0	0	0	138.455	0	141.674
DDoS	3	4	918951	552.966	12659	0	0	0	1454.12	1	1661.86
DDoS	4	0	2.39073	0.398456	1.00388e+07	0	0	1	6	0	7.5
DDoS	3	5	18401.7	12.6548	632169	0	0	0	1292.56	1	1454.12
DDoS	4	0	799.015	133.169	30037	0	0	1	6	0	7.5
DDoS	3	4	109328	65.7864	106405	0	0	0	1454.12	1	1661.86
DDoS	3	6	12867.7	9.95522	904048	0	0	0	1163.3	2	1292.56
DDoS	3	5	12454.4	8.56491	934044	0	0	0	1292.56	1	1454.12
DDoS	3	6	6676.11	5.16504	1.74248e+06	0	0	0	1163.3	2	1292.56
DDoS	8	6	137.371	0.164896	8.49018e+07	0	0	1	777.933	0	833.5
DDoS	3	4	17456.8	10.5098	666043	0	0	0	1453.38	1	1661
DDoS	3	7	258406	222.247	44995	0	0	0	1057	2	1162.7
BENIGN	1	1	119.465	19.9108	100448	0	0	1	6	1	9
BENIGN	38	49	222436	258.636	336380	0	0	0	850.261	1	860.034
BENIGN	338	0	920.666	13.9997	2.41434e+07	0	0	0	65.7699	0	65.9645
BENIGN	2	0	9.25e+06	500000	4	0	1	1	24.6667	0	37
BENIGN	2	0	3.1e+07	500000	4	0	0	0	62	0	93
DDoS	4	0	12.9515	2.15859	1.85306e+06	0	0	1	6	0	7.5
BENIGN	2	2	1.91716e+06	23668.6	169	0	0	0	70.8	1	88.5
DDoS	3	6	19737	15.2776	589097	0	0	0	1162.7	2	1291.89
BENIGN	12	7	80425.5	285.891	66459	0	0	0	267.25	0	281.316
DDoS	5	0	7.48417	1.24736	4.00846e+06	0	0	1	6	0	7.2
DDoS	8	5	161.322	0.179815	7.22965e+07	0	0	1	833.5	0	897.615
DDoS	6	0	4.15236	0.69206	8.66977e+06	0	0	1	6	0	7
BENIGN	8	9	55510.9	213.648	79570	0	0	0	245.389	1	259.824
DDoS	4	0	981.394	163.566	24455	0	0	1	6	0	7.5
DDoS	8	6	116.403	0.139727	1.00195e+08	0	0	1	777.933	0	833.5
DDoS	8	6	143.581	0.172441	8.11874e+07	0	0	1	777.533	0	833.071
DDoS	3	5	142178	97.7756	81820	0	0	0	1292.56	1	1454.12
BENIGN	2	2	1.41497e+06	27210.9	147	0	0	0	50.4	1	63
BENIGN	1	1	0	35714.3	56	0	0	1	0	1	0
DDoS	5	0	4.04649	0.674415	7.41384e+06	0	0	1	6	0	7.2
BENIGN	2	2	730594	18264.8	219	0	0	0	38.4	1	48
DDoS	4	0	644.953	107.492	37212	0	0	1	6	0	7.5
BENIGN	2	0	4e+06	666667	3	0	0	1	6	0	9
BENIGN	2	0	0	666667	3	0	0	1	0	0	0
DDoS	5	0	14.4642	2.41071	2.07408e+06	0	0	1	6	0	7.2
DDoS	4	0	16.9722	2.82869	1.41408e+06	0	0	1	6	0	7.5
BENIGN	2	0	4e+06	666667	3	0	0	1	6	0	9
DDoS	9	4	142.923	0.159307	8.16036e+07	0	0	1	833.5	0	897.615
BENIGN	1	1	375000	62500	32	0	0	1	6	1	9
DDoS	3	5	10296.7	7.08103	1.12978e+06	0	0	0	1292.56	1	1454.12
DDoS	5	0	2.65378	0.442296	1.13046e+07	0	0	1	6	0	7.2
DDoS	8	4	124.508	0.128172	9.36245e+07	0	0	1	897.154	0	971.917
DDoS	8	4	159.94	0.164561	7.29213e+07	0	0	1	897.615	0	972.417
DDoS	3	5	54658.6	37.5887	212830	0	0	0	1292.56	1	1454.12
BENIGN	2	2	1.28395e+06	24691.4	162	0	0	0	50.4	1	63
DDoS	3	4	16791.8	10.1094	692422	0	0	0	1453.38	1	1661
DDoS	8	4	164.739	0.1695	7.07967e+07	0	0	1	897.615	0	972.417
DDoS	8	5	126.334	0.140817	9.23185e+07	0	0	1	833.5	0	897.615
BENIGN	2	0	0	5586.59	358	0	0	1	0	0	0
DDoS	4	0	6.91253	1.15209	3.47196e+06	0	0	1	6	0	7.5
BENIGN	2	2	2962.65	47.4024	84384	0	0	0	57.4	1	71.75
BENIGN	6	4	2.36554	0.0857079	1.16675e+08	0	1	1	29.2727	0	32.2
DDoS	9	6	142.74	0.183581	8.17079e+07	0	0	1	729.312	0	777.933
DDoS	3	5	6954.35	4.7825	1.67277e+06	0	0	0	1292.56	1	1454.12
BENIGN	5	1	33.2368	1.10177	5.44577e+06	0	1	1	32.4286	0	37.8333
BENIGN	1	1	4112.27	65.2742	30640	0	0	0	60.3333	1	90.5
BENIGN	4	4	2633.57	36.0763	221752	0	0	0	69.8889	1	78.625
BENIGN	1	1	488095	3968.25	504	0	0	0	109.333	1	164
DDoS	3	5	42910.5	29.5095	271099	0	0	0	1292.56	1	1454.12
BENIGN	2	2	2.07407e+06	49382.7	81	0	0	0	38.8	1	48.5
BENIGN	3	1	2.3713	0.790432	5.06052e+06	0	0	0	2.4	0	3
BENIGN	4	4	18338.6	256.484	31191	0	0	0	68.4444	1	77
DDoS	5	0	2.48722	0.414536	1.20617e+07	0	0	1	6	0	7.2
DDoS	4	0	2.81037	0.468395	8.5398e+06	0	0	1	6	0	7.5
DDoS	3	4	9067.37	5.45617	1.28295e+06	0	0	0	1454.12	1	1661.86
BENIGN	2	2	464832	12232.4	327	0	0	0	34.8	1	43.5
DDoS	4	0	2.56232	0.427054	9.3665e+06	0	0	1	6	0	7.5
BENIGN	1	1	8342.02	65.1721	30688	0	0	0	106.667	1	160
DDoS	3	5	10064.7	6.92507	1.15522e+06	0	0	0	1291.89	1	1453.38
DDoS	4	0	4.0081	0.668017	5.98787e+06	0	0	1	6	0	7.5
DDoS	3	6	17119.1	13.2512	679184	0	0	0	1162.7	2	1291.89
BENIGN	2	1	0	60000	50	0	0	1	0	0	0
BENIGN	4	2	20790.7	186.185	32226	0	0	0	101	0	117.833
BENIGN	2	2	7856.02	128.787	31059	0	0	0	55.8	1	69.75
BENIGN	5	3	8005.49	72.2028	110799	0	0	0	98.5556	0	110.875
BENIGN	2	2	4929.84	84.2708	47466	0	0	0	52.8	1	66
BENIGN	2	0	4e+06	666667	3	0	0	1	6	0	9
BENIGN	1	1	0	20.7031	96604	0	0	1	0	1	0
DDoS	8	5	128.538	0.143347	9.06889e+07	0	0	1	833.071	0	897.154
DDoS	3	5	21673.7	14.905	536734	0	0	0	1292.56	1	1454.12
BENIGN	1	1	0	38461.5	52	0	0	1	0	1	0
BENIGN	2	2	1744.9	29.0816	137544	0	0	0	55.2	1	69
DDoS	3	4	19794.7	11.9112	587684	0	0	0	1454.12	1	1661.86
BENIGN	15	10	14889.9	44.3998	563066	0	0	0	322.462	0	335.36
DDoS	8	4	148.844	0.153145	7.8357e+07	0	0	1	897.615	0	972.417
DDoS	3	4	6490.57	3.90763	1.79137e+06	0	0	0	1453.38	1	1661
DDoS	3	4	6694.32	4.0303	1.73684e+06	0	0	0	1453.38	1	1661
BENIGN	1	1	4293.89	32.9034	60784	0	0	0	102	1	153
BENIGN	2	2	344538	4201.68	952	0	0	0	76	1	95
BENIGN	1	1	0	35714.3	56	0	0	1	0	1	0
DDoS	3	6	22604	17.4969	514378	0	0	0	1162.7	2	1291.89
BENIGN	4	0	136111	11111.1	360	0	0	1	11	0	13.75
DDoS	8	5	161.104	0.179572	7.23943e+07	0	0	1	833.5	0	897.615
DDoS	3	6	9441.21	7.30429	1.23215e+06	0	0	0	1163.3	2	1292.56
DDoS	4	0	198.316	33.0527	121019	0	0	1	6	0	7.5
BENIGN	1	1	1928.26	30.1291	66381	0	0	0	61.3333	1	92
BENIGN	20	17	23.1542	0.318596	1.16134e+08	0	0	0	70.7632	0	72.6757
BENIGN	3	1	0	0.749877	5.3342e+06	0	0	0	0	0	0
DDoS	4	6	6616.35	5.68757	1.75822e+06	0	0	0	1057.55	1	1163.3
DDoS	3	6	287704	222.701	40413	0	0	0	1162.7	2	1291.89
BENIGN	2	2	265092	2624.67	1524	0	0	0	86.8	1	108.5
DDoS	3	5	8537.37	5.87114	1.3626e+06	0	0	0	1292.56	1	1454.12
BENIGN	2	0	1.2e+07	2e+06	1	1	0	0	6	0	9
BENIGN	4	4	208.739	1.52643	5.241e+06	0	0	0	125.222	1	140.875
DDoS	3	6	7450.73	5.76434	1.56132e+06	0	0	0	1163.3	2	1292.56
DDoS	3	4	13852.3	8.33544	839788	0	0	0	1454.12	1	1661.86
BENIGN	144	182	115089	100.961	3.22897e+06	0	0	0	1136.45	1	1139.94
BENIGN	10	6	9317.11	78.9585	202638	0	0	0	111.059	0	118
BENIGN	2	0	9.24221	0.24979	8.00674e+06	0	1	1	37	0	55.5
DDoS	3	4	8785.85	5.28677	1.32406e+06	0	0	0	1454.12	1	1661.86
BENIGN	14	7	8776.36	26.5414	791216	0	0	0	315.636	0	330.667
BENIGN	1	1	0	42553.2	47	0	0	1	0	1	0
BENIGN	2	2	7938.44	65.0692	61473	0	0	0	103.4	1	129.25
DDoS	3	6	26424.6	20.4542	440007	0	0	0	1162.7	2	1291.89
DDoS	3	4	18007.8	10.8415	645666	0	0	0	1453.38	1	1661
BENIGN	1	1	4179.32	65.3019	30627	0	0	0	61.3333	1	92
BENIGN	2	2	1.56291e+06	26490.1	151	0	0	0	54.2	1	67.75
BENIGN	1	1	0	21.0214	95141	0	0	1	0	1	0
BENIGN	1	1	214286	35714.3	56	0	0	1	6	1	9
DDoS	5	0	9.46074	1.57679	3.171e+06	0	0	1	6	0	7.2
BENIGN	2	2	1.24188e+06	14440.4	277	0	0	0	75.4	1	94.25
DDoS	8	5	146.771	0.163597	7.94637e+07	0	0	1	833.5	0	897.615
BENIGN	2	2	1.99103e+06	17937.2	223	0	0	0	98.2	1	122.75
BENIGN	1	1	5529.35	65.0512	30745	0	0	0	74.3333	1	111.5
BENIGN	3	1	2.08025	0.693418	5.76853e+06	0	0	0	2.4	0	3
BENIGN	1	1	0	39215.7	51	0	0	1	0	1	0
DDoS	3	6	24110.3	18.6628	482242	0	0	0	1162.7	2	1291.89
DDoS	4	0	2.39839	0.399731	1.00067e+07	0	0	1	6	0	7.5
BENIGN	3	0	4.5e+06	750000	4	0	0	1	6	0	8
DDoS	3	6	29878.6	23.1278	389142	0	0	0	1162.7	2	1291.89
DDoS	3	5	509108	350.293	22838	0	0	0	1291.89	1	1453.38
DDoS	3	5	8607.09	5.91909	1.35156e+06	0	0	0	1292.56	1	1454.12
DDoS	5	0	5.07133	0.845222	5.91561e+06	0	0	1	6	0	7.2
BENIGN	3	4	14665	78.1241	89601	0	0	0	164.25	1	187.714
DDoS	3	4	190525	114.705	61026	0	0	0	1453.38	1	1661
BENIGN	8	5	659.325	2.23617	5.81352e+06	0	0	0	273.786	0	294.846
DDoS	5	0	3.4567	0.576117	8.67879e+06	0	0	1	6	0	7.2
DDoS	4	0	5.87362	0.978936	4.08607e+06	0	0	1	6	0	7.5
BENIGN	2	1	448.576	74.7626	40127	0	0	1	6	0	8
DDoS	4	0	3.42515	0.570859	7.00699e+06	0	0	1	6	0	7.5
BENIGN	1	1	0	30303	66	0	0	1	0	1	0
DDoS	3	6	23039.4	17.8339	504658	0	0	0	1162.7	2	1291.89
DDoS	9	4	131.737	0.146763	8.85779e+07	0	0	1	833.929	0	898.077
BENIGN	22	16	89.5382	0.335547	1.13248e+08	0	0	1	260	0	266.842
BENIGN	1	1	1341.55	20.9617	95412	0	0	0	61.3333	1	92
BENIGN	1	1	0	20408.2	98	0	0	1	0	1	0
DDoS	5	0	4.81943	0.803238	6.22481e+06	0	0	1	6	0	7.2
DDoS	3	6	18055.3	13.9759	643967	0	0	0	1162.7	2	1291.89
BENIGN	2	0	1.2e+07	2e+06	1	1	0	0	6	0	9
DDoS	8	4	140.951	0.145024	8.27452e+07	0	0	1	897.615	0	972.417
BENIGN	6	6	232.099	3.49022	3.43818e+06	0	0	0	64.1538	1	69.5
DDoS	4	0	3.72506	0.620844	6.44284e+06	0	0	1	6	0	7.5
BENIGN	2	2	1.61905e+06	19047.6	210	0	0	0	77.2	1	96.5
BENIGN	12	9	1179.85	5.00743	4.19376e+06	0	0	0	286.273	0	299.905
BENIGN	2	2	19068.2	127.121	31466	0	0	0	129.4	1	161.75
DDoS	4	0	11.4943	1.91572	2.08799e+06	0	0	1	6	0	7.5
BENIGN	3	1	2.23154	0.743848	5.37744e+06	0	0	0	2.4	0	3
BENIGN	1	1	127660	21276.6	94	0	0	1	6	1	9
BENIGN	2	2	5564.52	74.1936	53913	0	0	0	69.2	1	86.5
DDoS	5	0	3.3595	0.559917	8.92989e+06	0	0	1	6	0	7.2
BENIGN	2	0	4e+06	666667	3	1	0	0	6	0	9
DDoS	3	5	6290.47	4.32818	1.84835e+06	0	0	0	1291.89	1	1453.38
BENIGN	2	2	9458.46	84.4505	47365	0	0	0	96.4	1	120.5
DDoS	3	5	178095	122.476	65319	0	0	0	1292.56	1	1454.12
DDoS	3	5	6325.57	4.35008	1.83904e+06	0	0	0	1292.56	1	1454.12
BENIGN	15	19	73.5551	0.452238	7.51817e+07	0	0	0	158	1	162.647
BENIGN	2	0	3e+06	500000	4	1	0	0	6	0	9
DDoS	8	4	115.773	0.119118	1.0074e+08	0	0	1	897.615	0	972.417
DDoS	3	4	652293	392.509	17834	0	0	0	1454.12	1	1661.86
BENIGN	5	0	658.447	113.525	44043	0	0	1	4.83333	0	5.8
BENIGN	1	1	1020.27	21.2556	94093	0	0	0	48	1	72
BENIGN	2	2	1.91837e+06	20408.2	196	0	0	0	84.4	1	105.5
BENIGN	2	0	7155.64	1192.61	1677	0	0	1	6	0	9
DDoS	3	5	13609	9.36375	854359	0	0	0	1291.89	1	1453.38
DDoS	8	6	119.125	0.142995	9.79057e+07	0	0	1	777.933	0	833.5
DDoS	7	4	1443.45	1.36279	8.07165e+06	0	0	1	971.417	0	1059.73
BENIGN	1	1	2540.89	40.3315	49589	0	0	0	58.3333	1	87.5
BENIGN	16	13	9225.83	15.1612	1.91278e+06	0	0	0	588.233	0	608.517
DDoS	3	5	238142	163.77	48849	0	0	0	1292.56	1	1454.12
DDoS	3	5	21360	14.6893	544615	0	0	0	1292.56	1	1454.12
DDoS	3	5	17403.1	11.9742	668101	0	0	0	1291.89	1	1453.38
BENIGN	13	0	3.09524e+07	619048	21	0	0	0	50	0	53.8462
DDoS	4	0	2.44281	0.407134	9.82477e+06	0	0	1	6	0	7.5
DDoS	3	4	28279.6	17.0257	411144	0	0	0	1453.38	1	1661
BENIGN	10	6	4003.86	34.2393	467299	0	0	0	110.059	0	116.938
BENIGN	2	2	1.48538e+06	23391.8	171	0	0	0	59.8	1	74.75
BENIGN	31	35	300.262	0.568744	1.16045e+08	0	0	0	520.06	1	527.939
BENIGN	4	2	5461.96	65.8068	91176	0	0	0	76.1429	0	88.8333
BENIGN	1	1	3178.59	21.477	93123	0	0	0	112	1	168
BENIGN	1	1	5333.25	65.4386	30563	0	0	0	71.3333	1	107
BENIGN	2	0	0	666667	3	0	0	1	0	0	0
DDoS	8	4	142.532	0.14665	8.18275e+07	0	0	1	897.615	0	972.417
BENIGN	22	29	226.008	0.434173	1.17465e+08	0	0	0	510.538	1	520.549
BENIGN	10	7	25573	82.7291	205490	0	0	0	291.944	0	309.118
DDoS	3	4	560689	337.561	20737	0	0	0	1453.38	1	1661
BENIGN	1	1	2196.81	21.0221	95138	0	0	0	86.6667	1	130
BENIGN	2	2	7110.92	85.1607	46970	0	0	0	74.4	1	93
BENIGN	2	2	8952.27	127.89	31277	0	0	0	62.8	1	78.5
BENIGN	2	2	7.83035	2.61012	1.5325e+06	0	0	0	2.4	1	3
DDoS	5	0	4.1472	0.691201	7.23379e+06	0	0	1	6	0	7.2
BENIGN	11	10	987.112	2.35187	8.92908e+06	0	0	0	400.636	0	419.714
BENIGN	2	2	1.61877e+06	11730.2	341	0	0	0	117.2	1	146.5
DDoS	8	7	148.662	0.191295	7.84127e+07	0	0	1	728.938	0	777.533
BENIGN	1	1	16150.7	2691.79	743	1	0	1	6	1	9
BENIGN	2	0	100840	16806.7	119	0	0	1	6	0	9
DDoS	3	5	24564.8	16.9019	473320	0	0	0	1291.89	1	1453.38
BENIGN	2	2	11.1293	0.0644242	6.20884e+07	0	0	0	147.2	1	184
DDoS	8	7	162.682	0.209228	7.16921e+07	0	0	1	729.312	0	777.933
DDoS	8	5	142.39	0.158794	8.18668e+07	0	0	1	833.071	0	897.154
DDoS	4	0	3.41658	0.56943	7.02457e+06	0	0	1	6	0	7.5
BENIGN	2	2	5343.83	82.85	48280	0	0	0	58.8	1	73.5
DDoS	4	0	1.99273	0.332122	1.20438e+07	0	0	1	6	0	7.5
BENIGN	2	0	0	3189.79	627	0	0	1	0	0	0
DDoS	3	4	14252.7	8.57635	816198	0	0	0	1454.12	1	1661.86
BENIGN	2	0	0	9523.81	210	0	0	1	0	0	0
DDoS	5	0	12.8289	2.13814	2.33848e+06	0	0	1	6	0	7.2
BENIGN	1	2	21958.9	51.226	58564	0	1	1	635.25	2	847
BENIGN	2	1	149390	9146.34	328	0	1	1	21.5	0	28.6667
BENIGN	2	0	631579	105263	19	0	0	1	6	0	9
DDoS	5	0	5.87954	0.979923	5.10244e+06	0	0	1	6	0	7.2
DDoS	3	5	9365.58	6.44069	1.2421e+06	0	0	0	1292.56	1	1454.12
BENIGN	13	8	5788.38	21.8902	959335	0	0	0	252.409	0	264.429
BENIGN	2	2	1.67273e+06	24242.4	165	0	0	0	64	1	80
BENIGN	3	1	2.03419	0.678065	5.89914e+06	0	0	0	2.4	0	3
BENIGN	2	2	13130.8	128.733	31072	0	0	0	89.2	1	111.5
BENIGN	1	1	1022.64	15.4945	129078	0	0	0	60.6667	1	91
DDoS	3	5	12949.8	8.90558	898313	0	0	0	1292.56	1	1454.12
DDoS	4	0	3.78079	0.630131	6.34788e+06	0	0	1	6	0	7.5
BENIGN	1	1	0	85.9402	23272	0	0	1	0	1	0
BENIGN	3	0	25163.4	980.392	3060	0	1	1	30.75	0	41
BENIGN	2	0	1.55e+07	1e+06	2	0	1	1	20.6667	0	31
BENIGN	1	1	5793.95	120.707	16569	0	0	0	48	1	72
BENIGN	6	3	19993.5	116.317	77375	0	0	0	154.7	0	171.889
BENIGN	3	1	8.32605	0.774516	5.16451e+06	0	0	1	9.8	0	12.25
BENIGN	2	2	1.17365e+06	23952.1	167	0	0	0	47.4	1	59.25
BENIGN	2	1	0	68181.8	44	0	0	1	0	0	0
DDoS	3	5	25493.2	17.5316	456318	0	0	0	1292.56	1	1454.12
BENIGN	2	0	4e+06	666667	3	0	0	1	6	0	9
DDoS	5	0	2.70569	0.450949	1.10877e+07	0	0	1	6	0	7.2
BENIGN	13	9	6723.66	25.4509	864410	0	0	0	252.696	0	264.182
DDoS	5	0	23.9427	3.99045	1.25299e+06	0	0	1	6	0	7.2
BENIGN	1	1	81081.1	13513.5	148	0	0	1	6	1	9
BENIGN	2	2	2.08642e+06	24691.4	162	0	0	0	75	1	93.75
DDoS	4	0	6.15871	1.02645	3.89692e+06	0	0	1	6	0	7.5
DDoS	5	0	3.26516	0.544193	9.18791e+06	0	0	1	6	0	7.2
DDoS	5	0	2.60288	0.433814	1.15257e+07	0	0	1	6	0	7.2
DDoS	8	6	130.251	0.156431	8.94966e+07	0	0	1	777.533	0	833.071
BENIGN	1	1	4297.29	65.1105	30717	0	0	0	60.6667	1	91
BENIGN	1	1	500000	83333.3	24	0	0	1	6	1	9
BENIGN	8	7	1096.67	3.01173	4.98052e+06	0	0	0	341.375	0	364.133
BENIGN	7	6	81.1523	0.699589	1.85823e+07	0	0	0	107.714	0	116
BENIGN	10	11	38.7802	0.322657	6.50847e+07	0	0	0	114.727	1	120.19
DDoS	2	5	9878.02	5.94703	1.17706e+06	0	0	0	1453.38	2	1661
BENIGN	1	1	67039.1	11173.2	179	0	0	1	6	1	9
DDoS	4	0	6.22732	1.03789	3.85399e+06	0	0	1	6	0	7.5
DDoS	3	6	171771	132.892	67724	0	0	0	1163.3	2	1292.56
DDoS	3	6	12450.7	9.63259	934328	0	0	0	1163.3	2	1292.56
DDoS	4	0	7.20737	1.20123	3.32992e+06	0	0	1	6	0	7.5
BENIGN	2	2	4.13762	0.0440172	9.08735e+07	0	0	0	85	1	106.25
BENIGN	2	2	5715.67	64.5838	61935	0	0	0	77.4	1	96.75
DDoS	4	0	2.01715	0.336192	1.1898e+07	0	0	1	6	0	7.5
BENIGN	2	2	5709.28	129.756	30827	0	0	0	42.4	1	53
DDoS	8	4	129.196	0.132998	9.0227e+07	0	0	1	897.154	0	971.917
BENIGN	2	0	9.24171	0.249776	8.00718e+06	0	1	1	37	0	55.5
BENIGN	18	14	528.038	1.82969	1.74893e+07	0	0	0	279.848	0	288.594
BENIGN	2	2	121.54	1.33929	2.98666e+06	0	0	0	81.6	1	102
DDoS	3	6	221534	171.481	52484	0	0	0	1162.7	2	1291.89
DDoS	8	6	143.82	0.172638	8.10946e+07	0	0	1	777.933	0	833.5
DDoS	3	4	35011.9	21.068	332258	0	0	0	1454.12	1	1661.86
DDoS	2	6	80252.1	55.2177	144881	0	0	0	1291.89	3	1453.38
BENIGN	2	2	1.34286e+06	28571.4	140	0	0	0	45.4	1	56.75
BENIGN	5	1	35.0624	1.16229	5.16222e+06	0	1	1	32.4286	0	37.8333
DDoS	3	4	6695.61	4.02899	1.73741e+06	0	0	0	1454.12	1	1661.86
BENIGN	8	10	1125.06	3.37914	5.32681e+06	0	0	0	315.421	1	332.944
DDoS	3	4	100222	60.3074	116072	0	0	0	1454.12	1	1661.86
DDoS	4	0	6.28114	1.04686	3.82096e+06	0	0	1	6	0	7.5
DDoS	5	0	4.17725	0.696209	7.18175e+06	0	0	1	6	0	7.2
BENIGN	3	1	145455	72727.3	55	0	1	1	2.4	0	3
BENIGN	2	0	0	666667	3	0	0	1	0	0	0
BENIGN	2	2	5647.12	131.328	30458	0	0	0	41.4	1	51.75
DDoS	3	5	12378	8.51236	939810	0	0	0	1292.56	1	1454.12
BENIGN	1	1	4e+06	666667	3	0	0	1	6	1	9
BENIGN	2	0	39.5262	6.5877	303596	0	0	1	6	0	9
BENIGN	31	25	589.839	1.50359	3.72441e+07	0	0	0	385.404	0	392.286
BENIGN	2	2	993631	25477.7	157	0	0	0	37.4	1	46.75
DDoS	4	0	11.132	1.85533	2.15595e+06	0	0	1	6	0	7.5
BENIGN	2	2	2.08e+06	22857.1	175	0	0	0	80.8	1	101
DDoS	8	6	127.525	0.153157	9.14098e+07	0	0	1	777.533	0	833.071
BENIGN	2	0	1.43333e+07	666667	3	0	0	1	16.3333	0	24.5
DDoS	3	6	6468.46	5.0044	1.79842e+06	0	0	0	1163.3	2	1292.56
DDoS	3	5	70814.6	48.6991	164274	0	0	0	1292.56	1	1454.12
DDoS	3	5	301358	207.351	38582	0	0	0	1291.89	1	1453.38
BENIGN	1	1	244898	40816.3	49	0	0	1	6	1	9
BENIGN	2	2	3.00826e+06	33057.9	121	0	0	0	89.4	1	111.75
DDoS	3	5	22275.4	15.3187	522236	0	0	0	1292.56	1	1454.12
BENIGN	2	2	5111.07	65.5265	61044	0	0	0	69	1	86.25
DDoS	3	5	12340.2	8.49075	942202	0	0	0	1291.89	1	1453.38
BENIGN	1	1	3832.79	64.9625	30787	0	0	0	56.3333	1	84.5
DDoS	9	6	155.53	0.199927	7.50274e+07	0	0	1	729.688	0	778.333
DDoS	3	4	21292.5	12.8125	546343	0	0	0	1454.12	1	1661.86
BENIGN	8	8	868.744	3.14335	5.09011e+06	0	0	0	260.118	1	276.375
BENIGN	2	3	173.379	48.1607	103819	0	0	1	3	1	3.6
BENIGN	1	1	7948.31	85.0087	23527	0	0	0	80	1	120
DDoS	2	4	473303	244.369	24553	0	0	0	1660.14	2	1936.83
DDoS	5	0	3.68162	0.613604	8.14858e+06	0	0	1	6	0	7.2
DDoS	5	0	19.1204	3.18674	1.569e+06	0	0	1	6	0	7.2
DDoS	3	6	28661	22.1854	405673	0	0	0	1162.7	2	1291.89
DDoS	5	0	2.6245	0.437417	1.14307e+07	0	0	1	6	0	7.2
DDoS	8	4	115.471	0.118808	1.01004e+08	0	0	1	897.615	0	972.417
DDoS	3	7	6218.56	5.34838	1.86973e+06	0	0	0	1057	2	1162.7
BENIGN	2	0	86330.9	14388.5	139	0	0	1	6	0	9
DDoS	5	0	7.60281	1.26713	3.94591e+06	0	0	1	6	0	7.2
DDoS	4	0	5.85951	0.976585	4.09591e+06	0	0	1	6	0	7.5
BENIGN	2	0	56338	9389.67	213	0	0	1	6	0	9
DDoS	4	0	796.02	132.67	30150	0	0	1	6	0	7.5
BENIGN	1	1	6413.77	84.3917	23699	0	0	0	73.3333	1	110
BENIGN	2	2	83.1774	1.13167	3.53461e+06	0	0	0	67.2	1	84
BENIGN	2	0	461538	76923.1	26	0	0	1	6	0	9
BENIGN	1	1	384434	4716.98	424	0	0	0	71.3333	1	107
DDoS	8	5	161.979	0.180641	7.1966e+07	0	0	1	833.071	0	897.154
DDoS	3	5	105535	72.5762	110229	0	0	0	1292.56	1	1454.12
BENIGN	1	1	333333	55555.6	36	0	0	1	6	1	9
DDoS	4	0	4.27662	0.712771	5.6119e+06	0	0	1	6	0	7.5
DDoS	3	6	112543	87.1148	103312	0	0	0	1162.7	2	1291.89
DDoS	3	6	19519.8	15.1095	595652	0	0	0	1162.7	2	1291.89
DDoS	3	4	6324.62	3.80575	1.83932e+06	0	0	0	1454.12	1	1661.86
BENIGN	2	2	9321.76	128.576	31110	0	0	0	66.6	1	83.25
DDoS	4	0	5.03379	0.838964	4.76778e+06	0	0	1	6	0	7.5
DDoS	3	6	17691.8	13.6875	657536	0	0	0	1163.3	2	1292.56
DDoS	3	6	25221.5	19.5129	461234	0	0	0	1163.3	2	1292.56
BENIGN	2	0	102564	17094	117	0	0	1	6	0	9
BENIGN	16	14	10.2466	0.260286	1.15258e+08	0	0	0	38.0968	0	39.3667
BENIGN	1	1	575.164	10.2708	194727	0	0	0	53.3333	1	80
DDoS	3	5	146533	100.771	79388	0	0	0	1292.56	1	1454.12
BENIGN	3	0	50.0106	1.00021	2.99937e+06	0	0	0	50	0	66.6667
DDoS	6	0	6.48779	1.0813	5.54889e+06	0	0	1	6	0	7
DDoS	3	4	18867.5	11.3532	616564	0	0	0	1454.12	1	1661.86
DDoS	3	4	217472	130.861	53492	0	0	0	1454.12	1	1661.86
BENIGN	1	1	0	10.2164	195764	0	0	1	0	1	0
BENIGN	2	0	5067.57	844.595	2368	0	0	1	6	0	9
BENIGN	4	4	607330	20942.4	382	0	0	0	29	1	32.625
DDoS	8	5	141.423	0.157717	8.24262e+07	0	0	1	833.071	0	897.154
DDoS	3	5	16248.9	11.1744	715925	0	0	0	1292.56	1	1454.12
DDoS	4	0	3.1102	0.518366	7.71656e+06	0	0	1	6	0	7.5
BENIGN	2	2	1.29163	0.0890777	4.49046e+07	0	0	1	12.8	1	16
BENIGN	4	4	5393.41	82.9755	96414	0	0	0	63.4444	1	71.375
DDoS	3	4	10789.1	6.49557	1.07766e+06	0	0	0	1453.38	1	1661
DDoS	3	5	38970.1	26.8135	298357	0	0	0	1291.89	1	1453.38
BENIGN	2	2	3.24256	0.051064	7.83331e+07	0	0	0	60	1	75
DDoS	3	5	22365.6	15.3887	519861	0	0	0	1291.89	1	1453.38
BENIGN	1	1	4713.43	65.4643	30551	0	0	0	66.3333	1	99.5
DDoS	4	0	2.38471	0.397451	1.00641e+07	0	0	1	6	0	7.5
BENIGN	2	0	0	10000	200	0	0	1	0	0	0
BENIGN	2	2	4524.23	52.915	75593	0	0	0	77.4	1	96.75
BENIGN	2	2	1.10843e+06	24096.4	166	0	0	0	43	1	53.75
BENIGN	1	1	0	30303	66	0	0	1	0	1	0
DDoS	8	5	163.173	0.181973	7.14393e+07	0	0	1	833.071	0	897.154
