Total Fwd Packets,Total Backward Packets,Flow Bytes/s,Flow Packets/s,Flow Duration,FIN Flag Count,SYN Flag Count,ACK Flag Count,Packet Length Mean,Down/Up Ratio,Average Packet Size,Label
5,0,2.594556896,0.432426149,11562668,0,0,1,6,0,7.2,DDoS
2,2,16743.648960739,128.3038234539,31176,0,0,0,111.4,1,139.25,BENIGN
9,5,124.1206991,0.148991665,93964988,0,0,1,777.9333333,0,833.5,DDoS
5,0,5.759366746,0.959894458,5208906,0,0,1,6,0,7.2,DDoS
2,2,1252747.25274725,21978.021978022,182,0,0,0,55.4,1,69.25,BENIGN
5,0,8.39166238,1.398610397,3574977,0,0,1,6,0,7.2,DDoS
3,6,18676.02957,14.44891826,622884,0,0,0,1163.3,2,1292.555556,DDoS
3,5,16869.83558,11.60136548,689574,0,0,0,1292.555556,1,1454.125,DDoS
4,0,2.37700768,0.396167947,10096728,0,0,1,6,0,7.5,DDoS
2,2,8320.8736917376,130.0136514334,30766,0,0,0,61.2,1,76.5,BENIGN
4,0,4.931285617,0.821880936,4866885,0,0,1,6,0,7.5,DDoS
3,5,315385.45,217.0021158,36866,0,0,0,1291.888889,1,1453.375,DDoS
2,2,733727.810650888,11834.3195266272,338,0,0,0,55.4,1,69.25,BENIGN
3,5,6162.463799,4.237918885,1887719,0,0,0,1292.555556,1,1454.125,DDoS
2,2,400852.878464819,4264.3923240938,938,0,0,0,84.4,1,105.5,BENIGN
5,0,97.7787368336,16.8584029023,296588,0,0,1,4.8333333333,0,5.8,BENIGN
1,1,0,22222.2222222222,90,0,0,1,0,1,0,BENIGN
1,1,272727.272727273,45454.5454545455,44,0,0,1,6,1,9,BENIGN
5,0,3.158639178,0.526439863,9497761,0,0,1,6,0,7.2,DDoS
2,2,893280.632411067,15810.2766798419,253,0,0,0,52,1,65,BENIGN
2,2,5547.3134232084,129.0072889118,31006,0,0,0,41.4,1,51.75,BENIGN
1,1,0,40816.3265306122,49,0,0,1,0,1,0,BENIGN
8,5,160.2565864,0.178627765,72777040,0,0,1,833.5,0,897.6153846,DDoS
3,5,11839.19136,8.141797546,982584,0,0,0,1292.555556,1,1454.125,DDoS
3,0,0,400.1600640256,7497,0,0,1,0,0,0,BENIGN
3,4,318556.6728,191.7860763,36499,0,0,0,1453.375,1,1661,DDoS
5,0,4.259652515,0.709942086,7042828,0,0,1,6,0,7.2,DDoS
2,2,1266666.66666667,22222.2222222222,180,0,0,0,53,1,66.25,BENIGN
2,2,7896.8317146951,127.3682534628,31405,0,0,0,57.4,1,71.75,BENIGN
3,5,6462.153103,4.444014856,1800174,0,0,0,1292.555556,1,1454.125,DDoS
4,0,11.13698397,1.856163996,2154982,0,0,1,6,0,7.5,DDoS
2,0,3000000,500000,4,1,0,0,6,0,9,BENIGN
3,4,9597.266268,5.775024833,1212116,0,0,0,1454.125,1,1661.857143,DDoS
2,2,1418604.65116279,23255.8139534884,172,0,0,0,55.2,1,69,BENIGN
1,1,0,31250,64,0,0,1,0,1,0,BENIGN
4,0,4.486935726,0.747822621,5348862,0,0,1,6,0,7.5,DDoS
2,0,15500000,1000000,2,0,1,1,20.6666666667,0,31,BENIGN
2,2,1358490.56603774,25157.2327044025,159,0,0,0,52.4,1,65.5,BENIGN
4,0,3.128619095,0.521436516,7671116,0,0,1,6,0,7.5,DDoS
4,0,2.999711653,0.499951942,8000769,0,0,1,6,0,7.5,DDoS
10,8,1976.0946381933,4.4246428023,4068125,0,0,0,423.1052631579,0,446.6111111111,BENIGN
5,0,10.70735652,1.784559421,2801812,0,0,1,6,0,7.2,DDoS
3,5,942220.4214,648.2982172,12340,0,0,0,1291.888889,1,1453.375,DDoS
2,2,1284210.52631579,21052.6315789474,190,0,0,0,55.8,1,69.75,BENIGN
3,5,338535.4491,232.9305576,34345,0,0,0,1291.888889,1,1453.375,DDoS
1,1,7870.7273194552,64.2508352609,31128,0,0,0,99.3333333333,1,149,BENIGN
2,2,869565.217391304,21739.1304347826,184,0,0,0,38.4,1,48,BENIGN
1,1,2157.4461527519,23.7081994808,84359,0,0,0,80,1,120,BENIGN
5,0,555.1546106,92.52576843,54039,0,0,1,6,0,7.2,DDoS
3,5,106680.7281,73.36420744,109045,0,0,0,1292.555556,1,1454.125,DDoS
2,2,4800.5558538357,63.1652086031,63326,0,0,0,72.2,1,90.25,BENIGN
10,9,87.0399847382,0.3713810263,51160395,0,0,0,222.65,0,234.3684210526,BENIGN
2,1,208737.86407767,14563.1067961165,206,0,1,1,20,0,26.6666666667,BENIGN
5,0,11.2953806,1.882563434,2655953,0,0,1,6,0,7.2,DDoS
8,5,120.1798853,0.134025779,96996265,0,0,1,833.0714286,0,897.1538462,DDoS
5,0,3.20245231,0.533742052,9367821,0,0,1,6,0,7.2,DDoS
1,1,0,25641.0256410256,78,0,0,1,0,1,0,BENIGN
3,5,8975.727035,6.172596603,1296051,0,0,0,1292.555556,1,1454.125,DDoS
2,0,9250000,500000,4,0,1,1,24.6666666667,0,37,BENIGN
3,4,9391.047143,5.65093527,1238733,0,0,0,1454.125,1,1661.857143,DDoS
1,1,184615.384615385,30769.2307692308,65,0,0,1,6,1,9,BENIGN
9,7,162.9307064,0.223518074,71582578,0,0,1,686.4117647,0,729.3125,DDoS
20,17,49.5504111602,0.3202384651,115538900,0,0,0,150.6578947368,0,154.7297297297,BENIGN
5,0,1.449734865,0.241622478,20693439,0,0,1,6,0,7.2,DDoS
3,5,126842.3062,87.27431408,91665,0,0,0,1291.888889,1,1453.375,DDoS
3,4,6916.938438,4.164321757,1680946,0,0,0,1453.375,1,1661,DDoS
6,6,32824.8574125636,95.1904999881,126063,0,0,0,318.3076923077,1,344.8333333333,BENIGN
2,0,4000000,666666.666666667,3,0,0,1,6,0,9,BENIGN
1,1,89.6167529141,4.1682210658,479821,1,0,0,16.3333333333,1,24.5,BENIGN
8,7,130.3337234,0.167710891,89439630,0,0,1,728.9375,0,777.5333333,DDoS
3,7,6707.270642,5.768702711,1733492,0,0,0,1057,2,1162.7,DDoS
3,3,10151.2605,5.23845902,1145375,0,0,0,1661,1,1937.833333,DDoS
3,4,13737.27969,8.270487474,846383,0,0,0,1453.375,1,1661,DDoS
8,5,160.5656539,0.179064382,72599586,0,0,1,833.0714286,0,897.1538462,DDoS
2,0,9.2446023078,0.2498541164,8004671,0,1,1,37,0,55.5,BENIGN
2,1,74074.0740740741,12345.6790123457,243,0,0,1,6,0,8,BENIGN
18,26,2296.1263607608,2.8339287482,15526149,0,0,0,792.2222222222,1,810.2272727273,BENIGN
3,5,6698.397636,4.606479935,1736684,0,0,0,1292.555556,1,1454.125,DDoS
1,1,1743.2814421988,16.2923499271,122757,0,0,0,90.6666666667,1,136,BENIGN
3,5,537072.9455,369.3444137,21660,0,0,0,1292.555556,1,1454.125,DDoS
2,2,725663.716814159,17699.1150442478,226,0,0,0,39.4,1,49.25,BENIGN
3,6,8915.159987,6.897312807,1304856,0,0,0,1163.3,2,1292.555556,DDoS
2,1,204761.904761905,14285.7142857143,210,0,1,1,20,0,26.6666666667,BENIGN
5,0,2.520937648,0.420156275,11900334,0,0,1,6,0,7.2,DDoS
2,2,7907.1877633029,129.6260289066,30858,0,0,0,55.2,1,69,BENIGN
2,0,160.4020745335,26.7336790889,74812,0,0,1,6,0,9,BENIGN
3,6,11227.79993,8.686512452,1036089,0,0,0,1163.3,2,1292.555556,DDoS
4,0,3.261461591,0.543576932,7358664,0,0,1,6,0,7.5,DDoS
2,2,1036036.03603604,18018.018018018,222,0,0,0,53.6,1,67,BENIGN
4,0,3.983458027,0.663909671,6024916,0,0,1,6,0,7.5,DDoS
2,2,1268292.68292683,24390.243902439,164,0,0,0,50.4,1,63,BENIGN
3,6,9343.955225,7.229055018,1244976,0,0,0,1163.3,2,1292.555556,DDoS
8,5,142.9497772,0.159336972,81588095,0,0,1,833.5,0,897.6153846,DDoS
5,0,9.566555323,1.594425887,3135925,0,0,1,6,0,7.2,DDoS
5,0,2.851515053,0.475252509,10520723,0,0,1,6,0,7.2,DDoS
5,0,3.280575842,0.54676264,9144736,0,0,1,6,0,7.2,DDoS
3,5,376900.3857,259.327693,30849,0,0,0,1291.888889,1,1453.375,DDoS
3,7,6542.092885,5.626638759,1777260,0,0,0,1057,2,1162.7,DDoS
8,6,154.2178088,0.185214834,75587898,0,0,1,777.5333333,0,833.0714286,DDoS
3,5,31645.03589,21.76225283,367609,0,0,0,1292.555556,1,1454.125,DDoS
3,6,46718.04433,36.16258699,248876,0,0,0,1162.7,2,1291.888889,DDoS
8,6,141.3487756,0.169671856,82512211,0,0,1,777.9333333,0,833.5,DDoS
8,5,157.7819173,0.175959932,73880456,0,0,1,833.0714286,0,897.1538462,DDoS
3,4,550912.1061,331.6749585,21105,0,0,0,1453.375,1,1661,DDoS
7,4,135.9072833636,1.9906526192,5525826,0,0,0,62.5833333333,0,68.2727272727,BENIGN
8,4,119.5484429,0.123002771,97558778,0,0,1,897.6153846,0,972.4166667,DDoS
6,4,11.2955531092,0.1162093941,86051563,0,0,0,91.6363636364,0,100.8,BENIGN
3,6,26877.72058,20.79424785,432812,0,0,0,1163.3,2,1292.555556,DDoS
3,0,9250000,750000,4,0,0,1,9.25,0,12.3333333333,BENIGN
1,1,2996.8268891762,58.7613115525,34036,0,0,0,48.3333333333,1,72.5,BENIGN
16,14,90.4410525126,0.4939434872,60735693,0,0,0,177.1935483871,0,183.1,BENIGN
1,1,592.5785462863,11.8515709257,168754,0,0,0,47.3333333333,1,71,BENIGN
2,2,11924.7724461641,126.8592813422,31531,0,0,0,81.6,1,102,BENIGN
3,5,8828.723671,6.071502568,1317631,0,0,0,1292.555556,1,1454.125,DDoS
2,0,0,666666.666666667,3,0,0,1,0,0,0,BENIGN
1,1,99173.5537190083,16528.9256198347,121,0,0,1,6,1,9,BENIGN
5,0,4.975251441,0.829208573,6029846,0,0,1,6,0,7.2,DDoS
3,6,6393.235388,4.948750193,1818641,0,0,0,1162.7,2,1291.888889,DDoS
5,0,16.33964679,2.723274465,1836025,0,0,1,6,0,7.2,DDoS
4,0,11.90483867,1.984139779,2015987,0,0,1,6,0,7.5,DDoS
1,1,0,26666.6666666667,75,0,0,1,0,1,0,BENIGN
2,2,1220125.78616352,12578.6163522013,318,0,0,0,83.8,1,104.75,BENIGN
14,10,61438.7737751111,145.7478077101,164668,0,0,0,404.68,0,421.5416666667,BENIGN
3,4,12734.03566,7.662533277,913536,0,0,0,1454.125,1,1661.857143,DDoS
2,2,4311.6216305171,65.8262844354,60766,0,0,0,59.8,1,74.75,BENIGN
3,6,6148.23412,4.756649796,1892088,0,0,0,1163.3,2,1292.555556,DDoS
1,1,4000000,666666.666666667,3,0,0,1,6,1,9,BENIGN
1,1,222222.222222222,37037.037037037,54,0,0,1,6,1,9,BENIGN
4,0,3.361438225,0.560239704,7139801,0,0,1,6,0,7.5,DDoS
3,5,6759.567871,4.648546632,1720968,0,0,0,1292.555556,1,1454.125,DDoS
3,5,7844.922347,5.394943589,1482870,0,0,0,1292.555556,1,1454.125,DDoS
1,1,1018.5892538834,21.2206094559,94248,0,0,0,48,1,72,BENIGN
8,6,141.4162324,0.169840204,82430424,0,0,1,777.5333333,0,833.0714286,DDoS
8,5,121.53061,0.135462397,95967592,0,0,1,833.5,0,897.6153846,DDoS
8,4,122.1620983,0.125756642,95422395,0,0,1,897.1538462,0,971.9166667,DDoS
9,5,121.6362366,0.145934297,95933583,0,0,1,778.3333333,0,833.9285714,DDoS
4,0,5.020917351,0.836819558,4780003,0,0,1,6,0,7.5,DDoS
10,7,60704.9934954468,212.6488541979,79944,0,0,0,269.6111111111,0,285.4705882353,BENIGN
3,5,15495.00181,10.66139283,750371,0,0,0,1291.888889,1,1453.375,DDoS
4,0,3.358231354,0.559705226,7146619,0,0,1,6,0,7.5,DDoS
10,5,15855.69235297,183.9407465542,81548,0,0,0,80.8125,0,86.2,BENIGN
5,1,29.8185843915,0.988461361,6070040,0,1,1,32.4285714286,0,37.8333333333,BENIGN
2,2,1780104.71204188,20942.4083769633,191,0,0,0,77.2,1,96.5,BENIGN
3,5,7861.739355,5.406508625,1479698,0,0,0,1292.555556,1,1454.125,DDoS
8,4,144.1376823,0.148378844,80874063,0,0,1,897.1538462,0,971.9166667,DDoS
8,4,131.7049053,0.135510492,88554029,0,0,1,897.6153846,0,972.4166667,DDoS
2,0,155844.155844156,25974.025974026,77,0,0,1,6,0,9,BENIGN
9,6,126.7277412,0.162986892,92031941,0,0,1,729.3125,0,777.9333333,DDoS
5,0,3.09860889,0.516434815,9681764,0,0,1,6,0,7.2,DDoS
3,4,251367.4197,151.3349908,46255,0,0,0,1453.375,1,1661,DDoS
4,0,5.869593768,0.978265628,4088869,0,0,1,6,0,7.5,DDoS
3,1,0,0.6950721815,5754798,0,0,0,0,0,0,BENIGN
4,4,320.221445882,1.5113696561,5293212,0,0,0,188.3333333333,1,211.875,BENIGN
2,2,17300.3419835043,402.3335345001,9942,0,0,0,41.4,1,51.75,BENIGN
3,5,15554.36406,10.69671731,747893,0,0,0,1292.555556,1,1454.125,DDoS
4,0,3.370338716,0.561723119,7120946,0,0,1,6,0,7.5,DDoS
1,1,80.2995381732,0.5970225886,3349957,0,0,0,106.6666666667,1,160,BENIGN
3,4,142297.9535,85.6258639,81751,0,0,0,1454.125,1,1661.857143,DDoS
3,4,46777.11207,28.14749286,248690,0,0,0,1454.125,1,1661.857143,DDoS
3,6,20357.84161,15.75007088,571426,0,0,0,1163.3,2,1292.555556,DDoS
3,5,21985.06596,15.12690528,528859,0,0,0,1291.888889,1,1453.375,DDoS
2,2,1286432.16080402,20100.5025125628,199,0,0,0,58.8,1,73.5,BENIGN
1,1,0,58823.5294117647,34,0,0,1,0,1,0,BENIGN
2,2,1709497.20670391,22346.3687150838,179,0,0,0,67.4,1,84.25,BENIGN
1,2,290322.580645161,48387.0967741936,62,0,0,1,6,2,8,BENIGN
2,2,3756.400942644,70.8754894838,56437,0,0,0,49.2,1,61.5,BENIGN
35,38,531.4732678986,0.9058921396,80583545,0,0,0,578.7567567568,1,586.6849315069,BENIGN
3,5,211470.6417,145.428104,55010,0,0,0,1292.555556,1,1454.125,DDoS
2,2,420.2707917861,8.0821306113,494919,0,0,0,48.8,1,61,BENIGN
5,1,26.1454694204,0.9928659274,6043112,0,1,1,28.4285714286,0,33.1666666667,BENIGN
4,0,2.01127386,0.33521231,11932736,0,0,1,6,0,7.5,DDoS
3,7,6226.453995,5.355168139,1867355,0,0,0,1057,2,1162.7,DDoS
1,1,0,40816.3265306122,49,0,0,1,0,1,0,BENIGN
2,0,4000000,666666.666666667,3,0,0,1,6,0,9,BENIGN
5,0,10.50446282,1.750743804,2855929,0,0,1,6,0,7.2,DDoS
3,4,46440.41949,27.94489267,250493,0,0,0,1454.125,1,1661.857143,DDoS
4,0,5.951502692,0.991917115,4032595,0,0,1,6,0,7.5,DDoS
3,4,170722.0429,102.7296742,68140,0,0,0,1454.125,1,1661.857143,DDoS
1,1,5431.6197866149,64.6621403168,30930,0,0,0,74.6666666667,1,112,BENIGN
2,2,5611.8791602663,81.9252432156,48825,0,0,0,63.2,1,79,BENIGN
4,0,76.68932197,12.78155366,312951,0,0,1,6,0,7.5,DDoS
16,13,10.1477199976,0.2502413945,115888101,0,0,0,39.2,0,40.5517241379,BENIGN
4,0,3.032347568,0.505391261,7914660,0,0,1,6,0,7.5,DDoS
1,1,230769.230769231,38461.5384615385,52,0,0,1,6,1,9,BENIGN
1,1,3498.0686019331,33.1570483596,60319,0,0,0,90.6666666667,1,136,BENIGN
1,1,3644.6469248292,75.9301442673,26340,0,0,0,48,1,72,BENIGN
3,5,31605.48701,21.73505511,368069,0,0,0,1292.555556,1,1454.125,DDoS
1,1,400000,66666.6666666667,30,0,0,1,6,1,9,BENIGN
2,2,1191011.23595506,22471.9101123596,178,0,0,0,51.4,1,64.25,BENIGN
3,6,8669.115948,6.706958096,1341890,0,0,0,1163.3,2,1292.555556,DDoS
3,5,12235.55199,8.414374276,950754,0,0,0,1292.555556,1,1454.125,DDoS
3,7,9462.623573,8.138491075,1228729,0,0,0,1057,2,1162.7,DDoS
4,0,5.77075669,0.961792782,4158900,0,0,1,6,0,7.5,DDoS
7,4,147.0542824241,2.0711870764,5310964,0,0,0,65.0833333333,0,71,BENIGN
3,6,14318.73628,11.0835664,812013,0,0,0,1162.7,2,1291.888889,DDoS
3,4,9531.085668,5.738161149,1219903,0,0,0,1453.375,1,1661,DDoS
2,0,12333333.3333333,666666.666666667,3,0,1,1,22.6666666667,0,34,BENIGN
2,2,1576923.07692308,12820.5128205128,312,0,0,0,110.2,1,137.75,BENIGN
3,6,204337.3579,158.1694522,56901,0,0,0,1162.7,2,1291.888889,DDoS
3,6,15376.80644,11.89643755,756529,0,0,0,1163.3,2,1292.555556,DDoS
2,2,2173.1531997022,30.3937510448,131606,0,0,0,65.8,1,82.25,BENIGN
8,5,151.4840007,0.168936434,76952021,0,0,1,833.0714286,0,897.1538462,DDoS
5,0,3.727274342,0.62121239,8048777,0,0,1,6,0,7.2,DDoS
3,5,13391.02768,9.208993503,868716,0,0,0,1292.555556,1,1454.125,DDoS
8,6,163.1596647,0.195953959,71445354,0,0,1,777.5333333,0,833.0714286,DDoS
8,4,126.592121,0.130317016,92083140,0,0,1,897.1538462,0,971.9166667,DDoS
1,1,2118.4047000339,28.2453960005,70808,0,0,0,65.6666666667,1,98.5,BENIGN
2,1,118.4436504333,59.2218252167,50657,0,0,1,1.5,0,2,BENIGN
3,6,6591.329627,5.102087094,1763984,0,0,0,1162.7,2,1291.888889,DDoS
5,5,175.6148330122,1.9578019288,5107769,0,0,0,81.5454545455,1,89.7,BENIGN
3,5,9732.024241,6.692701275,1195332,0,0,0,1292.555556,1,1454.125,DDoS
3,6,271190.787,209.8097725,42896,0,0,0,1163.3,2,1292.555556,DDoS
4,0,9.995934986,1.665989164,2400976,0,0,1,6,0,7.5,DDoS
2,6,12417.32552,8.543786371,936353,0,0,0,1291.888889,3,1453.375,DDoS
3,5,247788.9308,170.4920828,46923,0,0,0,1291.888889,1,1453.375,DDoS
3,6,8817.407729,6.821685684,1319322,0,0,0,1163.3,2,1292.555556,DDoS
15,10,123096.112535514,346.4763356663,72155,0,0,0,341.6153846154,0,355.28,BENIGN
1,1,14337.8407383559,85.8553337626,23295,0,0,0,124.3333333333,1,186.5,BENIGN
3,6,6309.334756,4.881287098,1843776,0,0,0,1163.3,2,1292.555556,DDoS
2,2,4325.7984507059,47.0195483772,85071,0,0,0,82,1,102.5,BENIGN
3,6,364986.1878,282.5213461,31856,0,0,0,1162.7,2,1291.888889,DDoS
7,4,119.1026962,0.112389951,97873519,0,0,1,971.9166667,0,1060.272727,DDoS
4,0,4.77906578,0.796510963,5021902,0,0,1,6,0,7.5,DDoS
4,0,5.286515948,0.881085991,4539852,0,0,1,6,0,7.5,DDoS
3,6,18430.67544,14.2590973,631176,0,0,0,1163.3,2,1292.555556,DDoS
8,4,121.5727961,0.125085617,95934291,0,0,1,897.6153846,0,972.4166667,DDoS
8,6,1343.4861339861,3.3431933658,4187613,0,0,0,375.0666666667,0,401.8571428571,BENIGN
9,4,148.2547837,0.165165154,78709096,0,0,1,833.9285714,0,898.0769231,DDoS
86,180,2184.0806453701,2.2727788297,117037345,0,0,0,957.3745318352,2,960.9736842105,BENIGN
3,5,84342.85548,58.0324111,137854,0,0,0,1291.888889,1,1453.375,DDoS
2,0,49180.3278688525,8196.7213114754,244,0,0,1,6,0,9,BENIGN
8,7,1017.6173288455,2.4163780169,6207638,0,0,0,394.8125,0,421.1333333333,BENIGN
5,0,3.730990603,0.621831767,8040760,0,0,1,6,0,7.2,DDoS
2,0,4000000,666666.666666667,3,1,0,0,6,0,9,BENIGN
22,16,69.6926755188,0.320116242,118706879,0,0,0,212.1282051282,0,217.7105263158,BENIGN
71,51,325.3476416761,1.0345456326,117926166,0,0,0,311.9268292683,0,314.4836065574,BENIGN
1,1,0,27027.027027027,74,0,0,1,0,1,0,BENIGN
1,1,93023.2558139535,15503.8759689923,129,0,0,1,6,1,9,BENIGN
10,5,7581.6923144167,50.4325431114,297427,0,0,0,140.9375,0,150.3333333333,BENIGN
2,1,0,83.1762226905,36068,0,0,1,0,0,0,BENIGN
2,2,2198830.40935672,23391.8128654971,171,0,0,0,84.4,1,105.5,BENIGN
3,5,244766.1329,168.3253729,47527,0,0,0,1292.555556,1,1454.125,DDoS
3,5,16298.56083,11.20850053,713744,0,0,0,1292.555556,1,1454.125,DDoS
1,1,0,38461.5384615385,52,0,0,1,0,1,0,BENIGN
1,1,2285.301900409,40.0930157966,49884,0,0,0,52.3333333333,1,78.5,BENIGN
1,1,480000,80000,25,0,0,1,6,1,9,BENIGN
3,6,26925.38378,20.84187271,431823,0,0,0,1162.7,2,1291.888889,DDoS
9,5,128.1280089,0.153801948,91026155,0,0,1,777.9333333,0,833.5,DDoS
2,1,895833.333333333,62500,48,0,1,1,18.5,0,24.6666666667,BENIGN
2,0,0,252.2704339051,7928,0,0,1,0,0,0,BENIGN
4,0,18.44513648,3.074189413,1301156,0,0,1,6,0,7.5,DDoS
1,1,0,47619.0476190476,42,0,0,1,0,1,0,BENIGN
9,6,130.6910439,0.167997743,89286914,0,0,1,729.6875,0,778.3333333,DDoS
3,5,6184.367845,4.252982271,1881033,0,0,0,1292.555556,1,1454.125,DDoS
15,11,23989.1889410441,74.598602137,348532,0,0,0,309.6666666667,0,321.5769230769,BENIGN
16,14,11.474005913,0.260378349,115216953,0,0,0,42.6451612903,0,44.0666666667,BENIGN
2,2,1037037.03703704,21164.0211640212,189,0,0,0,46.2,1,57.75,BENIGN
2,2,40.6737407323,0.6330543305,6318573,0,0,0,59.2,1,74,BENIGN
1,1,0,51.5982559789,38761,0,0,1,0,1,0,BENIGN
8,6,115.6300166,0.138799643,100864813,0,0,1,777.9333333,0,833.5,DDoS
6,0,5.93195064,0.98865844,6068830,0,0,1,6,0,7,DDoS
3,5,12846.49177,8.839075786,905072,0,0,0,1291.888889,1,1453.375,DDoS
1,1,1202.4987516433,20.3813347736,98129,0,0,0,56.3333333333,1,84.5,BENIGN
8,6,145.3264627,0.174446581,80253794,0,0,1,777.9333333,0,833.5,DDoS
2,0,98360.6557377049,16393.4426229508,122,0,0,1,6,0,9,BENIGN
2,2,1802469.13580247,16460.9053497942,243,0,0,0,95.6,1,119.5,BENIGN
3,5,96528.07757,66.41649786,120452,0,0,0,1291.888889,1,1453.375,DDoS
2,2,811320.754716981,18867.9245283019,212,0,0,0,41.4,1,51.75,BENIGN
1,1,352941.176470588,58823.5294117647,34,0,0,1,6,1,9,BENIGN
3,6,299572.2972,231.8870452,38812,0,0,0,1162.7,2,1291.888889,DDoS
2,0,0,666666.666666667,3,0,0,1,0,0,0,BENIGN
3,4,99233.57913,59.74327461,117168,0,0,0,1453.375,1,1661,DDoS
1,1,206.3197919091,1.8841990129,1061459,0,0,0,90.6666666667,1,136,BENIGN
3,6,9597.035129,7.428684628,1211520,0,0,0,1162.7,2,1291.888889,DDoS
4,0,5.901654824,0.983609137,4066656,0,0,1,6,0,7.5,DDoS
3,6,14402.05415,11.14230958,807732,0,0,0,1163.3,2,1292.555556,DDoS
1,1,5318.9753630282,65.2635013868,30645,0,0,0,68,1,102,BENIGN
4,0,2.975529247,0.495921541,8065792,0,0,1,6,0,7.5,DDoS
2,2,1908629.44162437,20304.5685279188,197,0,0,0,84.4,1,105.5,BENIGN
4,0,3.730039625,0.621673271,6434248,0,0,1,6,0,7.5,DDoS
1,1,2611.0370712868,54.3966056518,36767,0,0,0,48,1,72,BENIGN
2,2,8092.485549133,165.1527663088,24220,0,0,0,46.2,1,57.75,BENIGN
3,5,6616.09851,4.549882926,1758287,0,0,0,1292.555556,1,1454.125,DDoS
3,6,63305.47464,49.00225955,183665,0,0,0,1162.7,2,1291.888889,DDoS
4,0,2.741687774,0.456947962,8753732,0,0,1,6,0,7.5,DDoS
1,1,5523.423406669,37.1947704153,53771,0,0,0,115.3333333333,1,173,BENIGN
5,2,78571.7726010243,112.3830012683,62287,0,0,1,611.75,0,699.1428571429,BENIGN
3,5,27864.67441,19.16250281,417482,0,0,0,1292.555556,1,1454.125,DDoS
3,4,189479.002,114.0752571,61363,0,0,0,1453.375,1,1661,DDoS
2,0,4000000,666666.666666667,3,1,0,0,6,0,9,BENIGN
4,0,1.869645074,0.311607512,12836661,0,0,1,6,0,7.5,DDoS
5,0,7.342305631,1.223717605,4085910,0,0,1,6,0,7.2,DDoS
3,4,6390.462947,3.847358788,1819430,0,0,0,1453.375,1,1661,DDoS
8,4,147.7172767,0.151985537,78954881,0,0,1,897.6153846,0,972.4166667,DDoS
8,4,116.8718484,0.12031073,99741727,0,0,1,897.1538462,0,971.9166667,DDoS
2,2,2173410.40462428,23121.387283237,173,0,0,0,84.4,1,105.5,BENIGN
8,6,163.1616949,0.195956398,71444465,0,0,1,777.5333333,0,833.0714286,DDoS
3,6,6509.353101,5.038632314,1786199,0,0,0,1162.7,2,1291.888889,DDoS
1,1,4666.6491885798,52.4342605458,38143,0,0,0,75.3333333333,1,113,BENIGN
3,5,8677.483746,5.967495054,1340596,0,0,0,1292.555556,1,1454.125,DDoS
2,2,8094.5231411972,65.278412429,61276,0,0,0,106.8,1,133.5,BENIGN
4,0,3.912039742,0.652006624,6134907,0,0,1,6,0,7.5,DDoS
1,1,1481.9858610538,20.0268359602,99866,0,0,0,65.3333333333,1,98,BENIGN
3,6,133099.043,103.0266954,87356,0,0,0,1162.7,2,1291.888889,DDoS
5,0,3.862980096,0.643830016,7766025,0,0,1,6,0,7.2,DDoS
4,0,212.383742,35.39729034,113003,0,0,1,6,0,7.5,DDoS
4,4,4336.9642368117,44.7109715135,178927,0,0,0,94.3333333333,1,106.125,BENIGN
2,2,1336405.52995392,18433.1797235023,217,0,0,0,67.4,1,84.25,BENIGN
3,5,6416.298402,4.414757652,1812104,0,0,0,1291.888889,1,1453.375,DDoS
3,4,29731.76747,17.8906879,391265,0,0,0,1454.125,1,1661.857143,DDoS
1,1,3719.89819226,65.261371794,30646,0,0,0,54.3333333333,1,81.5,BENIGN
5,0,4.917339523,0.819556587,6100860,0,0,1,6,0,7.2,DDoS
2,2,4266.9551368731,40.0653064495,99837,0,0,0,95,1,118.75,BENIGN
2,2,9519.6053970021,76.7710112661,52103,0,0,0,106,1,132.5,BENIGN
4,5,41721.5158507689,139.3814560716,64571,0,0,0,269.4,1,299.3333333333,BENIGN
5,0,2.529149715,0.421524953,11861694,0,0,1,6,0,7.2,DDoS
3,4,11661.20231,7.020591395,997067,0,0,0,1453.375,1,1661,DDoS
1,1,44.1411782016,7.3568630336,271855,0,0,1,6,1,9,BENIGN
1,1,1333333.33333333,222222.222222222,9,0,0,1,6,1,9,BENIGN
3,6,28103.10673,21.74228149,413940,0,0,0,1163.3,2,1292.555556,DDoS
3,5,8573.098321,5.895709324,1356919,0,0,0,1292.555556,1,1454.125,DDoS
22,21,78.1248419761,0.3716937602,115686634,0,0,0,205.4090909091,0,210.1860465116,BENIGN
4,0,8.365418198,1.394236366,2868954,0,0,1,6,0,7.5,DDoS
4,0,14.53667087,2.422778479,1650997,0,0,1,6,0,7.5,DDoS
5,0,2.850693502,0.475115584,10523755,0,0,1,6,0,7.2,DDoS
3,5,6375.388905,4.384347223,1824673,0,0,0,1292.555556,1,1454.125,DDoS
1,1,6259.2759889011,64.5286184423,30994,0,0,0,86,1,129,BENIGN
8,6,147.1656244,0.176745195,79210074,0,0,1,777.5333333,0,833.0714286,DDoS
1,1,266666.666666667,44444.4444444444,45,0,0,1,6,1,9,BENIGN
8,5,641.7743683693,2.3878267856,5444281,0,0,0,249.5714285714,0,268.7692307692,BENIGN
2,2,2461.5384615385,29.304029304,136500,0,0,0,74.6,1,93.25,BENIGN
5,0,2.830268247,0.471711375,10599702,0,0,1,6,0,7.2,DDoS
2,2,5802.4029516572,126.1391946012,31711,0,0,0,44.4,1,55.5,BENIGN
4,2,4279.8576384196,67.576699554,88788,0,0,0,60.8571428571,0,71,BENIGN
4,0,4.060327672,0.676721279,5910853,0,0,1,6,0,7.5,DDoS
8,5,143.481653,0.15992982,81285654,0,0,1,833.5,0,897.6153846,DDoS
4,2,4221.0283960092,71.9493476592,83392,0,0,0,55.5714285714,0,64.8333333333,BENIGN
5,0,10.46051001,1.743418334,2867929,0,0,1,6,0,7.2,DDoS
3,5,203639.4844,140.1148942,57096,0,0,0,1291.888889,1,1453.375,DDoS
3,6,10174.24699,7.871419488,1143377,0,0,0,1163.3,2,1292.555556,DDoS
4,0,3.843826606,0.640637768,6243778,0,0,1,6,0,7.5,DDoS
3,4,14000.06017,8.424346361,830925,0,0,0,1454.125,1,1661.857143,DDoS
3,4,1253179.565,754.4729468,9278,0,0,0,1453.375,1,1661,DDoS
4,0,70.37545304,11.72924217,341028,0,0,1,6,0,7.5,DDoS
3,6,20518.23853,15.87416374,566959,0,0,0,1163.3,2,1292.555556,DDoS
3,4,7704.774602,4.636243636,1509843,0,0,0,1454.125,1,1661.857143,DDoS
2,2,6495.193556768,64.9519355677,61584,0,0,0,87,1,108.75,BENIGN
2,2,2356756.75675676,21621.6216216216,185,0,0,0,97,1,121.25,BENIGN
8,6,1331.008455,1.598534646,8758021,0,0,1,777.5333333,0,833.0714286,DDoS
6,5,159.5108045964,3.9787275523,2764703,0,0,0,36.75,0,40.0909090909,BENIGN
1,1,3568.5047964903,41.9824093705,47639,0,0,0,75,1,112.5,BENIGN
3,4,9259.4214,5.571731264,1256342,0,0,0,1454.125,1,1661.857143,DDoS
2,2,1110132.15859031,17621.1453744493,227,0,0,0,57.8,1,72.25,BENIGN
5,0,16.94926745,2.824877909,1769988,0,0,1,6,0,7.2,DDoS
4,0,5.048316597,0.841386099,4754060,0,0,1,6,0,7.5,DDoS
17,24,3397.088275897,23.6229001546,1735604,0,0,0,140.380952381,1,143.8048780488,BENIGN
3,4,74665.75953,44.92910829,155801,0,0,0,1454.125,1,1661.857143,DDoS
2,2,7848.9400714125,128.6711487117,31087,0,0,0,55.2,1,69,BENIGN
3,5,22533.25142,15.5040863,515993,0,0,0,1291.888889,1,1453.375,DDoS
2,2,10876.2903383373,130.2549741118,30709,0,0,0,75,1,93.75,BENIGN
8,6,119.1917757,0.143075097,97850711,0,0,1,777.9333333,0,833.5,DDoS
2,2,919540.229885057,22988.5057471264,174,0,0,0,38.4,1,48,BENIGN
5,0,3.313886344,0.552314391,9052815,0,0,1,6,0,7.2,DDoS
10,7,412.9375439811,1.905520697,8921446,0,0,0,204.6666666667,0,216.7058823529,BENIGN
4,4,263.4179549794,3.2927244372,2429599,0,0,0,74.4444444444,1,83.75,BENIGN
8,5,144.5237876,0.161091421,80699518,0,0,1,833.5,0,897.6153846,DDoS
3,4,12462.71791,7.499271499,933424,0,0,0,1454.125,1,1661.857143,DDoS
4,0,2.635981209,0.439330202,9104769,0,0,1,6,0,7.5,DDoS
3,5,23267.26234,16.0091252,499715,0,0,0,1291.888889,1,1453.375,DDoS
8,6,115.6603017,0.138835996,100838402,0,0,1,777.9333333,0,833.5,DDoS
4,0,2.383582835,0.397263806,10068876,0,0,1,6,0,7.5,DDoS
3,4,10845.2759289241,27.9826507565,250155,0,0,0,339.125,1,387.5714285714,BENIGN
5,0,2.940164996,0.490027499,10203509,0,0,1,6,0,7.2,DDoS
1,1,179104.47761194,29850.7462686567,67,0,0,1,6,1,9,BENIGN
4,0,2.400545644,0.400090941,9997727,0,0,1,6,0,7.5,DDoS
2,0,0,366.6361136572,5455,0,0,1,0,0,0,BENIGN
2,2,1549019.60784314,19607.8431372549,204,0,0,0,71,1,88.75,BENIGN
2,0,9250000,500000,4,0,1,1,22.6666666667,0,34,BENIGN
2,2,6686.7813748675,163.0922286553,24526,0,0,0,39.4,1,49.25,BENIGN
5,0,7.392984698,1.232164116,4057901,0,0,1,6,0,7.2,DDoS
1,1,500000,83333.3333333333,24,0,0,1,6,1,9,BENIGN
2,2,68.612203824,22.870734608,174896,0,0,1,2.4,1,3,BENIGN
8,6,164.7320572,0.197740616,70799820,0,0,1,777.9333333,0,833.5,DDoS
6,6,97.5608399393,0.5214833315,23011282,0,0,0,172.6923076923,1,187.0833333333,BENIGN
5,0,5.62227109,0.937045182,5335922,0,0,1,6,0,7.2,DDoS
4,0,3.362398466,0.560399744,7137762,0,0,1,6,0,7.5,DDoS
2,2,5503.8721932687,97.4136671375,41062,0,0,0,52,1,65,BENIGN
3,5,8724.038991,5.99951104,1333442,0,0,0,1292.555556,1,1454.125,DDoS
5,0,2.756667322,0.459444554,10882706,0,0,1,6,0,7.2,DDoS
5,0,3.16263236,0.527105393,9485769,0,0,1,6,0,7.2,DDoS
8,5,144.3709592,0.160921073,80784945,0,0,1,833.5,0,897.6153846,DDoS
3,6,257405.3575,199.247288,45170,0,0,0,1162.7,2,1291.888889,DDoS
1,1,730.6380905991,12.8182121158,156028,0,0,0,57,1,85.5,BENIGN
8,5,133.1578963,0.148422589,87587746,0,0,1,833.5,0,897.6153846,DDoS
4,0,15.29588942,2.549314903,1569049,0,0,1,6,0,7.5,DDoS
1,1,292682.926829268,48780.4878048781,41,0,0,1,6,1,9,BENIGN
4,0,27.55187789,4.591979648,871084,0,0,1,6,0,7.5,DDoS
4,0,2.963399058,0.493899843,8098808,0,0,1,6,0,7.5,DDoS
13,0,90235294.1176471,764705.882352941,17,0,0,0,118,0,127.0769230769,BENIGN
4,0,2.515801065,0.419300178,9539705,0,0,1,6,0,7.5,DDoS
5,0,131.545484,21.92424734,228058,0,0,1,6,0,7.2,DDoS
3,4,200310.1042,120.5960892,58045,0,0,0,1453.375,1,1661,DDoS
5,0,15.03028603,2.505047671,1995970,0,0,1,6,0,7.2,DDoS
4,2,8904.4363173796,190.8093496581,31445,0,0,0,45.1428571429,0,52.6666666667,BENIGN
4,0,2.435381218,0.40589687,9854720,0,0,1,6,0,7.5,DDoS
4,0,3.36477812,0.560796353,7132714,0,0,1,6,0,7.5,DDoS
8,4,141.0373277,0.145187264,82651878,0,0,1,897.1538462,0,971.9166667,DDoS
1,1,387096.774193548,64516.1290322581,31,0,0,1,6,1,9,BENIGN
15,14,112.5834675007,0.4775370129,60728277,0,0,0,227.9,0,235.7586206897,BENIGN
3,6,6641.923924,5.141250135,1750547,0,0,0,1162.7,2,1291.888889,DDoS
1,1,0,500000,4,0,0,1,0,1,0,BENIGN
3,1,473684.210526316,105263.157894737,38,1,0,0,4.8,0,6,BENIGN
2,0,12.0064474623,2.001074577,999463,0,0,1,6,0,9,BENIGN
4,3,1300.4992238956,97.8870383577,71511,0,0,0,11.625,0,13.2857142857,BENIGN
3,6,143807.7451,111.3158774,80851,0,0,0,1162.7,2,1291.888889,DDoS
10,5,15486.5532025464,194.8811225153,76970,0,0,0,74.5,0,79.4666666667,BENIGN
9,5,159.7338384,0.191642278,73052774,0,0,1,778.3333333,0,833.9285714,DDoS
2,0,9250000,500000,4,0,1,1,24.6666666667,0,37,BENIGN
1,1,2887.0247303628,54.4721647238,36716,0,0,0,50.3333333333,1,75.5,BENIGN
12,11,636.6718179408,2.20235401,10443371,0,0,0,277.0416666667,0,289.0869565217,BENIGN
2,0,72289.156626506,12048.1927710843,166,0,0,1,6,0,9,BENIGN
7,8,26.4139812245,0.2493453231,60157535,0,0,0,99.3125,1,105.9333333333,BENIGN
1,1,285714.285714286,47619.0476190476,42,0,0,1,6,1,9,BENIGN
6,6,1611.3066034668,6.1933629858,1937558,0,0,0,240.1538461538,1,260.1666666667,BENIGN
15,10,14401.7362696041,43.0622421648,580555,0,0,0,321.5769230769,0,334.44,BENIGN
12,8,23711.4983825805,127.8592525348,156422,0,0,0,176.619047619,0,185.45,BENIGN
2,0,12333333.3333333,666666.666666667,3,0,1,1,24.6666666667,0,37,BENIGN
2,0,0,4415.0110375276,453,0,0,1,0,0,0,BENIGN
2,0,12333333.3333333,666666.666666667,3,0,1,1,24.6666666667,0,37,BENIGN
2,0,12333333.3333333,666666.666666667,3,0,1,1,24.6666666667,0,37,BENIGN
4,0,3.889258549,0.648209758,6170842,0,0,1,6,0,7.5,DDoS
3,4,709569.1444,427.1939461,16386,0,0,0,1453.375,1,1661,DDoS
9,4,162.1213143,0.180613342,71976964,0,0,1,833.9285714,0,898.0769231,DDoS
4,0,2.860622941,0.47677049,8389781,0,0,1,6,0,7.5,DDoS
3,5,9447.615397,6.497113657,1231316,0,0,0,1292.555556,1,1454.125,DDoS
3,5,6819.658062,4.689870583,1705804,0,0,0,1292.555556,1,1454.125,DDoS
6,0,10.92871292,1.821452153,3294075,0,0,1,6,0,7,DDoS
5,2,69.2485261007,2.2865079373,3061437,0,0,0,26.5,0,30.2857142857,BENIGN
20,24,30507.2082791444,40.5840412481,1084170,0,0,0,735,1,751.7045454545,BENIGN
1,1,0,51282.0512820513,39,0,0,1,0,1,0,BENIGN
3,5,6652.130678,4.574662204,1748763,0,0,0,1292.555556,1,1454.125,DDoS
8,5,129.7331117,0.1446052,89899948,0,0,1,833.5,0,897.6153846,DDoS
3,4,552246.604,332.4783889,21054,0,0,0,1453.375,1,1661,DDoS
4,0,36.10466743,6.017444572,664734,0,0,1,6,0,7.5,DDoS
6,6,15698.694433685,45.5695048873,263334,0,0,0,318,1,344.5,BENIGN
3,5,545689.089,375.2697251,21318,0,0,0,1292.555556,1,1454.125,DDoS
3,4,29056.89423,17.49361483,400146,0,0,0,1453.375,1,1661,DDoS
1,3,421052.631578947,70175.4385964912,57,0,0,1,6,3,7.5,BENIGN
2,0,12333333.3333333,666666.666666667,3,0,1,1,24.6666666667,0,37,BENIGN
2,2,7170.9121726234,65.1901106602,61359,0,0,0,97.2,1,121.5,BENIGN
1,1,545454.545454545,90909.0909090909,22,0,0,1,6,1,9,BENIGN
1,1,0,23255.8139534884,86,0,0,1,0,1,0,BENIGN
1,1,0,37735.8490566038,53,0,0,1,0,1,0,BENIGN
5,0,3.760873154,0.626812192,7976871,0,0,1,6,0,7.2,DDoS
5,1,38.0927446791,1.2627429175,4751561,0,1,1,32.4285714286,0,37.8333333333,BENIGN
2,0,12333333.3333333,666666.666666667,3,0,1,1,22.6666666667,0,34,BENIGN
4,0,22.64165895,3.773609826,1059993,0,0,1,6,0,7.5,DDoS
3,5,8678.273506,5.968038172,1340474,0,0,0,1292.555556,1,1454.125,DDoS
8,4,632.2117852207,1.321697112,9079236,0,0,0,441.5384615385,0,478.3333333333,BENIGN
3,1,2.079961701,0.693320567,5769337,0,0,0,2.4,0,3,BENIGN
1,1,0,16.3993571452,121956,0,0,1,0,1,0,BENIGN
2,1,0,56.9335585372,52693,0,0,1,0,0,0,BENIGN
20,25,4362.933539874,319.7589727921,140731,0,0,0,13.347826087,1,13.6444444444,BENIGN
1,1,0,39.5077336389,50623,0,0,1,0,1,0,BENIGN
5,0,7.405767167,1.234294528,4050897,0,0,1,6,0,7.2,DDoS
3,3,0.1998418962,0.0666139654,90071203,0,0,1,3.4285714286,1,4,BENIGN
3,5,27282.15573,18.77158733,426176,0,0,0,1291.888889,1,1453.375,DDoS
4,0,6.380301033,1.063383506,3761578,0,0,1,6,0,7.5,DDoS
4,2,10454.3107898813,193.5983479608,30992,0,0,0,51.7142857143,0,60.3333333333,BENIGN
9,4,143.6319037,0.160014975,81242396,0,0,1,833.9285714,0,898.0769231,DDoS
10,8,155.5840920829,1.1188628276,16087763,0,0,0,131.7368421053,0,139.0555555556,BENIGN
4,0,2.673557017,0.445592836,8976805,0,0,1,6,0,7.5,DDoS
3,5,6458.547429,4.441535239,1801179,0,0,0,1292.555556,1,1454.125,DDoS
3,6,8917.456229,6.89908932,1304520,0,0,0,1163.3,2,1292.555556,DDoS
2,0,12.0070721655,2.0011786943,999411,0,0,1,6,0,9,BENIGN
4,4,7655.8610166769,107.0749792542,74714,0,0,0,68.4444444444,1,77,BENIGN
1,1,0,30303.0303030303,66,0,0,1,0,1,0,BENIGN
14,15,91.4831281378,0.411894227,70406425,0,0,0,214.7,1,222.1034482759,BENIGN
8,6,141.6922125,0.17008411,82312216,0,0,1,777.9333333,0,833.5,DDoS
3,5,19520.51979,13.4242378,595937,0,0,0,1292.555556,1,1454.125,DDoS
1,1,0,245.9117176933,8133,0,0,1,0,1,0,BENIGN
21,18,46.9351315901,0.3367310765,115819426,0,0,0,135.9,0,139.3846153846,BENIGN
3,5,8250.78644,5.676983875,1409199,0,0,0,1291.888889,1,1453.375,DDoS
5,0,12.01964491,2.003274151,2495914,0,0,1,6,0,7.2,DDoS
2,2,1403973.50993378,26490.0662251656,151,0,0,0,49.2,1,61.5,BENIGN
3,5,121505.6797,83.60242865,95691,0,0,0,1291.888889,1,1453.375,DDoS
5,0,3.32875814,0.554793023,9012370,0,0,1,6,0,7.2,DDoS
2,2,1874476.9874477,16736.4016736402,239,0,0,0,96.4,1,120.5,BENIGN
1,1,0,90909.0909090909,22,0,0,1,0,1,0,BENIGN
2,2,13286.0655999489,127.7506307687,31311,0,0,0,95.8,1,119.75,BENIGN
3,5,12343.53066,8.48863107,942437,0,0,0,1292.555556,1,1454.125,DDoS
5,0,4.531831585,0.755305264,6619840,0,0,1,6,0,7.2,DDoS
3,6,755196.1548,584.5674201,15396,0,0,0,1162.7,2,1291.888889,DDoS
3,6,14144.53126,10.94307413,822438,0,0,0,1163.3,2,1292.555556,DDoS
2,0,0,666666.666666667,3,0,0,1,0,0,0,BENIGN
5,0,2.510314884,0.418385814,11950692,0,0,1,6,0,7.2,DDoS
1,1,0,15503.8759689923,129,0,0,1,0,1,0,BENIGN
3,5,8131.132599,5.591770033,1430674,0,0,0,1292.555556,1,1454.125,DDoS
3,6,14571.72312,11.27357587,798327,0,0,0,1163.3,2,1292.555556,DDoS
3,5,24796.06605,17.05222457,469147,0,0,0,1292.555556,1,1454.125,DDoS
4,0,4.06373563,0.677289272,5905896,0,0,1,6,0,7.5,DDoS
17,15,18.3147074402,0.2768401691,115590162,0,0,0,64.1515151515,0,66.15625,BENIGN
3,5,21895.92702,15.06557291,531012,0,0,0,1291.888889,1,1453.375,DDoS
5,0,14.72774294,2.454623824,2036972,0,0,1,6,0,7.2,DDoS
3,4,3547.2920257014,24.2727704593,288389,0,0,0,127.875,1,146.1428571429,BENIGN
2,2,6658.6208331599,166.465520829,24029,0,0,0,38.4,1,48,BENIGN
2,1,165384.615384615,11538.4615384615,260,0,1,1,20,0,26.6666666667,BENIGN
2,2,1756302.5210084,16806.7226890756,238,0,0,0,91.6,1,114.5,BENIGN
2,2,3.1168068332,0.0445258119,89835532,0,0,0,65.8,1,82.25,BENIGN
4,0,3.391343201,0.565223867,7076842,0,0,1,6,0,7.5,DDoS
2,0,12333333.3333333,666666.666666667,3,0,1,1,24.6666666667,0,37,BENIGN
2,2,4912.6277612925,32.9706561161,121320,0,0,0,125.6,1,157,BENIGN
3,5,22225.44893,15.28441429,523409,0,0,0,1292.555556,1,1454.125,DDoS
2,0,12333333.3333333,666666.666666667,3,0,1,1,24.6666666667,0,37,BENIGN
1,1,3674.2561137212,30.1168533912,66408,0,0,0,100.6666666667,1,151,BENIGN
3,6,7759.140485,6.002945445,1499264,0,0,0,1163.3,2,1292.555556,DDoS
2,2,418181.818181818,18181.8181818182,220,0,0,0,23,1,28.75,BENIGN
8,6,142.0954361,0.17056813,82078639,0,0,1,777.9333333,0,833.5,DDoS
3,5,6184.765688,4.253255867,1880912,0,0,0,1292.555556,1,1454.125,DDoS
2,2,1046831.95592287,11019.2837465565,363,0,0,0,83.8,1,104.75,BENIGN
4,0,4.691266757,0.781877793,5115889,0,0,1,6,0,7.5,DDoS
5,3,16431.3256573202,107.4820975131,74431,0,0,0,135.8888888889,0,152.875,BENIGN
3,4,20490.73487,12.33002184,567720,0,0,0,1454.125,1,1661.857143,DDoS
3,5,8467.063393,5.822789232,1373912,0,0,0,1292.555556,1,1454.125,DDoS
7,6,1558.214025,1.73863036,7477150,0,0,1,832.6428571,0,896.6923077,DDoS
1,1,2967.2350384487,41.7920427951,47856,0,0,0,65.6666666667,1,98.5,BENIGN
11,12,715.7619983281,1.4929288076,15405959,0,0,0,459.4583333333,1,479.4347826087,BENIGN
9,4,117.4465342,0.130842827,99355848,0,0,1,833.9285714,0,898.0769231,DDoS
3,4,139640.1806,84.0699462,83264,0,0,0,1453.375,1,1661,DDoS
5,0,2.862124589,0.477020765,10481724,0,0,1,6,0,7.2,DDoS
2,2,1295774.64788732,28169.014084507,142,0,0,0,44.4,1,55.5,BENIGN
11,10,2394.2116032241,10.4724939945,2005253,0,0,0,218.2272727273,0,228.619047619,BENIGN
3,7,6226.027225,5.354801088,1867483,0,0,0,1057,2,1162.7,DDoS
2,2,1638095.23809524,19047.619047619,210,0,0,0,75.4,1,94.25,BENIGN
2,2,1211538.46153846,19230.7692307692,208,0,0,0,56.8,1,71,BENIGN
4,0,3.057771236,0.509628539,7848854,0,0,1,6,0,7.5,DDoS
1,1,9015.5220072294,85.0520944078,23515,0,0,0,87.3333333333,1,131,BENIGN
3,4,14338.51322,8.63245829,810893,0,0,0,1453.375,1,1661,DDoS
23,19,66.0425774325,0.3633942424,115576955,0,0,0,177.511627907,0,181.7380952381,BENIGN
3,5,504269.7993,346.7857298,23069,0,0,0,1292.555556,1,1454.125,DDoS
9,4,159.6438389,0.177944775,73056374,0,0,1,833.5,0,897.6153846,DDoS
4,0,11.70165461,1.950275769,2050992,0,0,1,6,0,7.5,DDoS
3,6,11771.85265,9.112124694,987695,0,0,0,1162.7,2,1291.888889,DDoS
3,5,6916.432342,4.758876643,1681069,0,0,0,1291.888889,1,1453.375,DDoS
8,5,145.3666636,0.16211432,80190325,0,0,1,833.0714286,0,897.1538462,DDoS
10,5,17529.0913592473,247.5860361476,60585,0,0,0,66.375,0,70.8,BENIGN
4,2,6293.7406782161,98.3396980971,61013,0,0,0,59.1428571429,0,69,BENIGN
5,0,13.27702106,2.212836844,2259543,0,0,1,6,0,7.2,DDoS
8,6,141.3696199,0.169696877,82500045,0,0,1,777.9333333,0,833.5,DDoS
5,0,28.88267377,4.813778961,1038685,0,0,1,6,0,7.2,DDoS
2,2,9772.3977050627,126.0954542589,31722,0,0,0,69,1,86.25,BENIGN
2,0,58536.5853658537,9756.0975609756,205,0,0,1,6,0,9,BENIGN
4,0,8.52272122,1.420453537,2816002,0,0,1,6,0,7.5,DDoS
5,0,67.11109123,11.18518187,447020,0,0,1,6,0,7.2,DDoS
4,0,3.926801797,0.654466966,6111844,0,0,1,6,0,7.5,DDoS
2,2,2.9080524259,0.0605844255,66023569,0,0,0,48,1,60,BENIGN
2,0,4000000,666666.666666667,3,1,0,0,6,0,9,BENIGN
2,2,1440000,26666.6666666667,150,0,0,0,52.4,1,65.5,BENIGN
3,6,10492.07119,8.117307724,1108742,0,0,0,1163.3,2,1292.555556,DDoS
1,1,6203.3127638844,64.9561545956,30790,0,0,0,80,1,120,BENIGN
7,4,154.7901097642,2.180142391,5045542,0,0,0,65.0833333333,0,71,BENIGN
1,1,923076.923076923,153846.153846154,13,0,0,1,6,1,9,BENIGN
2,0,12333333.3333333,666666.666666667,3,0,1,1,22.6666666667,0,34,BENIGN
3,4,113410.8059,68.24341451,102574,0,0,0,1454.125,1,1661.857143,DDoS
1,1,0,22.9278917804,87230,0,0,1,0,1,0,BENIGN
3,5,6544.231648,4.500460172,1777596,0,0,0,1292.555556,1,1454.125,DDoS
3,1,2.7471346895,0.7848956256,5096219,0,0,0,2.8,0,3.5,BENIGN
1,1,3190.5050569505,63.810101139,31343,0,0,0,47.3333333333,1,71,BENIGN
3,6,257850.6165,199.5919454,45092,0,0,0,1162.7,2,1291.888889,DDoS
3,5,341153.6995,234.6109857,34099,0,0,0,1292.555556,1,1454.125,DDoS
3,5,574059.445,394.9837069,20254,0,0,0,1291.888889,1,1453.375,DDoS
4,0,3.419616917,0.569936153,7018330,0,0,1,6,0,7.5,DDoS
5,0,2.657990749,0.442998458,11286721,0,0,1,6,0,7.2,DDoS
8,6,126.5635036,0.152002149,92103961,0,0,1,777.5333333,0,833.0714286,DDoS
2,0,4000000,666666.666666667,3,0,0,1,6,0,9,BENIGN
2,0,4000000,666666.666666667,3,0,0,1,6,0,9,BENIGN
2,2,4940.4425464213,83.7363143461,47769,0,0,0,54.8,1,68.5,BENIGN
3,5,118196.3199,81.28346593,98421,0,0,0,1292.555556,1,1454.125,DDoS
1,1,0,666666.666666667,3,0,0,1,0,1,0,BENIGN
35,45,239400.768105089,274.8139852837,291106,0,0,0,860.3827160494,1,871.1375,BENIGN
3,4,16527.36399,9.945117161,703863,0,0,0,1454.125,1,1661.857143,DDoS
2,2,4905.3450092657,36.3358889575,110084,0,0,0,118.2,1,147.75,BENIGN
2,0,51.8380923582,8.6396820597,231490,0,0,1,6,0,9,BENIGN
8,4,132.1281565,0.136015946,88224950,0,0,1,897.1538462,0,971.9166667,DDoS
2,2,2916666.66666667,20833.3333333333,192,0,0,0,120.8,1,151,BENIGN
2,2,2609.6145965881,43.1341255634,92734,0,0,0,55.8,1,69.75,BENIGN
2,2,1608938.54748603,22346.3687150838,179,0,0,0,66,1,82.5,BENIGN
3,5,45004.89394,30.94981101,258483,0,0,0,1292.555556,1,1454.125,DDoS
5,0,4.109724155,0.684954026,7299760,0,0,1,6,0,7.2,DDoS
3,6,7016.432222,5.431142169,1657110,0,0,0,1162.7,2,1291.888889,DDoS
3,6,27005.63188,20.89320785,430762,0,0,0,1163.3,2,1292.555556,DDoS
3,5,19985.3284,13.74388612,582077,0,0,0,1292.555556,1,1454.125,DDoS
4,0,4.359762516,0.726627086,5504887,0,0,1,6,0,7.5,DDoS
11,7,2664.6778369652,14.9328147775,1205399,0,0,0,169.0526315789,0,178.4444444444,BENIGN
2,2,4.7776432733,0.0718442597,55675986,0,0,0,62.2,1,77.75,BENIGN
10,8,25192.3262109329,96.296851093,186922,0,0,0,247.8421052632,0,261.6111111111,BENIGN
12,12,25.1568010337,0.2658578709,90273799,0,0,0,90.84,1,94.625,BENIGN
2,1,358.9160734582,59.8193455764,50151,0,0,1,6,0,8,BENIGN
2,2,1181818.18181818,18181.8181818182,220,0,0,0,59.8,1,74.75,BENIGN
5,0,4.066239585,0.677706598,7377824,0,0,1,6,0,7.2,DDoS
3,4,9358.636164,5.631432403,1243023,0,0,0,1454.125,1,1661.857143,DDoS
2,2,561205.27306968,3766.4783427495,1062,0,0,0,126.6,1,158.25,BENIGN
3,6,14155.80512,10.95179628,821783,0,0,0,1163.3,2,1292.555556,DDoS
1,1,0,24096.3855421687,83,0,0,1,0,1,0,BENIGN
2,2,6566.7203568331,123.9003840912,32284,0,0,0,49.8,1,62.25,BENIGN
3,4,313058.6968,188.4760366,37140,0,0,0,1453.375,1,1661,DDoS
4,0,2.879538813,0.479923136,8334668,0,0,1,6,0,7.5,DDoS
7,5,1197.967125,1.233216565,9730651,0,0,1,897.1538462,0,971.9166667,DDoS
4,0,8.975992586,1.495998764,2673799,0,0,1,6,0,7.5,DDoS
2,2,1308108.10810811,21621.6216216216,185,0,0,0,54.8,1,68.5,BENIGN
8,4,116.6438005,0.120075972,99936730,0,0,1,897.1538462,0,971.9166667,DDoS
1,1,444444.444444444,74074.0740740741,27,0,0,1,6,1,9,BENIGN
5,0,7.433225477,1.238870913,4035933,0,0,1,6,0,7.2,DDoS
3,6,42705.34524,33.05651562,272261,0,0,0,1162.7,2,1291.888889,DDoS
1,1,73.9783983077,3.998832341,500146,1,0,0,14.3333333333,1,21.5,BENIGN
3,6,235371.4794,182.0977663,49424,0,0,0,1163.3,2,1292.555556,DDoS
7,4,147.3593246754,2.0754834461,5299970,0,0,0,65.0833333333,0,71,BENIGN
2,0,43000000,2000000,1,0,0,1,16.3333333333,0,24.5,BENIGN
3,6,10961.21973,8.48026971,1061287,0,0,0,1163.3,2,1292.555556,DDoS
5,0,3.30259389,0.550432315,9083769,0,0,1,6,0,7.2,DDoS
2,0,0,666666.666666667,3,0,0,1,0,0,0,BENIGN
3,4,27281.8918805393,147.0155836519,47614,0,0,0,162.375,1,185.5714285714,BENIGN
3,6,128507.3572,99.42114798,90524,0,0,0,1163.3,2,1292.555556,DDoS
4,0,3.52583667,0.587639445,6806895,0,0,1,6,0,7.5,DDoS
3,6,8291.595004,6.414884814,1402987,0,0,0,1163.3,2,1292.555556,DDoS
5,1,45.0705740447,1.4940521783,4015924,0,1,1,32.4285714286,0,37.8333333333,BENIGN
3,6,12067.27717,9.33598337,964012,0,0,0,1163.3,2,1292.555556,DDoS
15,10,32612.3842028279,97.5134080936,256375,0,0,0,321.5769230769,0,334.44,BENIGN
12,7,17554.5190267431,88.800815098,213962,0,0,0,187.8,0,197.6842105263,BENIGN
1,1,141176.470588235,23529.4117647059,85,0,0,1,6,1,9,BENIGN
5,0,4.41317108,0.735528513,6797833,0,0,1,6,0,7.2,DDoS
3,6,6679.513136,5.167679723,1741594,0,0,0,1163.3,2,1292.555556,DDoS
3,6,75969.63044,58.80508076,153048,0,0,0,1162.7,2,1291.888889,DDoS
2,2,1822784.81012658,25316.4556962025,158,0,0,0,66.4,1,83,BENIGN
1,1,5626.9113149847,81.5494393476,24525,0,0,0,59.6666666667,1,89.5,BENIGN
2,2,3002.3170055151,43.5118406596,91929,0,0,0,60.8,1,76,BENIGN
4,0,7.860996617,1.310166103,3053048,0,0,1,6,0,7.5,DDoS
5,0,3.699690225,0.616615037,8108787,0,0,1,6,0,7.2,DDoS
3,5,103069.1262,70.88051317,112866,0,0,0,1292.555556,1,1454.125,DDoS
3,6,21292.5627,16.47322826,546341,0,0,0,1163.3,2,1292.555556,DDoS
3,6,59799.93009,46.26488187,194532,0,0,0,1163.3,2,1292.555556,DDoS
3,5,18186.16707,12.50660505,639662,0,0,0,1292.555556,1,1454.125,DDoS
5,0,38.60969077,6.434948462,777007,0,0,1,6,0,7.2,DDoS
4,0,6.514753474,1.085792246,3683946,0,0,1,6,0,7.5,DDoS
2,2,9030.2066772655,127.186009539,31450,0,0,0,63.4,1,79.25,BENIGN
2,0,37000000,2000000,1,0,1,1,24.6666666667,0,37,BENIGN
3,1,21524.66367713,3587.4439461883,1115,1,0,0,6,0,7.5,BENIGN
4,0,2.989599929,0.498266655,8027830,0,0,1,6,0,7.5,DDoS
3,6,7266.49805,5.624708218,1600083,0,0,0,1162.7,2,1291.888889,DDoS
8,6,163.2821765,0.196101096,71391748,0,0,1,777.5333333,0,833.0714286,DDoS
2,2,1700680.27210884,27210.8843537415,147,0,0,0,56.8,1,71,BENIGN
9,4,164.4078562,0.183160693,70975927,0,0,1,833.9285714,0,898.0769231,DDoS
2,0,645833.333333333,41666.6666666667,48,0,1,1,20.6666666667,0,31,BENIGN
2,0,1102564.1025641,51282.0512820513,39,0,1,1,26.6666666667,0,40,BENIGN
5,0,3.8076879,0.63461465,7878797,0,0,1,6,0,7.2,DDoS
4,0,8.290264259,1.38171071,2894962,0,0,1,6,0,7.5,DDoS
2,0,12333333.3333333,666666.666666667,3,0,1,1,24.6666666667,0,37,BENIGN
8,4,142.3792418,0.146568663,81872890,0,0,1,897.1538462,0,971.9166667,DDoS
10,7,1056.6977830955,3.250789416,5229499,0,0,0,307,0,325.0588235294,BENIGN
2,2,9278.7853226487,129.7732212958,30823,0,0,0,65.4,1,81.75,BENIGN
3,4,133309.6501,80.21727422,87263,0,0,0,1454.125,1,1661.857143,DDoS
3,6,7989.714265,6.181331418,1455997,0,0,0,1163.3,2,1292.555556,DDoS
3,5,276431.849,190.1999477,42061,0,0,0,1291.888889,1,1453.375,DDoS
3,5,201924.2458,138.934718,57581,0,0,0,1291.888889,1,1453.375,DDoS
16,14,10.7225364747,0.2598352942,115457756,0,0,0,39.935483871,0,41.2666666667,BENIGN
3,4,118028.6265,71.05877576,98510,0,0,0,1453.375,1,1661,DDoS
8,6,141.4267618,0.169852849,82424287,0,0,1,777.5333333,0,833.0714286,DDoS
2,2,14299.8842783931,165.3165812531,24196,0,0,0,76.6,1,95.75,BENIGN
1,1,0,37735.8490566038,53,0,0,1,0,1,0,BENIGN
20,16,19.7726564793,0.3126111696,115159033,0,0,0,61.5405405405,0,63.25,BENIGN
8,5,148.5698928,0.165601355,78501773,0,0,1,833.5,0,897.6153846,DDoS
5,0,2.485134958,0.41418916,12071779,0,0,1,6,0,7.2,DDoS
1,1,2841.6347381865,31.9284802043,62640,0,0,0,78,1,117,BENIGN
4,0,12.13896075,2.023160126,1977105,0,0,1,6,0,7.5,DDoS
2,2,635658.914728682,15503.8759689923,258,0,0,0,39.4,1,49.25,BENIGN
3,6,15503.24578,11.99425875,750359,0,0,0,1163.3,2,1292.555556,DDoS
8,6,114.4269514,0.137426209,101872853,0,0,1,777.5333333,0,833.0714286,DDoS
1,1,2757.4631339168,29.9724253687,66728,0,0,0,75,1,112.5,BENIGN
1,1,1184.6586702207,24.6803889629,81036,0,0,0,48,1,72,BENIGN
2,2,1168316.83168317,19801.9801980198,202,0,0,0,55.2,1,69,BENIGN
3,4,289085.0323,174.0427648,40220,0,0,0,1453.375,1,1661,DDoS
2,2,2539.38069259,23.1906912565,172483,0,0,0,95,1,118.75,BENIGN
2,2,1860082.30452675,16460.9053497942,243,0,0,0,97,1,121.25,BENIGN
1,1,0,166666.666666667,12,0,0,1,0,1,0,BENIGN
2,2,922.5746930665,23.6557613607,169092,0,0,0,37.4,1,46.75,BENIGN
4,0,5.911491669,0.985248611,4059889,0,0,1,6,0,7.5,DDoS
1,1,0,86.9300647629,23007,0,0,1,0,1,0,BENIGN
3,1,2.0627644206,0.6875881402,5817436,0,0,0,2.4,0,3,BENIGN
3,6,9291.800723,7.188705107,1251964,0,0,0,1163.3,2,1292.555556,DDoS
2,2,1905882.35294118,23529.4117647059,170,0,0,0,70.8,1,88.5,BENIGN
5,0,8.854771128,1.475795188,3388004,0,0,1,6,0,7.2,DDoS
3,6,17015.13025,13.17073813,683333,0,0,0,1162.7,2,1291.888889,DDoS
5,0,3.022103666,0.503683944,9926860,0,0,1,6,0,7.2,DDoS
2,2,19836.6394399067,166.6944490748,23996,0,0,0,101.2,1,126.5,BENIGN
4,0,3.460290927,0.576715154,6935833,0,0,1,6,0,7.5,DDoS
3,6,16431.36756,12.71887056,707610,0,0,0,1162.7,2,1291.888889,DDoS
2,2,5940.7696400071,59.1121357215,67668,0,0,0,91.2,1,114,BENIGN
2,0,12333333.3333333,666666.666666667,3,0,1,1,24.6666666667,0,37,BENIGN
3,6,25838.88071,19.99053781,450213,0,0,0,1163.3,2,1292.555556,DDoS
2,2,12396.694214876,165.2892561983,24200,0,0,0,66.6,1,83.25,BENIGN
4,0,4.983490113,0.830581685,4815902,0,0,1,6,0,7.5,DDoS
4,0,40.5812920244,5.5974195896,714615,0,0,1,5.8,0,7.25,BENIGN
2,2,1481481.48148148,14814.8148148148,270,0,0,0,87.2,1,109,BENIGN
3,5,9704.434978,6.677172084,1198112,0,0,0,1291.888889,1,1453.375,DDoS
1,1,0,39.3801563392,50787,0,0,1,0,1,0,BENIGN
3,5,9198.022904,6.328733399,1264076,0,0,0,1291.888889,1,1453.375,DDoS
4,0,3.205621378,0.53427023,7486848,0,0,1,6,0,7.5,DDoS
4,0,14.89674692,2.482791154,1611090,0,0,1,6,0,7.5,DDoS
8,5,120.5642901,0.134385301,96736770,0,0,1,833.5,0,897.6153846,DDoS
4,0,2.83972856,0.473288093,8451512,0,0,1,6,0,7.5,DDoS
3,6,12560.66815,9.717700792,926145,0,0,0,1163.3,2,1292.555556,DDoS
5,0,4.176027348,0.696004558,7183861,0,0,1,6,0,7.2,DDoS
5,0,4.708225018,0.78470417,6371828,0,0,1,6,0,7.2,DDoS
2,2,27886.6383400025,165.0096943195,24241,0,0,0,141.2,1,176.5,BENIGN
2,0,4000000,666666.666666667,3,0,0,1,6,0,9,BENIGN
5,0,2.997688782,0.499614797,10007710,0,0,1,6,0,7.2,DDoS
4,0,13.70666481,2.284444135,1750973,0,0,1,6,0,7.5,DDoS
1,3,272727.272727273,60606.0606060606,66,0,0,1,3.6,3,4.5,BENIGN
5,0,17.84716757,2.974527928,1680939,0,0,1,6,0,7.2,DDoS
3,4,6784.474966,4.082465809,1714650,0,0,0,1454.125,1,1661.857143,DDoS
1,1,0,66666.6666666667,30,0,0,1,0,1,0,BENIGN
4,0,3.167520665,0.527920111,7576904,0,0,1,6,0,7.5,DDoS
9,5,158.7280816,0.190435611,73515662,0,0,1,778.3333333,0,833.9285714,DDoS
1,1,14293.6578026363,65.4171981814,30573,0,0,0,161.3333333333,1,242,BENIGN
3,5,108988.5325,74.95128167,106736,0,0,0,1292.555556,1,1454.125,DDoS
3,5,36488.58889,25.09315835,318812,0,0,0,1292.555556,1,1454.125,DDoS
1,1,0,54054.0540540541,37,0,0,1,0,1,0,BENIGN
3,6,21986.85365,17.01915222,528816,0,0,0,1162.7,2,1291.888889,DDoS
5,0,1247.60875,207.9347916,24046,0,0,1,6,0,7.2,DDoS
5,0,34.96389395,5.827315659,858028,0,0,1,6,0,7.2,DDoS
8,4,148.5642967,0.152857032,78504730,0,0,1,897.6153846,0,972.4166667,DDoS
2,0,12333333.3333333,666666.666666667,3,0,1,1,22.6666666667,0,34,BENIGN
1,1,4073.1469302898,84.8572277144,23569,0,0,0,48,1,72,BENIGN
3,6,268528.1415,207.8569944,43299,0,0,0,1162.7,2,1291.888889,DDoS
2,0,1035500000,1000000,2,0,1,1,1378.6666666667,0,2068,BENIGN
3,0,345744.680851064,15957.4468085106,188,0,0,1,17.75,0,23.6666666667,BENIGN
1,1,0,17543.8596491228,114,0,0,1,0,1,0,BENIGN
3,6,209754.7782,162.2791201,55460,0,0,0,1163.3,2,1292.555556,DDoS
8,5,123.7995738,0.137991465,94208725,0,0,1,833.5,0,897.6153846,DDoS
4,0,3.458301458,0.576383576,6939823,0,0,1,6,0,7.5,DDoS
1,1,218181.818181818,36363.6363636364,55,0,0,1,6,1,9,BENIGN
5,0,5.054570832,0.842428472,5935222,0,0,1,6,0,7.2,DDoS
22,13,94.7033890766,0.3548082442,98644833,0,0,0,259.5,0,266.9142857143,BENIGN
3,3,197034.4009,101.6776817,59010,0,0,0,1661,1,1937.833333,DDoS
3,5,6670.212027,4.589463853,1743123,0,0,0,1291.888889,1,1453.375,DDoS
4,0,12.03008122,2.005013536,1994999,0,0,1,6,0,7.5,DDoS
2,2,811594.202898551,19323.6714975845,207,0,0,0,40.4,1,50.5,BENIGN
3,1,237864.077669903,19417.4757281553,206,0,0,1,11,0,13.75,BENIGN
3,5,16946.43656,11.65404388,686457,0,0,0,1292.555556,1,1454.125,DDoS
3,4,17928.78114,10.78840093,648845,0,0,0,1454.125,1,1661.857143,DDoS
3,4,173296.7672,104.3327918,67093,0,0,0,1453.375,1,1661,DDoS
9,9,161140.634137659,228.838770373,78658,0,0,0,667.1052631579,1,704.1666666667,BENIGN
3,5,136018.708,93.53990061,85525,0,0,0,1292.555556,1,1454.125,DDoS
22,20,82.8386147498,0.3638592156,115429260,0,0,0,222.3720930233,0,227.6666666667,BENIGN
3,5,261498.3244,179.9248814,44463,0,0,0,1291.888889,1,1453.375,DDoS
3,5,9099.58464,6.257773328,1278410,0,0,0,1292.555556,1,1454.125,DDoS
8,6,31.1324860708,0.1549430519,90355778,0,0,0,187.5333333333,0,200.9285714286,BENIGN
3,6,31478.68887,24.36640577,369361,0,0,0,1162.7,2,1291.888889,DDoS
1,1,0,30769.2307692308,65,0,0,1,0,1,0,BENIGN
1,1,3730.2485435266,41.9129049834,47718,0,0,0,78,1,117,BENIGN
5,8,8070.4617169146,15.9738127771,813832,0,0,0,469.1428571429,1,505.2307692308,BENIGN
8,6,752.0056724046,2.7211370932,5144908,0,0,0,257.9333333333,0,276.3571428571,BENIGN
4,0,3.960793426,0.660132238,6059392,0,0,1,6,0,7.5,DDoS
5,0,135.0171472,22.50285786,222194,0,0,1,6,0,7.2,DDoS
5,0,1.297389475,0.216231579,23123357,0,0,1,6,0,7.2,DDoS
5,0,422.2854086,70.38090144,71042,0,0,1,6,0,7.2,DDoS
5,0,3.718074751,0.619679125,8068692,0,0,1,6,0,7.2,DDoS
6,0,8.810803416,1.468467236,4085893,0,0,1,6,0,7,DDoS
1,1,3038.7401951979,29.9383270463,66804,0,0,0,87,1,130.5,BENIGN
8,4,1275.519969,1.312375857,9143722,0,0,1,897.6153846,0,972.4166667,DDoS
2,0,5.6698261773,0.9449710296,2116467,0,0,1,6,0,9,BENIGN
3,6,22456.3938,17.38260465,517759,0,0,0,1162.7,2,1291.888889,DDoS
4,0,3.67863731,0.613106218,6524155,0,0,1,6,0,7.5,DDoS
5,3,10559.796437659,84.8176420696,94320,0,0,0,110.6666666667,0,124.5,BENIGN
9,9,703.0891360929,2.3730741514,7585098,0,0,0,280.6842105263,1,296.2777777778,BENIGN
4,2,7135.1395429434,122.316677879,49053,0,0,0,55.8571428571,0,65.1666666667,BENIGN
2,2,8998.5859364957,128.5512276642,31116,0,0,0,62.8,1,78.5,BENIGN
4,0,4.028292038,0.671382006,5957860,0,0,1,6,0,7.5,DDoS
5,0,3.211394198,0.535232366,9341737,0,0,1,6,0,7.2,DDoS
3,0,0,4504.5045045045,666,0,0,1,0,0,0,BENIGN
2,2,10320.9892570835,129.82376424,30811,0,0,0,70.4,1,88,BENIGN
4,2,9316.6179042513,98.06966215,61181,0,0,0,86.8571428571,0,101.3333333333,BENIGN
4,0,2.384558553,0.397426425,10064756,0,0,1,6,0,7.5,DDoS
5,0,2.503794501,0.417299083,11981814,0,0,1,6,0,7.2,DDoS
7,6,98.4042614717,0.32337093,40201511,0,0,0,282.5714285714,0,304.3076923077,BENIGN
5,0,7.547369176,1.257894863,3974895,0,0,1,6,0,7.2,DDoS
3,1,2.2165085557,0.7388361852,5413920,0,0,0,2.4,0,3,BENIGN
1,1,342857.142857143,57142.8571428571,35,0,0,1,6,1,9,BENIGN
1,1,307692.307692308,51282.0512820513,39,0,0,1,6,1,9,BENIGN
2,2,42.1500121881,0.3930071066,10177933,0,0,0,98.6,1,123.25,BENIGN
1,1,1574.1604477612,16.657782516,120064,0,0,0,78.3333333333,1,117.5,BENIGN
1,1,230769.230769231,38461.5384615385,52,0,0,1,6,1,9,BENIGN
3,4,13006.52842,7.826502101,894397,0,0,0,1454.125,1,1661.857143,DDoS
12,9,42.5948088594,0.4335874872,48433132,0,0,0,93.7727272727,0,98.2380952381,BENIGN
3,4,110262.8784,66.3834307,105448,0,0,0,1453.375,1,1661,DDoS
3,6,10623.1428,8.21871273,1095062,0,0,0,1163.3,2,1292.555556,DDoS
3,6,26497.59351,20.50015831,439021,0,0,0,1163.3,2,1292.555556,DDoS
3,5,16782.56102,11.54134688,693160,0,0,0,1292.555556,1,1454.125,DDoS
18,20,50678.9408713792,72.7265767792,522505,0,0,0,678.9743589744,1,696.8421052632,BENIGN
2,2,9541.8014152605,128.0778713458,31231,0,0,0,67.8,1,84.75,BENIGN
5,0,3.92167218,0.65361203,7649798,0,0,1,6,0,7.2,DDoS
1,1,0,37.4377597245,53422,0,0,1,0,1,0,BENIGN
2,2,338926.174496644,3355.7046979866,1192,0,0,0,86.8,1,108.5,BENIGN
3,5,21770.55442,14.97930983,534070,0,0,0,1291.888889,1,1453.375,DDoS
1,1,2641.5094339623,41.928721174,47700,0,0,0,57.6666666667,1,86.5,BENIGN
5,0,21.09582992,3.515971653,1422082,0,0,1,6,0,7.2,DDoS
2,0,385416.666666667,20833.3333333333,96,0,1,1,24.6666666667,0,37,BENIGN
1,1,0,17699.1150442478,113,0,0,1,0,1,0,BENIGN
4,0,14.48444431,2.414074052,1656950,0,0,1,6,0,7.5,DDoS
4,0,3.889880718,0.648313453,6169855,0,0,1,6,0,7.5,DDoS
4,0,2.913406989,0.485567832,8237778,0,0,1,6,0,7.5,DDoS
5,0,2.646752501,0.441125417,11334645,0,0,1,6,0,7.2,DDoS
11,7,661.3851126425,3.2977651046,5458242,0,0,0,190,0,200.5555555556,BENIGN
3,5,14371.69122,9.88849486,809021,0,0,0,1291.888889,1,1453.375,DDoS
3,0,15500000,1500000,2,0,0,1,7.75,0,10.3333333333,BENIGN
1,1,0,38461.5384615385,52,0,0,1,0,1,0,BENIGN
2,2,1586206.89655172,22988.5057471264,174,0,0,0,62.6,1,78.25,BENIGN
3,5,327918.3236,225.6254054,35457,0,0,0,1291.888889,1,1453.375,DDoS
4,0,3.934920997,0.655820166,6099233,0,0,1,6,0,7.5,DDoS
3,6,253499.3241,196.2237823,45866,0,0,0,1162.7,2,1291.888889,DDoS
9,5,141.8339616,0.170254262,82229953,0,0,1,777.9333333,0,833.5,DDoS
2,0,12333333.3333333,666666.666666667,3,0,1,1,24.6666666667,0,37,BENIGN
2,2,12851.8185323223,128.5181853232,31124,0,0,0,87.2,1,109,BENIGN
3,5,85339.10428,58.68759858,136315,0,0,0,1292.555556,1,1454.125,DDoS
3,6,9971.251116,7.71436947,1166654,0,0,0,1163.3,2,1292.555556,DDoS
2,2,3604.8098462806,51.4972835183,77674,0,0,0,63.2,1,79,BENIGN
2,0,37000000,2000000,1,0,1,1,24.6666666667,0,37,BENIGN
4,0,1.980084802,0.330014134,12120693,0,0,1,6,0,7.5,DDoS
13,11,32234.1643653718,115.4656633983,207854,0,0,0,268,0,279.1666666667,BENIGN
1,1,0,14705.8823529412,136,0,0,1,0,1,0,BENIGN
5,0,2.507586284,0.417931047,11963696,0,0,1,6,0,7.2,DDoS
7,4,134.0388044089,1.9248392278,5714763,0,0,0,63.8333333333,0,69.6363636364,BENIGN
8,6,157.8041222,0.18942448,73908082,0,0,1,777.9333333,0,833.5,DDoS
2,2,9096.1873427521,129.0239339397,31002,0,0,0,65,1,81.25,BENIGN
3,4,280603.9993,168.8496514,41457,0,0,0,1454.125,1,1661.857143,DDoS
1,1,3579.7794193722,41.3847331719,48327,0,0,0,76.3333333333,1,114.5,BENIGN
3,1,2.0327658134,0.6775886045,5903287,0,0,0,2.4,0,3,BENIGN
1,1,6000000,1000000,2,0,0,1,6,1,9,BENIGN
20,16,31.492144817,0.3064928936,117457862,0,0,0,99.972972973,0,102.75,BENIGN
2,0,37000000,2000000,1,0,1,1,22.6666666667,0,34,BENIGN
8,5,160.5378214,0.17894124,72649547,0,0,1,833.5,0,897.6153846,DDoS
2,0,266666.666666667,44444.4444444444,45,1,0,0,6,0,9,BENIGN
1,1,3132.8525274941,65.2677609895,30643,0,0,0,45.3333333333,1,68,BENIGN
3,6,8615.352257,6.665363218,1350264,0,0,0,1163.3,2,1292.555556,DDoS
4,0,2.143870313,0.357311719,11194707,0,0,1,6,0,7.5,DDoS
5,3,13483.6175000954,152.572758134,52434,0,0,0,78.5555555556,0,88.375,BENIGN
8,6,125.6744184,0.150856714,92803294,0,0,1,777.9333333,0,833.5,DDoS
1,1,3777.7633035889,65.1338500619,30706,0,0,0,55.3333333333,1,83,BENIGN
35,42,6710.3557599999,53.4883430145,1439566,0,0,0,123.8461538462,1,125.4545454545,BENIGN
1,3,380952.380952381,63492.0634920635,63,0,0,1,6,3,7.5,BENIGN
3,6,99642.81737,77.08977533,116747,0,0,0,1163.3,2,1292.555556,DDoS
5,3,16480.7595816126,154.3865066193,51818,0,0,0,94.8888888889,0,106.75,BENIGN
1,1,6315.7894736842,85.9291084855,23275,0,0,0,63.6666666667,1,95.5,BENIGN
10,5,13986.3421960435,176.0026283059,85226,0,0,0,74.5,0,79.4666666667,BENIGN
8,4,145.4601166,0.149663157,80180054,0,0,1,897.6153846,0,972.4166667,DDoS
8,7,162.4848006,0.209082269,71742095,0,0,1,728.9375,0,777.5333333,DDoS
1,1,5183.2654572381,61.7055411576,32412,0,0,0,70.3333333333,1,105.5,BENIGN
2,2,2032432.43243243,21621.6216216216,185,0,0,0,84.4,1,105.5,BENIGN
3,6,9224.281754,7.136468305,1261128,0,0,0,1163.3,2,1292.555556,DDoS
4,0,332089.552238806,14925.3731343284,268,0,0,1,19,0,23.75,BENIGN
4,0,12.1907858,2.031797633,1968700,0,0,1,6,0,7.5,DDoS
2,2,5661.5745033921,65.0755690045,61467,0,0,0,76.6,1,95.75,BENIGN
2,2,61.1572023925,0.6757701922,5919172,0,0,0,82.4,1,103,BENIGN
1,1,4086.879140437,65.9174054909,30341,0,0,0,59.3333333333,1,89,BENIGN
3,5,9887.668336,6.79973753,1176516,0,0,0,1292.555556,1,1454.125,DDoS
9,6,125.2597161,0.161016003,93158442,0,0,1,729.6875,0,778.3333333,DDoS
5,0,9.079892155,1.513315359,3304004,0,0,1,6,0,7.2,DDoS
2,2,6548.7672431959,64.8392796356,61691,0,0,0,86.8,1,108.5,BENIGN
8,6,157.5943283,0.189270018,73968398,0,0,1,777.5333333,0,833.0714286,DDoS
2,2,7100.8918382011,169.0688532905,23659,0,0,0,40.4,1,50.5,BENIGN
3,6,11031.62329,8.53914248,1053970,0,0,0,1162.7,2,1291.888889,DDoS
1,1,6141.2151067324,65.6814449918,30450,0,0,0,79.3333333333,1,119,BENIGN
70,88,1067.9115371141,2.501223304,63169090,0,0,0,424.2704402516,1,426.9556962025,BENIGN
1,1,160000,26666.6666666667,75,0,0,1,6,1,9,BENIGN
49,26,159557.349744516,2117.2684414081,35423,0,0,0,74.3684210526,0,75.36,BENIGN
2,2,1524861.87845304,22099.4475138122,181,0,0,0,64.8,1,81,BENIGN
2,0,9250000,500000,4,0,1,1,22.6666666667,0,34,BENIGN
3,4,28177.99126,16.96447397,412627,0,0,0,1453.375,1,1661,DDoS
8,4,1197.072149,1.232295255,9737926,0,0,1,897.1538462,0,971.9166667,DDoS
13,11,30412.7200810111,134.2724948389,178741,0,0,0,217.44,0,226.5,BENIGN
2,2,15815.1643345265,130.165961601,30730,0,0,0,103.4,1,129.25,BENIGN
5,0,4.519545225,0.753257538,6637836,0,0,1,6,0,7.2,DDoS
2,2,5503.9219563641,65.9152330103,60684,0,0,0,74.4,1,93,BENIGN
3,4,399814.3117,240.7069908,29081,0,0,0,1453.375,1,1661,DDoS
2,2,288.7096091458,4.3414978819,921341,0,0,0,60.8,1,76,BENIGN
1,1,0,111111.111111111,18,0,0,1,0,1,0,BENIGN
2,2,6.733153148,0.0430233428,92972785,0,0,0,141.4,1,176.75,BENIGN
2,2,16778.5234899329,167.7852348993,23840,0,0,0,87.2,1,109,BENIGN
4,0,13.56710204,2.261183673,1768985,0,0,1,6,0,7.5,DDoS
2,2,117.8110703136,39.2703567712,101858,0,0,1,2.4,1,3,BENIGN
2,2,367763.904653802,4540.2951191828,881,0,0,0,70.8,1,88.5,BENIGN
2,2,675555.555555556,17777.7777777778,225,0,0,0,36.4,1,45.5,BENIGN
8,4,1444.908392,1.486658725,8071792,0,0,1,897.6153846,0,972.4166667,DDoS
4,0,3.935826997,0.655971166,6097829,0,0,1,6,0,7.5,DDoS
3,2,0.1999031602,0.0555286556,90043599,0,0,1,4,0,4.8,BENIGN
1,1,0,21505.376344086,93,0,0,1,0,1,0,BENIGN
5,0,4.159235499,0.693205917,7212864,0,0,1,6,0,7.2,DDoS
1,1,81081.0810810811,13513.5135135135,148,0,0,1,6,1,9,BENIGN
4,0,3.157557792,0.526259632,7600811,0,0,1,6,0,7.5,DDoS
2,2,7839.1274710293,170.4158145876,23472,0,0,0,43.2,1,54,BENIGN
1,1,0,7017.5438596491,285,0,0,1,0,1,0,BENIGN
2,1,0,33333.3333333333,90,0,0,1,0,0,0,BENIGN
3,6,490321.7644,379.5386497,23713,0,0,0,1162.7,2,1291.888889,DDoS
1,1,0,37037.037037037,54,0,0,1,0,1,0,BENIGN
2,0,9250000,500000,4,0,1,1,24.6666666667,0,37,BENIGN
1,1,6660.2031783501,84.3063693462,23723,0,0,0,67.6666666667,1,101.5,BENIGN
1,1,0,43478.2608695652,46,0,0,1,0,1,0,BENIGN
1,1,0,19417.4757281553,103,0,0,1,0,1,0,BENIGN
1,1,0,34482.7586206897,58,0,0,1,0,1,0,BENIGN
5,0,0,0.3329766266,15016069,0,0,0,0,0,0,BENIGN
20,21,76.3195428259,0.3507174687,116903216,0,0,0,212.4285714286,1,217.6097560976,BENIGN
13,9,13954.5645771982,46.2768195204,475400,0,0,0,288.4347826087,0,301.5454545455,BENIGN
3,6,19916.85181,15.41684582,583777,0,0,0,1162.7,2,1291.888889,DDoS
3,1,0,0.7651405047,5227798,0,0,0,0,0,0,BENIGN
4,0,2.395790835,0.399298473,10017569,0,0,1,6,0,7.5,DDoS
4,0,3.534412959,0.589068827,6790378,0,0,1,6,0,7.5,DDoS
4,0,15.43428211,2.572380352,1554980,0,0,1,6,0,7.5,DDoS
1,1,2944.5335891879,33.0846470695,60451,0,0,0,74,1,111,BENIGN
17,12,44553.9457233213,106.6411708465,271940,0,0,0,403.8666666667,0,417.7931034483,BENIGN
10,5,4741.9760036381,30.0505450167,499159,0,0,0,147.9375,0,157.8,BENIGN
10,16,36371.8881847674,43.7040896942,594910,0,0,0,801.4074074074,1,832.2307692308,BENIGN
4,0,2.609610718,0.43493512,9196774,0,0,1,6,0,7.5,DDoS
1,1,1041.5017114736,12.1813065669,164186,0,0,0,75.6666666667,1,113.5,BENIGN
4,0,17.91066162,2.98511027,1339984,0,0,1,6,0,7.5,DDoS
13,13,598.630054405,2.8089480986,9256134,0,0,0,205.2222222222,1,213.1153846154,BENIGN
8,7,152.9819525,0.196752918,76237751,0,0,1,729.3125,0,777.9333333,DDoS
2,2,229648.671808055,3427.5921165381,1167,0,0,0,62,1,77.5,BENIGN
3,6,6309.745727,4.884124154,1842705,0,0,0,1162.7,2,1291.888889,DDoS
3,4,16912.4674,10.18209958,687481,0,0,0,1453.375,1,1661,DDoS
1,1,426614.481409002,3913.8943248532,511,0,0,0,95.3333333333,1,143,BENIGN
6,3,621624.969036413,1114.6891255883,8074,0,0,1,501.9,0,557.6666666667,BENIGN
2,2,1775000,25000,160,0,0,0,65.4,1,81.75,BENIGN
3,5,6542.18537,4.499052949,1778152,0,0,0,1292.555556,1,1454.125,DDoS
11,6,15059.8204476063,103.1910308784,164743,0,0,0,137.8333333333,0,145.9411764706,BENIGN
2,2,1679144.38502674,21390.3743315508,187,0,0,0,72.2,1,90.25,BENIGN
2,2,1260606.06060606,24242.4242424242,165,0,0,0,50.4,1,63,BENIGN
1,1,920.0772603884,13.0507412821,153248,0,0,0,64.6666666667,1,97,BENIGN
3,4,8642.818244,5.200698677,1345973,0,0,0,1454.125,1,1661.857143,DDoS
8,4,1625.052434,1.672868595,7173307,0,0,1,897.1538462,0,971.9166667,DDoS
4,0,16.99675787,2.832792978,1412034,0,0,1,6,0,7.5,DDoS
1,1,300000,50000,40,0,0,1,6,1,9,BENIGN
9,4,126.5192686,0.141022935,92183587,0,0,1,833.5,0,897.6153846,DDoS
4,0,19.1083259,3.184720983,1255997,0,0,1,6,0,7.5,DDoS
2,0,0,666666.666666667,3,0,0,1,0,0,0,BENIGN
4,0,3.219368148,0.536561358,7454879,0,0,1,6,0,7.5,DDoS
4,0,2.641492073,0.440248679,9085774,0,0,1,6,0,7.5,DDoS
3,5,11245.93733,7.73381747,1034418,0,0,0,1292.555556,1,1454.125,DDoS
1,1,2244.1361154867,21.5782318797,92686,0,0,0,82.6666666667,1,124,BENIGN
2,0,9250000,500000,4,0,1,1,24.6666666667,0,37,BENIGN
16,14,10.6374560685,0.2588188824,115911172,0,0,0,39.7741935484,0,41.1,BENIGN
3,6,8534.561414,6.606265823,1362343,0,0,0,1162.7,2,1291.888889,DDoS
3,6,9228.057483,7.139389439,1260612,0,0,0,1163.3,2,1292.555556,DDoS
3,5,36845.00583,25.33826585,315728,0,0,0,1292.555556,1,1454.125,DDoS
9,6,118.271057,0.152032381,98663192,0,0,1,729.6875,0,778.3333333,DDoS
3,5,676578.4114,465.5222578,17185,0,0,0,1291.888889,1,1453.375,DDoS
2,2,8295.5778189012,127.6242741369,31342,0,0,0,58.4,1,73,BENIGN
8,7,130.6235456,0.168083828,89241185,0,0,1,728.9375,0,777.5333333,DDoS
3,5,7566.926942,5.203766486,1537348,0,0,0,1292.555556,1,1454.125,DDoS
4,2,1456.5193450637,21.3149172448,281493,0,0,0,65.5714285714,0,76.5,BENIGN
4,0,5.226538884,0.871089814,4591949,0,0,1,6,0,7.5,DDoS
8,6,126.99831,0.152524349,91788623,0,0,1,777.5333333,0,833.0714286,DDoS
2,2,1795275.59055118,15748.031496063,254,0,0,0,101.6,1,127,BENIGN
2,2,905.7192534758,13.2221788829,302522,0,0,0,60.6,1,75.75,BENIGN
3,5,72322.03917,49.73577868,160850,0,0,0,1292.555556,1,1454.125,DDoS
5,0,5.992945105,0.998824184,5005886,0,0,1,6,0,7.2,DDoS
8,6,148.7552206,0.178562384,78403971,0,0,1,777.9333333,0,833.5,DDoS
2,2,7786.3932777471,129.7732212958,30823,0,0,0,54.4,1,68,BENIGN
2,0,9250000,500000,4,0,1,1,22.6666666667,0,34,BENIGN
3,5,301490.9892,207.4419811,38565,0,0,0,1291.888889,1,1453.375,DDoS
8,6,134.0219943,0.16095976,86978261,0,0,1,777.5333333,0,833.0714286,DDoS
2,0,0,7751.9379844961,258,0,0,1,0,0,0,BENIGN
8,5,1377.503036,1.535414513,8466769,0,0,1,833.5,0,897.6153846,DDoS
3,5,9550.636518,6.567961157,1218034,0,0,0,1292.555556,1,1454.125,DDoS
8,5,119.8637997,0.133673278,97252048,0,0,1,833.0714286,0,897.1538462,DDoS
3,4,9585.97366,5.771206298,1212918,0,0,0,1453.375,1,1661,DDoS
3,7,55937.29714,48.08501431,207965,0,0,0,1057.545455,2,1163.3,DDoS
5,0,4.328487159,0.721414527,6930828,0,0,1,6,0,7.2,DDoS
8,5,145.161267,0.161801978,80345124,0,0,1,833.5,0,897.6153846,DDoS
4,0,2.042832929,0.340472155,11748391,0,0,1,6,0,7.5,DDoS
1,1,307692.307692308,51282.0512820513,39,0,0,1,6,1,9,BENIGN
5,1,40.4046393133,1.434484236,4182688,0,1,1,30.7142857143,0,35.8333333333,BENIGN
3,0,9846.8271334792,1641.1378555799,1828,0,0,1,6,0,8,BENIGN
35,43,5565.7224589464,6.0600010022,12871285,0,0,0,906.8101265823,1,918.4358974359,BENIGN
4,2,2092.4664788154,38.5116529843,155797,0,0,0,51.5714285714,0,60.1666666667,BENIGN
8,6,157.9294369,0.189574905,73849437,0,0,1,777.9333333,0,833.5,DDoS
10,10,11.9571830262,0.3330691651,60047588,0,0,0,34.1904761905,1,35.9,BENIGN
5,0,3.262017654,0.543669609,9196762,0,0,1,6,0,7.2,DDoS
11,12,3106.0218760119,4.417146055,5206982,0,0,0,673.875,1,703.1739130435,BENIGN
13,8,38685.9878040784,152.9954319935,137259,0,0,0,241.3636363636,0,252.8571428571,BENIGN
9,4,144.5280992,0.161013394,80738625,0,0,1,833.9285714,0,898.0769231,DDoS
1,1,818.4899082406,8.8485395485,226026,0,0,0,80.6666666667,1,121,BENIGN
3,3,9.516065162,0.1362682362,44030804,0,0,0,66.1428571429,1,77.1666666667,BENIGN
3,5,139154.0467,95.69606928,83598,0,0,0,1292.555556,1,1454.125,DDoS
1,1,2898.5507246377,32.5679856701,61410,0,0,0,78,1,117,BENIGN
6,4,83.9329425162,1.7632971117,5671194,0,0,0,43.2727272727,0,47.6,BENIGN
2,0,0,10582.0105820106,189,0,0,1,0,0,0,BENIGN
2,2,7352.9411764706,131.3025210084,30464,0,0,0,51.2,1,64,BENIGN
3,5,11983.4068,8.24097433,970759,0,0,0,1292.555556,1,1454.125,DDoS
8,7,162.2048031,0.208721974,71865936,0,0,1,728.9375,0,777.5333333,DDoS
6,4,185.253542408,0.9843440085,10159050,0,0,0,171.0909090909,0,188.2,BENIGN
2,6,448947.2668,309.0593008,25885,0,0,0,1291.222222,3,1452.625,DDoS
3,5,6311.378331,4.340327228,1843179,0,0,0,1292.555556,1,1454.125,DDoS
9,5,151.5057187,0.181770508,77020195,0,0,1,778.3333333,0,833.9285714,DDoS
8,6,159.9481997,0.192097006,72879845,0,0,1,777.5333333,0,833.0714286,DDoS
4,0,2.140279062,0.356713177,11213491,0,0,1,6,0,7.5,DDoS
3,4,150515.2237,90.61723281,77248,0,0,0,1453.375,1,1661,DDoS
3,4,6394.328862,3.849686251,1818330,0,0,0,1453.375,1,1661,DDoS
3,5,286005.8022,196.6858435,40674,0,0,0,1292.555556,1,1454.125,DDoS
3,5,388414.0234,267.1118531,29950,0,0,0,1292.555556,1,1454.125,DDoS
8,5,133.207415,0.148477784,87555186,0,0,1,833.5,0,897.6153846,DDoS
4,0,4.228408776,0.704734796,5675894,0,0,1,6,0,7.5,DDoS
2,2,21.9700954149,0.4106559891,9740513,0,0,0,51.4,1,64.25,BENIGN
12,12,9.5054403974,0.2160327363,111094274,0,0,0,43.04,1,44.8333333333,BENIGN
8,5,146.0769734,0.162822658,79841468,0,0,1,833.5,0,897.6153846,DDoS
3,4,296236.8468,178.348493,39249,0,0,0,1453.375,1,1661,DDoS
8,6,130.3643338,0.156566927,89418629,0,0,1,777.5333333,0,833.0714286,DDoS
5,0,7.210124168,1.201687361,4160816,0,0,1,6,0,7.2,DDoS
2,2,837209.302325581,10335.9173126615,387,0,0,0,74.2,1,92.75,BENIGN
8,6,141.7096109,0.17019255,82259770,0,0,1,777.5333333,0,833.0714286,DDoS
3,5,7433.027356,5.111683904,1565042,0,0,0,1292.555556,1,1454.125,DDoS
1,1,0,31746.0317460317,63,0,0,1,0,1,0,BENIGN
8,4,144.0742871,0.148313584,80909649,0,0,1,897.1538462,0,971.9166667,DDoS
1,1,153846.153846154,25641.0256410256,78,0,0,1,6,1,9,BENIGN
5,0,14.63431053,2.439051755,2049977,0,0,1,6,0,7.2,DDoS
1,1,226415.094339623,37735.8490566038,53,0,0,1,6,1,9,BENIGN
3,6,128784.7757,99.63577589,90329,0,0,0,1163.3,2,1292.555556,DDoS
2,0,14750000,500000,4,0,1,1,37.3333333333,0,56,BENIGN
8,4,119.2717415,0.122718074,97785107,0,0,1,897.6153846,0,972.4166667,DDoS
1,1,0,32258.064516129,62,0,0,1,0,1,0,BENIGN
2,0,0,12903.2258064516,155,0,0,1,0,0,0,BENIGN
3,4,33818.19557,20.36014182,343809,0,0,0,1453.375,1,1661,DDoS
2,2,1603960.3960396,19801.9801980198,202,0,0,0,75.2,1,94,BENIGN
8,6,158.1092182,0.18979071,73765465,0,0,1,777.9333333,0,833.5,DDoS
4,0,6.314275709,1.052379285,3800911,0,0,1,6,0,7.5,DDoS
3,5,54663.58879,37.61148279,212701,0,0,0,1291.888889,1,1453.375,DDoS
4,0,11.64511512,1.940852519,2060950,0,0,1,6,0,7.5,DDoS
16,17,2349.3082648608,3.342841184,9871842,0,0,0,682.1176470588,1,702.7878787879,BENIGN
5,0,3.514219175,0.585703196,8536747,0,0,1,6,0,7.2,DDoS
3,0,0,8.737007342,343367,0,0,1,0,0,0,BENIGN
9,5,141.6558469,0.170040458,82333347,0,0,1,777.9333333,0,833.5,DDoS
4,0,269.5326977,44.92211628,89043,0,0,1,6,0,7.5,DDoS
4,0,3.040836919,0.506806153,7892564,0,0,1,6,0,7.5,DDoS
1,1,3395.1423348133,65.2911987464,30632,0,0,0,49.3333333333,1,74,BENIGN
4,4,13771.2663031186,201.0403839871,39793,0,0,0,65.5555555556,1,73.75,BENIGN
5,0,4.930292241,0.821715374,6084832,0,0,1,6,0,7.2,DDoS
1,1,7021.4218379222,65.0131651659,30763,0,0,0,102.6666666667,1,154,BENIGN
4,0,2.024862101,0.337477017,11852659,0,0,1,6,0,7.5,DDoS
8,7,118.4947662,0.152476752,98375653,0,0,1,728.9375,0,777.5333333,DDoS
2,0,12333333.3333333,666666.666666667,3,0,1,1,24.6666666667,0,37,BENIGN
2,2,21103.1781133506,126.3663360081,31654,0,0,0,139.2,1,174,BENIGN
3,5,9123.766836,6.277641239,1274364,0,0,0,1291.888889,1,1453.375,DDoS
1,1,0,36363.6363636364,55,0,0,1,0,1,0,BENIGN
2,2,7933.4113668878,130.0559240473,30756,0,0,0,57.6,1,72,BENIGN
1,1,2855.2424522639,32.4459369575,61641,0,0,0,78.3333333333,1,117.5,BENIGN
5,0,2.729073171,0.454845529,10992743,0,0,1,6,0,7.2,DDoS
2,0,9250000,500000,4,0,1,1,24.6666666667,0,37,BENIGN
2,0,176.2891141472,29.3815190245,68070,0,0,1,6,0,9,BENIGN
2,2,1017751.47928994,23668.6390532544,169,0,0,0,41.4,1,51.75,BENIGN
8,6,126.5902692,0.152034294,92084487,0,0,1,777.5333333,0,833.0714286,DDoS
12,8,12600.5595775659,67.0956314034,298082,0,0,0,178.8571428571,0,187.8,BENIGN
3,4,29526.48928,17.7763331,393782,0,0,0,1453.375,1,1661,DDoS
8,6,1170.507038,1.405773229,9958932,0,0,1,777.5333333,0,833.0714286,DDoS
8,6,1449.892573,1.741313891,8039906,0,0,1,777.5333333,0,833.0714286,DDoS
2,2,1989304.81283422,21390.3743315508,187,0,0,0,89.8,1,112.25,BENIGN
4,0,6.153530588,1.025588431,3900200,0,0,1,6,0,7.5,DDoS
3,6,19651.76525,15.20380703,591957,0,0,0,1163.3,2,1292.555556,DDoS
8,7,144.4577842,0.185789828,80736390,0,0,1,729.3125,0,777.9333333,DDoS
7,2,4.1385670911,0.14270921,63065306,0,1,1,30.7,0,34.1111111111,BENIGN
2,0,0,666666.666666667,3,0,0,1,0,0,0,BENIGN
1,1,2240.6010082705,32.9500148275,60698,0,0,0,61.3333333333,1,92,BENIGN
2,2,1895348.8372093,23255.8139534884,172,0,0,0,75.4,1,94.25,BENIGN
2,2,12222.3627091499,168.5843132297,23727,0,0,0,64.2,1,80.25,BENIGN
3,6,331716.6415,256.7687085,35051,0,0,0,1162.7,2,1291.888889,DDoS
3,4,499828.0457,300.9199553,23262,0,0,0,1453.375,1,1661,DDoS
5,0,4.96301725,0.827169542,6044710,0,0,1,6,0,7.2,DDoS
13,15,162.6701207765,0.4593347501,60957722,0,0,0,341.9310344828,1,354.1428571429,BENIGN
15,14,75666.959702288,132.0937774721,219541,0,0,0,553.7333333333,0,572.8275862069,BENIGN
13,12,37.485610418,0.3828187338,65305059,0,0,0,94.1538461538,0,97.92,BENIGN
2,0,0,500000,4,0,0,1,0,0,0,BENIGN
1,1,210526.315789474,35087.7192982456,57,0,0,1,6,1,9,BENIGN
3,6,14512.09882,11.22744687,801607,0,0,0,1163.3,2,1292.555556,DDoS
1,1,5849.9080728731,83.5701153268,23932,0,0,0,65.3333333333,1,98,BENIGN
2,2,1652.3918371843,22.0318911625,181555,0,0,0,66.2,1,82.75,BENIGN
3,4,40135.31473,24.16334421,289695,0,0,0,1453.375,1,1661,DDoS
3,4,6371.754937,3.836095688,1824772,0,0,0,1453.375,1,1661,DDoS
3,4,11556.18371,6.957365266,1006128,0,0,0,1453.375,1,1661,DDoS
1,1,0,30303.0303030303,66,0,0,1,0,1,0,BENIGN
1,1,0,41666.6666666667,48,0,0,1,0,1,0,BENIGN
3,4,139303.8998,83.86748937,83465,0,0,0,1453.375,1,1661,DDoS
22,18,26211.9805977965,80.8762128905,494583,0,0,0,316.1951219512,0,324.1,BENIGN
2,2,7126.8004329365,66.6056115228,60055,0,0,0,92.6,1,115.75,BENIGN
5,0,5.164475638,0.86074594,5808915,0,0,1,6,0,7.2,DDoS
4,0,2.98031909,0.496719848,8052829,0,0,1,6,0,7.5,DDoS
1,1,0,36363.6363636364,55,0,0,1,0,1,0,BENIGN
3,4,138939.6491,83.60504975,83727,0,0,0,1454.125,1,1661.857143,DDoS
1,1,4445.8973520759,65.3808434129,30590,0,0,0,61.3333333333,1,92,BENIGN
8,4,157.9030026,0.162549201,73823802,0,0,1,897.1538462,0,971.9166667,DDoS
3,5,9268.98297,6.374268354,1255046,0,0,0,1292.555556,1,1454.125,DDoS
2,1,0.161101124,0.0268501873,111731064,0,0,1,6,0,8,BENIGN
4,1,57603.6866359447,3840.2457757297,1302,0,0,1,12.5,0,15,BENIGN
1,1,4100.8950366151,65.0935720098,30725,0,0,0,58.3333333333,1,87.5,BENIGN
23,27,142.5367774705,0.4241661036,117878349,0,0,0,329.4509803922,1,336.04,BENIGN
5,3,9290.2832774901,101.5331505737,78792,0,0,0,81.3333333333,0,91.5,BENIGN
5,0,2.53001099,0.421668498,11857656,0,0,1,6,0,7.2,DDoS
9,5,74684.3759433208,248.5927872578,56317,0,0,0,280.4,0,300.4285714286,BENIGN
4,0,2.825944763,0.470990794,8492735,0,0,1,6,0,7.5,DDoS
2,1,0,45454.5454545455,66,0,0,1,0,0,0,BENIGN
3,4,21217.23072,12.77376925,547998,0,0,0,1453.375,1,1661,DDoS
2,1,603.2575909914,150.8143977478,19892,1,0,0,4.5,0,6,BENIGN
5,0,2.805714905,0.467619151,10692462,0,0,1,6,0,7.2,DDoS
8,6,166.2848351,0.199604535,70138687,0,0,1,777.9333333,0,833.5,DDoS
5,0,45.4446991,7.574116517,660143,0,0,1,6,0,7.2,DDoS
8,4,143.914879,0.148149485,80999269,0,0,1,897.1538462,0,971.9166667,DDoS
4,0,2.117391539,0.35289859,11334701,0,0,1,6,0,7.5,DDoS
2,0,10.7452069661,1.7908678277,1116777,0,0,1,6,0,9,BENIGN
3,5,97422.28326,66.99718612,119408,0,0,0,1292.555556,1,1454.125,DDoS
8,4,130.6807082,0.134525907,89202149,0,0,1,897.1538462,0,971.9166667,DDoS
3,7,10910.44558,9.383715125,1065676,0,0,0,1057,2,1162.7,DDoS
3,7,236937.5611,203.7821976,49072,0,0,0,1057,2,1162.7,DDoS
3,5,58914.39105,40.51535532,197456,0,0,0,1292.555556,1,1454.125,DDoS
2,2,7976.8833177323,162.7935370966,24571,0,0,0,46.2,1,57.75,BENIGN
4,0,2.158251838,0.35970864,11120111,0,0,1,6,0,7.5,DDoS
2,2,1140186.91588785,18691.5887850467,214,0,0,0,55.4,1,69.25,BENIGN
2,2,553359.683794466,15810.2766798419,253,0,0,0,33.4,1,41.75,BENIGN
9,5,160.1901658,0.192288632,72807216,0,0,1,777.9333333,0,833.5,DDoS
2,2,14088.2587977625,118.388729393,33787,0,0,0,105,1,131.25,BENIGN
4,0,5.875298263,0.979216377,4084899,0,0,1,6,0,7.5,DDoS
2,2,958083.832335329,23952.0958083832,167,0,0,0,38.4,1,48,BENIGN
67,82,1287.4077754446,1.2802760364,116381152,0,0,0,998.8666666667,1,1005.5704697987,BENIGN
3,5,24613.85468,16.92691803,472620,0,0,0,1292.555556,1,1454.125,DDoS
10,5,15656.0426494841,115.0615579335,130365,0,0,0,127.5625,0,136.0666666667,BENIGN
3,4,35321.31552,21.26509062,329178,0,0,0,1453.375,1,1661,DDoS
1,1,5380.2468081472,85.4007429865,23419,0,0,0,57.6666666667,1,86.5,BENIGN
5,0,14.07803643,2.346339406,2130979,0,0,1,6,0,7.2,DDoS
7,5,824.8522076172,3.6646525329,3274526,0,0,0,207.7692307692,0,225.0833333333,BENIGN
2,0,12333333.3333333,666666.666666667,3,0,1,1,24.6666666667,0,37,BENIGN
5,0,7.606631664,1.267771944,3943927,0,0,1,6,0,7.2,DDoS
2,2,1533333.33333333,22222.2222222222,180,0,0,0,63.6,1,79.5,BENIGN
1,1,233.5675496818,38.927924947,51377,0,0,1,6,1,9,BENIGN
3,4,250976.7522,151.0997906,46327,0,0,0,1453.375,1,1661,DDoS
3,5,65535.81287,45.06889908,177506,0,0,0,1292.555556,1,1454.125,DDoS
3,4,14895.08269,8.962914023,780996,0,0,0,1454.125,1,1661.857143,DDoS
3,5,9609.435469,6.608397125,1210581,0,0,0,1292.555556,1,1454.125,DDoS
9,16,1585.7667170429,1.6639734701,15024278,0,0,0,916.3461538462,1,953,BENIGN
22,18,286.6565433128,0.6842261447,58460204,0,0,0,408.7317073171,0,418.95,BENIGN
2,2,4166.5371101645,41.4580806982,96483,0,0,0,90.2,1,112.75,BENIGN
32,36,386.6392716678,0.5891646044,115417660,0,0,0,646.7391304348,1,656.25,BENIGN
3,4,10486.94341,6.313632395,1108712,0,0,0,1453.375,1,1661,DDoS
3,5,10087.2779,6.940588562,1152640,0,0,0,1291.888889,1,1453.375,DDoS
8,5,145.4151028,0.162084913,80204874,0,0,1,833.5,0,897.6153846,DDoS
2,2,23300.8109999588,164.6700424025,24291,0,0,0,119.8,1,149.75,BENIGN
8,4,127.5816179,0.131335628,91368962,0,0,1,897.1538462,0,971.9166667,DDoS
4,2,2318.7417416138,25.5743574443,234610,0,0,0,83.4285714286,0,97.3333333333,BENIGN
5,0,6.528560056,1.088093343,4595194,0,0,1,6,0,7.2,DDoS
3,1,2.2869544685,0.7623181562,5247153,0,0,0,2.4,0,3,BENIGN
2,2,175.0586387298,4.7313145603,845431,0,0,0,35.6,1,44.5,BENIGN
4,0,2.420147242,0.403357874,9916752,0,0,1,6,0,7.5,DDoS
2,0,934782.608695652,43478.2608695652,46,0,1,1,26.6666666667,0,40,BENIGN
9,13,2029.0481187257,6.8972587472,3189673,0,0,0,281.3913043478,1,294.1818181818,BENIGN
4,0,6.237195881,1.039532647,3847883,0,0,1,6,0,7.5,DDoS
3,4,93837.26373,56.49443933,123906,0,0,0,1453.375,1,1661,DDoS
5,0,40.5757843719,6.9958248917,714712,0,0,1,4.8333333333,0,5.8,BENIGN
3,5,55269.28745,38.02823597,210370,0,0,0,1291.888889,1,1453.375,DDoS
5,0,3.959991937,0.659998656,7575773,0,0,1,6,0,7.2,DDoS
2,2,1329268.29268293,24390.243902439,164,0,0,0,50.8,1,63.5,BENIGN
33,33,346.8746259977,0.5675332883,116292738,0,0,0,602.0746268657,1,611.196969697,BENIGN
3,5,406052.5673,279.2418584,28649,0,0,0,1292.555556,1,1454.125,DDoS
6,0,5.174776644,0.862462774,6956822,0,0,1,6,0,7,DDoS
3,7,421237.5915,362.2925875,27602,0,0,0,1057,2,1162.7,DDoS
1,1,0,80000,25,0,0,1,0,1,0,BENIGN
1,1,0,23255.8139534884,86,0,0,1,0,1,0,BENIGN
2,2,1963636.36363636,24242.4242424242,165,0,0,0,70.8,1,88.5,BENIGN
2,2,1342657.34265734,27972.027972028,143,0,0,0,46.4,1,58,BENIGN
10,9,389.8634111963,1.3310700472,14274230,0,0,0,278.25,0,292.8947368421,BENIGN
3,6,77648.06397,60.07328941,149817,0,0,0,1163.3,2,1292.555556,DDoS
8,4,164.3120789,0.16914686,70944267,0,0,1,897.1538462,0,971.9166667,DDoS
3,4,229524.0539,138.1842588,50657,0,0,0,1453.375,1,1661,DDoS
3,6,6367.784582,4.926507457,1826852,0,0,0,1163.3,2,1292.555556,DDoS
8,5,158.331729,0.17648225,73661799,0,0,1,833.5,0,897.6153846,DDoS
2,2,1108695.65217391,21739.1304347826,184,0,0,0,49.4,1,61.75,BENIGN
4,0,4.542124514,0.757020752,5283871,0,0,1,6,0,7.5,DDoS
10,6,7190.0269132397,48.6017873307,329206,0,0,0,139.2352941176,0,147.9375,BENIGN
1,1,0,21052.6315789474,95,0,0,1,0,1,0,BENIGN
4,2,3838.7227984544,76.2660158633,78672,0,0,0,47.5714285714,0,55.5,BENIGN
5,0,15.35341253,2.558902088,1953963,0,0,1,6,0,7.2,DDoS
2,0,5369565.2173913,43478.2608695652,46,0,1,1,154.3333333333,0,231.5,BENIGN
9,8,602.6773409096,3.0133867045,5641493,0,0,0,188.8888888889,0,200,BENIGN
1,1,4583.4994021523,66.4275275674,30108,0,0,0,63.6666666667,1,95.5,BENIGN
8,5,125.2869579,0.139649357,93090296,0,0,1,833.5,0,897.6153846,DDoS
2,2,575000,25000,160,0,0,0,23,1,28.75,BENIGN
8,5,146.0785249,0.162824387,79840620,0,0,1,833.5,0,897.6153846,DDoS
1,1,3150.2264225241,39.3778302816,50790,0,0,0,71,1,106.5,BENIGN
14,7,31320.2093102017,100.1712451286,209641,0,0,0,298.4545454545,0,312.6666666667,BENIGN
10,5,11527.0712922794,69.3010298133,216447,0,0,0,155.9375,0,166.3333333333,BENIGN
2,2,5894.3645664484,84.2052080921,47503,0,0,0,65,1,81.25,BENIGN
1,1,0,3603.6036036036,555,0,0,1,0,1,0,BENIGN
2,2,17640.2914482935,127.8281989007,31292,0,0,0,117.2,1,146.5,BENIGN
5,0,309.1954734,51.5325789,97026,0,0,1,6,0,7.2,DDoS
2,2,3947.9068871717,96.2904118822,41541,0,0,0,39.4,1,49.25,BENIGN
1,1,181818.181818182,30303.0303030303,66,0,0,1,6,1,9,BENIGN
10,5,15567.8612475185,195.9042942221,76568,0,0,0,74.5,0,79.4666666667,BENIGN
5,0,2.83508053,0.472513422,10581710,0,0,1,6,0,7.2,DDoS
3,4,242222.9626,145.754383,48026,0,0,0,1454.125,1,1661.857143,DDoS
3,5,6674.163363,4.589814055,1742990,0,0,0,1292.555556,1,1454.125,DDoS
8,5,127.6347273,0.142339492,91330943,0,0,1,833.0714286,0,897.1538462,DDoS
8,5,636.4679568512,2.4479536802,5310558,0,0,0,241.4285714286,0,260,BENIGN
3,5,181725.8249,125.0371204,63981,0,0,0,1291.888889,1,1453.375,DDoS
4,2,5730.5651974589,98.2382605279,61076,0,0,0,55.2857142857,0,64.5,BENIGN
1,1,4748.4108141227,38.2936355978,52228,0,0,0,99,1,148.5,BENIGN
3,4,6244.336993,3.757445109,1862968,0,0,0,1454.125,1,1661.857143,DDoS
3,4,432214.4158,260.213375,26901,0,0,0,1453.375,1,1661,DDoS
3,4,399883.0651,240.7483835,29076,0,0,0,1453.375,1,1661,DDoS
4,0,5.965799563,0.994299927,4022931,0,0,1,6,0,7.5,DDoS
2,5,373557.4914,225.0152689,31109,0,0,0,1452.625,2,1660.142857,DDoS
5,0,3.658613327,0.609768888,8199828,0,0,1,6,0,7.2,DDoS
5,0,2.864856688,0.477476115,10471728,0,0,1,6,0,7.2,DDoS
3,5,213164.0188,146.5926374,54573,0,0,0,1292.555556,1,1454.125,DDoS
2,2,15013.9552789452,128.3244040935,31171,0,0,0,104.2,1,130.25,BENIGN
2,4,871531.4234,449.9775011,13334,0,0,0,1660.142857,2,1936.833333,DDoS
2,5,8755.073304,5.270965264,1328030,0,0,0,1453.375,2,1661,DDoS
8,7,1177.643662,1.515368871,9898580,0,0,1,728.9375,0,777.5333333,DDoS
3,5,245173.6638,168.6056314,47448,0,0,0,1292.555556,1,1454.125,DDoS
21,18,47.7304185958,0.336981594,115733324,0,0,0,138.1,0,141.641025641,BENIGN
3,4,2669.9307957107,6.9323128969,1009764,0,0,0,337,1,385.1428571429,BENIGN
5,0,3.434550687,0.572425114,8734767,0,0,1,6,0,7.2,DDoS
4,0,4.022220759,0.670370126,5966853,0,0,1,6,0,7.5,DDoS
3,5,15800.51124,10.86599243,736242,0,0,0,1292.555556,1,1454.125,DDoS
1,1,74074.0740740741,12345.6790123457,162,0,0,1,6,1,9,BENIGN
17,19,124010.623702818,158.3002075492,227416,0,0,0,762.2162162162,1,783.3888888889,BENIGN
3,5,8521.82568,5.863473419,1364379,0,0,0,1291.888889,1,1453.375,DDoS
8,5,162.16732,0.180850576,71882547,0,0,1,833.0714286,0,897.1538462,DDoS
6,2,75.6119405213,0.7755070823,10315831,0,0,0,86.6666666667,0,97.5,BENIGN
2,2,2353741.49659864,27210.8843537415,147,0,0,0,78.4,1,98,BENIGN
3,6,19040.37056,14.73079473,610965,0,0,0,1163.3,2,1292.555556,DDoS
3,4,32648.71965,19.64592431,356308,0,0,0,1454.125,1,1661.857143,DDoS
9,5,141.9075076,0.170254958,82229617,0,0,1,778.3333333,0,833.9285714,DDoS
5,4,179.7228177678,0.8936493701,10071064,0,0,0,181,0,201.1111111111,BENIGN
3,4,13120.06785,7.894822913,886657,0,0,0,1454.125,1,1661.857143,DDoS
13,15,115.7832471868,0.4648596102,60233239,0,0,0,240.4827586207,1,249.0714285714,BENIGN
5,0,22.27229364,3.71204894,1346965,0,0,1,6,0,7.2,DDoS
3,4,32657.3352,19.6511086,356214,0,0,0,1454.125,1,1661.857143,DDoS
4,0,2.223507533,0.370584589,10793757,0,0,1,6,0,7.5,DDoS
2,0,12333333.3333333,666666.666666667,3,0,1,1,24.6666666667,0,37,BENIGN
2,0,9250000,500000,4,0,1,1,24.6666666667,0,37,BENIGN
4,0,3.971652331,0.661942055,6042825,0,0,1,6,0,7.5,DDoS
4,0,20.35533632,3.392556054,1179052,0,0,1,6,0,7.5,DDoS
2,2,1872340.42553192,21276.5957446809,188,0,0,0,78.4,1,98,BENIGN
3,4,20193.47668,12.15742124,575780,0,0,0,1453.375,1,1661,DDoS
2,2,1843137.25490196,26143.7908496732,153,0,0,0,64.8,1,81,BENIGN
2,2,2150000,25000,160,0,0,0,76.4,1,95.5,BENIGN
2,0,26258.2056892779,4376.3676148797,457,0,0,1,6,0,9,BENIGN
8,5,126.1368289,0.140669021,92415515,0,0,1,833.0714286,0,897.1538462,DDoS
5,0,5.718761598,0.953126933,5245891,0,0,1,6,0,7.2,DDoS
10,5,8892.6455795239,104.7837263887,143152,0,0,0,79.5625,0,84.8666666667,BENIGN
4,0,16.15114239,2.691857065,1485963,0,0,1,6,0,7.5,DDoS
2,0,3000000,500000,4,1,0,0,6,0,9,BENIGN
2,0,64.9206615415,10.8201102569,184841,0,0,1,6,0,9,BENIGN
8,4,143.8056781,0.148037071,81060777,0,0,1,897.1538462,0,971.9166667,DDoS
3,4,53062.26709,31.92949966,219233,0,0,0,1454.125,1,1661.857143,DDoS
4,5,3401.0978820526,5.9402058875,1515099,0,0,0,515.3,1,572.5555555556,BENIGN
1,1,2925.0762609168,41.7868037274,47862,0,0,0,64.3333333333,1,96.5,BENIGN
5,0,142.179421,23.69657016,211001,0,0,1,6,0,7.2,DDoS
4,0,2.626145246,0.437690874,9138870,0,0,1,6,0,7.5,DDoS
4,0,5.217491117,0.869581853,4599912,0,0,1,6,0,7.5,DDoS
12,7,63856.0717937067,269.7943882767,70424,0,0,0,224.85,0,236.6842105263,BENIGN
4,0,2.600843931,0.433473988,9227774,0,0,1,6,0,7.5,DDoS
4,0,2.994449787,0.499074965,8014828,0,0,1,6,0,7.5,DDoS
8,5,128.9888091,0.143849577,90372181,0,0,1,833.0714286,0,897.1538462,DDoS
3,5,12708.68884,8.739749912,915358,0,0,0,1292.555556,1,1454.125,DDoS
1,1,0,20.9797545369,95330,0,0,1,0,1,0,BENIGN
3,6,31973.72399,24.73682764,363830,0,0,0,1163.3,2,1292.555556,DDoS
41,39,442.1073378216,0.6911301813,115752433,0,0,0,631.7901234568,0,639.6875,BENIGN
3,5,11114.92235,7.643718631,1046611,0,0,0,1292.555556,1,1454.125,DDoS
1,1,1109.9549080819,15.41604039,129735,0,0,0,63,1,94.5,BENIGN
4,0,4.482729444,0.747121574,5353881,0,0,1,6,0,7.5,DDoS
8,5,1227.43585,1.368848422,9497034,0,0,1,833.0714286,0,897.1538462,DDoS
3,4,6408.409543,3.856173541,1815271,0,0,0,1454.125,1,1661.857143,DDoS
5,0,2.98814037,0.498023395,10039689,0,0,1,6,0,7.2,DDoS
5,0,11.36380424,1.893967373,2639961,0,0,1,6,0,7.2,DDoS
4,0,10.84657029,1.807761715,2212681,0,0,1,6,0,7.5,DDoS
3,6,6155.17952,4.762023183,1889953,0,0,0,1163.3,2,1292.555556,DDoS
2,2,1727272.72727273,25974.025974026,154,0,0,0,60.4,1,75.5,BENIGN
2,2,5295.9348796156,65.381912094,61179,0,0,0,70.8,1,88.5,BENIGN
2,3,174.6385951295,48.5107208693,103070,0,0,1,3,1,3.6,BENIGN
1,1,4443.1376392564,65.3402594008,30609,0,0,0,61.3333333333,1,92,BENIGN
1,1,4955.2363106392,41.6406412659,48030,0,0,0,106,1,159,BENIGN
2,0,0,666666.666666667,3,0,0,1,0,0,0,BENIGN
2,2,2219607.84313725,15686.2745098039,255,0,0,0,119.8,1,149.75,BENIGN
5,0,2.811466962,0.468577827,10670586,0,0,1,6,0,7.2,DDoS
1,1,0,30769.2307692308,65,0,0,1,0,1,0,BENIGN
2,0,0,147.3405039045,13574,0,0,1,0,0,0,BENIGN
1,1,9825.9313486254,65.0723930373,30735,0,0,0,132.3333333333,1,198.5,BENIGN
3,4,83200.4234,50.06472654,139819,0,0,0,1454.125,1,1661.857143,DDoS
2,0,4000000,666666.666666667,3,1,0,0,6,0,9,BENIGN
3,5,116636.7547,80.21095481,99737,0,0,0,1292.555556,1,1454.125,DDoS
3,1,0,0.7539648656,5305287,0,0,0,0,0,0,BENIGN
4,0,4.500255952,0.750042659,5333030,0,0,1,6,0,7.5,DDoS
2,2,8811.0403397028,106.1571125265,37680,0,0,0,74.8,1,93.5,BENIGN
2,3,102.554752843,28.4874313453,175516,0,0,1,3,1,3.6,BENIGN
5,1,34.0602595618,1.1290693777,5314111,0,1,1,32.4285714286,0,37.8333333333,BENIGN
9,5,155.5304193,0.186695179,74988546,0,0,1,777.9333333,0,833.5,DDoS
9,7,35223.0363799974,128.5512276642,124464,0,0,0,257.8823529412,0,274,BENIGN
1,1,666666.666666667,111111.111111111,18,0,0,1,6,1,9,BENIGN
5,0,5.981022217,0.996837036,5015865,0,0,1,6,0,7.2,DDoS
2,0,16282.2252374491,2713.7042062415,737,0,0,1,6,0,9,BENIGN
2,2,2.8637232414,0.0596609009,67045585,0,0,0,48,1,60,BENIGN
2,2,10528.4974093264,165.8031088083,24125,0,0,0,56.8,1,71,BENIGN
1,1,0,1588.5623510723,1259,0,0,1,0,1,0,BENIGN
13,14,81.0152231652,0.4139687785,65222310,0,0,0,188.7142857143,1,195.7037037037,BENIGN
2,2,1305555.55555556,27777.7777777778,144,0,0,0,45.4,1,56.75,BENIGN
8,5,1452.374314,1.618868737,8030299,0,0,1,833.5,0,897.6153846,DDoS
5,1,34.3701536422,1.1393421097,5266197,0,1,1,32.4285714286,0,37.8333333333,BENIGN
2,2,963210.702341137,13377.9264214047,299,0,0,0,66,1,82.5,BENIGN
2,0,0,19230.7692307692,104,0,0,1,0,0,0,BENIGN
5,0,14.57023631,2.428372718,2058992,0,0,1,6,0,7.2,DDoS
2,2,444444.444444444,19323.6714975845,207,0,0,0,23,1,28.75,BENIGN
9,4,154.0878341,0.171751851,75690596,0,0,1,833.5,0,897.6153846,DDoS
2,0,176470.588235294,29411.7647058824,68,0,0,1,6,0,9,BENIGN
8,5,144.5153188,0.161164892,80662729,0,0,1,833.0714286,0,897.1538462,DDoS
3,5,250225.855,172.0800172,46490,0,0,0,1292.555556,1,1454.125,DDoS
3,5,11005.01837,7.572043259,1056518,0,0,0,1291.888889,1,1453.375,DDoS
2,2,886524.822695035,14184.3971631206,282,0,0,0,56.8,1,71,BENIGN
5,2,1.6928678219,0.0722565534,96877026,0,1,1,25.625,0,29.2857142857,BENIGN
5,0,4.852122666,0.808687111,6182861,0,0,1,6,0,7.2,DDoS
39,46,6902.4506259345,60.4355483317,1406457,0,0,0,112.8837209302,1,114.2117647059,BENIGN
1,1,3853.3128694119,65.3103876172,30623,0,0,0,56.3333333333,1,84.5,BENIGN
5,0,11.74189437,1.956982396,2554954,0,0,1,6,0,7.2,DDoS
22,17,25.1727384346,0.3362112325,115998504,0,0,0,73,0,74.8717948718,BENIGN
8,4,142.3640104,0.146477589,81923795,0,0,1,897.6153846,0,972.4166667,DDoS
1,1,428571.428571429,71428.5714285714,28,0,0,1,6,1,9,BENIGN
4,0,179.0764134,29.8460689,134021,0,0,1,6,0,7.5,DDoS
8,5,118.8157076,0.132436268,98160422,0,0,1,833.5,0,897.6153846,DDoS
3,5,18579.03075,12.77677693,626136,0,0,0,1292.555556,1,1454.125,DDoS
4,1,805.9912012627,167.9148335964,29777,1,0,0,5,0,6,BENIGN
5,0,3.197697317,0.532949553,9381751,0,0,1,6,0,7.2,DDoS
1,1,413793.103448276,68965.5172413793,29,0,0,1,6,1,9,BENIGN
3,5,102560.7099,70.56727266,113367,0,0,0,1291.888889,1,1453.375,DDoS
4,0,3.941289889,0.656881648,6089377,0,0,1,6,0,7.5,DDoS
2,2,6.3342523047,0.0526756948,75936350,0,0,0,107,1,133.75,BENIGN
2,2,1422222.22222222,29629.6296296296,135,0,0,0,48,1,60,BENIGN
1,1,0,117647.058823529,17,0,0,1,0,1,0,BENIGN
1,1,292682.926829268,48780.4878048781,41,0,0,1,6,1,9,BENIGN
8,5,141.3506007,0.157635567,82468698,0,0,1,833.0714286,0,897.1538462,DDoS
5,0,651.7205422,108.6200904,46032,0,0,1,6,0,7.2,DDoS
2,0,0,3169.5721077655,631,0,0,1,0,0,0,BENIGN
4,0,2.721191174,0.453531862,8819667,0,0,1,6,0,7.5,DDoS
3,6,6187.015617,4.786653534,1880228,0,0,0,1163.3,2,1292.555556,DDoS
9,4,4317865.42923434,15081.2064965197,862,0,0,0,265.8571428571,0,286.3076923077,BENIGN
2,0,151898.734177215,25316.4556962025,79,0,0,1,6,0,9,BENIGN
2,0,0,666666.666666667,3,0,0,1,0,0,0,BENIGN
23,21,192.0540335921,0.5024901872,87563899,0,0,0,373.7111111111,0,382.2045454545,BENIGN
8,3,116.8803137,0.110292824,99734503,0,0,1,971.9166667,0,1060.272727,DDoS
2,2,14196.4053138838,130.2422505861,30712,0,0,0,95,1,118.75,BENIGN
3,6,187287.5759,144.9718916,62081,0,0,0,1162.7,2,1291.888889,DDoS
2,1,0,34090.9090909091,88,0,0,1,0,0,0,BENIGN
8,6,9644.2314292521,28.2644421205,495322,0,0,0,318.4666666667,0,341.2142857143,BENIGN
2,2,1157232.70440252,25157.2327044025,159,0,0,0,44.4,1,55.5,BENIGN
9,6,144.2854938,0.185472826,80874381,0,0,1,729.6875,0,778.3333333,DDoS
4,0,2.352303748,0.392050625,10202764,0,0,1,6,0,7.5,DDoS
2,1,200934.579439252,14018.691588785,214,0,1,1,20,0,26.6666666667,BENIGN
2,0,12333333.3333333,666666.666666667,3,0,1,1,24.6666666667,0,37,BENIGN
4,0,2.02946959,0.338244932,11825750,0,0,1,6,0,7.5,DDoS
3,4,45701.69167,27.50037322,254542,0,0,0,1454.125,1,1661.857143,DDoS
2,0,34188.0341880342,5698.0056980057,351,0,0,1,6,0,9,BENIGN
5,0,3.086175272,0.514362545,9720770,0,0,1,6,0,7.2,DDoS
3,6,374075.0273,289.5566566,31082,0,0,0,1162.7,2,1291.888889,DDoS
8,5,142.8213058,0.159275712,81619475,0,0,1,833.0714286,0,897.1538462,DDoS
4,0,5.966323089,0.994387182,4022578,0,0,1,6,0,7.5,DDoS
8,6,161.9344788,0.194382466,72022957,0,0,1,777.9333333,0,833.5,DDoS
1,1,0,30303.0303030303,66,0,0,1,0,1,0,BENIGN
1,1,3964.4989721669,32.6296211701,61294,0,0,0,104,1,156,BENIGN
5,0,17.07455891,2.845759818,1757000,0,0,1,6,0,7.2,DDoS
8,6,157.2949954,0.188813336,74147305,0,0,1,777.9333333,0,833.5,DDoS
3,7,129290.0329,111.1407486,89976,0,0,0,1057.545455,2,1163.3,DDoS
5,0,23.17523957,3.862539929,1294485,0,0,1,6,0,7.2,DDoS
1,1,7124.2980471042,83.8152711424,23862,0,0,0,71.3333333333,1,107,BENIGN
5,0,3.395298666,0.565883111,8835747,0,0,1,6,0,7.2,DDoS
3,3,99.2285640668,1.9845712813,3023323,0,0,0,50,1,58.3333333333,BENIGN
5,0,5.805092847,0.967515474,5167876,0,0,1,6,0,7.2,DDoS
1,1,322.3010291612,4.0037394927,499533,0,0,0,69.6666666667,1,104.5,BENIGN
8,6,142.6443868,0.171315211,81720706,0,0,1,777.5333333,0,833.0714286,DDoS
9,6,164.7057289,0.211722164,70847566,0,0,1,729.6875,0,778.3333333,DDoS
9,9,1159.7533224253,3.2921557804,5467542,0,0,0,333.7368421053,1,352.2777777778,BENIGN
4,0,2.804704565,0.467450761,8557051,0,0,1,6,0,7.5,DDoS
3,4,91985.1976,55.35084529,126466,0,0,0,1454.125,1,1661.857143,DDoS
3,7,201273.4225,173.0193609,57797,0,0,0,1057.545455,2,1163.3,DDoS
2,0,12000000,2000000,1,0,0,1,6,0,9,BENIGN
3,6,38823.31335,30.05158856,299485,0,0,0,1162.7,2,1291.888889,DDoS
9,7,1381.1290289775,3.1291510144,5113208,0,0,0,415.4117647059,0,441.375,BENIGN
2,0,9250000,500000,4,0,1,1,22.6666666667,0,34,BENIGN
5,0,2.888299911,0.481383319,10386733,0,0,1,6,0,7.2,DDoS
47,47,813549.014838239,1143.2741425444,82220,0,0,1,719.3473684211,1,727,BENIGN
3,6,11971.09977,9.261574653,971757,0,0,0,1163.3,2,1292.555556,DDoS
3,4,6212.274703,3.738152061,1872583,0,0,0,1454.125,1,1661.857143,DDoS
3,6,8843.435537,6.841822388,1315439,0,0,0,1163.3,2,1292.555556,DDoS
3,5,12703.29032,8.736037355,915747,0,0,0,1292.555556,1,1454.125,DDoS
1,1,203389.830508475,33898.3050847458,59,0,0,1,6,1,9,BENIGN
5,0,2.99135916,0.49855986,10028886,0,0,1,6,0,7.2,DDoS
7,4,27022.5621874359,55.0663549577,199759,0,0,0,449.8333333333,0,490.7272727273,BENIGN
8,4,141.225371,0.14538084,82541826,0,0,1,897.1538462,0,971.9166667,DDoS
5,0,3.744470821,0.62407847,8011813,0,0,1,6,0,7.2,DDoS
10,5,8186.9686425612,51.8819305612,289118,0,0,0,147.9375,0,157.8,BENIGN
2,2,3405.6695348876,32.9050196607,121562,0,0,0,88.8,1,111,BENIGN
5,1,35.1544094312,1.1653395392,5148714,0,1,1,32.4285714286,0,37.8333333333,BENIGN
2,2,1236220.47244095,15748.031496063,254,0,0,0,72.2,1,90.25,BENIGN
3,5,67848.31094,46.65920119,171456,0,0,0,1292.555556,1,1454.125,DDoS
5,0,3.085543928,0.514257321,9722759,0,0,1,6,0,7.2,DDoS
2,2,1363265.30612245,16326.5306122449,245,0,0,0,73.8,1,92.25,BENIGN
1,1,400000,66666.6666666667,30,0,0,1,6,1,9,BENIGN
3,4,189403.9304,113.9712467,61419,0,0,0,1454.125,1,1661.857143,DDoS
5,0,5.976252762,0.996042127,5019868,0,0,1,6,0,7.2,DDoS
4,0,2.496161891,0.416026982,9614761,0,0,1,6,0,7.5,DDoS
3,5,79358.47409,54.57472644,146588,0,0,0,1292.555556,1,1454.125,DDoS
2,2,2291262.13592233,38834.9514563107,103,0,0,0,54.2,1,67.75,BENIGN
8,4,146.5232829,0.15083464,79557322,0,0,1,897.1538462,0,971.9166667,DDoS
1,1,4592.0859794822,65.1359713402,30705,0,0,0,63.6666666667,1,95.5,BENIGN
8,6,117.7984708,0.141475387,98957142,0,0,1,777.5333333,0,833.0714286,DDoS
1,2,0,500000,6,0,0,1,0,2,0,BENIGN
1,1,4027.8593605773,83.9137366787,23834,0,0,0,48,1,72,BENIGN
3,1,0,0.7315598007,5467769,0,0,0,0,0,0,BENIGN
3,6,15089.41781,11.68012044,770540,0,0,0,1162.7,2,1291.888889,DDoS
13,11,1116.6671403989,2.0989983842,11434025,0,0,0,510.72,0,532,BENIGN
3,4,179011.8705,107.7735524,64951,0,0,0,1453.375,1,1661,DDoS
3,6,6262.000643,4.844666534,1857713,0,0,0,1163.3,2,1292.555556,DDoS
5,0,2.654939151,0.442489859,11299694,0,0,1,6,0,7.2,DDoS
4,0,2.011617089,0.335269515,11930700,0,0,1,6,0,7.5,DDoS
3,4,898184.6273,540.7493241,12945,0,0,0,1453.375,1,1661,DDoS
1,1,0,100000,20,0,0,1,0,1,0,BENIGN
3,6,17193.09141,13.30849082,676260,0,0,0,1162.7,2,1291.888889,DDoS
5,0,9.963195954,1.660532659,3011082,0,0,1,6,0,7.2,DDoS
2,2,2772.3340184504,63.7318165161,62763,0,0,0,41.6,1,52,BENIGN
2,2,1060000,20000,200,0,0,0,49.8,1,62.25,BENIGN
5,0,6.509159472,1.084859912,4608890,0,0,1,6,0,7.2,DDoS
4,0,2.492230472,0.415371745,9629928,0,0,1,6,0,7.5,DDoS
7,4,141.9525104329,1.9993311329,5501840,0,0,0,65.0833333333,0,71,BENIGN
3,4,39234.00438,23.6085301,296503,0,0,0,1454.125,1,1661.857143,DDoS
5,0,5.303272968,0.883878828,5656884,0,0,1,6,0,7.2,DDoS
4,0,11.56092753,1.926821256,2075958,0,0,1,6,0,7.5,DDoS
2,2,1286173.63344051,12861.7363344051,311,0,0,0,87.2,1,109,BENIGN
11,6,14364.979785306,94.7999442353,179325,0,0,0,143.1111111111,0,151.5294117647,BENIGN
156,225,4223.6220350113,4.8837336202,78014083,0,0,0,862.5706806283,1,864.8346456693,BENIGN
1,1,2131.5269840855,26.1537053262,76471,0,0,0,70.6666666667,1,106,BENIGN
8,4,143.0248639,0.147157538,81545262,0,0,1,897.6153846,0,972.4166667,DDoS
5,0,9.066158478,1.511026413,3309009,0,0,1,6,0,7.2,DDoS
7,6,130.4681296178,1.1367866522,11435743,0,0,0,106.5714285714,0,114.7692307692,BENIGN
3,4,21915.68687,13.18746738,530807,0,0,0,1454.125,1,1661.857143,DDoS
3,5,18642.86722,12.82067719,623992,0,0,0,1292.555556,1,1454.125,DDoS
3,5,34408.87581,23.67515322,337907,0,0,0,1291.888889,1,1453.375,DDoS
3,4,470153.1746,282.9082973,24743,0,0,0,1454.125,1,1661.857143,DDoS
5,0,13.13513293,2.189188822,2283951,0,0,1,6,0,7.2,DDoS
3,6,6199.714302,4.798953188,1875409,0,0,0,1162.7,2,1291.888889,DDoS
3,5,19248.33379,13.23705581,604364,0,0,0,1292.555556,1,1454.125,DDoS
3,5,15520.88976,10.67369708,749506,0,0,0,1292.555556,1,1454.125,DDoS
2,2,1234042.55319149,21276.5957446809,188,0,0,0,51.8,1,64.75,BENIGN
8,6,125.9243042,0.151156671,92619134,0,0,1,777.9333333,0,833.5,DDoS
2,0,1313.1976362443,218.8662727074,9138,0,0,1,6,0,9,BENIGN
7,4,154.8646332405,2.1811920175,5043114,0,0,0,65.0833333333,0,71,BENIGN
3,5,6525.69841,4.490030729,1781725,0,0,0,1291.888889,1,1453.375,DDoS
1,1,0,37.6513112069,53119,0,0,1,0,1,0,BENIGN
9,4,119.5123131,0.13321273,97588271,0,0,1,833.5,0,897.6153846,DDoS
3,5,6948.183534,4.780723168,1673387,0,0,0,1291.888889,1,1453.375,DDoS
3,6,9520.457977,7.365608338,1221895,0,0,0,1163.3,2,1292.555556,DDoS
3,7,40218.61326,34.59070548,289095,0,0,0,1057,2,1162.7,DDoS
4,2,9419.2808583832,122.8601851093,48836,0,0,0,70.4285714286,0,82.1666666667,BENIGN
2,2,1256097.56097561,24390.243902439,164,0,0,0,47.8,1,59.75,BENIGN
3,7,9293.897218,7.993375091,1251036,0,0,0,1057,2,1162.7,DDoS
3,5,802803.2866,552.3717462,14483,0,0,0,1291.888889,1,1453.375,DDoS
5,1,35.9202744547,1.19072733,5038937,0,1,1,32.4285714286,0,37.8333333333,BENIGN
4,0,7.229065905,1.204844318,3319931,0,0,1,6,0,7.5,DDoS
6,8,1968.3940469106,4.736596194,2955709,0,0,0,387.8666666667,1,415.5714285714,BENIGN
2,0,0,666666.666666667,3,0,0,1,0,0,0,BENIGN
8,6,163.2808203,0.196099467,71392341,0,0,1,777.5333333,0,833.0714286,DDoS
15,10,29975.5352774157,89.2873087019,279995,0,0,0,322.8076923077,0,335.72,BENIGN
5,0,2.98723346,0.497872243,10042737,0,0,1,6,0,7.2,DDoS
3,5,16673.6696,11.47237953,697327,0,0,0,1291.888889,1,1453.375,DDoS
3,5,11657.35221,8.016746984,997911,0,0,0,1292.555556,1,1454.125,DDoS
8,8,871.7423017782,3.1542010015,5072600,0,0,0,260.1176470588,1,276.375,BENIGN
1,3,191489.361702128,42553.1914893617,94,0,0,1,3.6,3,4.5,BENIGN
4,0,2.266129531,0.377688255,10590745,0,0,1,6,0,7.5,DDoS
2,2,11517.6964607079,159.9680063987,25005,0,0,0,66.8,1,83.5,BENIGN
3,0,152542.372881356,25423.7288135593,118,0,0,1,6,0,8,BENIGN
2,2,6511.1231687466,166.9518761217,23959,0,0,0,37.4,1,46.75,BENIGN
3,6,89211.49097,69.01946349,130398,0,0,0,1163.3,2,1292.555556,DDoS
13,17,2093.8427186535,2.8163235993,10652185,0,0,0,719.4838709677,1,743.4666666667,BENIGN
5,0,148.4876533,24.74794221,202037,0,0,1,6,0,7.2,DDoS
1,2,9000000,1500000,2,0,0,1,6,2,8,BENIGN
6,2,305.4144309233,7.3153157107,1093596,0,0,0,40.5555555556,0,45.625,BENIGN
5,0,4.130058857,0.688343143,7263819,0,0,1,6,0,7.2,DDoS
3,5,26204.69986,18.02094033,443928,0,0,0,1292.555556,1,1454.125,DDoS
5,0,9.983550437,1.663925073,3004943,0,0,1,6,0,7.2,DDoS
4,0,2.17160807,0.361934678,11051718,0,0,1,6,0,7.5,DDoS
5,1,29.9963623196,0.994354552,6034065,0,1,1,32.4285714286,0,37.8333333333,BENIGN
2,2,467005.076142132,20304.5685279188,197,0,0,0,23,1,28.75,BENIGN
3,7,107603.6056,92.54631943,108054,0,0,0,1057,2,1162.7,DDoS
2,2,8423.8394656879,120.3405637955,33239,0,0,0,64.4,1,80.5,BENIGN
2,0,12333333.3333333,666666.666666667,3,0,1,1,24.6666666667,0,37,BENIGN
5,0,3.018782259,0.503130377,9937782,0,0,1,6,0,7.2,DDoS
2,2,550898.203592814,23952.0958083832,167,0,0,0,23,1,28.75,BENIGN
2,2,8379.9756105188,125.0742628436,31981,0,0,0,61.8,1,77.25,BENIGN
4,0,2.675949834,0.445991639,8968778,0,0,1,6,0,7.5,DDoS
5,0,3.449617644,0.574936274,8696616,0,0,1,6,0,7.2,DDoS
2,0,2.310082715,0.062434668,32033485,0,1,1,37,0,55.5,BENIGN
3,5,9378.343146,6.449475214,1240411,0,0,0,1292.555556,1,1454.125,DDoS
20,21,264273.058110789,435.0086471231,94251,0,0,0,593.0476190476,1,607.512195122,BENIGN
8,5,117.3826021,0.130838877,99358847,0,0,1,833.5,0,897.6153846,DDoS
8,5,163.3484662,0.182167801,71362776,0,0,1,833.0714286,0,897.1538462,DDoS
3,5,16451.51801,11.313689,707108,0,0,0,1292.555556,1,1454.125,DDoS
2,0,12000000,2000000,1,0,0,1,6,0,9,BENIGN
2,0,37000000,2000000,1,0,1,1,22.6666666667,0,34,BENIGN
5,0,2.49031165,0.415051942,12046685,0,0,1,6,0,7.2,DDoS
4,0,26.8156125,4.469268749,895001,0,0,1,6,0,7.5,DDoS
2,1,0,34482.7586206897,87,0,0,1,0,0,0,BENIGN
1,1,400000,66666.6666666667,30,0,0,1,6,1,9,BENIGN
3,1,14.9919231014,4.9973077005,800431,0,0,0,2.4,0,3,BENIGN
3,5,6743.773161,4.640077861,1724109,0,0,0,1291.888889,1,1453.375,DDoS
2,2,1340314.13612565,20942.4083769633,191,0,0,0,58.8,1,73.5,BENIGN
3,5,16281.81693,11.19698577,714478,0,0,0,1292.555556,1,1454.125,DDoS
1,1,2834.355019445,32.9576165052,60684,0,0,0,77.6666666667,1,116.5,BENIGN
3,5,218300.2121,150.1247912,53289,0,0,0,1292.555556,1,1454.125,DDoS
1,1,428571.428571429,71428.5714285714,28,0,0,1,6,1,9,BENIGN
4,0,3.100040236,0.516673373,7741835,0,0,1,6,0,7.5,DDoS
8,6,50.6408472797,0.4916587115,28475037,0,0,0,96.1333333333,0,103,BENIGN
3,4,6720.870403,4.044192626,1730877,0,0,0,1454.125,1,1661.857143,DDoS
3,4,6542.435235,3.938853242,1777167,0,0,0,1453.375,1,1661,DDoS
3,5,19622.19722,13.49416125,592849,0,0,0,1292.555556,1,1454.125,DDoS
3,5,341679.156,235.0935966,34029,0,0,0,1291.888889,1,1453.375,DDoS
8,6,1157.586499,1.389540512,10075273,0,0,1,777.9333333,0,833.5,DDoS
8,6,133.0942896,0.159845591,87584524,0,0,1,777.5333333,0,833.0714286,DDoS
3,3,0.1998357417,0.0666119139,90073977,0,0,1,3.4285714286,1,4,BENIGN
3,5,58505.33879,40.25481297,198734,0,0,0,1291.888889,1,1453.375,DDoS
4,0,2.045222076,0.340870346,11734667,0,0,1,6,0,7.5,DDoS
3,4,9742.188528,5.865254984,1193469,0,0,0,1453.375,1,1661,DDoS
2,0,129032.258064516,21505.376344086,93,0,0,1,6,0,9,BENIGN
9,6,28.8745007669,0.1450008408,103447676,0,0,0,186.6875,0,199.1333333333,BENIGN
2,2,1686746.98795181,24096.3855421687,166,0,0,0,62.6,1,78.25,BENIGN
8,4,162.486898,0.167181924,71778095,0,0,1,897.6153846,0,972.4166667,DDoS
8,4,142.9400607,0.147070285,81593641,0,0,1,897.6153846,0,972.4166667,DDoS
4,0,9.153590381,1.525598397,2621922,0,0,1,6,0,7.5,DDoS
10,8,30636.4186483668,115.8763470625,155338,0,0,0,250.4736842105,0,264.3888888889,BENIGN
8,5,116.1679451,0.129551624,100346098,0,0,1,833.0714286,0,897.1538462,DDoS
3,4,7885.849398,4.745202939,1475174,0,0,0,1454.125,1,1661.857143,DDoS
3,5,7875.332398,5.415856545,1477144,0,0,0,1292.555556,1,1454.125,DDoS
1,1,0,66666.6666666667,30,0,0,1,0,1,0,BENIGN
3,6,6315.719752,4.886226921,1841912,0,0,0,1163.3,2,1292.555556,DDoS
3,5,17418.63418,11.97877361,667848,0,0,0,1292.555556,1,1454.125,DDoS
3,4,78869.93546,47.45891414,147496,0,0,0,1454.125,1,1661.857143,DDoS
5,0,2.503818323,0.417303054,11981700,0,0,1,6,0,7.2,DDoS
1,1,3004.0053404539,41.7222963952,47936,0,0,0,66.3333333333,1,99.5,BENIGN
9,4,160.4088002,0.178797428,72707981,0,0,1,833.5,0,897.6153846,DDoS
15,12,112.0949668056,0.4241261356,63660307,0,0,0,254.8571428571,0,264.2962962963,BENIGN
3,6,7000.14329,5.418533552,1660966,0,0,0,1162.7,2,1291.888889,DDoS
2,2,990825.688073395,12232.4159021407,327,0,0,0,70.8,1,88.5,BENIGN
29,31,248.0172580478,0.5210993971,115141181,0,0,0,468.1475409836,1,475.95,BENIGN
8,4,143.9173043,0.148151982,80997904,0,0,1,897.1538462,0,971.9166667,DDoS
1,1,0,21.02342009,95132,0,0,1,0,1,0,BENIGN
5,0,7.446125421,1.241020904,4028941,0,0,1,6,0,7.2,DDoS
9,7,235.8647902789,2.4537299379,6520685,0,0,0,90.4705882353,0,96.125,BENIGN
8,5,142.618159,0.158967338,81777805,0,0,1,833.5,0,897.6153846,DDoS
9,6,143.5529802,0.184531211,81287062,0,0,1,729.6875,0,778.3333333,DDoS
1,1,110091.743119266,18348.623853211,109,0,0,1,6,1,9,BENIGN
3,5,399539.5347,274.9046425,29101,0,0,0,1291.888889,1,1453.375,DDoS
2,2,11714.1492917396,127.3277096928,31415,0,0,0,81.6,1,102,BENIGN
5,0,13.78067866,2.296779777,2176961,0,0,1,6,0,7.2,DDoS
3,5,6565.621487,4.517499948,1770891,0,0,0,1291.888889,1,1453.375,DDoS
2,0,0,18867.9245283019,106,0,0,1,0,0,0,BENIGN
1,3,193548.387096774,43010.7526881721,93,0,0,1,3.6,3,4.5,BENIGN
2,0,0,11235.9550561798,178,0,0,1,0,0,0,BENIGN
4,0,2.395754244,0.399292374,10017722,0,0,1,6,0,7.5,DDoS
4,0,2.60396295,0.433993825,9216721,0,0,1,6,0,7.5,DDoS
3,2,103.9747225897,28.881867386,173119,1,0,0,4,0,4.8,BENIGN
8,5,139.7220817,0.155819427,83429905,0,0,1,833.0714286,0,897.1538462,DDoS
3,6,50231.0117,38.8617816,231590,0,0,0,1163.3,2,1292.555556,DDoS
4,0,530.6447334,88.44078889,45228,0,0,1,6,0,7.5,DDoS
5,0,5.173432424,0.862238737,5798858,0,0,1,6,0,7.2,DDoS
3,5,8088.611072,5.56252803,1438195,0,0,0,1292.555556,1,1454.125,DDoS
3,5,18484.67899,12.71189134,629332,0,0,0,1292.555556,1,1454.125,DDoS
15,13,73.7783300765,0.4584538931,61074844,0,0,0,155.3793103448,0,160.9285714286,BENIGN
4,4,21118.7932118165,251.4142049026,31820,0,0,0,79.2222222222,1,89.125,BENIGN
2,2,4187.4637803077,74.7761389341,53493,0,0,0,51.4,1,64.25,BENIGN
2,0,4000000,666666.666666667,3,1,0,0,6,0,9,BENIGN
1,1,166784.45229682,1413.4275618375,1415,0,0,0,104.3333333333,1,156.5,BENIGN
4,0,2.127330102,0.354555017,11281747,0,0,1,6,0,7.5,DDoS
3,6,105338.9355,81.49664053,110434,0,0,0,1163.3,2,1292.555556,DDoS
4,0,8.945710718,1.490951786,2682850,0,0,1,6,0,7.5,DDoS
5,0,5.825407866,0.970901311,5149854,0,0,1,6,0,7.2,DDoS
3,4,39114.22241,23.53645292,297411,0,0,0,1454.125,1,1661.857143,DDoS
1,1,3017.5134111707,39.4446197539,50704,0,0,0,70,1,105,BENIGN
3,4,7797.491772,4.692034936,1491890,0,0,0,1454.125,1,1661.857143,DDoS
3,4,21206.62468,12.76079883,548555,0,0,0,1454.125,1,1661.857143,DDoS
8,5,624.9633340656,2.4058404924,5403517,0,0,0,241.2142857143,0,259.7692307692,BENIGN
3,6,560796.7974,434.0905802,20733,0,0,0,1162.7,2,1291.888889,DDoS
3,6,6854.000308,5.302673667,1697257,0,0,0,1163.3,2,1292.555556,DDoS
5,5,60.675495316,0.6631201674,15080223,0,0,0,83.1818181818,1,91.5,BENIGN
3,6,16408.2875,12.69445436,708971,0,0,0,1163.3,2,1292.555556,DDoS
5,1,58.530893964,1.9402506286,3092384,0,1,1,32.4285714286,0,37.8333333333,BENIGN
2,1,0,36144.578313253,83,0,0,1,0,0,0,BENIGN
5,0,4.04759049,0.674598415,7411817,0,0,1,6,0,7.2,DDoS
5,0,5.296612975,0.882768829,5663997,0,0,1,6,0,7.2,DDoS
9,6,146.0239639,0.187804121,79870452,0,0,1,729.3125,0,777.9333333,DDoS
2,2,7258.9293079271,65.9902664357,60615,0,0,0,97.2,1,121.5,BENIGN
2,2,1848739.49579832,16806.7226890756,238,0,0,0,97.2,1,121.5,BENIGN
2,2,1483636.36363636,14545.4545454545,275,0,0,0,97.2,1,121.5,BENIGN
5,0,7.394803376,1.232467229,4056903,0,0,1,6,0,7.2,DDoS
4,0,4.02974286,0.67162381,5955715,0,0,1,6,0,7.5,DDoS
2,2,1913.0199723444,41.5873907031,96183,0,0,0,44.4,1,55.5,BENIGN
4,0,3.450838209,0.575139701,6954832,0,0,1,6,0,7.5,DDoS
5,0,7.435460205,1.239243368,4034720,0,0,1,6,0,7.2,DDoS
3,6,9833.906478,7.608111261,1182948,0,0,0,1163.3,2,1292.555556,DDoS
1,1,11978.054194413,83.7626167441,23877,0,0,0,117.6666666667,1,176.5,BENIGN
10,5,10557.2411142077,102.9639900605,145682,0,0,0,96.125,0,102.5333333333,BENIGN
1,1,235294.117647059,39215.6862745098,51,0,0,1,6,1,9,BENIGN
8,5,141.9212356,0.158190522,82179386,0,0,1,833.5,0,897.6153846,DDoS
5,0,3.23066913,0.538444855,9286002,0,0,1,6,0,7.2,DDoS
9,5,151.7142218,0.182114302,76874797,0,0,1,777.9333333,0,833.5,DDoS
2,2,5686.7092735099,104.3432894222,38335,0,0,0,49,1,61.25,BENIGN
3,5,67047.83203,46.10871282,173503,0,0,0,1292.555556,1,1454.125,DDoS
3,4,252316.573,151.9064256,46081,0,0,0,1453.375,1,1661,DDoS
3,5,112926.3984,77.65934727,103014,0,0,0,1292.555556,1,1454.125,DDoS
4,0,2.066883488,0.344480581,11611685,0,0,1,6,0,7.5,DDoS
3,6,17891.91334,13.84227801,650182,0,0,0,1163.3,2,1292.555556,DDoS
5,0,4.965318081,0.827553013,6041909,0,0,1,6,0,7.2,DDoS
1,2,0,12552.3012552301,239,0,0,1,0,2,0,BENIGN
5,0,4.450769152,0.741794859,6740408,0,0,1,6,0,7.2,DDoS
3,2,375.273637027,104.2426769519,47965,1,0,0,4,0,4.8,BENIGN
2,2,1104477.6119403,29850.7462686567,134,0,0,0,35.4,1,44.25,BENIGN
2,0,0,93.826233815,21316,0,0,1,0,0,0,BENIGN
2,2,2293.7241159605,36.408319301,109865,0,0,0,56.6,1,70.75,BENIGN
8,6,142.7890915,0.171489001,81637889,0,0,1,777.5333333,0,833.0714286,DDoS
9,4,132.1225068,0.147268506,88274135,0,0,1,833.5,0,897.6153846,DDoS
2,2,1431472.08121827,20304.5685279188,197,0,0,0,64.2,1,80.25,BENIGN
2,2,13679.2896809212,125.4980704672,31873,0,0,0,95,1,118.75,BENIGN
4,2,3586.4113388828,39.7019705411,151126,0,0,0,85.7142857143,0,100,BENIGN
5,0,160.4029322,26.73382203,187029,0,0,1,6,0,7.2,DDoS
2,2,9808.6354457159,128.2174568067,31197,0,0,0,70,1,87.5,BENIGN
5,0,9.842706981,1.640451163,3047942,0,0,1,6,0,7.2,DDoS
3,6,76168.5884,58.92867666,152727,0,0,0,1163.3,2,1292.555556,DDoS
3,5,6219.152831,4.276903864,1870512,0,0,0,1292.555556,1,1454.125,DDoS
1,1,4444.0938256022,52.5928263385,38028,0,0,0,74.3333333333,1,111.5,BENIGN
87,294,1650838.48352346,1163.3729877617,327496,0,0,0,1415.2958115183,3,1419.0104986877,BENIGN
5,0,4.900454615,0.816742436,6121881,0,0,1,6,0,7.2,DDoS
12,5,61.1734307566,0.5505284928,30879419,0,0,0,104.9444444444,0,111.1176470588,BENIGN
4,0,2.877087927,0.479514654,8341768,0,0,1,6,0,7.5,DDoS
1,1,2282.5737681304,22.1609103702,90249,0,0,0,86,1,129,BENIGN
8,5,128.5645237,0.14337641,90670425,0,0,1,833.0714286,0,897.1538462,DDoS
3,6,9801.583858,7.583104506,1186849,0,0,0,1163.3,2,1292.555556,DDoS
4,0,6.325902594,1.054317099,3793925,0,0,1,6,0,7.5,DDoS
13,0,132826086.956522,565217.391304348,23,0,0,0,235,0,253.0769230769,BENIGN
1,1,4690.4315196998,85.2805730855,23452,0,0,0,52.3333333333,1,78.5,BENIGN
14,9,15049.528009336,58.2235734592,395029,0,0,0,247.7083333333,0,258.4782608696,BENIGN
3,6,660140.7332,510.7252298,17622,0,0,0,1163.3,2,1292.555556,DDoS
5,0,6.077586469,1.012931078,4936170,0,0,1,6,0,7.2,DDoS
3,5,266576.4857,183.4189288,43616,0,0,0,1291.888889,1,1453.375,DDoS
5,0,4.849716971,0.808286162,6185928,0,0,1,6,0,7.2,DDoS
1,1,7265.6921754084,85.9845227859,23260,0,0,0,74.6666666667,1,112,BENIGN
84,111,131563.23088697,116.2266742005,1677756,0,0,0,1126.1785714286,1,1131.9538461539,BENIGN
3,6,19572.78899,15.15052042,594039,0,0,0,1162.7,2,1291.888889,DDoS
2,2,17464.2385247314,114.8963060838,34814,0,0,0,128.6,1,160.75,BENIGN
3,6,10475.69022,8.108816716,1109903,0,0,0,1162.7,2,1291.888889,DDoS
2,2,5313.9783552589,129.609228177,30862,0,0,0,39.4,1,49.25,BENIGN
4,2,21408.3791252422,190.5790426579,31483,0,0,0,108.4285714286,0,126.5,BENIGN
3,4,6309.26974,3.796517509,1843795,0,0,0,1454.125,1,1661.857143,DDoS
8,6,145.0355541,0.174097381,80414765,0,0,1,777.9333333,0,833.5,DDoS
8,4,117.9086927,0.12131564,98915523,0,0,1,897.6153846,0,972.4166667,DDoS
3,4,6433.250393,3.87311884,1807329,0,0,0,1453.375,1,1661,DDoS
8,6,144.3594298,0.173285777,80791397,0,0,1,777.9333333,0,833.5,DDoS
2,0,12.0060390376,2.0010065063,999497,0,0,1,6,0,9,BENIGN
3,5,402959.7283,277.2579192,28854,0,0,0,1291.888889,1,1453.375,DDoS
2,2,1911111.11111111,22222.2222222222,180,0,0,0,76.2,1,95.25,BENIGN
1,1,0,31746.0317460317,63,0,0,1,0,1,0,BENIGN
3,4,13891.24518,8.363181928,837002,0,0,0,1453.375,1,1661,DDoS
2,2,720588.235294118,58823.5294117647,68,1,0,0,11,1,13.75,BENIGN
2,2,2454.9713169168,50.1014554473,79838,0,0,0,47.4,1,59.25,BENIGN
1,1,238.142488589,39.6904147648,50390,1,0,1,6,1,9,BENIGN
1,1,0,9.1479590903,218628,0,0,1,0,1,0,BENIGN
4,0,2.759135728,0.459855955,8698376,0,0,1,6,0,7.5,DDoS
1,1,0,37735.8490566038,53,0,0,1,0,1,0,BENIGN
4,0,3.261867182,0.54364453,7357749,0,0,1,6,0,7.5,DDoS
10,5,21885.7681555165,121.9036473571,123048,0,0,0,168.3125,0,179.5333333333,BENIGN
5,0,2.64580059,0.440966765,11338723,0,0,1,6,0,7.2,DDoS
5,0,4.695668262,0.782611377,6388867,0,0,1,6,0,7.2,DDoS
1,1,114.9788726322,19.1631454387,104367,1,0,1,6,1,9,BENIGN
4,0,2.553773695,0.425628949,9397857,0,0,1,6,0,7.5,DDoS
8,4,149.7516617,0.154158012,77842208,0,0,1,897.1538462,0,971.9166667,DDoS
1,1,0,28985.5072463768,69,0,0,1,0,1,0,BENIGN
2,0,0,666666.666666667,3,0,0,1,0,0,0,BENIGN
3,6,9549.429152,7.38802221,1218188,0,0,0,1163.3,2,1292.555556,DDoS
4,0,2.3693281,0.394888017,10129454,0,0,1,6,0,7.5,DDoS
3,4,9862.595135,5.93468288,1179507,0,0,0,1454.125,1,1661.857143,DDoS
2,2,1457364.34108527,31007.7519379845,129,0,0,0,45.4,1,56.75,BENIGN
3,6,148877.0519,115.2398269,78098,0,0,0,1162.7,2,1291.888889,DDoS
3,6,7276.619115,5.629637414,1598682,0,0,0,1163.3,2,1292.555556,DDoS
2,2,1654135.33834586,30075.1879699248,133,0,0,0,52.2,1,65.25,BENIGN
2,2,1713286.71328671,13986.013986014,286,0,0,0,104.8,1,131,BENIGN
2,0,194736.842105263,10526.3157894737,190,0,1,1,24.6666666667,0,37,BENIGN
1,1,247.9078586791,13.4004247935,149249,1,0,0,14.3333333333,1,21.5,BENIGN
2,0,18500000,1000000,2,0,1,1,24.6666666667,0,37,BENIGN
17,14,136.624732607,0.4992769905,62089783,0,0,0,265.09375,0,273.6451612903,BENIGN
4,0,2.998507868,0.499751311,8003981,0,0,1,6,0,7.5,DDoS
2,2,1829457.36434109,31007.7519379845,129,0,0,0,54.2,1,67.75,BENIGN
4,0,2.342887662,0.390481277,10243769,0,0,1,6,0,7.5,DDoS
3,5,7187.18626,4.942619279,1618575,0,0,0,1292.555556,1,1454.125,DDoS
3,1,120471.777590564,3369.8399326032,1187,0,0,1,28.6,0,35.75,BENIGN
5,0,612.0200743,102.0033457,49018,0,0,1,6,0,7.2,DDoS
5,0,4.08563769,0.680939615,7342795,0,0,1,6,0,7.2,DDoS
22,20,93.6242936909,0.3631865092,115643062,0,0,0,251.7906976744,0,257.7857142857,BENIGN
2,0,80.1367667486,26.7122555829,74872,0,0,1,2,0,3,BENIGN
3,6,24067.82959,18.62995324,483093,0,0,0,1162.7,2,1291.888889,DDoS
13,0,13000000,722222.222222222,18,0,0,0,18,0,19.3846153846,BENIGN
3,4,36410.83776,21.92103417,319328,0,0,0,1453.375,1,1661,DDoS
20,21,256384.129751988,430.6858409404,95197,0,0,0,581.119047619,1,595.2926829268,BENIGN
2,2,1065326.63316583,20100.5025125628,199,0,0,0,51.4,1,64.25,BENIGN
1,1,4395.8569766273,28.7310913505,69611,0,0,0,115.3333333333,1,173,BENIGN
3,5,24088.52278,16.57419646,482678,0,0,0,1291.888889,1,1453.375,DDoS
3,5,8964.162614,6.164643765,1297723,0,0,0,1292.555556,1,1454.125,DDoS
57,62,944.1015457026,1.0155116416,117182310,0,0,0,921.9333333333,1,929.6806722689,BENIGN
3,5,9423.110882,6.480261932,1234518,0,0,0,1292.555556,1,1454.125,DDoS
1,1,2998.8133038263,32.0728695596,62358,0,0,0,77,1,115.5,BENIGN
2,2,1618556.70103093,20618.5567010309,194,0,0,0,71.4,1,89.25,BENIGN
4,0,4.157385448,0.692897575,5772859,0,0,1,6,0,7.5,DDoS
8,5,144.3669902,0.160916649,80787166,0,0,1,833.5,0,897.6153846,DDoS
3,5,17770.04496,12.22043838,654641,0,0,0,1292.555556,1,1454.125,DDoS
2,0,12333333.3333333,666666.666666667,3,0,1,1,22.6666666667,0,34,BENIGN
7,6,1329.825463,1.483034316,8765812,0,0,1,833.0714286,0,897.1538462,DDoS
8,6,117.4195608,0.140947771,99327573,0,0,1,777.9333333,0,833.5,DDoS
11,11,31.9852490084,0.2869802113,76660338,0,0,0,106.6086956522,1,111.4545454545,BENIGN
3,5,189333.9847,130.2719427,61410,0,0,0,1291.888889,1,1453.375,DDoS
1,1,5689.3608951261,42.143414038,47457,0,0,0,122,1,183,BENIGN
2,2,9219.8811804045,129.8574814141,30803,0,0,0,65.6,1,82,BENIGN
4,0,3.210765912,0.535127652,7474852,0,0,1,6,0,7.5,DDoS
8,6,157.2119277,0.188713623,74186483,0,0,1,777.9333333,0,833.5,DDoS
9,7,115.4689756,0.158407237,101005486,0,0,1,686.4117647,0,729.3125,DDoS
3,0,7777.7777777778,476.1904761905,6300,0,0,1,13.75,0,18.3333333333,BENIGN
5,0,15.89839442,2.649732404,1886983,0,0,1,6,0,7.2,DDoS
35,38,7206.7150132479,56.0147142214,1303229,0,0,0,126.9189189189,1,128.6575342466,BENIGN
5,0,3.683328078,0.613888013,8144808,0,0,1,6,0,7.2,DDoS
5,0,2.813007045,0.468834507,10664744,0,0,1,6,0,7.2,DDoS
8,8,24218.2436811406,64.8088139987,246880,0,0,0,351.7058823529,1,373.6875,BENIGN
4,0,2.165034051,0.360839008,11085276,0,0,1,6,0,7.5,DDoS
3,4,67241.13003,40.4823179,172915,0,0,0,1453.375,1,1661,DDoS
6,4,124.5420212973,1.6387108065,6102358,0,0,0,69.0909090909,0,76,BENIGN
9,5,123.8796963,0.148702371,94147793,0,0,1,777.9333333,0,833.5,DDoS
5,0,3.9402309,0.65670515,7613767,0,0,1,6,0,7.2,DDoS
3,5,71672.50222,49.31452806,162224,0,0,0,1291.888889,1,1453.375,DDoS
10,5,7287.1966359057,53.8197683597,278708,0,0,0,126.9375,0,135.4,BENIGN
5,0,5.506809078,0.917801513,5447801,0,0,1,6,0,7.2,DDoS
4,0,4.291154857,0.715192476,5592900,0,0,1,6,0,7.5,DDoS
5,0,15.24419679,2.540699465,1967962,0,0,1,6,0,7.2,DDoS
5,0,2.942345043,0.490390841,10195949,0,0,1,6,0,7.2,DDoS
1,1,4947.594557646,65.0999283901,30722,0,0,0,71.3333333333,1,107,BENIGN
2,0,4000000,666666.666666667,3,1,0,0,6,0,9,BENIGN
2,2,326488.706365503,4106.7761806982,974,0,0,0,70.4,1,88,BENIGN
4,0,2.638204544,0.439700757,9097096,0,0,1,6,0,7.5,DDoS
2,2,1447368.42105263,26315.7894736842,152,0,0,0,53.4,1,66.75,BENIGN
10,5,13997.5105098758,176.1431691679,85158,0,0,0,74.5,0,79.4666666667,BENIGN
3,6,12418.49263,9.612663081,936265,0,0,0,1162.7,2,1291.888889,DDoS
2,2,1812244.89795918,16326.5306122449,245,0,0,0,98.2,1,122.75,BENIGN
4,2,4701.1015716818,119.5195314834,50201,0,0,0,38,0,44.3333333333,BENIGN
10,6,8713.6887612913,53.7882022302,297463,0,0,0,152.4705882353,0,162,BENIGN
3,4,12987.81087,7.819272048,895224,0,0,0,1453.375,1,1661,DDoS
10,5,7665.5469053719,74.7615107806,200638,0,0,0,96.125,0,102.5333333333,BENIGN
1,1,5271.4812862414,65.893516078,30352,0,0,0,69,1,103.5,BENIGN
3,1,960784.31372549,78431.3725490196,51,0,0,1,11,0,13.75,BENIGN
8,5,1300.675809,1.449780119,8966877,0,0,1,833.5,0,897.6153846,DDoS
1,1,2378.892733564,33.2712270429,60112,0,0,0,64.6666666667,1,97,BENIGN
3,6,14568.45659,11.27104868,798506,0,0,0,1163.3,2,1292.555556,DDoS
14,9,36895.2420773881,100.1759612537,229596,0,0,0,352.9583333333,0,368.3043478261,BENIGN
5,4,44.4546820994,0.8754751398,10280132,0,0,0,45.7,0,50.7777777778,BENIGN
1,1,3264.6938798019,22.0587424311,90667,0,0,0,112,1,168,BENIGN
3,5,7721.323477,5.309944796,1506607,0,0,0,1292.555556,1,1454.125,DDoS
1,1,246290.801186944,2967.3590504451,674,0,0,0,73.6666666667,1,110.5,BENIGN
2,0,35820.8955223881,5970.1492537314,335,0,0,1,6,0,9,BENIGN
3,5,6330.191908,4.353265303,1837701,0,0,0,1292.555556,1,1454.125,DDoS
8,5,148.5895049,0.165708464,78451032,0,0,1,833.0714286,0,897.1538462,DDoS
3,4,18481.65418,11.12108478,629435,0,0,0,1454.125,1,1661.857143,DDoS
2,2,8622.8921819111,127.7465508431,31312,0,0,0,61.6,1,77,BENIGN
8,4,119.0964822,0.122537751,97929005,0,0,1,897.6153846,0,972.4166667,DDoS
2,2,1726190.47619048,23809.5238095238,168,0,0,0,66.6,1,83.25,BENIGN
2,2,4.0938591957,0.0476030139,84028293,0,0,0,80,1,100,BENIGN
2,0,36.9756884848,0.999342932,2001315,0,1,1,37,0,55.5,BENIGN
2,2,9081.702655908,130.6719806605,30611,0,0,0,63.4,1,79.25,BENIGN
10,6,4599.2980551713,32.4036851091,493771,0,0,0,133.5882352941,0,141.9375,BENIGN
4,0,0.8309838935,0.1146184681,34898390,0,0,1,5.8,0,7.25,BENIGN
4,0,2.496632926,0.416105488,9612947,0,0,1,6,0,7.5,DDoS
3,5,40221.11756,27.67428747,289077,0,0,0,1291.888889,1,1453.375,DDoS
13,0,34210526.3157895,684210.52631579,19,0,0,0,50,0,53.8461538462,BENIGN
5,0,638.5424205,106.4237368,46982,0,0,1,6,0,7.2,DDoS
8,4,151.0267226,0.15547059,77185016,0,0,1,897.1538462,0,971.9166667,DDoS
8,5,147.1696748,0.164125056,79207894,0,0,1,833.0714286,0,897.1538462,DDoS
2,1,119.2463629859,59.623181493,50316,1,0,1,1.5,0,2,BENIGN
1,1,123.1584673157,2.2807123577,876919,0,0,0,51.3333333333,1,77,BENIGN
3,4,12386.83312,7.457455218,938658,0,0,0,1453.375,1,1661,DDoS
4,0,2.264425238,0.377404206,10598716,0,0,1,6,0,7.5,DDoS
3,5,394108.874,271.1680564,29502,0,0,0,1291.888889,1,1453.375,DDoS
2,0,255319.14893617,42553.1914893617,47,0,0,1,6,0,9,BENIGN
3,6,13736.33839,10.63275527,846441,0,0,0,1162.7,2,1291.888889,DDoS
1,1,324324.324324324,54054.0540540541,37,0,0,1,6,1,9,BENIGN
8,5,119.5479883,0.133252495,97559149,0,0,1,833.5,0,897.6153846,DDoS
3,6,471951.6155,365.3190453,24636,0,0,0,1162.7,2,1291.888889,DDoS
8,5,114.287702,0.127454759,101996976,0,0,1,833.0714286,0,897.1538462,DDoS
3,5,233206.9719,160.4589125,49857,0,0,0,1291.888889,1,1453.375,DDoS
1,1,666666.666666667,111111.111111111,18,0,0,1,6,1,9,BENIGN
4,0,5.308207816,0.884701303,4521300,0,0,1,6,0,7.5,DDoS
1,1,6709.4515752626,83.3472245374,23996,0,0,0,70,1,105,BENIGN
4,2,5249.556625285,60.8056751964,98675,0,0,0,80.7142857143,0,94.1666666667,BENIGN
2,1,10810.76868,23.38306131,128298,0,0,1,348.25,0,464.3333333,DDoS
5,0,4.88841779,0.814736298,6136955,0,0,1,6,0,7.2,DDoS
3,6,281439.009,217.7384236,41334,0,0,0,1163.3,2,1292.555556,DDoS
1,1,218181.818181818,36363.6363636364,55,0,0,1,6,1,9,BENIGN
2,0,571428.571428571,95238.0952380952,21,0,0,1,6,0,9,BENIGN
2,2,4500.7032348805,66.1868122777,60435,0,0,0,62.4,1,78,BENIGN
4,0,3.393265951,0.565544325,7072832,0,0,1,6,0,7.5,DDoS
5,0,3.422000015,0.570333336,8766803,0,0,1,6,0,7.2,DDoS
4,0,2.380490216,0.396748369,10081957,0,0,1,6,0,7.5,DDoS
5,0,5.114325635,0.852387606,5865876,0,0,1,6,0,7.2,DDoS
2,2,4109.9608390524,77.5464309255,51582,0,0,0,50.2,1,62.75,BENIGN
3,6,11421.86333,8.841211835,1017960,0,0,0,1162.7,2,1291.888889,DDoS
3,5,7242.578116,4.980712192,1606196,0,0,0,1292.555556,1,1454.125,DDoS
14,7,26475.5553973509,83.0574638997,252837,0,0,0,304.2727272727,0,318.7619047619,BENIGN
5,0,3.617591188,0.602931865,8292811,0,0,1,6,0,7.2,DDoS
8,7,131.628683,0.169290084,88605308,0,0,1,729.3125,0,777.9333333,DDoS
3,4,6576.941504,3.959627637,1767843,0,0,0,1453.375,1,1661,DDoS
1,1,3852.683818728,65.2997257412,30628,0,0,0,56.3333333333,1,84.5,BENIGN
4,0,2.647323556,0.441220593,9065760,0,0,1,6,0,7.5,DDoS
2,0,9250000,500000,4,0,1,1,24.6666666667,0,37,BENIGN
39,25,695.6249296886,3.5502388756,18026956,0,0,0,192.9230769231,0,195.9375,BENIGN
1,1,2969.5985299667,32.813243425,60951,0,0,0,75.3333333333,1,113,BENIGN
3,6,6380.833694,4.936603047,1823116,0,0,0,1163.3,2,1292.555556,DDoS
4,2,276.3098815321,69.077470383,86859,1,0,0,4.2857142857,0,5,BENIGN
8,4,114.033825,0.1173892,102224055,0,0,1,897.1538462,0,971.9166667,DDoS
11,8,18809.2711718284,78.7519066251,241264,0,0,0,226.9,0,238.8421052632,BENIGN
3,5,75404.31048,51.85545292,154275,0,0,0,1292.555556,1,1454.125,DDoS
9,4,117.8958358,0.131410946,98926310,0,0,1,833.5,0,897.6153846,DDoS
3,5,9184.525027,6.316186729,1266587,0,0,0,1292.555556,1,1454.125,DDoS
4,0,5.840933849,0.973488975,4108932,0,0,1,6,0,7.5,DDoS
8,6,116.0612513,0.139388995,100438345,0,0,1,777.5333333,0,833.0714286,DDoS
8,4,160.5381882,0.165176906,72649381,0,0,1,897.6153846,0,972.4166667,DDoS
9,4,115.5121691,0.128754025,100967717,0,0,1,833.5,0,897.6153846,DDoS
1,1,3203.6307815524,66.742307949,29966,0,0,0,48,1,72,BENIGN
4,0,3.440478926,0.573413154,6975773,0,0,1,6,0,7.5,DDoS
9,5,144.7832333,0.173705139,80596349,0,0,1,778.3333333,0,833.9285714,DDoS
4,0,2.25189828,0.37531638,10657675,0,0,1,6,0,7.5,DDoS
6,0,5.035817955,0.839302992,7148789,0,0,1,6,0,7,DDoS
2,2,16589.2073328169,129.0988897495,30984,0,0,0,110.4,1,138,BENIGN
8,5,143.9644458,0.160467958,81013058,0,0,1,833.5,0,897.6153846,DDoS
1,1,5185.9629028666,63.6314466609,31431,0,0,0,72.3333333333,1,108.5,BENIGN
5,0,2.644176826,0.440696138,11345686,0,0,1,6,0,7.2,DDoS
8,5,114.2091675,0.127367177,102067113,0,0,1,833.0714286,0,897.1538462,DDoS
3,6,12126.31307,9.386498461,958824,0,0,0,1162.7,2,1291.888889,DDoS
2,6,8607.287953,5.922276049,1350832,0,0,0,1291.888889,3,1453.375,DDoS
1,1,157894.736842105,26315.7894736842,76,0,0,1,6,1,9,BENIGN
1,1,99173.5537190083,16528.9256198347,121,0,0,1,6,1,9,BENIGN
5,0,4.841174772,0.806862462,6196843,0,0,1,6,0,7.2,DDoS
3,1,37558.6854460094,6259.7809076682,639,1,0,0,6,0,7.5,BENIGN
8,3,121.9142731,0.115043065,95616368,0,0,1,971.9166667,0,1060.272727,DDoS
3,6,11593.2636,8.973885992,1002910,0,0,0,1162.7,2,1291.888889,DDoS
5,0,3.694361985,0.615726997,8120482,0,0,1,6,0,7.2,DDoS
5,0,232.4860508,38.74767514,129040,0,0,1,6,0,7.2,DDoS
3,5,55831.12848,38.41481275,208253,0,0,0,1291.888889,1,1453.375,DDoS
5,0,3.81064305,0.635107175,7872687,0,0,1,6,0,7.2,DDoS
5,0,3.160326192,0.526721032,9492691,0,0,1,6,0,7.2,DDoS
10,5,17922.6810190783,160.5016210664,93457,0,0,0,104.6875,0,111.6666666667,BENIGN
3,4,8939.480799,5.379211346,1301306,0,0,0,1454.125,1,1661.857143,DDoS
5,0,19.98903268,3.331505447,1500823,0,0,1,6,0,7.2,DDoS
13,6,11320.2700719213,38.7331408908,490536,0,0,0,277.65,0,292.2631578947,BENIGN
3,5,429072.2563,295.2247398,27098,0,0,0,1291.888889,1,1453.375,DDoS
8,6,142.0287673,0.170488103,82117167,0,0,1,777.9333333,0,833.5,DDoS
3,6,201360.5207,155.7848093,57772,0,0,0,1163.3,2,1292.555556,DDoS
2,2,1200000,18604.6511627907,215,0,0,0,59.4,1,74.25,BENIGN
3,6,11507.98443,8.907874759,1010342,0,0,0,1162.7,2,1291.888889,DDoS
1,1,7492.2310672172,85.1389894002,23491,0,0,0,80,1,120,BENIGN
4,0,11.11121399,1.851868999,2159980,0,0,1,6,0,7.5,DDoS
9,6,130.4289558,0.16766084,89466330,0,0,1,729.6875,0,778.3333333,DDoS
20,18,50.616771677,0.3286803356,115613853,0,0,0,150.0512820513,0,154,BENIGN
3,6,8873.981529,6.865454634,1310911,0,0,0,1163.3,2,1292.555556,DDoS
2,2,13594.0253419485,167.8274733574,23834,0,0,0,71.8,1,89.75,BENIGN
11,6,13407.6278351408,113.1726282013,150213,0,0,0,111.8888888889,0,118.4705882353,BENIGN
8,5,123.7424148,0.137998747,94203754,0,0,1,833.0714286,0,897.1538462,DDoS
9,11,9304.6083724315,34.3216834099,582722,0,0,0,258.1904761905,1,271.1,BENIGN
2,0,0,750.1875468867,2666,0,0,1,0,0,0,BENIGN
3,5,14318.8602,9.847062806,812425,0,0,0,1292.555556,1,1454.125,DDoS
3,6,13742.5664,10.63208954,846494,0,0,0,1163.3,2,1292.555556,DDoS
2,5,69954.19057,42.13745237,166123,0,0,0,1452.625,2,1660.142857,DDoS
1,1,2196.1092810201,32.777750463,61017,0,0,0,61.6666666667,1,92.5,BENIGN
4,0,15.62415573,2.604025954,1536083,0,0,1,6,0,7.5,DDoS
2,0,4000000,666666.666666667,3,1,0,0,6,0,9,BENIGN
8,6,163.8284968,0.196656002,71190301,0,0,1,777.9333333,0,833.5,DDoS
8,6,120.2778057,0.144378743,96967183,0,0,1,777.9333333,0,833.5,DDoS
3,6,80390.02951,62.19464159,144707,0,0,0,1163.3,2,1292.555556,DDoS
8,6,148.4275776,0.178169089,78577042,0,0,1,777.9333333,0,833.5,DDoS
4,0,21.25712889,3.542854815,1129033,0,0,1,6,0,7.5,DDoS
5,4,164.0828092693,3.2173099857,2797368,0,0,0,45.9,0,51,BENIGN
3,3,18565.44531,9.580517061,626271,0,0,0,1661,1,1937.833333,DDoS
4,0,2.403174594,0.400529099,9986790,0,0,1,6,0,7.5,DDoS
2,0,0,666666.666666667,3,0,0,1,0,0,0,BENIGN
3,5,158457.8064,109.0274749,73376,0,0,0,1291.888889,1,1453.375,DDoS
9,6,159.5755468,0.205127535,73125239,0,0,1,729.6875,0,778.3333333,DDoS
5,1,51.2779590037,1.8205192546,3295763,0,1,1,30.7142857143,0,35.8333333333,BENIGN
1,1,0,21276.5957446809,94,0,0,1,0,1,0,BENIGN
2,0,0,666666.666666667,3,0,0,1,0,0,0,BENIGN
3,4,176490.222,106.2005978,65913,0,0,0,1454.125,1,1661.857143,DDoS
8,6,155.08722,0.186258993,75164156,0,0,1,777.5333333,0,833.0714286,DDoS
3,5,15293.86089,10.5175696,760632,0,0,0,1292.555556,1,1454.125,DDoS
6,8,2918.6935371786,36.0332535454,388530,0,0,0,75.6,1,81,BENIGN
8,4,159.4357858,0.164127085,73114075,0,0,1,897.1538462,0,971.9166667,DDoS
12,10,103.2347094119,0.351736659,62546793,0,0,0,280.7391304348,0,293.5,BENIGN
5,0,2.918340457,0.486390076,10279815,0,0,1,6,0,7.2,DDoS
4,1,468.1465298638,97.530527055,51266,1,0,0,5,0,6,BENIGN
3,4,288459.631,173.5766713,40328,0,0,0,1454.125,1,1661.857143,DDoS
3,5,8535.200453,5.87267598,1362241,0,0,0,1291.888889,1,1453.375,DDoS
5,0,147.0487319,24.50812199,204014,0,0,1,6,0,7.2,DDoS
12,10,10.9601025228,0.1864827962,117973349,0,0,0,56.2173913043,0,58.7727272727,BENIGN
1,1,4379.228079349,65.3616131246,30599,0,0,0,58,1,87,BENIGN
3,5,19527.95823,13.42935321,595710,0,0,0,1292.555556,1,1454.125,DDoS
3,6,6589.758768,5.098240257,1765315,0,0,0,1163.3,2,1292.555556,DDoS
2,0,4000000,666666.666666667,3,0,0,1,6,0,9,BENIGN
9,6,142.1928835,0.182876897,82022389,0,0,1,729.3125,0,777.9333333,DDoS
4,0,3.159216204,0.526536034,7596821,0,0,1,6,0,7.5,DDoS
7,5,657.2792076914,1.1780956673,10185930,0,0,0,515,0,557.9166666667,BENIGN
1,1,0,33333.3333333333,60,0,0,1,0,1,0,BENIGN
5,0,3.394897921,0.56581632,8836790,0,0,1,6,0,7.2,DDoS
13,16,2427.7349989133,5.2875940645,5484536,0,0,0,443.8333333333,1,459.1379310345,BENIGN
2,2,10400.0670972071,167.7430176969,23846,0,0,0,57.2,1,71.5,BENIGN
2,0,61750000,500000,4,0,1,1,154.3333333333,0,231.5,BENIGN
3,6,27017.98333,20.91355035,430343,0,0,0,1162.7,2,1291.888889,DDoS
5,1,36.9173368401,1.3106746807,4577795,0,1,1,30.7142857143,0,35.8333333333,BENIGN
6,6,15406.7830056258,44.6789260675,268583,0,0,0,318.3076923077,1,344.8333333333,BENIGN
5,3,7076.8218857721,97.443330613,82099,0,0,0,64.5555555556,0,72.625,BENIGN
3,5,9346.800611,6.427783451,1244597,0,0,0,1292.555556,1,1454.125,DDoS
8,6,147.6901834,0.177283938,78969365,0,0,1,777.9333333,0,833.5,DDoS
5,0,5.618139549,0.936356592,5339846,0,0,1,6,0,7.2,DDoS
3,6,6495.018327,5.02494326,1791065,0,0,0,1163.3,2,1292.555556,DDoS
1,1,176470.588235294,29411.7647058824,68,0,0,1,6,1,9,BENIGN
5,0,4.402918078,0.73381968,6813663,0,0,1,6,0,7.2,DDoS
1,1,181818.181818182,30303.0303030303,66,0,0,1,6,1,9,BENIGN
2,2,1258687.25868726,15444.0154440154,259,0,0,0,71.2,1,89,BENIGN
4,0,3.635046758,0.605841126,6602391,0,0,1,6,0,7.5,DDoS
11,6,15377.6927032741,121.4216330495,140008,0,0,0,119.6111111111,0,126.6470588235,BENIGN
2,0,7750000,500000,4,0,1,1,20.6666666667,0,31,BENIGN
3,6,152920.4424,118.3696553,76033,0,0,0,1162.7,2,1291.888889,DDoS
1,1,461538.461538462,76923.0769230769,26,0,0,1,6,1,9,BENIGN
3,2,2833.6976905623,25.9021726742,193034,0,0,0,91.1666666667,0,109.4,BENIGN
2,2,9278.0516091621,165.6794930208,24143,0,0,0,51,1,63.75,BENIGN
3,5,105351.3372,72.44998687,110421,0,0,0,1292.555556,1,1454.125,DDoS
1,1,4015.5355144494,32.9142255283,60764,0,0,0,100.6666666667,1,151,BENIGN
4,2,4830.5210061942,98.5820613509,60863,0,0,0,46.5714285714,0,54.3333333333,BENIGN
1,1,3280.403674924,21.796702159,91757,0,0,0,118,1,177,BENIGN
5,0,3.39298234,0.565497057,8841779,0,0,1,6,0,7.2,DDoS
2,2,629539.95157385,9685.2300242131,413,0,0,0,58.4,1,73,BENIGN
1,1,1630.736114282,32.6147222856,61322,0,0,0,47.3333333333,1,71,BENIGN
4,0,18.56115475,3.093525792,1293023,0,0,1,6,0,7.5,DDoS
3,6,17653.47148,13.66485278,658624,0,0,0,1162.7,2,1291.888889,DDoS
21,19,66.8834313254,0.390446184,102446897,0,0,0,167.1219512195,0,171.3,BENIGN
3,3,60155.62753,31.04272514,193282,0,0,0,1661,1,1937.833333,DDoS
28,32,2126.6473162617,5.949495919,10084888,0,0,0,351.5901639344,1,357.45,BENIGN
5,0,4.092873856,0.682145643,7329813,0,0,1,6,0,7.2,DDoS
3,5,6393.992626,4.397140979,1819364,0,0,0,1292.555556,1,1454.125,DDoS
3,6,8020.142395,6.20487248,1450473,0,0,0,1163.3,2,1292.555556,DDoS
4,0,2.80133591,0.466889318,8567341,0,0,1,6,0,7.5,DDoS
5,0,7.458882908,1.243147151,4022050,0,0,1,6,0,7.2,DDoS
2,2,1176470.58823529,26143.7908496732,153,0,0,0,41.8,1,52.25,BENIGN
1,1,1564.4555694618,25.0312891114,79900,0,0,0,56.3333333333,1,84.5,BENIGN
2,2,12366.5932576656,169.4053870913,23612,0,0,0,66.8,1,83.5,BENIGN
3,5,83973.37799,57.74839026,138532,0,0,0,1292.555556,1,1454.125,DDoS
5,0,16.18059267,2.696765446,1854073,0,0,1,6,0,7.2,DDoS
17,15,41.3406164425,0.2762948467,115818302,0,0,0,145.0909090909,0,149.625,BENIGN
2,2,1140186.91588785,18691.5887850467,214,0,0,0,55.4,1,69.25,BENIGN
8,5,148.7084302,0.165841091,78388293,0,0,1,833.0714286,0,897.1538462,DDoS
4,0,10.77221039,1.795368398,2227955,0,0,1,6,0,7.5,DDoS
1,1,5581.6313586198,63.4276290752,31532,0,0,0,74,1,111,BENIGN
8,4,142.6539389,0.146851443,81715234,0,0,1,897.1538462,0,971.9166667,DDoS
8,5,130.3620823,0.145306274,89466199,0,0,1,833.5,0,897.6153846,DDoS
1,1,0,52631.5789473684,38,0,0,1,0,1,0,BENIGN
3,6,6691.109232,5.179322533,1737679,0,0,0,1162.7,2,1291.888889,DDoS
4,0,3.559330555,0.593221759,6742841,0,0,1,6,0,7.5,DDoS
2,3,357.46911864,99.2969774,50354,0,0,1,3,1,3.6,BENIGN
3,3,3.6100107695,0.0582259802,103046784,0,0,0,60.4285714286,1,70.5,BENIGN
8,5,1332.409779,1.48591637,8748810,0,0,1,833.0714286,0,897.1538462,DDoS
3,4,24149.46205,14.53911021,481460,0,0,0,1453.375,1,1661,DDoS
2,2,10666.22224074,166.6597225116,24001,0,0,0,60,1,75,BENIGN
1,1,2617.7296648761,54.5360346849,36673,0,0,0,48,1,72,BENIGN
8,6,144.600853,0.173575576,80656509,0,0,1,777.9333333,0,833.5,DDoS
4,0,17.87126435,2.978544058,1342938,0,0,1,6,0,7.5,DDoS
2,2,1194444.44444444,27777.7777777778,144,0,0,0,41.4,1,51.75,BENIGN
3,6,8351040.919,6460.875808,1393,0,0,0,1163.3,2,1292.555556,DDoS
6,5,153.6833613,0.145171058,75772679,0,0,1,970.9166667,0,1059.181818,DDoS
4,2,7908.2155296046,122.9256299939,48810,0,0,0,61.2857142857,0,71.5,BENIGN
1,1,3533.0115769219,63.089492445,31701,0,0,0,53.3333333333,1,80,BENIGN
8,6,142.3373181,0.17085848,81939158,0,0,1,777.9333333,0,833.5,DDoS
4,0,600.0150004,100.0025001,39999,0,0,1,6,0,7.5,DDoS
105,132,100741.70351751,94.6651589476,2503561,0,0,0,1059.718487395,1,1064.1898734177,BENIGN
9,6,137.3778141,0.176684147,84897260,0,0,1,729.3125,0,777.9333333,DDoS
2,0,1.1555981704,0.031232383,64036100,0,1,1,37,0,55.5,BENIGN
4,0,748.9467936,124.8244656,32045,0,0,1,6,0,7.5,DDoS
5,0,3.491297476,0.581882913,8592794,0,0,1,6,0,7.2,DDoS
4,0,2.877447014,0.479574502,8340727,0,0,1,6,0,7.5,DDoS
4,0,11.12653372,1.854422287,2157006,0,0,1,6,0,7.5,DDoS
8,4,144.3502165,0.148597632,80754988,0,0,1,897.1538462,0,971.9166667,DDoS
4,0,351.7875203,58.63125339,68223,0,0,1,6,0,7.5,DDoS
5,0,7.338691883,1.223115314,4087922,0,0,1,6,0,7.2,DDoS
1,1,184615.384615385,30769.2307692308,65,0,0,1,6,1,9,BENIGN
4,0,2.3560019,0.392666983,10186749,0,0,1,6,0,7.5,DDoS
2,0,1.3656564489,0.2276094081,8786983,0,0,1,6,0,9,BENIGN
3,5,65287.54469,44.89816535,178181,0,0,0,1292.555556,1,1454.125,DDoS
3,4,9441.121021,5.681066547,1232163,0,0,0,1454.125,1,1661.857143,DDoS
1,1,0,39215.6862745098,51,0,0,1,0,1,0,BENIGN
3,0,127472.527472527,6593.4065934066,455,0,0,1,16,0,21.3333333333,BENIGN
1,1,0,55555.5555555556,36,0,0,1,0,1,0,BENIGN
5,0,3.242254443,0.540375741,9252821,0,0,1,6,0,7.2,DDoS
2,0,12.0005520254,2.0000920042,999954,0,0,1,6,0,9,BENIGN
4,0,5.111535842,0.85192264,4695262,0,0,1,6,0,7.5,DDoS
1,1,9067.9448150787,64.7710343934,30878,0,0,0,118.6666666667,1,178,BENIGN
1,1,373.4880914759,5.7459706381,348070,0,0,0,62.3333333333,1,93.5,BENIGN
4,0,6.633644018,1.105607336,3617921,0,0,1,6,0,7.5,DDoS
2,2,777.4824812362,10.1631696894,393578,0,0,0,66.6,1,83.25,BENIGN
2,2,474226.804123711,20618.5567010309,194,0,0,0,23,1,28.75,BENIGN
8,6,928.7211391369,2.4770615256,5651858,0,0,0,349.9333333333,0,374.9285714286,BENIGN
6,1,11617.2190164939,178.7264464076,39166,0,1,1,94.5,0,108,BENIGN
3,4,18575.67828,11.18343063,625926,0,0,0,1453.375,1,1661,DDoS
48,80,4560.2787175363,5.162929761,24792125,0,0,0,876.4263565891,1,883.2734375,BENIGN
9,5,142.9831448,0.171633716,81569055,0,0,1,777.9333333,0,833.5,DDoS
2,2,13124.0136223939,166.1267547138,24078,0,0,0,72.2,1,90.25,BENIGN
2,2,978165.938864629,17467.2489082969,229,0,0,0,50.6,1,63.25,BENIGN
1,1,122.5251105789,1.8850017012,1061007,0,0,0,57.6666666667,1,86.5,BENIGN
1,1,0,10471.2041884817,191,0,0,1,0,1,0,BENIGN
2,2,1385159.01060071,14134.2756183746,283,0,0,0,84.8,1,106,BENIGN
2,1,203.258917985,50.8147294963,59038,1,0,0,4.5,0,6,BENIGN
1,1,9584.8000339285,84.8212392383,23579,0,0,0,91.6666666667,1,137.5,BENIGN
2,5,15610.46211,9.398231253,744821,0,0,0,1453.375,2,1661,DDoS
1,1,3903.2323643017,81.317340923,24595,0,0,0,48,1,72,BENIGN
5,0,3.529513913,0.588252319,8499754,0,0,1,6,0,7.2,DDoS
14,13,103.1392899046,0.4403480119,61315140,0,0,0,225.8571428571,0,234.2222222222,BENIGN
3,7,8275.704008,7.117660624,1404956,0,0,0,1057,2,1162.7,DDoS
2,2,5.6980640528,0.0435798398,91785560,0,0,0,114.4,1,143,BENIGN
5,3,1843.8177874187,216.9197396963,36880,1,0,0,8.2222222222,0,9.25,BENIGN
1,1,2722.4857762345,32.6046200747,61341,0,0,0,71,1,106.5,BENIGN
3,6,6678.136551,5.166614713,1741953,0,0,0,1163.3,2,1292.555556,DDoS
2,2,1188571.42857143,22857.1428571429,175,0,0,0,50.4,1,63,BENIGN
2,2,1177033.49282297,19138.7559808612,209,0,0,0,57.6,1,72,BENIGN
3,6,7469.384005,5.781754197,1556621,0,0,0,1162.7,2,1291.888889,DDoS
3,1,0,0.6755144422,5921413,0,0,0,0,0,0,BENIGN
5,0,3.712044347,0.618674058,8081800,0,0,1,6,0,7.2,DDoS
8,6,141.4665441,0.169813223,82443521,0,0,1,777.9333333,0,833.5,DDoS
3,4,6756.501542,4.067731211,1720861,0,0,0,1453.375,1,1661,DDoS
4,2,5035.1748026997,53.5656893904,112012,0,0,0,87,0,101.5,BENIGN
8,6,148.837658,0.17866134,78360545,0,0,1,777.9333333,0,833.5,DDoS
8,6,143.9742736,0.172823444,81007528,0,0,1,777.9333333,0,833.5,DDoS
3,8,439003.2094,415.3294318,26485,0,0,0,968.9166667,2,1057,DDoS
5,0,2.481247968,0.413541328,12090690,0,0,1,6,0,7.2,DDoS
4,2,10027.3180138197,192.8330387273,31115,0,0,0,50,0,58.3333333333,BENIGN
3,6,26792.54148,20.72834809,434188,0,0,0,1163.3,2,1292.555556,DDoS
7,9,1641.7487268405,8.7240051908,1834020,0,0,0,177.1176470588,1,188.1875,BENIGN
2,2,857142.857142857,20408.1632653061,196,0,0,0,40.4,1,50.5,BENIGN
3,5,353135.915,242.9764617,32925,0,0,0,1291.888889,1,1453.375,DDoS
3,6,17590.57642,13.60914535,661320,0,0,0,1163.3,2,1292.555556,DDoS
3,4,16564.14638,9.967250463,702300,0,0,0,1454.125,1,1661.857143,DDoS
2,1,0,41666.6666666667,72,0,0,1,0,0,0,BENIGN
5,0,4.926218385,0.821036398,6089864,0,0,1,6,0,7.2,DDoS
16,14,14.182895116,0.2603958712,115209200,0,0,0,52.7096774194,0,54.4666666667,BENIGN
5,0,2.50909673,0.418182788,11956494,0,0,1,6,0,7.2,DDoS
9,5,123.918835,0.148672867,94166476,0,0,1,778.3333333,0,833.9285714,DDoS
5,0,2.786622207,0.464437035,10765722,0,0,1,6,0,7.2,DDoS
8,6,145.3890258,0.174611509,80177991,0,0,1,777.5333333,0,833.0714286,DDoS
2,2,1115384.61538462,15384.6153846154,260,0,0,0,67.4,1,84.25,BENIGN
3,4,201027.0065,121.0276981,57838,0,0,0,1453.375,1,1661,DDoS
3,6,6486.869487,5.021228639,1792390,0,0,0,1162.7,2,1291.888889,DDoS
3,7,8775.34601,7.547386265,1324962,0,0,0,1057,2,1162.7,DDoS
8,6,116.1920536,0.139474299,100376916,0,0,1,777.9333333,0,833.5,DDoS
1,1,2218.7981510015,41.0888546482,48675,0,0,0,51.3333333333,1,77,BENIGN
3,6,14317.76755,11.07710031,812487,0,0,0,1163.3,2,1292.555556,DDoS
2,2,2258064.51612903,21505.376344086,186,0,0,0,92.2,1,115.25,BENIGN
1,1,366.2556464412,61.0426077402,32764,0,0,1,6,1,9,BENIGN
1,1,7969.0682093209,59.0301348839,33881,0,0,0,113.6666666667,1,170.5,BENIGN
3,6,207573.1067,160.6741172,56014,0,0,0,1162.7,2,1291.888889,DDoS
2,2,6580.9768637532,58.7587219978,68075,0,0,0,99,1,123.75,BENIGN
4,0,7.268452101,1.211408684,3301941,0,0,1,6,0,7.5,DDoS
2,0,4000000,666666.666666667,3,0,0,1,6,0,9,BENIGN
7,9,6275.7491283474,11.9481182834,1339123,0,0,0,494.3529411765,1,525.25,BENIGN
2,2,171.5609184228,57.1869728076,69946,0,0,1,2.4,1,3,BENIGN
2,2,1662650.60240964,24096.3855421687,166,0,0,0,64.8,1,81,BENIGN
8,6,1118.797116,1.343669866,10419226,0,0,1,777.5333333,0,833.0714286,DDoS
8,5,161.9599366,0.18052638,72011636,0,0,1,833.5,0,897.6153846,DDoS
9,6,1278.920877,1.644843793,9119407,0,0,1,729.3125,0,777.9333333,DDoS
3,6,199201.6173,154.1940789,58368,0,0,0,1162.7,2,1291.888889,DDoS
3,5,6309.091806,4.338754788,1843847,0,0,0,1292.555556,1,1454.125,DDoS
2,2,8044.3055598527,123.7585470747,32321,0,0,0,58.6,1,73.25,BENIGN
9,5,123.9666331,0.148730214,94130168,0,0,1,778.3333333,0,833.9285714,DDoS
5,0,7.566343592,1.261057265,3964927,0,0,1,6,0,7.2,DDoS
4,0,5.222054826,0.870342471,4595892,0,0,1,6,0,7.5,DDoS
3,6,196947.6252,152.4493529,59036,0,0,0,1162.7,2,1291.888889,DDoS
2,2,1501.8011111228,21.0042113444,190438,0,0,0,63.4,1,79.25,BENIGN
3,5,8385.264954,5.76951231,1386599,0,0,0,1291.888889,1,1453.375,DDoS
2,2,1444444.44444444,27777.7777777778,144,0,0,0,49.2,1,61.5,BENIGN
12,7,91143.5792680816,328.9132015372,57766,0,0,0,263.25,0,277.1052631579,BENIGN
4,2,8982.7747890035,98.7118108682,60783,0,0,0,82.8571428571,0,96.6666666667,BENIGN
1,1,3019.7101734692,32.8229366681,60933,0,0,0,82.3333333333,1,123.5,BENIGN
2,2,1373737.37373737,13468.0134680135,297,0,0,0,89.2,1,111.5,BENIGN
4,0,2.52425228,0.420708713,9507766,0,0,1,6,0,7.5,DDoS
4,0,41.09075407,6.848459011,584073,0,0,1,6,0,7.5,DDoS
3,4,20426.6908760781,109.5684568065,63887,0,0,0,163.125,1,186.4285714286,BENIGN
4,0,2.782596759,0.463766126,8625037,0,0,1,6,0,7.5,DDoS
4,2,2121.9064740251,44.2063848755,135727,0,0,0,46,0,53.6666666667,BENIGN
3,6,21472.05292,16.61209287,541774,0,0,0,1163.3,2,1292.555556,DDoS
3,4,13442.89802,8.089081589,865364,0,0,0,1454.125,1,1661.857143,DDoS
2,1,125.9604484192,31.4901121048,95268,1,0,0,4.5,0,6,BENIGN
8,5,163.0784285,0.181773092,71517736,0,0,1,833.5,0,897.6153846,DDoS
2,2,1317919.07514451,23121.387283237,173,0,0,0,55.4,1,69.25,BENIGN
1,1,133333.333333333,22222.2222222222,90,0,0,1,6,1,9,BENIGN
2,2,1738396.62447257,16877.6371308017,237,0,0,0,90.2,1,112.75,BENIGN
2,2,1935309.97304582,10781.6711590296,371,0,0,0,179.6,1,224.5,BENIGN
2,2,6503.007641034,65.0300764103,61510,0,0,0,87.2,1,109,BENIGN
4,1,928.3039886128,154.7173314355,32317,0,0,1,6,0,7.2,BENIGN
1,1,2851.5320259328,53.8024910553,37173,0,0,0,50.3333333333,1,75.5,BENIGN
5,0,3.149683347,0.524947224,9524767,0,0,1,6,0,7.2,DDoS
10,11,29.185019295,0.3460674225,60681817,0,0,0,80.5,1,84.3333333333,BENIGN
5,0,7.468367728,1.244727955,4016942,0,0,1,6,0,7.2,DDoS
2,2,5220.2283849919,130.5057096248,30650,0,0,0,38.4,1,48,BENIGN
2,0,576.8953415701,96.149223595,20801,0,0,1,6,0,9,BENIGN
4,2,4808.7431693989,62.4512099922,96075,0,0,0,71.8571428571,0,83.8333333333,BENIGN
4,0,2.560336462,0.426722744,9373768,0,0,1,6,0,7.5,DDoS
3,7,8945.766053,7.693958934,1299721,0,0,0,1057,2,1162.7,DDoS
3,5,16394.75954,11.27465626,709556,0,0,0,1292.555556,1,1454.125,DDoS
2,0,0,666666.666666667,3,0,0,1,0,0,0,BENIGN
2,2,1650349.65034965,27972.027972028,143,0,0,0,57.4,1,71.75,BENIGN
2,0,4000000,666666.666666667,3,1,0,0,6,0,9,BENIGN
5,0,3.730487684,0.621747947,8041844,0,0,1,6,0,7.2,DDoS
3,4,591193.3696,355.9261707,19667,0,0,0,1453.375,1,1661,DDoS
1,4,7349.3385595297,1224.8897599216,4082,0,0,1,6,4,7.2,BENIGN
1,1,2214.4795672137,12.0352150392,166179,0,0,0,137.6666666667,1,206.5,BENIGN
5,0,3.70293066,0.61715511,8101691,0,0,1,6,0,7.2,DDoS
10,7,99.2047845761,0.7552536219,22508995,0,0,0,124.0555555556,0,131.3529411765,BENIGN
3,5,8704.201556,5.98586886,1336481,0,0,0,1292.555556,1,1454.125,DDoS
5,0,3.914001047,0.652333508,7664791,0,0,1,6,0,7.2,DDoS
6,0,4.204988518,0.70083142,8561260,0,0,1,6,0,7,DDoS
9,6,124.5832981,0.160228884,93616080,0,0,1,729.3125,0,777.9333333,DDoS
5,0,7.511419235,1.251903206,3993919,0,0,1,6,0,7.2,DDoS
5,0,2.614222573,0.435703762,11475687,0,0,1,6,0,7.2,DDoS
3,4,276978.4173,166.754014,41978,0,0,0,1453.375,1,1661,DDoS
1,1,0,29850.7462686567,67,0,0,1,0,1,0,BENIGN
50,51,551.9820452769,0.865121917,116746551,0,0,0,631.7843137255,1,638.0396039604,BENIGN
4,0,28.4345029,4.739083817,844045,0,0,1,6,0,7.5,DDoS
11,9,147.2033840224,0.3310917319,60406220,0,0,0,423.4285714286,0,444.6,BENIGN
1,1,1423.4014643359,18.6065550894,107489,0,0,0,67.6666666667,1,101.5,BENIGN
1,1,3305.1295610788,66.1025912216,30256,0,0,0,47.3333333333,1,71,BENIGN
1,1,3222.184250354,32.5473156601,61449,0,0,0,82,1,123,BENIGN
1,1,0,36363.6363636364,55,0,0,1,0,1,0,BENIGN
1,1,5466.0529344074,63.9304436773,31284,0,0,0,74.6666666667,1,112,BENIGN
7,5,384.939656618,1.3926065359,8616935,0,0,0,255.1538461538,0,276.4166666667,BENIGN
2,2,5.6058117654,0.0515476944,77598039,0,0,0,96.6,1,120.75,BENIGN
11,7,4608.8009492117,54.9029894678,327851,0,0,0,79.5263157895,0,83.9444444444,BENIGN
4,0,2.173990236,0.362331706,11039608,0,0,1,6,0,7.5,DDoS
10,5,21062.9999602022,149.2418513949,100508,0,0,0,132.3125,0,141.1333333333,BENIGN
2,2,4302.5944002055,64.2178268687,62288,0,0,0,59.4,1,74.25,BENIGN
4,0,2.243644037,0.373940673,10696884,0,0,1,6,0,7.5,DDoS
2,2,8320.3833203833,64.7500647501,61776,0,0,0,109.8,1,137.25,BENIGN
10,6,10798.1518547787,92.2918961947,173363,0,0,0,110.1176470588,0,117,BENIGN
3,0,32.97180361,5.495300602,545921,0,0,1,6,0,8,DDoS
3,6,13055.7797,10.10074936,891023,0,0,0,1163.3,2,1292.555556,DDoS
4,0,1.056365972,0.176060995,22719399,0,0,1,6,0,7.5,DDoS
2,2,2626262.62626263,20202.0202020202,198,0,0,0,117.2,1,146.5,BENIGN
3,5,364482.7586,250.7836991,31900,0,0,0,1291.888889,1,1453.375,DDoS
3,6,19594.56614,15.15955431,593685,0,0,0,1163.3,2,1292.555556,DDoS
10,8,598.1987283889,1.7264032565,10426301,0,0,0,328.2631578947,0,346.5,BENIGN
4,0,4.056880164,0.676146694,5915876,0,0,1,6,0,7.5,DDoS
1,1,5398.1548125368,65.4321795459,30566,0,0,0,73.3333333333,1,110,BENIGN
3,4,11086.42801,6.671107718,1049301,0,0,0,1454.125,1,1661.857143,DDoS
13,12,133.8692569456,0.3788895532,65982289,0,0,0,339.7307692308,0,353.32,BENIGN
9,4,139.836094,0.155786205,83447697,0,0,1,833.9285714,0,898.0769231,DDoS
1,3,0,1.2417994668,3221132,0,0,0,0,3,0,BENIGN
3,5,6585.002745,4.528498407,1766590,0,0,0,1292.555556,1,1454.125,DDoS
5,0,7.190925053,1.198487509,4171925,0,0,1,6,0,7.2,DDoS
10,5,10015.2076559205,126.0302976836,119019,0,0,0,74.5,0,79.4666666667,BENIGN
3,5,71614.23046,49.27443396,162356,0,0,0,1291.888889,1,1453.375,DDoS
3,4,6540.050568,3.93741756,1777815,0,0,0,1453.375,1,1661,DDoS
1,1,2480.9791597751,33.0797221303,60460,0,0,0,66.3333333333,1,99.5,BENIGN
8,6,1360.831698,1.634352216,8566085,0,0,1,777.5333333,0,833.0714286,DDoS
5,0,3.734666393,0.622444399,8032846,0,0,1,6,0,7.2,DDoS
2,0,37974.6835443038,6329.1139240506,316,0,0,1,6,0,9,BENIGN
3,4,496965.2932,299.1964438,23396,0,0,0,1453.375,1,1661,DDoS
30,39,526113.749802486,641.3414260087,107587,0,0,0,808.6142857143,1,820.3333333333,BENIGN
8,4,132.3365215,0.136160358,88131378,0,0,1,897.6153846,0,972.4166667,DDoS
2,2,222383.720930233,2906.9767441861,1376,0,0,0,69.6,1,87,BENIGN
5,0,2.546086716,0.424347786,11782788,0,0,1,6,0,7.2,DDoS
5,0,2.818791454,0.469798576,10642859,0,0,1,6,0,7.2,DDoS
5,0,13.41685174,2.236141957,2235994,0,0,1,6,0,7.2,DDoS
3,4,68108.10178,40.98312666,170802,0,0,0,1454.125,1,1661.857143,DDoS
2,2,2931937.17277487,20942.4083769633,191,0,0,0,120.8,1,151,BENIGN
3,4,143670.9174,86.49663899,80928,0,0,0,1453.375,1,1661,DDoS
3,5,8368.528922,5.755027196,1390089,0,0,0,1292.555556,1,1454.125,DDoS
3,5,144963.1143,99.69095803,80248,0,0,0,1292.555556,1,1454.125,DDoS
14,12,96.7523931668,0.5253889353,49487148,0,0,0,177.3333333333,0,184.1538461538,BENIGN
5,0,3.015765214,0.502627536,9947724,0,0,1,6,0,7.2,DDoS
2,2,1205479.45205479,18264.8401826484,219,0,0,0,61,1,76.25,BENIGN
8,7,145.092796,0.186702577,80341687,0,0,1,728.9375,0,777.5333333,DDoS
2,0,2071000000,2000000,1,0,1,1,1378.6666666667,0,2068,BENIGN
5,0,6.197076963,1.03284616,4840992,0,0,1,6,0,7.2,DDoS
8,4,160.8562981,0.165589395,72468409,0,0,1,897.1538462,0,971.9166667,DDoS
3,6,269386.7149,208.521582,43161,0,0,0,1162.7,2,1291.888889,DDoS
1,3,480000,80000,50,0,0,1,6,3,7.5,BENIGN
3,6,211920.1677,164.0390048,54865,0,0,0,1162.7,2,1291.888889,DDoS
59,78,5187.3571106225,5.9345468861,23085166,0,0,0,867.7608695652,1,874.0948905109,BENIGN
3,5,48813.97204,33.58663252,238190,0,0,0,1291.888889,1,1453.375,DDoS
3,4,39920.89298,24.03425224,291251,0,0,0,1453.375,1,1661,DDoS
2,2,2164948.45360825,20618.5567010309,194,0,0,0,92.2,1,115.25,BENIGN
4,0,2.226384944,0.371064157,10779807,0,0,1,6,0,7.5,DDoS
4,0,3.891748423,0.648624737,6166894,0,0,1,6,0,7.5,DDoS
3,1,1.9797690698,0.6599230233,6061313,0,0,0,2.4,0,3,BENIGN
2,0,0,274.8007694422,7278,0,0,1,0,0,0,BENIGN
4,2,1811.6998138972,26.9064328797,222995,0,0,0,62.8571428571,0,73.3333333333,BENIGN
1,1,3648.3324741246,39.6557877622,50434,0,0,0,80.6666666667,1,121,BENIGN
4,0,3.178051529,0.529675255,7551797,0,0,1,6,0,7.5,DDoS
2,2,8306.5147429764,43.4896059842,91976,0,0,0,159.4,1,199.25,BENIGN
2,2,3659.1328486034,63.0884973897,63403,0,0,0,53.8,1,67.25,BENIGN
3,6,7113.644647,5.503550402,1635308,0,0,0,1163.3,2,1292.555556,DDoS
2,2,7365.8822762532,130.3695978098,30682,0,0,0,52,1,65,BENIGN
3,6,94869.36797,73.43461871,122558,0,0,0,1162.7,2,1291.888889,DDoS
1,1,200000,33333.3333333333,60,0,0,1,6,1,9,BENIGN
8,5,1199.281809,1.336762712,9724987,0,0,1,833.5,0,897.6153846,DDoS
1,1,1025.8383022376,21.3716312966,93582,0,0,0,48,1,72,BENIGN
4,0,3.16048259,0.526747098,7593777,0,0,1,6,0,7.5,DDoS
4,0,2.960827512,0.493471252,8105842,0,0,1,6,0,7.5,DDoS
1,1,2732.1047141225,33.1164207772,60393,0,0,0,72.3333333333,1,108.5,BENIGN
8,5,144.2600636,0.160797464,80847046,0,0,1,833.5,0,897.6153846,DDoS
3,5,93182.52818,64.08151168,124841,0,0,0,1292.555556,1,1454.125,DDoS
4,0,14.48485518,2.41414253,1656903,0,0,1,6,0,7.5,DDoS
1,1,5257.6235541535,42.0609884332,47550,0,0,0,111.3333333333,1,167,BENIGN
2,2,8266.0154048469,125.2426576492,31938,0,0,0,59.8,1,74.75,BENIGN
3,5,28199.10846,19.40250001,412318,0,0,0,1291.888889,1,1453.375,DDoS
3,5,6620.416186,4.555201642,1756234,0,0,0,1291.888889,1,1453.375,DDoS
1,1,272727.272727273,45454.5454545455,44,0,0,1,6,1,9,BENIGN
2,2,9469.4512906992,129.7185108315,30836,0,0,0,67.4,1,84.25,BENIGN
2,2,1333333.33333333,18518.5185185185,216,0,0,0,66,1,82.5,BENIGN
1,1,1873.4825747003,19.1171691296,104618,0,0,0,81.6666666667,1,122.5,BENIGN
8,5,148.3463354,0.165437279,78579629,0,0,1,833.0714286,0,897.1538462,DDoS
5,0,6.770618225,1.128436371,4430910,0,0,1,6,0,7.2,DDoS
4,0,4.418328035,0.736388006,5431919,0,0,1,6,0,7.5,DDoS
12,11,212.2254883971,0.5795756629,39684206,0,0,0,350.9166666667,0,366.1739130435,BENIGN
6,7,142.3997017228,1.3036592411,9971931,0,0,0,101.4285714286,1,109.2307692308,BENIGN
10,10,34.7753818777,0.2797697657,71487353,0,0,0,118.380952381,1,124.3,BENIGN
1,1,421810.699588477,4115.2263374486,486,0,0,0,92.3333333333,1,138.5,BENIGN
5,0,8.398867833,1.399811305,3571910,0,0,1,6,0,7.2,DDoS
4,0,2.247038894,0.374506482,10680723,0,0,1,6,0,7.5,DDoS
2,2,1689440.99378882,24844.7204968944,161,0,0,0,66.4,1,83,BENIGN
3,5,6341.98412,4.361374793,1834284,0,0,0,1292.555556,1,1454.125,DDoS
5,0,11.74672648,1.957787747,2553903,0,0,1,6,0,7.2,DDoS
8,5,157.1305167,0.175233483,74186735,0,0,1,833.0714286,0,897.1538462,DDoS
10,5,11005.3825451749,102.9823694184,145656,0,0,0,100.1875,0,106.8666666667,BENIGN
3,5,320382.464,220.4403296,36291,0,0,0,1291.888889,1,1453.375,DDoS
2,2,5421.2785181839,129.0780599568,30989,0,0,0,40.4,1,50.5,BENIGN
4,0,2.423260881,0.403876814,9904010,0,0,1,6,0,7.5,DDoS
4,0,2.985152226,0.497525371,8039791,0,0,1,6,0,7.5,DDoS
2,2,4617.6046176046,82.4572253144,48510,0,0,0,51.2,1,64,BENIGN
1,1,0,86.2701117198,23183,0,0,1,0,1,0,BENIGN
26,20,81.6449253134,0.3933458907,116945419,0,0,0,203.1489361702,0,207.5652173913,BENIGN
2,0,0,8849.5575221239,226,0,0,1,0,0,0,BENIGN
3,4,9313.528768,5.607181678,1248399,0,0,0,1453.375,1,1661,DDoS
1,1,208.1674327008,2.2028299757,907923,0,0,0,77.3333333333,1,116,BENIGN
6,6,393.0574807339,1.1916851361,10069774,0,0,0,304.4615384615,1,329.8333333333,BENIGN
3,7,9495.746229,8.166978781,1224443,0,0,0,1057,2,1162.7,DDoS
1,1,8042.4508747202,82.9118646878,24122,0,0,0,85.3333333333,1,128,BENIGN
2,2,2194174.75728155,19417.4757281553,206,0,0,0,97,1,121.25,BENIGN
3,6,8907.794033,6.891614054,1305935,0,0,0,1163.3,2,1292.555556,DDoS
4,0,3.4018921876,0.3677721284,10876300,0,0,1,7.4,0,9.25,BENIGN
3,5,16986.96502,11.68794359,684466,0,0,0,1291.888889,1,1453.375,DDoS
2,0,68555555.5555556,222222.222222222,9,0,1,1,411.3333333333,0,617,BENIGN
5,0,7.276442227,1.212740371,4122894,0,0,1,6,0,7.2,DDoS
9,6,128.6523087,0.165462114,90655194,0,0,1,729.3125,0,777.9333333,DDoS
1,1,3277.5395778364,41.2269129288,48512,0,0,0,70.6666666667,1,106,BENIGN
2,2,4562.9872794419,65.6544932294,60925,0,0,0,62.6,1,78.25,BENIGN
8,6,659.1681255591,2.4887685431,5625272,0,0,0,247.2,0,264.8571428571,BENIGN
3,5,7244.504035,4.982036644,1605769,0,0,0,1292.555556,1,1454.125,DDoS
2,1,120.3683270809,20.0613878468,149541,0,0,1,6,0,8,BENIGN
3,5,8584.118753,5.906334396,1354478,0,0,0,1291.888889,1,1453.375,DDoS
4,0,14.84277788,2.473796313,1616948,0,0,1,6,0,7.5,DDoS
4,0,6.720016128,1.120002688,3571420,0,0,1,6,0,7.5,DDoS
2,0,4.3252906956,0.7208817826,2774380,0,0,1,6,0,9,BENIGN
5,0,3.327133774,0.554522296,9016770,0,0,1,6,0,7.2,DDoS
1,1,11549.5668912416,1924.9278152069,1039,1,0,1,6,1,9,BENIGN
3,0,1353.8155495386,82.8866662983,36194,0,0,1,13.75,0,18.3333333333,BENIGN
3,4,8939.252753,5.381849942,1300668,0,0,0,1453.375,1,1661,DDoS
4,0,3.028456131,0.504742688,7924830,0,0,1,6,0,7.5,DDoS
4,0,2.77176971,0.461961618,8658728,0,0,1,6,0,7.5,DDoS
1,1,222222.222222222,37037.037037037,54,0,0,1,6,1,9,BENIGN
4,0,3.982841256,0.663806876,6025849,0,0,1,6,0,7.5,DDoS
18,16,183.3206253102,0.3739217266,90928121,0,0,0,476.2571428571,0,490.2647058824,BENIGN
3,5,12547.66181,8.629011816,927105,0,0,0,1292.555556,1,1454.125,DDoS
4,0,6.754991939,1.12583199,3552928,0,0,1,6,0,7.5,DDoS
2,2,1422818.79194631,26845.6375838926,149,0,0,0,51.4,1,64.25,BENIGN
9,4,144.1258537,0.160565267,80963961,0,0,1,833.9285714,0,898.0769231,DDoS
3,4,20130.23307,12.11309477,577887,0,0,0,1454.125,1,1661.857143,DDoS
2,2,5583.4358071056,66.4694738941,60178,0,0,0,74.6,1,93.25,BENIGN
10,6,326.8747096403,1.3177110996,12142267,0,0,0,233.4705882353,0,248.0625,BENIGN
2,2,1245098.03921569,19607.8431372549,204,0,0,0,56.8,1,71,BENIGN
3,0,0,0.3330041033,9008898,0,0,0,0,0,0,BENIGN
4,4,5.5088743539,0.0715438228,111819577,0,0,0,73.5555555556,1,82.75,BENIGN
2,2,969187.675070028,11204.4817927171,357,0,0,0,78.4,1,98,BENIGN
2,2,250193.05019305,3088.8030888031,1295,0,0,0,70.8,1,88.5,BENIGN
8,4,135.7734585,0.139768508,85856250,0,0,1,897.1538462,0,971.9166667,DDoS
3,1,1360.9220941536,111.0956811554,36005,0,0,1,11,0,13.75,BENIGN
4,0,3.024256808,0.504042801,7935834,0,0,1,6,0,7.5,DDoS
16,16,726.3198951885,1.2801408155,24997250,0,0,0,550.1818181818,1,567.375,BENIGN
10,5,2932.7202189519,34.5567975525,434068,0,0,0,79.5625,0,84.8666666667,BENIGN
2,2,3810.0496963004,55.2181115406,72440,0,0,0,62.6,1,78.25,BENIGN
3,4,9886.071797,5.948809643,1176706,0,0,0,1454.125,1,1661.857143,DDoS
4,2,984.2347574761,14.9883465605,400311,0,0,0,61.1428571429,0,71.3333333333,BENIGN
3,0,0,0.3333839707,8998633,0,0,0,0,0,0,BENIGN
2,2,7697.074459411,130.4588891426,30661,0,0,0,56.2,1,70.25,BENIGN
3,1,29028.4360189573,2369.6682464455,1688,0,0,1,11,0,13.75,BENIGN
16,13,83.6303482287,0.4748003325,61078306,0,0,0,170.2666666667,0,176.1379310345,BENIGN
3,5,67095.23287,46.1651211,173291,0,0,0,1291.888889,1,1453.375,DDoS
8,4,125.9276556,0.129566309,92616669,0,0,1,897.6153846,0,972.4166667,DDoS
30,28,1102.8398125172,9.9324082494,5839470,0,0,0,132.0338983051,0,134.3103448276,BENIGN
8,5,142.611173,0.158959552,81781811,0,0,1,833.5,0,897.6153846,DDoS
3,5,10270.53179,7.063032266,1132658,0,0,0,1292.555556,1,1454.125,DDoS
3,0,145270.27027027,10135.1351351351,296,0,0,1,12.25,0,16.3333333333,BENIGN
2,0,7750000,500000,4,0,1,1,20.6666666667,0,31,BENIGN
3,4,13327.23852,8.019485057,872874,0,0,0,1454.125,1,1661.857143,DDoS
3,5,6640.213181,4.568823037,1750998,0,0,0,1291.888889,1,1453.375,DDoS
3,4,162136.9237,97.56369516,71748,0,0,0,1454.125,1,1661.857143,DDoS
1,1,5108.6674170924,86.5875833405,23098,0,0,0,56.3333333333,1,84.5,BENIGN
2,2,8724.1697710702,127.3601426434,31407,0,0,0,62.8,1,78.5,BENIGN
7,3,4.0512915238,0.1552218975,64423900,0,1,1,27.9090909091,0,30.7,BENIGN
1,1,6678.9871283598,64.8445352268,30843,0,0,0,87.6666666667,1,131.5,BENIGN
1,1,3542.411439714,32.4991875203,61540,0,0,0,86.6666666667,1,130,BENIGN
9,7,62.2593793917,0.1477967463,108256781,0,0,0,396.4705882353,0,421.25,BENIGN
2,2,387.2611817344,6.9153782453,578421,0,0,0,51.2,1,64,BENIGN
4,0,2.984047654,0.497341276,8042767,0,0,1,6,0,7.5,DDoS
2,2,1487179.48717949,25641.0256410256,156,0,0,0,56.4,1,70.5,BENIGN
3,5,10908.1425,7.505387461,1065901,0,0,0,1291.888889,1,1453.375,DDoS
2,2,17131.6843052668,124.1426398932,32221,0,0,0,117.2,1,146.5,BENIGN
5,0,19.14293262,3.19048877,1567158,0,0,1,6,0,7.2,DDoS
7,7,61616.1377287991,165.5394220309,84572,0,0,0,347.4,1,372.2142857143,BENIGN
2,0,9250000,500000,4,0,1,1,24.6666666667,0,37,BENIGN
4,4,344.1132571828,1.5276948155,5236648,0,0,0,200.2222222222,1,225.25,BENIGN
2,2,698689.956331878,17467.2489082969,229,0,0,0,38.4,1,48,BENIGN
2,1,632352.941176471,44117.6470588235,68,0,1,1,20,0,26.6666666667,BENIGN
3,5,152778.325,105.0654689,76143,0,0,0,1292.555556,1,1454.125,DDoS
3,4,83838.68246,50.47482388,138683,0,0,0,1453.375,1,1661,DDoS
8,6,127.6780828,0.153261867,91346923,0,0,1,777.9333333,0,833.5,DDoS
16,14,112.6298705798,0.4919767206,60978495,0,0,0,221.5483870968,0,228.9333333333,BENIGN
16,14,19.4584221017,0.2600234579,115374206,0,0,0,72.4193548387,0,74.8333333333,BENIGN
3,4,585713.5661,352.6270717,19851,0,0,0,1453.375,1,1661,DDoS
4,4,1.8277052197,0.265848032,30092380,0,0,1,6.7777777778,1,7.625,BENIGN
3,6,30785.80998,23.83007567,377674,0,0,0,1162.7,2,1291.888889,DDoS
1,1,1440.694198083,16.6554242553,120081,0,0,0,71.3333333333,1,107,BENIGN
2,2,1696969.6969697,20202.0202020202,198,0,0,0,75.4,1,94.25,BENIGN
4,0,3.983729122,0.663954854,6024506,0,0,1,6,0,7.5,DDoS
15,13,91.6984600938,0.3986889569,70230187,0,0,0,222.0689655172,0,230,BENIGN
45,63,4004.194186595,4.1671771137,25916825,0,0,0,952.0733944954,1,960.8888888889,BENIGN
3,5,31847.63971,21.91288532,365082,0,0,0,1291.888889,1,1453.375,DDoS
2,2,5912.89845734,50.5375936525,79149,0,0,0,99.4,1,124.25,BENIGN
2,2,2842639.59390863,20304.5685279188,197,0,0,0,120.8,1,151,BENIGN
2,2,1336492.89099526,18957.345971564,211,0,0,0,64.4,1,80.5,BENIGN
98,83,1305.2549301411,1.5864831774,114088824,0,0,0,818.2142857143,0,822.7348066298,BENIGN
2,1,0,58823.5294117647,51,0,0,1,0,0,0,BENIGN
8,4,118.2542767,0.121733836,98575716,0,0,1,897.1538462,0,971.9166667,DDoS
3,4,11686.73561,7.032334675,995402,0,0,0,1454.125,1,1661.857143,DDoS
3,6,378163.0131,292.7210044,30746,0,0,0,1162.7,2,1291.888889,DDoS
2,2,6567.0385182067,168.3856030309,23755,0,0,0,37.2,1,46.5,BENIGN
2,2,2170212.76595745,21276.5957446809,188,0,0,0,89.2,1,111.5,BENIGN
5,0,4.94494219,0.824157032,6066805,0,0,1,6,0,7.2,DDoS
17,15,572.6962753299,0.945140836,33857388,0,0,0,587.5757575758,0,605.9375,BENIGN
451,634,8872.2977934983,9.2667272862,117085565,0,0,0,956.5543278085,1,957.4359447005,BENIGN
2,2,1324137.93103448,27586.2068965517,145,0,0,0,46.4,1,58,BENIGN
2,2,4617.1354251341,65.0300764103,61510,0,0,0,65.4,1,81.75,BENIGN
5,0,4.825614361,0.80426906,6216825,0,0,1,6,0,7.2,DDoS
3,5,596684.7993,410.5511649,19486,0,0,0,1291.888889,1,1453.375,DDoS
1,3,214285.714285714,47619.0476190476,84,0,0,1,3.6,3,4.5,BENIGN
3,5,6141.761815,4.225861746,1893105,0,0,0,1291.888889,1,1453.375,DDoS
10,5,10946.5254883234,137.7499012792,108893,0,0,0,74.5,0,79.4666666667,BENIGN
49,71,738.0742334406,1.0361602753,115812199,0,0,0,706.4297520661,1,712.3166666667,BENIGN
21,28,284.4521718065,0.7334713687,66805607,0,0,0,380.06,1,387.8163265306,BENIGN
3,5,26044.53519,17.91079528,446658,0,0,0,1292.555556,1,1454.125,DDoS
8,6,118.4345531,0.142239319,98425668,0,0,1,777.5333333,0,833.0714286,DDoS
8,6,165.5454772,0.198819309,70415696,0,0,1,777.5333333,0,833.0714286,DDoS
12,7,10129.6414421375,42.6747643904,445228,0,0,0,225.5,0,237.3684210526,BENIGN
2,2,7656.7766634764,166.4516665973,24031,0,0,0,44.4,1,55.5,BENIGN
8,6,123.8538788,0.148747903,94118974,0,0,1,777.5333333,0,833.0714286,DDoS
2,0,173913.043478261,28985.5072463768,69,0,0,1,6,0,9,BENIGN
3,6,60606.85039,46.91336145,191843,0,0,0,1162.7,2,1291.888889,DDoS
3,5,13106.86722,9.0135767,887550,0,0,0,1292.555556,1,1454.125,DDoS
2,2,10714.3584625099,81.4780111217,49093,0,0,0,112,1,140,BENIGN
5,0,2.56633813,0.427723022,11689808,0,0,1,6,0,7.2,DDoS
2,2,1068181.81818182,11363.6363636364,352,0,0,0,84.4,1,105.5,BENIGN
8,4,119.9364507,0.123465506,97193138,0,0,1,897.1538462,0,971.9166667,DDoS
2,2,6146.015893213,96.0314983315,41653,0,0,0,57.8,1,72.25,BENIGN
5,0,5.610750797,0.935125133,5346878,0,0,1,6,0,7.2,DDoS
21,17,37.2495170823,0.3282656886,115759890,0,0,0,110.5641025641,0,113.4736842105,BENIGN
3,4,6316.566802,3.800908417,1841665,0,0,0,1454.125,1,1661.857143,DDoS
1,1,69.1850006919,23.0616668973,86724,0,0,0,2,1,3,BENIGN
9,8,119.1531246,0.173677709,97882452,0,0,1,648.2777778,0,686.4117647,DDoS
3,5,11966.64194,8.229445161,972119,0,0,0,1292.555556,1,1454.125,DDoS
3,5,9531.429452,6.558134998,1219859,0,0,0,1291.888889,1,1453.375,DDoS
1,1,0,25000,80,0,0,1,0,1,0,BENIGN
1,1,5056.3901951808,41.6163802072,48058,0,0,0,108,1,162,BENIGN
8,6,148.8403267,0.178664544,78359140,0,0,1,777.9333333,0,833.5,DDoS
5,0,9.11588385,1.519313975,3290959,0,0,1,6,0,7.2,DDoS
2,2,1114285.71428571,28571.4285714286,140,0,0,0,37.4,1,46.75,BENIGN
5,0,731.3505607,121.8917601,41020,0,0,1,6,0,7.2,DDoS
4,0,5.939090176,0.989848363,4041023,0,0,1,6,0,7.5,DDoS
2,0,62176.1658031088,10362.6943005181,193,0,0,1,6,0,9,BENIGN
9,4,139.7511985,0.155771721,83455456,0,0,1,833.5,0,897.6153846,DDoS
9,6,141.9381412,0.182549268,82169598,0,0,1,729.3125,0,777.9333333,DDoS
1,1,277.8902425559,1.8403327322,1086760,0,0,0,114.3333333333,1,171.5,BENIGN
3,5,12888.62249,8.863490066,902579,0,0,0,1292.555556,1,1454.125,DDoS
1,1,0,70.2000702001,28490,0,0,1,0,1,0,BENIGN
3,5,414155.4463,284.961174,28074,0,0,0,1291.888889,1,1453.375,DDoS
2,2,15575.4435547182,125.6084157639,31845,0,0,0,106.8,1,133.5,BENIGN
5,0,7.319017173,1.219836196,4098911,0,0,1,6,0,7.2,DDoS
1,1,3038.9667513046,39.9864046224,50017,0,0,0,71.3333333333,1,107,BENIGN
3,5,42825.99247,29.46658121,271494,0,0,0,1291.888889,1,1453.375,DDoS
2,2,1642512.07729469,19323.6714975845,207,0,0,0,77.2,1,96.5,BENIGN
68,79,1139.7376038152,1.2839899434,114486878,0,0,0,881.6554054054,1,887.6530612245,BENIGN
4,0,7.573417179,1.262236197,3168979,0,0,1,6,0,7.5,DDoS
4,4,6142.6655707921,86.51641649,92468,0,0,0,67.8888888889,1,76.375,BENIGN
2,2,54.5988087681,0.8149075936,4908532,0,0,0,61,1,76.25,BENIGN
5,0,14.43032677,2.405054462,2078955,0,0,1,6,0,7.2,DDoS
4,0,12.25132991,2.041888318,1958971,0,0,1,6,0,7.5,DDoS
3,6,17905.95638,13.86029134,649337,0,0,0,1162.7,2,1291.888889,DDoS
3,5,68660.83918,47.21797588,169427,0,0,0,1292.555556,1,1454.125,DDoS
3,6,27015.40949,20.91155805,430384,0,0,0,1162.7,2,1291.888889,DDoS
3,0,16250000,750000,4,0,0,1,17.75,0,23.6666666667,BENIGN
2,2,1250000,27777.7777777778,144,0,0,0,41.8,1,52.25,BENIGN
4,0,8.256056075,1.376009346,2906957,0,0,1,6,0,7.5,DDoS
2,2,11255.4478906614,169.2548554987,23633,0,0,0,60.4,1,75.5,BENIGN
33,50,653793.588191651,810.2620172596,102436,0,0,0,797.2857142857,1,806.8915662651,BENIGN
3,4,263072.1542,158.3817906,44197,0,0,0,1453.375,1,1661,DDoS
1,1,260869.565217391,43478.2608695652,46,0,0,1,6,1,9,BENIGN
3,6,6301.334097,4.875097299,1846117,0,0,0,1163.3,2,1292.555556,DDoS
2,6,406983.2598,280.1709043,28554,0,0,0,1291.222222,3,1452.625,DDoS
1,1,386.1245151124,4.4638672267,448042,0,0,0,76.3333333333,1,114.5,BENIGN
3,5,10468.60812,7.199249118,1111227,0,0,0,1292.555556,1,1454.125,DDoS
8,5,142.257305,0.158565117,81985245,0,0,1,833.5,0,897.6153846,DDoS
5,0,2.962442451,0.493740408,10126779,0,0,1,6,0,7.2,DDoS
8,5,114.6905721,0.127838244,101691009,0,0,1,833.5,0,897.6153846,DDoS
5,0,35.29395156,5.88232526,850004,0,0,1,6,0,7.2,DDoS
2,2,1500000,18518.5185185185,216,0,0,0,70.8,1,88.5,BENIGN
3,4,246716.3197,148.5348102,47127,0,0,0,1453.375,1,1661,DDoS
2,2,2800000,13333.3333333333,300,0,0,0,174.8,1,218.5,BENIGN
3,5,9327.480105,6.414496763,1247175,0,0,0,1292.555556,1,1454.125,DDoS
22,25,2038.0638393526,156.5179745908,300285,0,0,0,12.75,1,13.0212765957,BENIGN
1,1,0,10309.2783505155,194,0,0,1,0,1,0,BENIGN
5,0,5.516820325,0.919470054,5437915,0,0,1,6,0,7.2,DDoS
2,2,4401.7107358037,62.4356132738,64066,0,0,0,62.8,1,78.5,BENIGN
3,4,53573.73242,32.25390272,217028,0,0,0,1453.375,1,1661,DDoS
8,6,126.372226,0.151772425,92243370,0,0,1,777.5333333,0,833.0714286,DDoS
10,5,8154.0019402488,53.1090009135,282438,0,0,0,143.9375,0,153.5333333333,BENIGN
3,5,10691.70251,7.352670858,1088040,0,0,0,1292.555556,1,1454.125,DDoS
4,0,4.065831229,0.677638538,5902852,0,0,1,6,0,7.5,DDoS
7,6,32863.9750268475,86.7123351632,149921,0,0,0,448.3571428571,0,482.8461538462,BENIGN
3,5,11077.19087,7.617770736,1050176,0,0,0,1292.555556,1,1454.125,DDoS
4,0,6.056123612,1.009353935,3962931,0,0,1,6,0,7.5,DDoS
2,1,521126.76056338,42253.5211267606,71,0,1,1,17,0,22.6666666667,BENIGN
4,0,5.264058326,0.877343054,4559220,0,0,1,6,0,7.5,DDoS
1,1,0,8658.0086580087,231,0,0,1,0,1,0,BENIGN
8,5,119.9957376,0.133751572,97195119,0,0,1,833.5,0,897.6153846,DDoS
1,1,2840.1854399103,25.4725151561,78516,0,0,0,96,1,144,BENIGN
2,0,10333333.3333333,666666.666666667,3,0,1,1,20.6666666667,0,31,BENIGN
3,6,20830.57276,16.11580459,558458,0,0,0,1163.3,2,1292.555556,DDoS
1,1,0,26666.6666666667,75,0,0,1,0,1,0,BENIGN
2,2,2.3183809238,0.0404957367,98775830,0,0,0,53.4,1,66.75,BENIGN
1,1,1926.7822736031,33.8031977825,59166,0,0,0,54.3333333333,1,81.5,BENIGN
2,0,64171.1229946524,10695.1871657754,187,0,0,1,6,0,9,BENIGN
8,6,124.7818205,0.149862356,93419057,0,0,1,777.5333333,0,833.0714286,DDoS
2,0,12333333.3333333,666666.666666667,3,0,1,1,24.6666666667,0,37,BENIGN
4,0,2.496427249,0.416071208,9613739,0,0,1,6,0,7.5,DDoS
1,1,1026.2659953177,21.3805415691,93543,0,0,0,48,1,72,BENIGN
1,1,2613.0519448097,33.2872859211,60083,0,0,0,68.3333333333,1,102.5,BENIGN
2,0,4000000,666666.666666667,3,0,0,1,6,0,9,BENIGN
5,2,32.378629951,1.3411266844,5219492,0,1,1,26.875,0,30.7142857143,BENIGN
4,0,11.85521229,1.975868715,2024426,0,0,1,6,0,7.5,DDoS
8,4,125.1322707,0.12881421,93157424,0,0,1,897.1538462,0,971.9166667,DDoS
1,1,1136.7942402425,23.6832133384,84448,0,0,0,48,1,72,BENIGN
3,5,28326.27227,19.48999554,410467,0,0,0,1291.888889,1,1453.375,DDoS
11,9,638.4820146241,3.7425674949,5343925,0,0,0,162.4761904762,0,170.6,BENIGN
4,0,1137.548583,189.5914305,21098,0,0,1,6,0,7.5,DDoS
2,0,0,666666.666666667,3,0,0,1,0,0,0,BENIGN
4,0,1.998718155,0.333119693,12007696,0,0,1,6,0,7.5,DDoS
3,1,6.0053346744,0.7748818935,5162077,0,0,1,6.2,0,7.75,BENIGN
8,5,143.6823931,0.160153572,81172089,0,0,1,833.5,0,897.6153846,DDoS
5,0,4.705319929,0.784219988,6375762,0,0,1,6,0,7.2,DDoS
21,32,213922.744441416,257.972820373,205448,0,0,0,813.8888888889,1,829.2452830189,BENIGN
4,0,441.8180814,73.6363469,54321,0,0,1,6,0,7.5,DDoS
4,0,2.633084309,0.438847385,9114786,0,0,1,6,0,7.5,DDoS
2,2,4324.3243243243,78.6240786241,50875,0,0,0,52.2,1,65.25,BENIGN
1,1,4000000,666666.666666667,3,1,0,1,6,1,9,BENIGN
4,0,5.954000878,0.99233348,4030903,0,0,1,6,0,7.5,DDoS
2,1,804347.826086957,65217.3913043478,46,0,1,1,17,0,22.6666666667,BENIGN
2,0,0,0.4995913343,4003272,0,0,1,0,0,0,BENIGN
1,3,124137.931034483,27586.2068965517,145,0,0,1,3.6,3,4.5,BENIGN
5,0,2.966835232,0.494472539,10111785,0,0,1,6,0,7.2,DDoS
1,1,4458.4804012632,41.2822259376,48447,0,0,0,102.6666666667,1,154,BENIGN
4,0,12.40963588,2.068272646,1933981,0,0,1,6,0,7.5,DDoS
8,5,587.9877681684,2.2831066267,5693996,0,0,0,239.1428571429,0,257.5384615385,BENIGN
2,2,1078014.18439716,28368.7943262411,141,0,0,0,36.4,1,45.5,BENIGN
2,0,3200.8535609496,533.4755934916,3749,0,0,1,6,0,9,BENIGN
2,2,1865546.2184874,16806.7226890756,238,0,0,0,98.2,1,122.75,BENIGN
14,8,15923.078765237,52.685777235,417570,0,0,0,289.0869565217,0,302.2272727273,BENIGN
1,1,2888.9042963785,23.111234371,86538,0,0,0,101,1,151.5,BENIGN
1,1,2972.719956641,32.8477343275,60887,0,0,0,75.3333333333,1,113,BENIGN
4,1,12000000,42735.04274,117,0,0,1,234.1666667,0,281,DDoS
2,2,1462068.96551724,27586.2068965517,145,0,0,0,51.4,1,64.25,BENIGN
2,2,968609.865470852,17937.2197309417,223,0,0,0,50.8,1,63.5,BENIGN
2,0,126315.789473684,21052.6315789474,95,0,0,1,6,0,9,BENIGN
3,5,6338.982644,4.361560261,1834206,0,0,0,1291.888889,1,1453.375,DDoS
2,2,5539.2582638195,65.5533522345,61019,0,0,0,75,1,93.75,BENIGN
2,0,12333333.3333333,666666.666666667,3,0,1,1,22.6666666667,0,34,BENIGN
3,5,115590.2226,79.49125596,100640,0,0,0,1292.555556,1,1454.125,DDoS
1,2,382978.723404255,63829.7872340426,47,0,0,1,6,2,8,BENIGN
3,5,7103.325373,4.887469079,1636839,0,0,0,1291.888889,1,1453.375,DDoS
1,1,330.879311771,55.1465519618,36267,0,0,1,6,1,9,BENIGN
5,0,4.871054263,0.811842377,6158831,0,0,1,6,0,7.2,DDoS
8,4,114.6786758,0.117992293,101701558,0,0,1,897.6153846,0,972.4166667,DDoS
8,9,722.0550697748,1.6808073649,10114187,0,0,0,405.7222222222,1,429.5882352941,BENIGN
2,0,9000000,666666.666666667,3,0,1,1,18,0,27,BENIGN
1,1,3002.4019215372,33.3600213504,59952,0,0,0,79.3333333333,1,119,BENIGN
2,2,1856410.25641026,20512.8205128205,195,0,0,0,80.8,1,101,BENIGN
3,4,13177.36027,7.929297849,882802,0,0,0,1454.125,1,1661.857143,DDoS
1,1,1939.5094703477,22.1658225183,90229,0,0,0,72.3333333333,1,108.5,BENIGN
3,5,16919.1368,11.64127414,687210,0,0,0,1291.888889,1,1453.375,DDoS
1,1,3092.0924600515,21.6230241962,92494,0,0,0,112,1,168,BENIGN
2,2,1142857.14285714,24844.7204968944,161,0,0,0,43,1,53.75,BENIGN
3,4,19056.65696,11.47300239,610128,0,0,0,1453.375,1,1661,DDoS
4,4,22076.046847425,256.6982191561,31165,0,0,0,82.3333333333,1,92.625,BENIGN
4,0,6.851512871,1.141918812,3502876,0,0,1,6,0,7.5,DDoS
5,0,5.230280535,0.871713422,5735830,0,0,1,6,0,7.2,DDoS
3,6,7813.066687,6.044666052,1488916,0,0,0,1163.3,2,1292.555556,DDoS
2,2,15162.710013171,128.4975424845,31129,0,0,0,109.8,1,137.25,BENIGN
3,5,6767.546725,4.65403368,1718939,0,0,0,1292.555556,1,1454.125,DDoS
3,6,373354.3125,288.9987798,31142,0,0,0,1162.7,2,1291.888889,DDoS
1,1,3495.5486372822,54.6179474575,36618,0,0,0,61.3333333333,1,92,BENIGN
3,5,6674.937381,4.59271515,1741889,0,0,0,1291.888889,1,1453.375,DDoS
2,0,4111111.11111111,222222.222222222,9,0,1,1,22.6666666667,0,34,BENIGN
14,13,240.6079132806,0.7930192454,34047093,0,0,0,292.5714285714,0,303.4074074074,BENIGN
8,10,616.7223871304,1.6158665165,11139534,0,0,0,361.5789473684,1,381.6666666667,BENIGN
3,5,9724.490871,6.687520585,1196258,0,0,0,1292.555556,1,1454.125,DDoS
10,10,51.6723249824,0.3315516521,60322426,0,0,0,148.4285714286,1,155.85,BENIGN
1,1,3599.6670828132,41.6146483562,48060,0,0,0,74.3333333333,1,111.5,BENIGN
1,1,0,2000000,1,0,0,1,0,1,0,BENIGN
5,0,2.6885322,0.4480887,11158505,0,0,1,6,0,7.2,DDoS
1,1,5210.693248754,32.3645543401,61796,0,0,0,122,1,183,BENIGN
5,0,6.144042153,1.024007026,4882779,0,0,1,6,0,7.2,DDoS
4,2,7600.8542553013,100.8962954244,59467,0,0,0,70.5714285714,0,82.3333333333,BENIGN
3,5,81335.99955,55.93466831,143024,0,0,0,1292.555556,1,1454.125,DDoS
3,4,41784.96216,25.15650943,278258,0,0,0,1453.375,1,1661,DDoS
2,0,54.9241817441,9.1540302907,218483,0,0,1,6,0,9,BENIGN
1,1,196721.31147541,32786.8852459016,61,0,0,1,6,1,9,BENIGN
3,5,18101.9075,12.45508385,642308,0,0,0,1291.888889,1,1453.375,DDoS
6,4,13584.5389693741,32.8287553634,304611,0,0,0,376.1818181818,0,413.8,BENIGN
2,2,1357575.75757576,24242.4242424242,165,0,0,0,54.4,1,68,BENIGN
3,6,11298.51865,8.741224782,1029604,0,0,0,1163.3,2,1292.555556,DDoS
5,0,3.846722964,0.641120494,7798846,0,0,1,6,0,7.2,DDoS
3,6,19913.75783,15.40650052,584169,0,0,0,1163.3,2,1292.555556,DDoS
5,0,50.16856638,8.361427731,597984,0,0,1,6,0,7.2,DDoS
8,4,145.2682986,0.149542728,80244624,0,0,1,897.1538462,0,971.9166667,DDoS
2,0,53097.3451327434,8849.5575221239,226,0,0,1,6,0,9,BENIGN
1,1,924.1915386964,16.5034203339,121187,0,0,0,53.3333333333,1,80,BENIGN
3,4,7712.329385,4.640789624,1508364,0,0,0,1454.125,1,1661.857143,DDoS
2,2,831.0965810552,16.9611547154,235833,0,0,0,46,1,57.5,BENIGN
2,2,18186.2865568936,163.8404194315,24414,0,0,0,97.8,1,122.25,BENIGN
3,8,27920.12256,26.41449628,416438,0,0,0,968.9166667,2,1057,DDoS
3,5,66689.21553,45.86209269,174436,0,0,0,1292.555556,1,1454.125,DDoS
2,2,40426.251691475,338.2949932341,11824,0,0,0,102.4,1,128,BENIGN
2,1,544117.647058823,44117.6470588235,68,0,1,1,17,0,22.6666666667,BENIGN
2,0,631578.947368421,105263.157894737,19,0,0,1,6,0,9,BENIGN
2,2,7359.2386994449,126.8834258525,31525,0,0,0,53.2,1,66.5,BENIGN
5,0,712.6229275,118.7704879,42098,0,0,1,6,0,7.2,DDoS
4,0,2.441400786,0.406900131,9830422,0,0,1,6,0,7.5,DDoS
3,5,8321.631449,5.722775861,1397923,0,0,0,1292.555556,1,1454.125,DDoS
2,4,9808.530662,5.064209962,1184785,0,0,0,1660.142857,2,1936.833333,DDoS
49,50,673.9534869334,0.8577778876,115414493,0,1,1,793.41,1,801.4242424242,BENIGN
1,1,0,85.8295425285,23302,0,0,1,0,1,0,BENIGN
1,2,0,31250,96,0,0,1,0,2,0,BENIGN
5,0,6.647118231,1.107853038,4513234,0,0,1,6,0,7.2,DDoS
4,0,2.276054278,0.37934238,10544564,0,0,1,6,0,7.5,DDoS
4,0,0.992663719,0.165443953,24177372,0,0,1,6,0,7.5,DDoS
1,1,0,38461.5384615385,52,0,0,1,0,1,0,BENIGN
4,0,8.37565365,1.395942275,2865448,0,0,1,6,0,7.5,DDoS
4,0,4.470241879,0.745040313,5368837,0,0,1,6,0,7.5,DDoS
4,0,4.481882271,0.746980379,5354893,0,0,1,6,0,7.5,DDoS
8,5,164.934069,0.183936081,70676726,0,0,1,833.0714286,0,897.1538462,DDoS
1,1,0,28571.4285714286,70,0,0,1,0,1,0,BENIGN
1,1,0,68965.5172413793,29,0,0,1,0,1,0,BENIGN
3,6,15386.52914,11.91010255,755661,0,0,0,1162.7,2,1291.888889,DDoS
9,6,121.9774479,0.156796788,95665225,0,0,1,729.6875,0,778.3333333,DDoS
1,1,0,43478.2608695652,46,0,0,1,0,1,0,BENIGN
2,2,1322175.73221757,16736.4016736402,239,0,0,0,73.6,1,92,BENIGN
1,1,153846.153846154,25641.0256410256,78,0,0,1,6,1,9,BENIGN
31,35,291.5686160585,0.5687798498,116037866,0,0,0,504.9701492537,1,512.6212121212,BENIGN
2,2,66.3957719172,0.8567196376,4668972,0,0,0,71.6,1,89.5,BENIGN
5,0,7.464727297,1.244121216,4018901,0,0,1,6,0,7.2,DDoS
5,0,24.95894254,4.159823757,1201974,0,0,1,6,0,7.2,DDoS
5,0,2.633389749,0.438898292,11392161,0,0,1,6,0,7.2,DDoS
2,2,1890909.09090909,24242.4242424242,165,0,0,0,73.2,1,91.5,BENIGN
3,4,16145.44929,9.72031866,720141,0,0,0,1453.375,1,1661,DDoS
3,7,292304.5981,251.4015637,39777,0,0,0,1057,2,1162.7,DDoS
5,3,72.4029892147,0.7764395626,10303442,0,0,0,82.8888888889,0,93.25,BENIGN
8,6,143.8318944,0.172741402,81046002,0,0,1,777.5333333,0,833.0714286,DDoS
5,0,3.479957071,0.579992845,8620796,0,0,1,6,0,7.2,DDoS
4,0,2.13411812,0.355686353,11245863,0,0,1,6,0,7.5,DDoS
3,6,8135.013091,6.296991298,1429254,0,0,0,1162.7,2,1291.888889,DDoS
8,5,115.4940868,0.12873387,100983525,0,0,1,833.5,0,897.6153846,DDoS
8,6,161.6383081,0.19402695,72154925,0,0,1,777.9333333,0,833.5,DDoS
47,60,800.5026934682,0.9202366639,116274437,0,0,0,861.8333333333,1,869.8878504673,BENIGN
2,2,595.6259245485,5.5927316859,715214,0,0,0,96.8,1,121,BENIGN
5,0,8.053924785,1.342320797,3724892,0,0,1,6,0,7.2,DDoS
18,15,27.3294462652,0.285764172,115479837,0,0,0,92.8235294118,0,95.6363636364,BENIGN
30,31,212.2017268237,0.5256357239,116049951,0,0,0,397.1935483871,1,403.7049180328,BENIGN
2,2,10.5321240925,0.067513616,59247308,0,0,0,133,1,166.25,BENIGN
2,2,1123287.67123288,18264.8401826484,219,0,0,0,55.8,1,69.75,BENIGN
5,0,2.407117944,0.401186324,12463037,0,0,1,6,0,7.2,DDoS
24,23,170.1612820744,0.404633456,116154508,0,0,0,411.7708333333,0,420.5319148936,BENIGN
5,0,4.113621517,0.685603586,7292844,0,0,1,6,0,7.2,DDoS
9,5,139.834378,0.1677677,83448721,0,0,1,778.3333333,0,833.9285714,DDoS
3,5,26677.9497,18.34639367,436053,0,0,0,1292.555556,1,1454.125,DDoS
16,14,21.4195393215,0.2588985414,115875508,0,0,0,80.064516129,0,82.7333333333,BENIGN
2,2,5181.8537348455,65.1805501238,61368,0,0,0,70.6,1,88.25,BENIGN
1,1,5437.9680885705,65.1253663302,30710,0,0,0,69,1,103.5,BENIGN
7,4,147.1967130465,2.0731931415,5305825,0,0,0,65.0833333333,0,71,BENIGN
3,6,8552.689138,6.616883198,1360157,0,0,0,1163.3,2,1292.555556,DDoS
2,2,1724867.72486772,21164.0211640212,189,0,0,0,75.4,1,94.25,BENIGN
3,5,331716.6415,228.238852,35051,0,0,0,1291.888889,1,1453.375,DDoS
8,5,122.870951,0.136956389,94920727,0,0,1,833.5,0,897.6153846,DDoS
4,0,2.78364179,0.463940298,8621799,0,0,1,6,0,7.5,DDoS
4,0,3.007498445,0.501249741,7980054,0,0,1,6,0,7.5,DDoS
2,2,1333333.33333333,25157.2327044025,159,0,0,0,50.2,1,62.75,BENIGN
3,6,9327.726915,7.216499805,1247142,0,0,0,1163.3,2,1292.555556,DDoS
2,2,3917.2481331864,81.6093361081,49014,0,0,0,46.4,1,58,BENIGN
9,4,157.2781513,0.175307894,74155246,0,0,1,833.5,0,897.6153846,DDoS
8,5,135.2699408,0.15077675,86220190,0,0,1,833.5,0,897.6153846,DDoS
23,18,53.848480595,0.358116416,114487910,0,0,0,146.7857142857,0,150.3658536585,BENIGN
3,4,6893.110859,4.147835985,1687627,0,0,0,1454.125,1,1661.857143,DDoS
2,2,2543.5009983836,47.5420747361,84136,0,0,0,48.4,1,60.5,BENIGN
1,1,0,24691.3580246914,81,0,0,1,0,1,0,BENIGN
5,0,3.158954483,0.526492414,9496813,0,0,1,6,0,7.2,DDoS
24,37,476330.732898158,539.5460736967,113058,0,0,0,868.5967741935,1,882.8360655738,BENIGN
8,5,163.8885355,0.182770092,71127611,0,0,1,833.0714286,0,897.1538462,DDoS
2,0,571428.571428571,95238.0952380952,21,0,0,1,6,0,9,BENIGN
2,0,2.3104691698,0.0624451127,32028127,0,1,1,37,0,55.5,BENIGN
3,1,23346.3035019455,3891.0505836576,1028,1,0,0,6,0,7.5,BENIGN
3,5,6156.395858,4.235930753,1888605,0,0,0,1291.888889,1,1453.375,DDoS
8,6,147.3638306,0.176892191,79144251,0,0,1,777.9333333,0,833.5,DDoS
3,5,18225.68054,12.54024635,637946,0,0,0,1291.888889,1,1453.375,DDoS
9,5,145.5913707,0.17467471,80148981,0,0,1,778.3333333,0,833.9285714,DDoS
2,0,2.6056600582,0.4342766764,4605359,0,0,1,6,0,9,BENIGN
2,2,5388.1069784149,65.3103876172,61246,0,0,0,75,1,93.75,BENIGN
7,4,113.9393679,0.107517633,102308800,0,0,1,971.9166667,0,1060.272727,DDoS
3,6,15167.74268,11.74074862,766561,0,0,0,1162.7,2,1291.888889,DDoS
2,2,1475935.82887701,21390.3743315508,187,0,0,0,64,1,80,BENIGN
2,0,0,500000,4,0,0,1,0,0,0,BENIGN
1,1,83916.0839160839,13986.013986014,143,0,0,1,6,1,9,BENIGN
1,1,0,42553.1914893617,47,0,0,1,0,1,0,BENIGN
3,5,429881.3177,295.7814175,27047,0,0,0,1291.888889,1,1453.375,DDoS
8,5,140.41387,0.156510358,83061595,0,0,1,833.5,0,897.6153846,DDoS
2,1,0,154.5435812899,19412,0,0,1,0,0,0,BENIGN
2,2,1298701.2987013,12987.012987013,308,0,0,0,87.2,1,109,BENIGN
23,20,51.5929271047,0.370181189,116159333,0,0,0,136.2045454545,0,139.3720930233,BENIGN
45,62,1365.3448913755,1.5552611768,68798734,0,0,0,869.7592592593,1,877.8878504673,BENIGN
4,0,9.018928476,1.503154746,2661070,0,0,1,6,0,7.5,DDoS
8,4,163.0535571,0.167764956,71528645,0,0,1,897.6153846,0,972.4166667,DDoS
4,0,11.11660766,1.852767943,2158932,0,0,1,6,0,7.5,DDoS
2,2,6144.0157286803,32.7680838863,122070,0,0,0,158.8,1,198.5,BENIGN
3,4,187194.2585,112.6416066,62144,0,0,0,1454.125,1,1661.857143,DDoS
3,5,10475.16909,7.203761084,1110531,0,0,0,1292.555556,1,1454.125,DDoS
2,0,37000000,2000000,1,0,1,1,24.6666666667,0,37,BENIGN
2,0,4000000,666666.666666667,3,1,0,0,6,0,9,BENIGN
1,1,1185.0076559483,13.3146927635,150210,0,0,0,78,1,117,BENIGN
3,5,8984.142406,6.178383843,1294837,0,0,0,1292.555556,1,1454.125,DDoS
1,1,0,95238.0952380952,21,0,0,1,0,1,0,BENIGN
5,0,86.7021953,14.45036588,346012,0,0,1,6,0,7.2,DDoS
4,0,5.95840142,0.993066903,4027926,0,0,1,6,0,7.5,DDoS
13,0,100285714.285714,464285.714285714,28,0,0,0,216,0,232.6153846154,BENIGN
1,1,0,11976.0479041916,167,0,0,1,0,1,0,BENIGN
1,1,9016.4204152819,65.8132877028,30389,0,0,0,123.3333333333,1,185,BENIGN
8,6,148.8635848,0.178784437,78306592,0,0,1,777.5333333,0,833.0714286,DDoS
2,2,1689189.18918919,27027.027027027,148,0,0,0,57,1,71.25,BENIGN
4,0,6.044252998,1.0073755,3970714,0,0,1,6,0,7.5,DDoS
4,0,12.45493519,2.075822532,1926947,0,0,1,6,0,7.5,DDoS
4,0,3.970874956,0.661812493,6044008,0,0,1,6,0,7.5,DDoS
6,0,37.22030492,6.203384153,967214,0,0,1,6,0,7,DDoS
2,2,10745.810413202,127.9263144429,31268,0,0,0,75.4,1,94.25,BENIGN
3,4,319950.4678,192.6252064,36340,0,0,0,1453.375,1,1661,DDoS
15,10,22865.8079261225,68.1828719171,366661,0,0,0,322.4615384615,0,335.36,BENIGN
52,0,3015.5476678498,17.3307337233,3000450,0,0,0,174,0,177.3461538462,BENIGN
3,5,278948.7567,191.8327219,41703,0,0,0,1292.555556,1,1454.125,DDoS
4,2,5629.1816778178,96.500257334,62176,0,0,0,54.1428571429,0,63.1666666667,BENIGN
6,0,3.846262741,0.64104379,9359735,0,0,1,6,0,7,DDoS
2,2,10034.7033490822,167.245055818,23917,0,0,0,55,1,68.75,BENIGN
3,6,6983.230163,5.402653784,1665848,0,0,0,1163.3,2,1292.555556,DDoS
2,2,8036.3817592823,124.5950660354,32104,0,0,0,58,1,72.5,BENIGN
3,5,8551.673008,5.884009982,1359617,0,0,0,1291.888889,1,1453.375,DDoS
3,7,9620.354497,8.269882659,1209207,0,0,0,1057.545455,2,1163.3,DDoS
3,6,49267.53036,38.11637352,236119,0,0,0,1163.3,2,1292.555556,DDoS
3,4,15527.53993,9.343486589,749185,0,0,0,1454.125,1,1661.857143,DDoS
1,1,0,41666.6666666667,48,0,0,1,0,1,0,BENIGN
3,4,186629.2135,112.3595506,62300,0,0,0,1453.375,1,1661,DDoS
4,0,2.631373227,0.438562205,9120713,0,0,1,6,0,7.5,DDoS
8,7,116.7550774,0.150160864,99892872,0,0,1,729.3125,0,777.9333333,DDoS
4,0,3.461767304,0.576961217,6932875,0,0,1,6,0,7.5,DDoS
5,0,999.3004897,166.5500816,30021,0,0,1,6,0,7.2,DDoS
8,6,144.0759467,0.173034508,80908717,0,0,1,777.5333333,0,833.0714286,DDoS
3,5,20343.6366,13.99029423,571825,0,0,0,1292.555556,1,1454.125,DDoS
8,4,119.9794063,0.123446187,97208349,0,0,1,897.6153846,0,972.4166667,DDoS
8,6,159.5688332,0.191641388,73053113,0,0,1,777.5333333,0,833.0714286,DDoS
3,6,298979.1458,231.4279102,38889,0,0,0,1162.7,2,1291.888889,DDoS
14,9,23563.7707948244,85.0277264325,270500,0,0,0,265.5833333333,0,277.1304347826,BENIGN
4,0,11.48007872,1.913346453,2090578,0,0,1,6,0,7.5,DDoS
8,5,122.8747776,0.136960654,94917771,0,0,1,833.5,0,897.6153846,DDoS
3,6,17750.33264,13.73274252,655368,0,0,0,1163.3,2,1292.555556,DDoS
4,0,2.589904767,0.431650795,9266750,0,0,1,6,0,7.5,DDoS
8,6,114.9530715,0.137987053,101458794,0,0,1,777.9333333,0,833.5,DDoS
2,2,1982142.85714286,17857.1428571429,224,0,0,0,98.2,1,122.75,BENIGN
3,6,150997.5208,116.8209135,77041,0,0,0,1163.3,2,1292.555556,DDoS
3,4,115975.4224,69.82265047,100254,0,0,0,1453.375,1,1661,DDoS
1,1,4000000,666666.666666667,3,0,0,1,6,1,9,BENIGN
16,14,19.7973573267,0.2592408205,115722516,0,0,0,73.9032258065,0,76.3666666667,BENIGN
3,5,15597.75055,10.73208948,745428,0,0,0,1291.888889,1,1453.375,DDoS
3,6,106944.4444,82.78145695,108720,0,0,0,1162.7,2,1291.888889,DDoS
1,1,0,400000,5,0,0,1,0,1,0,BENIGN
2,2,1688311.68831169,25974.025974026,154,0,0,0,58.6,1,73.25,BENIGN
10,5,14568.0309937304,183.3225376728,81823,0,0,0,74.5,0,79.4666666667,BENIGN
3,5,25708.20841,17.6886271,452268,0,0,0,1291.888889,1,1453.375,DDoS
2,2,10977.5997626465,84.7691101363,47187,0,0,0,111,1,138.75,BENIGN
3,6,9756.486423,7.552109556,1191720,0,0,0,1162.7,2,1291.888889,DDoS
5,0,220.5525577,36.75875961,136022,0,0,1,6,0,7.2,DDoS
1,1,387096.774193548,64516.1290322581,31,0,0,1,6,1,9,BENIGN
3,5,122674.7374,84.36326823,94828,0,0,0,1292.555556,1,1454.125,DDoS
18,0,1840.8409836845,42.8102554345,420460,0,0,0,43,0,45.3888888889,BENIGN
2,2,6339.9271320063,82.3367160001,48581,0,0,0,70.4,1,88,BENIGN
1,1,0,10362.6943005181,193,0,0,1,0,1,0,BENIGN
5,0,7.333204432,1.222200739,4090981,0,0,1,6,0,7.2,DDoS
2,0,3489.3864495493,581.5644082582,3439,0,0,1,6,0,9,BENIGN
8,4,919.2482388999,2.1943463033,5468599,0,0,0,386.6923076923,0,418.9166666667,BENIGN
2,1,0,55555.5555555556,54,0,0,1,0,0,0,BENIGN
5,0,2.997514461,0.499585744,10008292,0,0,1,6,0,7.2,DDoS
7,3,320.9167555517,2.5150215952,3976109,0,0,0,116,0,127.6,BENIGN
36,26,958.6055845786,4.7376282379,13086717,0,0,0,199.126984127,0,202.3387096774,BENIGN
5,4,145.7612436,0.112653602,79890921,0,0,1,1165.1,0,1294.555556,DDoS
2,0,36.9747831979,0.9993184648,2001364,0,1,1,37,0,55.5,BENIGN
2,2,1490566.03773585,18867.9245283019,212,0,0,0,73.6,1,92,BENIGN
1,1,1101.2584171705,22.9428836911,87173,0,0,0,48,1,72,BENIGN
1,1,8138.9494881692,83.9066957543,23836,0,0,0,83,1,124.5,BENIGN
3,4,221838.5103,133.5572006,52412,0,0,0,1453.375,1,1661,DDoS
2,0,9250000,500000,4,0,1,1,24.6666666667,0,37,BENIGN
8,4,126.1440477,0.129788954,92457791,0,0,1,897.6153846,0,972.4166667,DDoS
4,0,5.982155231,0.997025872,4011932,0,0,1,6,0,7.5,DDoS
9,5,143.705617,0.172500955,81158971,0,0,1,777.9333333,0,833.5,DDoS
8,6,116.0197277,0.139339126,100474292,0,0,1,777.5333333,0,833.0714286,DDoS
4,0,2.553617998,0.425603,9398430,0,0,1,6,0,7.5,DDoS
1,1,3246.7888600042,21.9377625676,91167,0,0,0,112,1,168,BENIGN
8,5,143.7942789,0.160360781,81067203,0,0,1,833.0714286,0,897.1538462,DDoS
1,4,157894.736842105,65789.4736842105,76,0,0,1,2,4,2.4,BENIGN
3,4,14659.54724,8.825735846,793135,0,0,0,1453.375,1,1661,DDoS
3,4,6509.196402,3.918841904,1786242,0,0,0,1453.375,1,1661,DDoS
19,15,132.0558824065,0.5589319061,60830308,0,0,0,229.5142857143,0,236.2647058824,BENIGN
3,6,6670.493231,5.160701374,1743949,0,0,0,1163.3,2,1292.555556,DDoS
3,4,63939.4206,38.49453378,181844,0,0,0,1453.375,1,1661,DDoS
4,0,8.112432912,1.352072152,2958422,0,0,1,6,0,7.5,DDoS
8,5,160.3683555,0.178844353,72688904,0,0,1,833.0714286,0,897.1538462,DDoS
2,2,808.3081397422,15.8491792106,252379,0,0,0,48.2,1,60.25,BENIGN
9,4,142.7158133,0.159076187,81721848,0,0,1,833.5,0,897.6153846,DDoS
3,4,170211.8315,102.4755157,68309,0,0,0,1453.375,1,1661,DDoS
5,0,7.773214901,1.295535817,3859407,0,0,1,6,0,7.2,DDoS
5,0,3.224163861,0.537360644,9304738,0,0,1,6,0,7.2,DDoS
5,0,2.99469161,0.499115268,10017726,0,0,1,6,0,7.2,DDoS
8,5,119.6652776,0.133451884,97413387,0,0,1,833.0714286,0,897.1538462,DDoS
7,6,1424.683799,1.589639464,8177955,0,0,1,832.6428571,0,896.6923077,DDoS
3,5,487035.5632,335.1066058,23873,0,0,0,1291.888889,1,1453.375,DDoS
5,0,3.732835489,0.622139248,8036786,0,0,1,6,0,7.2,DDoS
3,4,11011.6383169203,28.4853910637,245740,0,0,0,338.25,1,386.5714285714,BENIGN
4,0,13.91294669,2.318824449,1725012,0,0,1,6,0,7.5,DDoS
3,4,36008.60961,21.67887394,322895,0,0,0,1453.375,1,1661,DDoS
18,24,4488.657042339,283.0684621295,148374,0,0,0,15.488372093,1,15.8571428571,BENIGN
6,6,12456.9515690099,36.1245574742,332184,0,0,0,318.3076923077,1,344.8333333333,BENIGN
3,6,8794.250965,6.803770196,1322796,0,0,0,1163.3,2,1292.555556,DDoS
5,0,2.9580577,0.493009617,10141790,0,0,1,6,0,7.2,DDoS
8,5,130.3134126,0.145252025,89499613,0,0,1,833.5,0,897.6153846,DDoS
4,0,5.922205903,0.987034317,4052544,0,0,1,6,0,7.5,DDoS
8,5,157.7459781,0.175829351,73935324,0,0,1,833.5,0,897.6153846,DDoS
17,14,175606.837082272,475.6497989996,65174,0,0,0,357.65625,0,369.1935483871,BENIGN
3,6,10341.03078,8.004582179,1124356,0,0,0,1162.7,2,1291.888889,DDoS
2,2,4597.0645250623,55.3863195791,72220,0,0,0,75.4,1,94.25,BENIGN
5,0,19.56126687,3.260211144,1533643,0,0,1,6,0,7.2,DDoS
8,4,126.5334354,0.130189593,92173266,0,0,1,897.6153846,0,972.4166667,DDoS
1,1,2192.4642247604,26.257056584,76170,0,0,0,73.3333333333,1,110,BENIGN
2,2,8032.8966242708,127.5062956233,31371,0,0,0,56.2,1,70.25,BENIGN
5,0,5.779313448,0.963218908,5190928,0,0,1,6,0,7.2,DDoS
3,6,49973.35213,38.68239178,232664,0,0,0,1162.7,2,1291.888889,DDoS
3,6,16463.6019,12.73724895,706589,0,0,0,1163.3,2,1292.555556,DDoS
1,1,444444.444444444,74074.0740740741,27,0,0,1,6,1,9,BENIGN
3,5,195542.1829,134.4741221,59491,0,0,0,1292.555556,1,1454.125,DDoS
2,1,55045.871559633,9174.3119266055,327,0,0,1,6,0,8,BENIGN
3,4,228819.3966,137.760022,50813,0,0,0,1453.375,1,1661,DDoS
2,2,3486.3451481697,59.5956435585,67119,0,0,0,53.6,1,67,BENIGN
8,5,117.001698,0.130414308,99682314,0,0,1,833.5,0,897.6153846,DDoS
3,6,20820.12714,16.11603546,558450,0,0,0,1162.7,2,1291.888889,DDoS
2,5,521565.4594,314.1690229,22281,0,0,0,1452.625,2,1660.142857,DDoS
4,0,3.990787931,0.665131322,6013850,0,0,1,6,0,7.5,DDoS
4,0,13.29671566,2.216119276,1804957,0,0,1,6,0,7.5,DDoS
8,6,115.5957303,0.138758486,100894730,0,0,1,777.9333333,0,833.5,DDoS
4,0,2.428474102,0.404745684,9882749,0,0,1,6,0,7.5,DDoS
10,5,11033.9720448024,138.8503193557,108030,0,0,0,74.5,0,79.4666666667,BENIGN
2,1,3558.2123541133,213.4927412468,14052,0,1,1,22,0,29.3333333333,BENIGN
3,5,7175.81455,4.934798969,1621140,0,0,0,1292.555556,1,1454.125,DDoS
2,2,673.2882038863,10.4385768044,383194,0,0,0,57.4,1,71.75,BENIGN
3,4,436973.8425,263.0787733,26608,0,0,0,1453.375,1,1661,DDoS
1,1,2126.2241121992,40.8889252346,48913,0,0,0,49.3333333333,1,74,BENIGN
3,6,27766.90408,21.48217457,418952,0,0,0,1163.3,2,1292.555556,DDoS
8,6,144.1386127,0.173109769,80873541,0,0,1,777.5333333,0,833.0714286,DDoS
3,6,17671.91877,13.67207676,658276,0,0,0,1163.3,2,1292.555556,DDoS
1,1,6492.1377682223,84.3134775094,23721,0,0,0,66.3333333333,1,99.5,BENIGN
2,1,35288.4234610815,132.001584019,22727,0,1,1,399.5,0,532.6666666667,BENIGN
4,0,2.19814138,0.366356897,10918315,0,0,1,6,0,7.5,DDoS
3,4,289810.6627,174.3896363,40140,0,0,0,1454.125,1,1661.857143,DDoS
4,0,3.915877169,0.652646195,6128895,0,0,1,6,0,7.5,DDoS
3,5,8407.011215,5.781491422,1383726,0,0,0,1292.555556,1,1454.125,DDoS
3,5,9315.87938,6.40982498,1248084,0,0,0,1291.888889,1,1453.375,DDoS
5,0,3.277582385,0.546263731,9153088,0,0,1,6,0,7.2,DDoS
4,0,11.45576523,1.909294206,2095015,0,0,1,6,0,7.5,DDoS
3,4,13704.68508,8.250863983,848396,0,0,0,1453.375,1,1661,DDoS
4,0,11.24118621,1.873531035,2135006,0,0,1,6,0,7.5,DDoS
7,5,1164.583274,1.199467796,10004437,0,0,1,896.6923077,0,971.4166667,DDoS
4,0,12.24939149,2.041565248,1959281,0,0,1,6,0,7.5,DDoS
5,0,3.005487419,0.50091457,9981742,0,0,1,6,0,7.2,DDoS
1,1,4636.8503140412,84.3063693462,23723,0,0,0,52.3333333333,1,78.5,BENIGN
3,6,9068.670251,7.016077732,1282768,0,0,0,1163.3,2,1292.555556,DDoS
3,5,11075.55618,7.616646562,1050331,0,0,0,1292.555556,1,1454.125,DDoS
3,6,16689.90887,12.91233386,697008,0,0,0,1163.3,2,1292.555556,DDoS
4,0,11.75908573,1.959847622,2040975,0,0,1,6,0,7.5,DDoS
6,4,155.9085505,0.133884543,74691221,0,0,1,1059.181818,0,1165.1,DDoS
2,2,125.4243523923,1.6723246986,2391880,0,0,0,69,1,86.25,BENIGN
2,0,158671.586715867,7380.073800738,271,0,0,1,16.3333333333,0,24.5,BENIGN
3,5,254542.6682,175.1390166,45678,0,0,0,1291.888889,1,1453.375,DDoS
22,13,79.3044892725,0.2971159414,117799132,0,0,0,259.5,0,266.9142857143,BENIGN
12,7,16936.5067522197,94.5062050785,201045,0,0,0,170.25,0,179.2105263158,BENIGN
3,4,10523.99102,6.3359368,1104809,0,0,0,1453.375,1,1661,DDoS
34,41,336.4725182877,0.6456057837,116169963,0,0,0,514.3157894737,1,521.1733333333,BENIGN
109,216,4341.9080387251,5.1037669632,63678456,0,0,0,848.1165644172,1,850.7261538462,BENIGN
3,6,238488.6629,184.50941,48778,0,0,0,1163.3,2,1292.555556,DDoS
3,4,6671.218572,4.016386858,1742860,0,0,0,1453.375,1,1661,DDoS
8,4,123.7985002,0.127375633,94209542,0,0,1,897.6153846,0,972.4166667,DDoS
2,2,6009.2364189402,74.1881039375,53917,0,0,0,70.8,1,88.5,BENIGN
4,0,0.991436918,0.165239486,24207289,0,0,1,6,0,7.5,DDoS
3,5,7849.427032,5.398041456,1482019,0,0,0,1292.555556,1,1454.125,DDoS
3,5,490657.5562,337.4246067,23709,0,0,0,1292.555556,1,1454.125,DDoS
5,0,7.708000391,1.284666732,3892060,0,0,1,6,0,7.2,DDoS
1,1,2600.5838730244,33.5559209423,59602,0,0,0,67.6666666667,1,101.5,BENIGN
1,1,164383.561643836,27397.2602739726,73,0,0,1,6,1,9,BENIGN
6,6,15727.3619575886,45.6527197608,262854,0,0,0,318,1,344.5,BENIGN
3,6,154191.9741,119.3538976,75406,0,0,0,1162.7,2,1291.888889,DDoS
4,0,4.301856233,0.716976039,5578987,0,0,1,6,0,7.5,DDoS
1,1,365688.48758465,4514.6726862303,443,0,0,0,71.3333333333,1,107,BENIGN
3,5,265723.5579,182.8320687,43756,0,0,0,1291.888889,1,1453.375,DDoS
3,4,6764.96894,4.070728323,1719594,0,0,0,1454.125,1,1661.857143,DDoS
5,0,3.793719295,0.632286549,7907807,0,0,1,6,0,7.2,DDoS
3,5,24955.03501,17.17040338,465918,0,0,0,1291.888889,1,1453.375,DDoS
3,5,106466.9058,73.2171621,109264,0,0,0,1292.555556,1,1454.125,DDoS
3,5,26763.57044,18.40527495,434658,0,0,0,1292.555556,1,1454.125,DDoS
2,0,127659.574468085,21276.5957446809,94,0,0,1,6,0,9,BENIGN
2,2,666666.666666667,17094.0170940171,234,0,0,0,37.4,1,46.75,BENIGN
6,9,36793.3685653976,115.5570620773,129806,0,0,0,298.5,1,318.4,BENIGN
1,1,0,16129.0322580645,124,0,0,1,0,1,0,BENIGN
3,7,6311.474209,5.425491455,1843151,0,0,0,1057.545455,2,1163.3,DDoS
5,0,3.006684762,0.501114127,9977767,0,0,1,6,0,7.2,DDoS
8,5,160.1701135,0.178531379,72816331,0,0,1,833.5,0,897.6153846,DDoS
8,4,143.7160576,0.147868704,81153075,0,0,1,897.6153846,0,972.4166667,DDoS
4,0,15.43397442,2.57232907,1555011,0,0,1,6,0,7.5,DDoS
8,6,669.2824301563,2.3430742741,5975056,0,0,0,266.6,0,285.6428571429,BENIGN
3,4,9435.492636,5.677679743,1232898,0,0,0,1454.125,1,1661.857143,DDoS
2,1,0,56.7365156215,52876,0,0,1,0,0,0,BENIGN
2,2,1435643.56435644,19801.9801980198,202,0,0,0,64.2,1,80.25,BENIGN
2,0,4000000,666666.666666667,3,0,0,1,6,0,9,BENIGN
3,4,44069.04289,26.53163329,263836,0,0,0,1453.375,1,1661,DDoS
5,0,3.836413291,0.639402215,7819804,0,0,1,6,0,7.2,DDoS
69,91,1248.9762482744,1.3712299703,116683564,0,0,0,905.1863354037,1,910.84375,BENIGN
3,4,46732.95169,28.12091996,248925,0,0,0,1454.125,1,1661.857143,DDoS
2,2,1047272.72727273,14545.4545454545,275,0,0,0,66,1,82.5,BENIGN
8,4,117.7613456,0.1212264,98988339,0,0,1,897.1538462,0,971.9166667,DDoS
8,5,141.39672,0.157605878,82484233,0,0,1,833.5,0,897.6153846,DDoS
2,2,1159090.90909091,22727.2727272727,176,0,0,0,49.4,1,61.75,BENIGN
3,5,16607.20735,11.42075637,700479,0,0,0,1292.555556,1,1454.125,DDoS
3,0,37100.9490940466,2588.438308887,1159,0,0,1,12.25,0,16.3333333333,BENIGN
1,1,184615.384615385,30769.2307692308,65,0,0,1,6,1,9,BENIGN
10,8,4591.5082949631,46.5355570435,386801,0,0,0,93.4736842105,0,98.6666666667,BENIGN
2,2,851851.851851852,18518.5185185185,216,0,0,0,43,1,53.75,BENIGN
2,2,1626373.62637363,14652.0146520147,273,0,0,0,98.2,1,122.75,BENIGN
4,0,3.819517608,0.636586268,6283516,0,0,1,6,0,7.5,DDoS
4,0,2.983930416,0.497321736,8043083,0,0,1,6,0,7.5,DDoS
2,2,8383.6456345606,125.1290393218,31967,0,0,0,61.4,1,76.75,BENIGN
4,0,4.196898177,0.69948303,5718509,0,0,1,6,0,7.5,DDoS
8,5,141.850579,0.158193148,82178022,0,0,1,833.0714286,0,897.1538462,DDoS
4,0,11.90686451,1.984477418,2015644,0,0,1,6,0,7.5,DDoS
3,5,18192.68008,12.51108404,639433,0,0,0,1292.555556,1,1454.125,DDoS
1,1,5022.1565731167,65.6491055309,30465,0,0,0,66,1,99,BENIGN
2,1,199074.074074074,13888.8888888889,216,0,1,1,20,0,26.6666666667,BENIGN
3,4,15122.89546,9.09999727,769231,0,0,0,1454.125,1,1661.857143,DDoS
2,0,3000000,500000,4,1,0,0,6,0,9,BENIGN
4,0,4.159475684,0.693245947,5769958,0,0,1,6,0,7.5,DDoS
2,2,3816.0536344242,20.9673276617,190773,0,0,0,153.2,1,191.5,BENIGN
2,0,9250000,500000,4,0,1,1,24.6666666667,0,37,BENIGN
4,0,2.2639395,0.37732325,10600990,0,0,1,6,0,7.5,DDoS
4,0,2.789329281,0.464888214,8604219,0,0,1,6,0,7.5,DDoS
2,2,1003194.88817891,12779.552715655,313,0,0,0,72.2,1,90.25,BENIGN
1,1,2191.9656030013,42.1531846731,47446,0,0,0,49.3333333333,1,74,BENIGN
9,4,163.3149962,0.182036779,71414140,0,0,1,833.5,0,897.6153846,DDoS
8,6,444.800122834,1.2734563844,10993702,0,0,0,326,0,349.2857142857,BENIGN
13,0,36111111.1111111,722222.222222222,18,0,0,0,50,0,53.8461538462,BENIGN
5,3,35158.1084081322,126.8673284912,63058,0,0,0,246.3333333333,0,277.125,BENIGN
5,0,10.00985637,1.668309395,2997046,0,0,1,6,0,7.2,DDoS
1,1,3526.1707988981,73.4618916437,27225,0,0,0,48,1,72,BENIGN
8,5,141.2169074,0.157486471,82546773,0,0,1,833.0714286,0,897.1538462,DDoS
4,0,11.49445656,1.91574276,2087963,0,0,1,6,0,7.5,DDoS
1,1,181818.181818182,30303.0303030303,66,0,0,1,6,1,9,BENIGN
2,0,4000000,666666.666666667,3,1,0,0,6,0,9,BENIGN
3,6,14102.74284,10.91074405,824875,0,0,0,1163.3,2,1292.555556,DDoS
4,5,285.8214267222,0.7845052884,11472198,0,0,0,327.9,1,364.3333333333,BENIGN
3,6,14536.4893,11.24631683,800262,0,0,0,1163.3,2,1292.555556,DDoS
3,4,6386.542067,3.844998234,1820547,0,0,0,1453.375,1,1661,DDoS
1,1,3839.6610506107,66.2010525967,30211,0,0,0,55.3333333333,1,83,BENIGN
4,4,25560.7387053486,255.6073870535,31298,0,0,0,92.8888888889,1,104.5,BENIGN
4,1,276.1096155174,57.5228365661,86922,1,0,0,5,0,6,BENIGN
23,28,21994.5328706307,70.62401161,722134,0,0,0,305.4423076923,1,311.431372549,BENIGN
4,0,17.28317181,2.880528635,1388634,0,0,1,6,0,7.5,DDoS
1,1,4028.1308812362,33.0174662396,60574,0,0,0,95.6666666667,1,143.5,BENIGN
4,0,3.286845919,0.547807653,7301833,0,0,1,6,0,7.5,DDoS
9,4,144.0761289,0.16050987,80991904,0,0,1,833.9285714,0,898.0769231,DDoS
8,4,132.6283882,0.136460658,87937433,0,0,1,897.6153846,0,972.4166667,DDoS
8,6,127.6574882,0.153316019,91314659,0,0,1,777.5333333,0,833.0714286,DDoS
1,1,0,23255.8139534884,86,0,0,1,0,1,0,BENIGN
1,1,3707.075962539,65.0364203954,30752,0,0,0,54.3333333333,1,81.5,BENIGN
8,6,129.5714183,0.155534584,90012135,0,0,1,777.9333333,0,833.5,DDoS
3,6,22428.8218,17.35230776,518663,0,0,0,1163.3,2,1292.555556,DDoS
10,6,3784.5478369098,10.0070674914,1598870,0,0,0,355.9411764706,0,378.1875,BENIGN
9,7,724.4164008537,2.6553636687,6025540,0,0,0,256.7647058824,0,272.8125,BENIGN
5,0,1423.757771,237.2929619,21071,0,0,1,6,0,7.2,DDoS
2,0,0,67.349137931,29696,0,0,1,0,0,0,BENIGN
1,1,0,8368.2008368201,239,0,0,1,0,1,0,BENIGN
3,6,6460.16583,5.000558396,1799799,0,0,0,1162.7,2,1291.888889,DDoS
8,5,127.3885503,0.141991868,91554539,0,0,1,833.5,0,897.6153846,DDoS
1,1,3531.4008344468,27.2695045131,73342,0,0,0,101,1,151.5,BENIGN
1,1,281000000,2000000,1,0,1,1,177,1,265.5,BENIGN
3,6,423539.2685,327.8449658,27452,0,0,0,1162.7,2,1291.888889,DDoS
6,9,49819.474634344,138.1571675939,108572,0,0,0,338.0625,1,360.6,BENIGN
3,6,12517.53499,9.689327851,928857,0,0,0,1162.7,2,1291.888889,DDoS
25,24,105.9674884987,0.4245631183,115412757,0,0,0,244.6,0,249.5918367347,BENIGN
5,0,6.280594345,1.046765724,4776618,0,0,1,6,0,7.2,DDoS
3,6,274584.3567,212.5448706,42344,0,0,0,1162.7,2,1291.888889,DDoS
8,4,1254.759139,1.291015148,9295011,0,0,1,897.6153846,0,972.4166667,DDoS
5,0,5.291149001,0.881858167,5669846,0,0,1,6,0,7.2,DDoS
5,0,3.010891297,0.501815216,9963827,0,0,1,6,0,7.2,DDoS
414,512,933809.569833829,799.0970031274,1158808,0,0,0,1167.3203883495,1,1168.5809935205,BENIGN
1,1,705882.352941177,117647.058823529,17,0,0,1,6,1,9,BENIGN
8,4,114.9778738,0.118361026,101384724,0,0,1,897.1538462,0,971.9166667,DDoS
4,0,3.97229194,0.662048657,6041852,0,0,1,6,0,7.5,DDoS
2,2,1089005.23560209,20942.4083769633,191,0,0,0,50.4,1,63,BENIGN
2,0,250000,41666.6666666667,48,1,0,0,6,0,9,BENIGN
3,6,6466.107823,5.002576327,1799073,0,0,0,1163.3,2,1292.555556,DDoS
4,0,3.008403977,0.501400663,7977652,0,0,1,6,0,7.5,DDoS
4,2,5588.0526780171,98.036011895,61202,0,0,0,55.1428571429,0,64.3333333333,BENIGN
2,0,3000000,500000,4,0,0,1,6,0,9,BENIGN
2,2,9150.793393257,129.7984878476,30817,0,0,0,64.4,1,80.5,BENIGN
4,2,7709.4051634363,93.2589334287,64337,0,0,0,76.7142857143,0,89.5,BENIGN
3,4,14087.20187,8.476782698,825785,0,0,0,1454.125,1,1661.857143,DDoS
2,1,453.594738301,75.5991230502,39683,0,0,1,6,0,8,BENIGN
1,1,0,14.0491862009,142357,0,0,1,0,1,0,BENIGN
3,6,8582.845087,6.643640302,1354679,0,0,0,1162.7,2,1291.888889,DDoS
4,0,3.100858925,0.516809821,7739791,0,0,1,6,0,7.5,DDoS
2,2,9370.5570634613,129.2490629443,30948,0,0,0,66.6,1,83.25,BENIGN
3,6,61727.93649,47.7565055,188456,0,0,0,1163.3,2,1292.555556,DDoS
3,4,49381.09145,29.71440215,235576,0,0,0,1454.125,1,1661.857143,DDoS
8,5,1248.049755,1.391121222,9344980,0,0,1,833.5,0,897.6153846,DDoS
23,23,57.9018078762,0.3935406564,116887542,0,0,0,144,1,147.1304347826,BENIGN
3,4,313632.9305,188.8217523,37072,0,0,0,1453.375,1,1661,DDoS
3,7,683338.231,587.7167205,17015,0,0,0,1057,2,1162.7,DDoS
8,8,1019.451095393,3.1507084269,5078223,0,0,0,304.5294117647,1,323.5625,BENIGN
3,4,6184.949831,3.72170969,1880856,0,0,0,1454.125,1,1661.857143,DDoS
3,4,17720.62768,10.66865002,656128,0,0,0,1453.375,1,1661,DDoS
2,0,9250000,500000,4,0,1,1,24.6666666667,0,37,BENIGN
2,0,4000000,666666.666666667,3,1,0,0,6,0,9,BENIGN
3,4,6241.415572,3.755687183,1863840,0,0,0,1454.125,1,1661.857143,DDoS
5,0,3.377234758,0.56287246,8883007,0,0,1,6,0,7.2,DDoS
8,5,160.9123955,0.179451072,72443145,0,0,1,833.0714286,0,897.1538462,DDoS
3,6,61160.00547,47.31711933,190206,0,0,0,1163.3,2,1292.555556,DDoS
2,0,12333333.3333333,666666.666666667,3,0,1,1,24.6666666667,0,37,BENIGN
5,3,6582.0465846637,104.6846375294,76420,0,0,0,55.8888888889,0,62.875,BENIGN
3,1,2.2116277064,0.7372092355,5425868,0,0,0,2.4,0,3,BENIGN
5,0,9.789422985,1.631570498,3064532,0,0,1,6,0,7.2,DDoS
3,4,199704.574,120.2315316,58221,0,0,0,1453.375,1,1661,DDoS
5,0,7.892747039,1.31545784,3800958,0,0,1,6,0,7.2,DDoS
7,5,118.7904766,0.122348787,98080253,0,0,1,896.6923077,0,971.4166667,DDoS
3,5,28064.73248,19.30008251,414506,0,0,0,1292.555556,1,1454.125,DDoS
14,11,156.2879263378,0.3181239341,78585725,0,0,0,524.3076923077,0,545.28,BENIGN
5,0,5.273319674,0.878886612,5689016,0,0,1,6,0,7.2,DDoS
8,4,143.8751372,0.148108574,81021643,0,0,1,897.1538462,0,971.9166667,DDoS
5,0,1152.25073,192.0417883,26036,0,0,1,6,0,7.2,DDoS
8,6,116.3751368,0.13976597,100167444,0,0,1,777.5333333,0,833.0714286,DDoS
1,2,300000,50000,60,0,0,1,6,2,8,BENIGN
1,1,807.4392065564,13.4573201093,148618,0,0,0,57.3333333333,1,86,BENIGN
3,4,16421.43501,9.88647502,708038,0,0,0,1453.375,1,1661,DDoS
5,0,9.728923018,1.62148717,3083589,0,0,1,6,0,7.2,DDoS
11,11,396.8823138813,1.0987052857,20023568,0,0,0,345.5217391304,1,361.2272727273,BENIGN
5,3,21390.6046744028,68.918581311,116079,0,0,0,275.8888888889,0,310.375,BENIGN
1,1,0,35087.7192982456,57,0,0,1,0,1,0,BENIGN
8,4,142.8212971,0.147023725,81619480,0,0,1,897.1538462,0,971.9166667,DDoS
5,0,29.61599896,4.935999826,1012966,0,0,1,6,0,7.2,DDoS
2,0,12333333.3333333,666666.666666667,3,0,1,1,24.6666666667,0,37,BENIGN
2,2,2155339.80582524,19417.4757281553,206,0,0,0,98.2,1,122.75,BENIGN
2,0,36363.6363636364,6060.6060606061,330,0,0,1,6,0,9,BENIGN
2,2,1541666.66666667,20833.3333333333,192,0,0,0,67.4,1,84.25,BENIGN
2,0,35.4982324838,5.9163720806,338045,0,0,1,6,0,9,BENIGN
109,148,2325.7613035689,2.2219107513,115666212,0,0,0,1042.6821705426,1,1046.7392996109,BENIGN
10,6,4362.5459921003,37.3066466454,428878,0,0,0,110.0588235294,0,116.9375,BENIGN
2,0,0,0.0312313437,64038231,0,0,1,0,0,0,BENIGN
4,0,2.400302678,0.400050446,9998739,0,0,1,6,0,7.5,DDoS
3,4,12890.18674,7.760497736,902004,0,0,0,1453.375,1,1661,DDoS
8,4,71211.0332532746,297.1253126006,40387,0,1,1,252.2307692308,0,273.25,BENIGN
4,0,16.65426849,2.775711415,1441072,0,0,1,6,0,7.5,DDoS
2,2,856.3171227745,20.3885029232,196189,0,0,0,40.4,1,50.5,BENIGN
1,1,811.7249154453,11.273957159,177400,0,0,0,64.6666666667,1,97,BENIGN
9,6,139.2044485,0.179033416,83783242,0,0,1,729.3125,0,777.9333333,DDoS
8,6,127.619193,0.153191177,91389075,0,0,1,777.9333333,0,833.5,DDoS
4,0,5.980677925,0.996779654,4012923,0,0,1,6,0,7.5,DDoS
3,5,19681.72221,13.53509651,591056,0,0,0,1292.555556,1,1454.125,DDoS
3,1,2.3821883775,0.7940627925,5037385,0,0,0,2.4,0,3,BENIGN
3,5,456426.16,314.0456936,25474,0,0,0,1291.888889,1,1453.375,DDoS
1,1,285714.285714286,47619.0476190476,42,0,0,1,6,1,9,BENIGN
2,0,352941.176470588,58823.5294117647,34,1,0,0,6,0,9,BENIGN
1,1,2771.5277674301,29.8013738433,67111,0,0,0,78.6666666667,1,118,BENIGN
2,2,1036269.43005181,20725.3886010363,193,0,0,0,46.8,1,58.5,BENIGN
3,6,161499.5694,125.0104175,71994,0,0,0,1162.7,2,1291.888889,DDoS
3,3,0,1.8610341022,3224014,0,0,0,0,1,0,BENIGN
1,1,2989.7094530979,33.0354635701,60541,0,0,0,81.6666666667,1,122.5,BENIGN
2,0,13.7342671109,2.2890445185,873727,0,0,1,6,0,9,BENIGN
4,0,5.703526419,0.950587737,4207923,0,0,1,6,0,7.5,DDoS
3,4,8201.679677,4.935249526,1418368,0,0,0,1454.125,1,1661.857143,DDoS
8,5,140.988301,0.157231527,82680619,0,0,1,833.0714286,0,897.1538462,DDoS
2,1,200934.579439252,14018.691588785,214,0,1,1,20,0,26.6666666667,BENIGN
1,1,0,22.6968383304,88118,0,0,1,0,1,0,BENIGN
7,11,564.2187667165,1.237623422,14544004,0,0,0,431.8947368421,1,455.8888888889,BENIGN
2,0,250000,41666.6666666667,48,0,0,1,6,0,9,BENIGN
8,1,21864.2538613426,19.3793859319,464411,0,0,1,1016,0,1128.8888888889,BENIGN
4,0,3.478523523,0.579753921,6899479,0,0,1,6,0,7.5,DDoS
8,5,125.2909364,0.139653792,93087340,0,0,1,833.5,0,897.6153846,DDoS
9,8,692.4435712893,3.0323391839,5606233,0,0,0,215.6666666667,0,228.3529411765,BENIGN
2,2,1585253.4562212,18433.1797235023,217,0,0,0,76.2,1,95.25,BENIGN
8,8,1763.762362,2.420879969,6609167,0,0,1,686.0588235,1,728.9375,DDoS
3,5,499227.1361,343.4950623,23290,0,0,0,1291.888889,1,1453.375,DDoS
5,0,4.996701344,0.832783557,6003961,0,0,1,6,0,7.2,DDoS
1,1,0,12048.1927710843,166,0,0,1,0,1,0,BENIGN
37,51,12316.6727104235,13.0355538807,6750768,0,0,0,934.2359550562,1,944.8522727273,BENIGN
1,1,352941.176470588,58823.5294117647,34,0,0,1,6,1,9,BENIGN
2,0,1510.1938082054,251.6989680342,7946,0,0,1,6,0,9,BENIGN
1,1,562.9328364396,8.727640875,229157,0,0,0,57,1,85.5,BENIGN
3,6,104705.5859,81.00664254,111102,0,0,0,1163.3,2,1292.555556,DDoS
3,5,9616.195349,6.613045886,1209730,0,0,0,1292.555556,1,1454.125,DDoS
2,0,0.6675496866,0.1112582811,17976190,0,0,1,6,0,9,BENIGN
3,6,11558.05755,8.942019943,1006484,0,0,0,1163.3,2,1292.555556,DDoS
2,2,1030864.19753086,12345.6790123457,324,0,0,0,73.8,1,92.25,BENIGN
1,1,0,32258.064516129,62,0,0,1,0,1,0,BENIGN
4,0,4.704690498,0.784115083,5101292,0,0,1,6,0,7.5,DDoS
3,5,12871.45044,8.856248692,903317,0,0,0,1291.888889,1,1453.375,DDoS
3,4,11844.67621,7.127373288,982129,0,0,0,1454.125,1,1661.857143,DDoS
2,0,4000000,666666.666666667,3,0,0,1,6,0,9,BENIGN
2,2,7940.1951260717,168.9403218313,23677,0,0,0,45.4,1,56.75,BENIGN
3,5,9557.69264,6.57620548,1216507,0,0,0,1291.888889,1,1453.375,DDoS
2,2,1847133.75796178,25477.7070063694,157,0,0,0,66.6,1,83.25,BENIGN
4,0,5.281943544,0.880323924,4543782,0,0,1,6,0,7.5,DDoS
3,6,72787.94025,56.34226045,159738,0,0,0,1162.7,2,1291.888889,DDoS
4,2,0,1.0429983003,5752646,0,0,0,0,0,0,BENIGN
3,2,7489.7519627597,69.4782185785,71965,0,0,0,89.8333333333,0,107.8,BENIGN
20,15,23.7522843898,0.3036267179,115273123,0,0,0,76.0555555556,0,78.2285714286,BENIGN
1,1,324324.324324324,54054.0540540541,37,0,0,1,6,1,9,BENIGN
9,11,2103.7696948652,9.042637846,2211744,0,0,0,221.5714285714,1,232.65,BENIGN
2,2,649.3583626666,15.8380088455,252557,0,0,0,39.4,1,49.25,BENIGN
3,6,6263.85218,4.848599778,1856206,0,0,0,1162.7,2,1291.888889,DDoS
2,0,0,14705.8823529412,136,0,0,1,0,0,0,BENIGN
3,4,523691.5593,315.2869111,22202,0,0,0,1453.375,1,1661,DDoS
8,6,1208.079997,1.450151758,9654162,0,0,1,777.9333333,0,833.5,DDoS
16,15,146.9105393128,0.486510706,63719050,0,0,0,292.53125,0,301.9677419355,BENIGN
2,2,1387500,25000,160,0,0,0,50.8,1,63.5,BENIGN
2,2,1889447.2361809,20100.5025125628,199,0,0,0,84.4,1,105.5,BENIGN
3,6,30216.56024,23.38944201,384789,0,0,0,1162.7,2,1291.888889,DDoS
3,6,181813.9193,140.6623634,63983,0,0,0,1163.3,2,1292.555556,DDoS
2,2,920454.545454546,11363.6363636364,352,0,0,0,71.4,1,89.25,BENIGN
3,4,312763.9543,188.2985878,37175,0,0,0,1453.375,1,1661,DDoS
8,4,148.5252508,0.152895514,78484971,0,0,1,897.1538462,0,971.9166667,DDoS
5,0,7.424224651,1.237370775,4040826,0,0,1,6,0,7.2,DDoS
1,1,0,42553.1914893617,47,0,0,1,0,1,0,BENIGN
3,5,118750.1276,81.66431882,97962,0,0,0,1292.555556,1,1454.125,DDoS
3,4,8811.997588,5.302500053,1320132,0,0,0,1454.125,1,1661.857143,DDoS
3,6,24956.28949,19.30771129,466135,0,0,0,1163.3,2,1292.555556,DDoS
3,6,6278.032714,4.857069924,1852969,0,0,0,1163.3,2,1292.555556,DDoS
2,2,1466063.34841629,18099.5475113122,221,0,0,0,75.2,1,94,BENIGN
1,1,9450.4278234217,85.1389894002,23491,0,0,0,89.6666666667,1,134.5,BENIGN
8,4,139.7724588,0.143885177,83399835,0,0,1,897.1538462,0,971.9166667,DDoS
1,1,12552.3012552301,85.3898044573,23422,0,0,0,125.6666666667,1,188.5,BENIGN
4,0,2.662298131,0.443716355,9014768,0,0,1,6,0,7.5,DDoS
2,2,2331288.34355828,24539.8773006135,163,0,0,0,82.2,1,102.75,BENIGN
8,4,144.4365328,0.148609997,80748269,0,0,1,897.6153846,0,972.4166667,DDoS
1,1,3302.6512950674,61.1602091679,32701,0,0,0,51.3333333333,1,77,BENIGN
2,2,5943.2360313738,80.8603541684,49468,0,0,0,65.8,1,82.25,BENIGN
3,4,309722.9622,186.4677677,37540,0,0,0,1453.375,1,1661,DDoS
1,1,0,666666.666666667,3,0,0,1,0,1,0,BENIGN
2,2,6071.8711276332,82.6104915324,48420,0,0,0,66.6,1,83.25,BENIGN
2,2,795918.367346939,13605.4421768707,294,0,0,0,55,1,68.75,BENIGN
3,1,27565.0842266462,6125.5742725881,653,1,0,0,4.8,0,6,BENIGN
1,1,0,20202.0202020202,99,0,0,1,0,1,0,BENIGN
4,0,5.598400164,0.933066694,4286939,0,0,1,6,0,7.5,DDoS
1,1,1874.3729120037,22.0514460236,90697,0,0,0,71.6666666667,1,107.5,BENIGN
9,5,121.6686051,0.145973131,95908061,0,0,1,778.3333333,0,833.9285714,DDoS
1,1,4870.6569975106,72.1578814446,27717,0,0,0,57.3333333333,1,86,BENIGN
3,6,261327.8792,202.2835566,44492,0,0,0,1162.7,2,1291.888889,DDoS
1,1,5923.3222677862,65.0914534922,30726,0,0,0,78,1,117,BENIGN
3,5,14964.38767,10.29630183,776978,0,0,0,1291.888889,1,1453.375,DDoS
5,1,41.7026321023,1.4805668202,4052502,0,1,1,30.7142857143,0,35.8333333333,BENIGN
9,6,160.0837171,0.205780766,72893110,0,0,1,729.6875,0,778.3333333,DDoS
143,0,0,1.1983973857,119326028,0,0,0,0,0,0,BENIGN
2,0,389.1681530728,64.8613588455,30835,0,0,1,6,0,9,BENIGN
2,2,18069.7889729592,127.7016888548,31323,0,0,0,119.8,1,149.75,BENIGN
5,0,4.313558925,0.718926487,6954814,0,0,1,6,0,7.2,DDoS
10,6,845.1011501062,3.1055623339,5152046,0,0,0,256.1176470588,0,272.125,BENIGN
24,43,7829.8220165251,10.0009165019,6699386,0,0,0,771.3970588235,1,782.9104477612,BENIGN
1,1,2936.6720874055,31.5771192194,63337,0,0,0,76.6666666667,1,115,BENIGN
14,10,9191.2729563123,46.6562079001,514401,0,0,0,189.12,0,197,BENIGN
4,0,2.973334762,0.495555794,8071745,0,0,1,6,0,7.5,DDoS
3,7,6545.55117,5.629613116,1776321,0,0,0,1057,2,1162.7,DDoS
3,5,15100.96097,10.39027159,769951,0,0,0,1291.888889,1,1453.375,DDoS
11,9,621.5452736039,1.810238164,11048270,0,0,0,327,0,343.35,BENIGN
3,5,11134.39222,7.66105941,1044242,0,0,0,1291.888889,1,1453.375,DDoS
2,0,105263.157894737,17543.8596491228,114,0,0,1,6,0,9,BENIGN
8,5,126.1530107,0.140614691,92451222,0,0,1,833.5,0,897.6153846,DDoS
4,0,6.224200365,1.037366728,3855917,0,0,1,6,0,7.5,DDoS
2,2,10057.0544434774,128.9365954292,31023,0,0,0,71.4,1,89.25,BENIGN
3,4,21444.78057,12.9041059,542463,0,0,0,1454.125,1,1661.857143,DDoS
5,0,2.459461112,0.409910185,12197794,0,0,1,6,0,7.2,DDoS
3,6,16481.25783,12.75748865,705468,0,0,0,1162.7,2,1291.888889,DDoS
4,0,8.122330418,1.353721736,2954817,0,0,1,6,0,7.5,DDoS
3,6,80737.44879,62.49566002,144010,0,0,0,1162.7,2,1291.888889,DDoS
9,6,141.0108933,0.181263467,82752472,0,0,1,729.6875,0,778.3333333,DDoS
8,6,127.3243225,0.152837222,91600723,0,0,1,777.9333333,0,833.5,DDoS
4,2,5028.7635936199,46.7067826033,128461,0,0,0,99.7142857143,0,116.3333333333,BENIGN
6,6,180.2389860541,2.7103606925,4427455,0,0,0,64.1538461538,1,69.5,BENIGN
3,5,9275.44968,6.378715502,1254171,0,0,0,1292.555556,1,1454.125,DDoS
2,1,0.578193156,0.096365526,31131465,0,0,1,6,0,8,BENIGN
1,1,0,45454.5454545455,44,0,0,1,0,1,0,BENIGN
2,2,391489.361702128,17021.2765957447,235,0,0,0,23,1,28.75,BENIGN
10,5,7135.572333102,53.1184044648,282388,0,0,0,125.9375,0,134.3333333333,BENIGN
5,1,50.0608431786,1.7773080418,3375892,0,1,1,30.7142857143,0,35.8333333333,BENIGN
1,1,3271.6722566308,41.1531101463,48599,0,0,0,66.3333333333,1,99.5,BENIGN
4,0,3.965077579,0.660846263,6052845,0,0,1,6,0,7.5,DDoS
2,2,2919.7080291971,43.9053838977,91105,0,0,0,59.8,1,74.75,BENIGN
5,0,2.441466253,0.406911042,12287698,0,0,1,6,0,7.2,DDoS
5,0,8.145628635,1.357604772,3682957,0,0,1,6,0,7.2,DDoS
5,0,5.045546145,0.840924358,5945838,0,0,1,6,0,7.2,DDoS
18,18,55.6753219873,0.3019451027,119226971,0,0,0,179.4054054054,1,184.3888888889,BENIGN
8,5,163.9687898,0.182765521,71129390,0,0,1,833.5,0,897.6153846,DDoS
2,2,2407239.81900452,18099.5475113122,221,0,0,0,114.4,1,143,BENIGN
3,5,6480.346718,4.456526583,1795120,0,0,0,1292.555556,1,1454.125,DDoS
10,5,16359.0745293504,126.2923921463,118772,0,0,0,121.4375,0,129.5333333333,BENIGN
2,2,1227941.17647059,14705.8823529412,272,0,0,0,73.8,1,92.25,BENIGN
1,1,0,37037.037037037,54,0,0,1,0,1,0,BENIGN
4,2,8614.3122523796,98.6371631952,60829,0,0,0,80,0,93.3333333333,BENIGN
1,1,3199.3601279744,66.6533359995,30006,0,0,0,48,1,72,BENIGN
8,5,129.6062993,0.144463851,89987910,0,0,1,833.5,0,897.6153846,DDoS
2,2,1296000,16000,250,0,0,0,70.8,1,88.5,BENIGN
3,5,27791.98677,19.12237844,418358,0,0,0,1291.888889,1,1453.375,DDoS
4,0,10.85584791,1.809307985,2210790,0,0,1,6,0,7.5,DDoS
4,0,6.78634384,1.131057307,3536514,0,0,1,6,0,7.5,DDoS
38,45,514.4431769882,0.7150548228,116075016,0,0,0,710.880952381,1,719.4457831325,BENIGN
9,5,139.2921851,0.167117199,83773544,0,0,1,778.3333333,0,833.9285714,DDoS
1,1,1213.3195524199,14.9792537336,133518,0,0,0,68,1,102,BENIGN
4,0,2.391214439,0.39853574,10036741,0,0,1,6,0,7.5,DDoS
10,6,879.4419742601,2.817031349,5679738,0,0,0,293.8235294118,0,312.1875,BENIGN
8,6,121.1464463,0.14549629,96222385,0,0,1,777.5333333,0,833.0714286,DDoS
1,1,4045.5450066882,65.2507259143,30651,0,0,0,56.6666666667,1,85,BENIGN
2,6,125397.9045,86.32503534,92673,0,0,0,1291.222222,3,1452.625,DDoS
3,4,299487.4173,180.305489,38823,0,0,0,1453.375,1,1661,DDoS
28,26,89139.7707811882,142.2737452246,379550,0,0,0,615.1454545455,0,626.537037037,BENIGN
2,2,2000000,25477.7070063694,157,0,0,0,70.4,1,88,BENIGN
5,0,3.117289579,0.519548263,9623745,0,0,1,6,0,7.2,DDoS
3,5,99165.02486,68.23085911,117249,0,0,0,1291.888889,1,1453.375,DDoS
4,0,21.89631184,3.649385307,1096075,0,0,1,6,0,7.5,DDoS
2,2,1324324.32432432,27027.027027027,148,0,0,0,44.4,1,55.5,BENIGN
3,6,36874.00299,28.54270464,315317,0,0,0,1162.7,2,1291.888889,DDoS
126,209,29966.4609497261,32.5886296423,10279659,0,0,0,916.8005952381,1,919.5373134328,BENIGN
2,2,1903614.45783133,24096.3855421687,166,0,0,0,71,1,88.75,BENIGN
9,6,147.3893151,0.189462655,79171275,0,0,1,729.6875,0,778.3333333,DDoS
2,0,1.37558772,0.22926462,8723544,0,0,1,6,0,9,DDoS
22,23,133495.369400327,188.576457277,238630,0,0,0,692.5217391304,1,707.9111111111,BENIGN
4,0,3.382659557,0.563776593,7095009,0,0,1,6,0,7.5,DDoS
8,4,144.3921064,0.148640755,80731560,0,0,1,897.1538462,0,971.9166667,DDoS
1,1,160000,26666.6666666667,75,0,0,1,6,1,9,BENIGN
2,2,1432624.11347518,14184.3971631206,282,0,0,0,86.8,1,108.5,BENIGN
5,0,5.631791236,0.938631873,5326902,0,0,1,6,0,7.2,DDoS
3,6,6486.833117,5.018610681,1793325,0,0,0,1163.3,2,1292.555556,DDoS
2,2,924855.49132948,23121.387283237,173,0,0,0,38.4,1,48,BENIGN
2,2,842105.263157895,21052.6315789474,190,0,0,0,38.4,1,48,BENIGN
2,2,1261.9768954504,17.2873547322,231383,0,0,0,66.6,1,83.25,BENIGN
2,2,5896.1495862923,65.1508241579,61396,0,0,0,80.8,1,101,BENIGN
8,5,116.3870444,0.129729193,100208748,0,0,1,833.5,0,897.6153846,DDoS
5,0,5.969092041,0.994848674,5025890,0,0,1,6,0,7.2,DDoS
1,1,2389.3242072974,20.8674603257,95843,0,0,0,96.3333333333,1,144.5,BENIGN
4,0,11.64180495,1.940300824,2061536,0,0,1,6,0,7.5,DDoS
1,1,0,45454.5454545455,44,0,0,1,0,1,0,BENIGN
3,5,22846.58244,15.71156705,509179,0,0,0,1292.555556,1,1454.125,DDoS
3,4,49808.72456,29.98719119,233433,0,0,0,1453.375,1,1661,DDoS
1,1,3440.9998376887,64.9245252394,30805,0,0,0,50.3333333333,1,75.5,BENIGN
3,6,12432.15111,9.618272152,935719,0,0,0,1163.3,2,1292.555556,DDoS
2,2,2363.9913461031,42.2141311804,94755,0,0,0,53.6,1,67,BENIGN
4,0,2.554060413,0.425676736,9396802,0,0,1,6,0,7.5,DDoS
3,6,18210.66546,14.09615457,638472,0,0,0,1162.7,2,1291.888889,DDoS
3,5,173751.3442,119.4885888,66952,0,0,0,1292.555556,1,1454.125,DDoS
5,0,2.678629545,0.446438258,11199757,0,0,1,6,0,7.2,DDoS
3,6,6437.250503,4.98025054,1807138,0,0,0,1163.3,2,1292.555556,DDoS
70,110,1176.914620803,1.5422697584,116711100,0,0,0,758.8895027624,1,763.1055555556,BENIGN
2,2,5.2033224949,0.041051854,97437743,0,0,0,110.4,1,138,BENIGN
1,1,4588.0579406174,65.543684866,30514,0,0,0,62,1,93,BENIGN
2,2,8440.1778235938,128.8576766961,31042,0,0,0,61.4,1,76.75,BENIGN
8,4,142.8353557,0.146962554,81653453,0,0,1,897.6153846,0,972.4166667,DDoS
2,0,7750000,500000,4,0,1,1,20.6666666667,0,31,BENIGN
7,3,144.8644410475,1.9086224117,5239381,0,0,0,69,0,75.9,BENIGN
8,5,142.4416385,0.158770582,81879148,0,0,1,833.5,0,897.6153846,DDoS
52,66,825.6286789808,1.0082501177,117034452,0,0,0,811.9915966387,1,818.8728813559,BENIGN
9,6,164.8167729,0.211864907,70799833,0,0,1,729.6875,0,778.3333333,DDoS
142,96,251.953483069,2.0331229732,117061291,0,0,0,123.4058577406,0,123.9243697479,BENIGN
2,2,2043103.44827586,17241.3793103448,232,0,0,0,100.8,1,126,BENIGN
3,5,6228.316272,4.283205551,1867760,0,0,0,1292.555556,1,1454.125,DDoS
1,1,107142.857142857,17857.1428571429,112,0,0,1,6,1,9,BENIGN
2,2,4027.2468419148,62.9257319049,63567,0,0,0,59.2,1,74,BENIGN
1,1,480000,80000,25,0,0,1,6,1,9,BENIGN
8,5,615.0042088416,2.1596582158,6019471,0,0,0,264.4285714286,0,284.7692307692,BENIGN
2,2,2206896.55172414,19704.4334975369,203,0,0,0,96.4,1,120.5,BENIGN
3,4,45679.4307014571,118.6038630973,59020,0,0,0,337,1,385.1428571429,BENIGN
1,3,510638.29787234,85106.3829787234,47,0,0,1,6,3,7.5,BENIGN
1,1,75000,12500,160,0,0,1,6,1,9,BENIGN
4,0,2.870647888,0.478441315,8360482,0,0,1,6,0,7.5,DDoS
1,3,276923.076923077,61538.4615384615,65,0,0,1,3.6,3,4.5,BENIGN
5,0,275.1940118,45.86566863,109014,0,0,1,6,0,7.2,DDoS
3,5,335681.4967,230.9668851,34637,0,0,0,1291.888889,1,1453.375,DDoS
3,6,17829.18515,13.80086577,652133,0,0,0,1162.7,2,1291.888889,DDoS
3,4,392128.4274,236.0797275,29651,0,0,0,1453.375,1,1661,DDoS
10,5,8707.0715988347,55.1778935287,271848,0,0,0,147.9375,0,157.8,BENIGN
9,4,144.5174213,0.161084325,80703073,0,0,1,833.5,0,897.6153846,DDoS
3,5,21926.68976,15.08673932,530267,0,0,0,1291.888889,1,1453.375,DDoS
3,6,7455.727413,5.768206543,1560277,0,0,0,1163.3,2,1292.555556,DDoS
3,5,266870.1799,183.6210062,43568,0,0,0,1291.888889,1,1453.375,DDoS
2,2,1816733.06772908,15936.2549800797,251,0,0,0,101.6,1,127,BENIGN
4,0,6.964697689,1.160782948,3445950,0,0,1,6,0,7.5,DDoS
2,0,4000000,666666.666666667,3,1,0,0,6,0,9,BENIGN
1,1,4058.6817739822,84.5558702913,23653,0,0,0,48,1,72,BENIGN
1,1,0,38461.5384615385,52,0,0,1,0,1,0,BENIGN
1,2,327272.727272727,54545.4545454545,55,0,0,1,6,2,8,BENIGN
8,4,151.6308014,0.156012142,76917090,0,0,1,897.6153846,0,972.4166667,DDoS
2,0,31000000,2000000,1,0,1,1,20.6666666667,0,31,BENIGN
1,1,0,48780.4878048781,41,0,0,1,0,1,0,BENIGN
3,4,219534.7608,132.1702353,52962,0,0,0,1453.375,1,1661,DDoS
8,5,143.2829164,0.159708301,81398399,0,0,1,833.5,0,897.6153846,DDoS
5,0,5.701708289,0.950284715,5261581,0,0,1,6,0,7.2,DDoS
4,0,2.066170309,0.344361718,11615693,0,0,1,6,0,7.5,DDoS
2,2,1581395.34883721,18604.6511627907,215,0,0,0,77.2,1,96.5,BENIGN
1,1,1019.779472689,21.245405681,94138,0,0,0,48,1,72,BENIGN
2,1,244897.959183673,61224.4897959184,49,1,0,0,4.5,0,6,BENIGN
2,0,12333333.3333333,666666.666666667,3,0,1,1,24.6666666667,0,37,BENIGN
8,4,144.6238798,0.148802757,80643667,0,0,1,897.6153846,0,972.4166667,DDoS
4,0,51.72659048,8.621098414,463978,0,0,1,6,0,7.5,DDoS
1,1,0,30769.2307692308,65,0,0,1,0,1,0,BENIGN
3,4,6290.995165,3.785521031,1849151,0,0,0,1454.125,1,1661.857143,DDoS
3,6,10243.98968,7.929466514,1135007,0,0,0,1162.7,2,1291.888889,DDoS
3,5,181666.2763,124.931678,64035,0,0,0,1292.555556,1,1454.125,DDoS
2,2,5700.5258243648,65.5232853375,61047,0,0,0,77.8,1,97.25,BENIGN
3,6,6520.351775,5.047145951,1783186,0,0,0,1162.7,2,1291.888889,DDoS
5,3,31.8758574435,0.1330933505,60108187,0,0,0,212.8888888889,0,239.5,BENIGN
3,5,17054.56375,11.73445515,681753,0,0,0,1291.888889,1,1453.375,DDoS
3,5,378284.3392,260.1456816,30752,0,0,0,1292.555556,1,1454.125,DDoS
3,6,139685.4764,108.1249925,83237,0,0,0,1162.7,2,1291.888889,DDoS
3,4,6695.860688,4.02914337,1737342,0,0,0,1454.125,1,1661.857143,DDoS
2,2,1445086.70520231,23121.387283237,173,0,0,0,56.8,1,71,BENIGN
3,5,8469.440232,5.827429419,1372818,0,0,0,1291.888889,1,1453.375,DDoS
2,2,3515.0539577208,65.701943135,60881,0,0,0,48.4,1,60.5,BENIGN
3,5,10963.34776,7.539480963,1061081,0,0,0,1292.555556,1,1454.125,DDoS
6,6,196.0636815675,1.2554771498,9558119,0,0,0,144.1538461538,1,156.1666666667,BENIGN
1,1,4050.4620058225,84.3846251213,23701,0,0,0,48,1,72,BENIGN
1,1,352941.176470588,58823.5294117647,34,0,0,1,6,1,9,BENIGN
3,4,50969.01179,30.68573858,228119,0,0,0,1453.375,1,1661,DDoS
1,1,4213.5756139311,65.8371189677,30378,0,0,0,61.3333333333,1,92,BENIGN
8,4,122.1465405,0.125740627,95434549,0,0,1,897.1538462,0,971.9166667,DDoS
11,18,211677.026010531,287.0264064294,101036,0,0,0,757.9,1,784.0344827586,BENIGN
5,0,218.4154336864,2.0921018552,2389941,0,0,1,87,0,104.4,BENIGN
5,0,100.3646583,16.72744304,298910,0,0,1,6,0,7.2,DDoS
3,0,56040.7569141194,2183.4061135371,1374,0,1,1,30.75,0,41,BENIGN
1,1,0,20618.5567010309,97,0,0,1,0,1,0,BENIGN
1,1,0,3205.1282051282,624,0,0,1,0,1,0,BENIGN
2,2,489140.698772427,3777.1482530689,1059,0,0,0,111,1,138.75,BENIGN
2,2,8206.0633690449,130.2549741118,30709,0,0,0,56.6,1,70.75,BENIGN
2,2,2329.9926814333,59.743402088,66953,0,0,0,37.4,1,46.75,BENIGN
10,7,28699.3664750874,106.3171126774,159899,0,0,0,254.9444444444,0,269.9411764706,BENIGN
2,2,1000000,25000,160,0,0,0,38.4,1,48,BENIGN
2,2,867924.528301887,15094.3396226415,265,0,0,0,53.6,1,67,BENIGN
8,5,163.4924052,0.182234525,71336647,0,0,1,833.5,0,897.6153846,DDoS
3,5,10793.11237,7.422410298,1077817,0,0,0,1292.555556,1,1454.125,DDoS
5,0,163.8601072,27.31001786,183083,0,0,1,6,0,7.2,DDoS
3,7,228661.8943,196.6645689,50848,0,0,0,1057,2,1162.7,DDoS
4,4,26.4208350017,0.4261425,18773063,0,0,0,59.6666666667,1,67.125,BENIGN
4,0,4.599559477,0.766593246,5217891,0,0,1,6,0,7.5,DDoS
3,6,726869.2173,562.6406602,15996,0,0,0,1162.7,2,1291.888889,DDoS
2,2,1273743.01675978,22346.3687150838,179,0,0,0,53,1,66.25,BENIGN
3,6,10088.60594,7.805162334,1153083,0,0,0,1163.3,2,1292.555556,DDoS
1,1,2113.8492487584,15.7163512919,127256,0,0,0,106,1,159,BENIGN
3,5,6333.510822,4.355547716,1836738,0,0,0,1292.555556,1,1454.125,DDoS
5,0,2.478169393,0.413028232,12105710,0,0,1,6,0,7.2,DDoS
3,2,71.8181564279,19.9494878966,250633,1,0,0,4,0,4.8,BENIGN
8,6,145.0661848,0.174223779,80356425,0,0,1,777.5333333,0,833.0714286,DDoS
8,11,1948.2812069441,3.7184673965,5109632,0,0,0,497.75,1,523.9473684211,BENIGN
3,5,17664.87035,12.15437884,658199,0,0,0,1291.888889,1,1453.375,DDoS
16,14,10.9786430727,0.2593380253,115679141,0,0,0,40.9677419355,0,42.3333333333,BENIGN
2,0,4000000,666666.666666667,3,0,0,1,6,0,9,BENIGN
24,20,78.6243777909,0.3777129187,116490588,0,0,0,203.5333333333,0,208.1590909091,BENIGN
8,6,160.3121429,0.1925341,72714392,0,0,1,777.5333333,0,833.0714286,DDoS
1,1,250000,41666.6666666667,48,0,0,1,6,1,9,BENIGN
3,5,383636.1838,263.8261386,30323,0,0,0,1292.555556,1,1454.125,DDoS
2,0,9250000,500000,4,0,1,1,24.6666666667,0,37,BENIGN
2,0,4000000,666666.666666667,3,1,0,0,6,0,9,BENIGN
3,6,7807.246317,6.040163058,1490026,0,0,0,1163.3,2,1292.555556,DDoS
8,5,148.5923212,0.165626355,78489924,0,0,1,833.5,0,897.6153846,DDoS
3,1,1.1088575635,0.3696191878,10821949,0,0,0,2.4,0,3,BENIGN
2,2,340.8195708268,4.7172258938,847956,0,0,0,67,1,83.75,BENIGN
1,1,4350.8355581924,65.9217508817,30339,0,0,0,63.3333333333,1,95,BENIGN
2,2,4869.015168855,83.2310285274,48059,0,0,0,52,1,65,BENIGN
2,2,912790.697674419,11627.9069767442,344,0,0,0,72.2,1,90.25,BENIGN
3,1,2.2409072388,0.7469690796,5354974,0,0,0,2.4,0,3,BENIGN
3,6,664475.9401,514.3444965,17498,0,0,0,1162.7,2,1291.888889,DDoS
1,1,5016.5126875967,83.6085447933,23921,0,0,0,55.3333333333,1,83,BENIGN
4,0,3.427172653,0.571195442,7002857,0,0,1,6,0,7.5,DDoS
3,4,98769.72975,59.4333455,117779,0,0,0,1454.125,1,1661.857143,DDoS
41,55,548.2030000772,0.8181879918,117332448,0,0,0,663.1134020619,1,670.0208333333,BENIGN
8,4,145.221763,0.149494823,80270338,0,0,1,897.1538462,0,971.9166667,DDoS
31,46,7063.8688455475,8.4540691521,9108040,0,0,0,824.8461538462,1,835.5584415584,BENIGN
2,2,686695.278969957,17167.3819742489,233,0,0,0,38.4,1,48,BENIGN
2,2,1714285.71428571,23809.5238095238,168,0,0,0,66,1,82.5,BENIGN
4,0,8.187619296,1.364603216,2931255,0,0,1,6,0,7.5,DDoS
1,1,0,38461.5384615385,52,0,0,1,0,1,0,BENIGN
12,9,2319.4481340003,7.4580325852,2815756,0,0,0,296.8636363636,0,311,BENIGN
5,0,2.795938433,0.465989739,10729850,0,0,1,6,0,7.2,DDoS
8,6,142.5539035,0.171118464,81814666,0,0,1,777.9333333,0,833.5,DDoS
9,6,142.3557633,0.18299224,81970689,0,0,1,729.6875,0,778.3333333,DDoS
3,6,6329.899129,4.897196953,1837786,0,0,0,1163.3,2,1292.555556,DDoS
6,0,17.13504846,2.855841409,2100957,0,0,1,6,0,7,DDoS
4,4,412.6293324495,3.382207643,2365319,0,0,0,108.4444444444,1,122,BENIGN
30,22,105.3678053802,0.458849835,113326836,0,0,0,225.3018867925,0,229.6346153846,BENIGN
11,10,9181.4235853627,41.5270073859,505695,0,0,0,211.0454545455,0,221.0952380952,BENIGN
4,0,7.419014501,1.236502417,3234931,0,0,1,6,0,7.5,DDoS
1,1,7471.5571404313,84.904058414,23556,0,0,0,77.3333333333,1,116,BENIGN
8,5,117.727272,0.131290601,99016989,0,0,1,833.0714286,0,897.1538462,DDoS
2,2,9.5031902351,0.0945591068,42301584,0,0,0,90.6,1,113.25,BENIGN
3,5,7646.437863,5.25844605,1521362,0,0,0,1292.555556,1,1454.125,DDoS
2,2,9086.1889927311,129.8026998962,30816,0,0,0,64.6,1,80.75,BENIGN
8,5,124.1622153,0.138466912,93885245,0,0,1,833.0714286,0,897.1538462,DDoS
3,5,8717.004941,5.994673732,1334518,0,0,0,1292.555556,1,1454.125,DDoS
3,6,6929.441515,5.363806109,1677913,0,0,0,1162.7,2,1291.888889,DDoS
5,0,2.537284765,0.422880794,11823663,0,0,1,6,0,7.2,DDoS
2,0,1.1718978886,0.1953163148,10239800,0,0,1,6,0,9,BENIGN
3,4,164325.2869,98.93153937,70756,0,0,0,1453.375,1,1661,DDoS
8,4,140.9817971,0.145055437,82726992,0,0,1,897.6153846,0,972.4166667,DDoS
2,0,12333333.3333333,666666.666666667,3,0,1,1,24.6666666667,0,37,BENIGN
4,4,45.4466626257,0.3717518415,21519732,0,0,0,113.8888888889,1,128.125,BENIGN
3,4,9411.385892,5.663173837,1236056,0,0,0,1454.125,1,1661.857143,DDoS
3,4,6544.114378,3.939864165,1776711,0,0,0,1453.375,1,1661,DDoS
2,2,1422680.41237113,20618.5567010309,194,0,0,0,64,1,80,BENIGN
3,5,6371.565281,4.381717721,1825768,0,0,0,1292.555556,1,1454.125,DDoS
2,1,474358.974358974,38461.5384615385,78,0,0,1,9.25,0,12.3333333333,BENIGN
10,5,3793.1755511703,49.0074360616,306076,0,0,0,72.5625,0,77.4,BENIGN
5,0,3.125717938,0.52095299,9597795,0,0,1,6,0,7.2,DDoS
8,5,139.6165366,0.155701722,83492975,0,0,1,833.0714286,0,897.1538462,DDoS
1,1,0,86.0289057123,23248,0,0,1,0,1,0,BENIGN
3,5,7560.936612,5.199646944,1538566,0,0,0,1292.555556,1,1454.125,DDoS
2,2,10437.8311621051,159.3562009482,25101,0,0,0,59.4,1,74.25,BENIGN
3,4,10592.2095,6.373718427,1098260,0,0,0,1454.125,1,1661.857143,DDoS
3,6,13796.4177,10.67926028,842755,0,0,0,1162.7,2,1291.888889,DDoS
8,6,118.944257,0.142851471,98003891,0,0,1,777.5333333,0,833.0714286,DDoS
5,0,30.83219169,5.138698614,973009,0,0,1,6,0,7.2,DDoS
3,4,298105.274,179.4733738,39003,0,0,0,1453.375,1,1661,DDoS
3,4,31736.02354,19.10657648,366366,0,0,0,1453.375,1,1661,DDoS
2,2,3800.0630715863,31.5357931252,126840,0,0,0,103.4,1,129.25,BENIGN
1,1,1155.7353366079,18.6408925259,107291,0,0,0,56.6666666667,1,85,BENIGN
3,5,34869.00506,23.99174684,333448,0,0,0,1291.888889,1,1453.375,DDoS
8,5,132.0026144,0.147210602,88308857,0,0,1,833.0714286,0,897.1538462,DDoS
3,5,19521.06485,13.43154028,595613,0,0,0,1291.888889,1,1453.375,DDoS
2,2,1200000,30769.2307692308,130,0,0,0,37.4,1,46.75,BENIGN
8,6,165.9007414,0.199245979,70264906,0,0,1,777.5333333,0,833.0714286,DDoS
2,0,13.1473134561,2.1912189093,912734,0,0,1,6,0,9,BENIGN
3,1,2.1259192608,0.7086397536,5644617,0,0,0,2.4,0,3,BENIGN
4,0,22463.2068164214,3098.3733539892,1291,0,0,1,5.8,0,7.25,BENIGN
1,1,3507.6730347636,31.318509239,63860,0,0,0,89,1,133.5,BENIGN
2,0,0,7751.9379844961,258,0,0,1,0,0,0,BENIGN
8,4,142.3601387,0.146473606,81926023,0,0,1,897.6153846,0,972.4166667,DDoS
4,2,10466.4093674364,196.2451756394,30574,0,0,0,52,0,60.6666666667,BENIGN
5,0,5.563696067,0.927282678,5392099,0,0,1,6,0,7.2,DDoS
3,6,6370.379461,4.931058326,1825166,0,0,0,1162.7,2,1291.888889,DDoS
8,4,164.5137829,0.169354499,70857285,0,0,1,897.1538462,0,971.9166667,DDoS
3,6,11151.15844,8.627217914,1043210,0,0,0,1163.3,2,1292.555556,DDoS
2,2,8939.9327873666,130.5099676988,30649,0,0,0,62.6,1,78.25,BENIGN
2,1,895833.333333333,62500,48,0,1,1,18.5,0,24.6666666667,BENIGN
4,4,18968.0620544547,251.2326099928,31843,0,0,0,72,1,81,BENIGN
2,2,2102564.1025641,25641.0256410256,156,0,0,0,77.2,1,96.5,BENIGN
2,2,1005847.95321637,11695.9064327485,342,0,0,0,76.4,1,95.5,BENIGN
3,6,6988.406922,5.406658841,1664614,0,0,0,1163.3,2,1292.555556,DDoS
2,3,258.7359312337,71.8710920094,69569,0,0,1,3,1,3.6,BENIGN
7,4,1229.6324,1.160329107,9480069,0,0,1,971.9166667,0,1060.272727,DDoS
2,1,589041.095890411,41095.8904109589,73,0,1,1,20,0,26.6666666667,BENIGN
4,0,4.62260922,0.77043487,5191873,0,0,1,6,0,7.5,DDoS
37,46,619.504408414,0.8258997382,100496460,0,0,0,741.1666666667,1,750.0963855422,BENIGN
2,2,1306306.30630631,18018.018018018,222,0,0,0,67.4,1,84.25,BENIGN
2,0,96774.1935483871,16129.0322580645,124,0,0,1,6,0,9,BENIGN
2,2,2224852.07100592,23668.6390532544,169,0,0,0,84.4,1,105.5,BENIGN
1,1,923076.923076923,153846.153846154,13,0,0,1,6,1,9,BENIGN
4,0,2.554610385,0.425768398,9394779,0,0,1,6,0,7.5,DDoS
15,20,2686.4851178412,3.3837260373,10343627,0,0,0,771.8888888889,1,793.9428571429,BENIGN
5,0,4.567005275,0.761167546,6568856,0,0,1,6,0,7.2,DDoS
3,6,9044.068345,7.00065495,1285594,0,0,0,1162.7,2,1291.888889,DDoS
5,0,5.731886427,0.955314404,5233879,0,0,1,6,0,7.2,DDoS
3,6,7580.269535,5.864559943,1534642,0,0,0,1163.3,2,1292.555556,DDoS
1,1,139534.88372093,23255.8139534884,86,0,0,1,6,1,9,BENIGN
3,6,140581.7593,108.7626437,82749,0,0,0,1163.3,2,1292.555556,DDoS
3,1,2.0949654837,0.6983218279,5728018,0,0,0,2.4,0,3,BENIGN
3,6,259104.1718,200.458828,44897,0,0,0,1163.3,2,1292.555556,DDoS
13,0,29545454.5454546,590909.090909091,22,0,0,0,50,0,53.8461538462,BENIGN
2,2,5479.9757861535,127.4412973524,31387,0,0,0,41.4,1,51.75,BENIGN
9,4,148.0824729,0.165058059,78760165,0,0,1,833.5,0,897.6153846,DDoS
52,0,3015.0080623475,17.3276325422,3000987,0,0,0,174,0,177.3461538462,BENIGN
3,5,210067.0292,144.53739,55349,0,0,0,1291.888889,1,1453.375,DDoS
5,0,55.92768178,9.321280296,536407,0,0,1,6,0,7.2,DDoS
3,4,16445.56409,9.895895183,707364,0,0,0,1454.125,1,1661.857143,DDoS
2,2,6483.2586905524,85.306035402,46890,0,0,0,66.8,1,83.5,BENIGN
2,2,1532110.09174312,18348.623853211,218,0,0,0,73.8,1,92.25,BENIGN
3,4,69986.4034,42.11336919,166218,0,0,0,1454.125,1,1661.857143,DDoS
3,6,24581.39535,19.02748414,473000,0,0,0,1162.7,2,1291.888889,DDoS
2,2,4939.648647572,79.6717523802,50206,0,0,0,55.6,1,69.5,BENIGN
8,5,145.4042924,0.162072863,80210837,0,0,1,833.5,0,897.6153846,DDoS
7,8,399.0159179061,1.4734708933,10180045,0,0,0,253.875,1,270.8,BENIGN
3,4,347385.7186,209.1425157,33470,0,0,0,1453.375,1,1661,DDoS
3,5,6972.103192,4.797181176,1667646,0,0,0,1291.888889,1,1453.375,DDoS
8,4,128.2415927,0.131947107,90945533,0,0,1,897.6153846,0,972.4166667,DDoS
4,1,381944.444444444,34722.2222222222,144,0,0,1,10.1666666667,0,12.2,BENIGN
5,0,8.060366774,1.343394462,3721915,0,0,1,6,0,7.2,DDoS
10,5,1245.9041780024,17.5975166385,852393,0,0,0,66.375,0,70.8,BENIGN
8,6,142.5783028,0.171235844,81758583,0,0,1,777.5333333,0,833.0714286,DDoS
16,14,10.694138798,0.259776651,115483820,0,0,0,39.8387096774,0,41.1666666667,BENIGN
2,0,1.1551450676,0.031220137,64061218,0,1,1,37,0,55.5,BENIGN
3,6,17190.75274,13.30668055,676352,0,0,0,1162.7,2,1291.888889,DDoS
3,5,9366.694782,6.444788704,1241313,0,0,0,1291.888889,1,1453.375,DDoS
1,1,314.8312303649,4.4656912108,447859,0,0,0,59.6666666667,1,89.5,BENIGN
4,0,5.290794172,0.881799029,4536181,0,0,1,6,0,7.5,DDoS
4,0,3.942916427,0.657152738,6086865,0,0,1,6,0,7.5,DDoS
3,6,10117.93971,7.827856733,1149740,0,0,0,1163.3,2,1292.555556,DDoS
5,0,10.49708601,1.749514335,2857936,0,0,1,6,0,7.2,DDoS
2,0,755102.040816327,40816.3265306122,49,0,1,1,24.6666666667,0,37,BENIGN
8,6,145.3532195,0.174568506,80197742,0,0,1,777.5333333,0,833.0714286,DDoS
2,4,6469.248951,3.338392853,1797272,0,0,0,1661,2,1937.833333,DDoS
4,4,174.0062821035,1.5890984667,5034301,0,0,0,97.3333333333,1,109.5,BENIGN
2,2,3.6218901331,0.0361285799,110715672,0,0,0,88.4,1,110.5,BENIGN
1,1,3271.4326950832,64.1457391193,31179,0,0,0,48.3333333333,1,72.5,BENIGN
3,5,18583.86863,12.78010393,625973,0,0,0,1292.555556,1,1454.125,DDoS
4,0,2.948221129,0.491370188,8140502,0,0,1,6,0,7.5,DDoS
2,2,1352112.67605634,28169.014084507,142,0,0,0,46.4,1,58,BENIGN
5,0,8.298920476,1.383153413,3614928,0,0,1,6,0,7.2,DDoS
4,0,6.930395154,1.155065859,3463006,0,0,1,6,0,7.5,DDoS
2,2,28.759366211,0.3550539038,11265895,0,0,0,77.2,1,96.5,BENIGN
5,0,3.024886345,0.504147724,9917728,0,0,1,6,0,7.2,DDoS
4,0,2.280094179,0.380015697,10525881,0,0,1,6,0,7.5,DDoS
4,0,2.762200438,0.46036674,8688725,0,0,1,6,0,7.5,DDoS
3,4,372111.6303,224.0286757,31246,0,0,0,1453.375,1,1661,DDoS
6,6,15783.2304130416,45.7706053544,262177,0,0,0,318.3076923077,1,344.8333333333,BENIGN
3,5,7191.75838,4.945763521,1617546,0,0,0,1292.555556,1,1454.125,DDoS
1,1,3425.2973780906,41.5187560981,48171,0,0,0,72.3333333333,1,108.5,BENIGN
1,1,5075.068724889,84.5844787481,23645,0,0,0,55.3333333333,1,83,BENIGN
3,7,47586.88997,40.92791775,244332,0,0,0,1057,2,1162.7,DDoS
20,19,45.659330714,0.3369373506,115748521,0,0,0,132.125,0,135.5128205128,BENIGN
7,2,4.0905177989,0.1410523379,63806103,0,1,1,30.7,0,34.1111111111,BENIGN
3,5,17117.72427,11.77183823,679588,0,0,0,1292.555556,1,1454.125,DDoS
2,0,617000000,2000000,1,0,1,1,411.3333333333,0,617,BENIGN
3,5,348918.1646,240.0744231,33323,0,0,0,1291.888889,1,1453.375,DDoS
34,47,1031.7312306274,1.2442156071,65101257,0,0,0,819.1097560976,1,829.2222222222,BENIGN
4,2,5174.7516395938,83.0174059828,72274,0,0,0,59.7142857143,0,69.6666666667,BENIGN
2,0,4000000,666666.666666667,3,0,0,1,6,0,9,BENIGN
3,4,10356.96661,6.23538026,1122626,0,0,0,1453.375,1,1661,DDoS
7,6,116.1109684,0.129554767,100343664,0,0,1,832.6428571,0,896.6923077,DDoS
3,6,6589.741948,5.100858134,1764409,0,0,0,1162.7,2,1291.888889,DDoS
5,0,2.690165321,0.448360887,11151731,0,0,1,6,0,7.2,DDoS
2,0,4000000,666666.666666667,3,0,0,1,6,0,9,BENIGN
3,5,6223.87769,4.280153144,1869092,0,0,0,1292.555556,1,1454.125,DDoS
2,2,1873563.2183908,22988.5057471264,174,0,0,0,75.4,1,94.25,BENIGN
3,5,6328.831574,4.352329802,1838096,0,0,0,1292.555556,1,1454.125,DDoS
2,2,2912820.51282051,20512.8205128205,195,0,0,0,129.2,1,161.5,BENIGN
3,4,6365.660582,3.832426599,1826519,0,0,0,1453.375,1,1661,DDoS
1,1,0,100.9183570491,19818,0,0,1,0,1,0,BENIGN
8,5,143.1451101,0.159636822,81434846,0,0,1,833.0714286,0,897.1538462,DDoS
3,5,14600.17998,10.04052607,796771,0,0,0,1292.555556,1,1454.125,DDoS
8,6,160.5596479,0.19273215,72639671,0,0,1,777.9333333,0,833.5,DDoS
8,6,152.8800147,0.183513693,76288585,0,0,1,777.9333333,0,833.5,DDoS
3,5,6549.031558,4.506085186,1775377,0,0,0,1291.888889,1,1453.375,DDoS
3,6,9587.600487,7.417553889,1213338,0,0,0,1163.3,2,1292.555556,DDoS
3,4,422846.1287,254.5732262,27497,0,0,0,1453.375,1,1661,DDoS
5,1,31.6755305651,1.0500175878,5714190,0,1,1,32.4285714286,0,37.8333333333,BENIGN
3,6,175982.9357,136.151158,66103,0,0,0,1163.3,2,1292.555556,DDoS
2,2,4620.5047012828,64.6224433746,61898,0,0,0,65.8,1,82.25,BENIGN
3,4,6236.837842,3.754869261,1864246,0,0,0,1453.375,1,1661,DDoS
2,2,8715.4471544716,130.081300813,30750,0,0,0,61.4,1,76.75,BENIGN
3,6,405531.7219,313.9060375,28671,0,0,0,1162.7,2,1291.888889,DDoS
7,4,430.6165560678,1.0661224661,10317764,0,0,0,370.25,0,403.9090909091,BENIGN
5,0,2.889971836,0.481661973,10380724,0,0,1,6,0,7.2,DDoS
5,0,2.604461703,0.434076951,11518695,0,0,1,6,0,7.2,DDoS
3,5,68156.3853,46.87106356,170681,0,0,0,1292.555556,1,1454.125,DDoS
2,2,1852173.91304348,17391.3043478261,230,0,0,0,92,1,115,BENIGN
1,1,2234.280242579,39.8978614746,50128,0,0,0,51.3333333333,1,77,BENIGN
5,0,4.904440251,0.817406709,6116906,0,0,1,6,0,7.2,DDoS
3,4,119270.0056,71.76910853,97535,0,0,0,1454.125,1,1661.857143,DDoS
5,0,3.501074071,0.583512345,8568799,0,0,1,6,0,7.2,DDoS
1,1,0,53.2637353858,37549,0,0,1,0,1,0,BENIGN
4,0,2.886412107,0.481068684,8314821,0,0,1,6,0,7.5,DDoS
2,2,13.443513391,0.1685707008,23728916,0,0,0,72.2,1,90.25,BENIGN
3,7,568613.0673,489.0453834,20448,0,0,0,1057,2,1162.7,DDoS
2,2,1889447.2361809,20100.5025125628,199,0,0,0,84.4,1,105.5,BENIGN
4,0,9.7590213,1.62650355,2459263,0,0,1,6,0,7.5,DDoS
2,2,2264.4286563447,28.3053582043,141316,0,0,0,72.4,1,90.5,BENIGN
3,4,7010.767289,4.220811131,1658449,0,0,0,1453.375,1,1661,DDoS
2,1,877551.020408163,61224.4897959184,49,0,1,1,20,0,26.6666666667,BENIGN
13,8,35779.663837577,112.7341246195,186279,0,0,0,302.9545454545,0,317.380952381,BENIGN
3,5,44957.9762279728,132.6193989026,60323,0,0,0,301.3333333333,1,339,BENIGN
5,0,2.805120167,0.467520028,10694729,0,0,1,6,0,7.2,DDoS
19,23,3327.1455011,23.4345314517,1792227,0,0,0,138.6744186047,1,141.9761904762,BENIGN
3,7,10638.82325,9.145382314,1093448,0,0,0,1057.545455,2,1163.3,DDoS
3,4,121534.8915,73.16971192,95668,0,0,0,1453.375,1,1661,DDoS
4,0,2.312201545,0.385366924,10379718,0,0,1,6,0,7.5,DDoS
3,6,12680.77434,9.810622288,917373,0,0,0,1163.3,2,1292.555556,DDoS
5,0,7.267579184,1.211263197,4127922,0,0,1,6,0,7.2,DDoS
11,6,18100.3384874537,135.0771528914,125854,0,0,0,126.5555555556,0,134,BENIGN
3,4,14000.53196,8.424630249,830897,0,0,0,1454.125,1,1661.857143,DDoS
3,0,511811.023622047,23622.0472440945,127,0,0,1,17.75,0,23.6666666667,BENIGN
3,6,6584.927556,5.097131504,1765699,0,0,0,1162.7,2,1291.888889,DDoS
4,0,4.693977138,0.782329523,5112935,0,0,1,6,0,7.5,DDoS
5,0,5.3757699,0.89596165,5580596,0,0,1,6,0,7.2,DDoS
4,0,2.657290859,0.44288181,9031755,0,0,1,6,0,7.5,DDoS
2,2,1651821.86234818,16194.3319838057,247,0,0,0,89.2,1,111.5,BENIGN
5,0,3.631046903,0.605174484,8262080,0,0,1,6,0,7.2,DDoS
3,4,45024.883930659,116.9043722235,59878,0,0,0,337,1,385.1428571429,BENIGN
11,8,1021.1585860851,3.721137924,5105965,0,0,0,260.7,0,274.4210526316,BENIGN
3,0,63250000,750000,4,0,1,1,117.25,0,156.3333333333,BENIGN
2,0,12333333.3333333,666666.666666667,3,0,1,1,24.6666666667,0,37,BENIGN
3,5,1047194.452,720.525984,11103,0,0,0,1291.888889,1,1453.375,DDoS
5,0,5.24687601,0.874479335,5717688,0,0,1,6,0,7.2,DDoS
2,2,2391304.34782609,21739.1304347826,184,0,0,0,97.2,1,121.5,BENIGN
1,1,7379.7607939605,84.8248367122,23578,0,0,0,74,1,111,BENIGN
2,2,2026845.63758389,26845.6375838926,149,0,0,0,69.4,1,86.75,BENIGN
1,1,4691.8319471103,85.306035402,23445,0,0,0,52.3333333333,1,78.5,BENIGN
2,2,2385650.22421525,17937.2197309417,223,0,0,0,114.4,1,143,BENIGN
5,0,4.155234578,0.692539096,7219809,0,0,1,6,0,7.2,DDoS
8,5,114.6156271,0.127820464,101705154,0,0,1,833.0714286,0,897.1538462,DDoS
4,0,7.355338873,1.225889812,3262936,0,0,1,6,0,7.5,DDoS
8,5,143.603133,0.160065226,81216891,0,0,1,833.5,0,897.6153846,DDoS
24,17,153.1225776752,0.641662478,63896521,0,0,0,232.9523809524,0,238.6341463415,BENIGN
3,1,70312.5,15625,256,1,0,0,4.8,0,6,BENIGN
1,1,2619.7298403602,32.7466230045,61075,0,0,0,67,1,100.5,BENIGN
2,2,13175.339741465,165.7275439178,24136,0,0,0,70.4,1,88,BENIGN
4,0,11.95231623,1.992052706,2007979,0,0,1,6,0,7.5,DDoS
1,1,169014.084507042,28169.014084507,71,0,0,1,6,1,9,BENIGN
20,17,55.2744970914,0.3210102641,115261112,0,0,0,167.6578947368,0,172.1891891892,BENIGN
8,6,126.4512539,0.15178921,92233170,0,0,1,777.9333333,0,833.5,DDoS
16,13,75.4345813299,0.246852049,117479276,0,0,0,295.4,0,305.5862068966,BENIGN
5,0,8.42000796,1.40333466,3562942,0,0,1,6,0,7.2,DDoS
3,6,14496.18676,11.22092378,802073,0,0,0,1162.7,2,1291.888889,DDoS
3,4,8509.875247,5.123344519,1366295,0,0,0,1453.375,1,1661,DDoS
5,0,2.597549005,0.432924834,11549349,0,0,1,6,0,7.2,DDoS
3,4,186980.3644,112.5709599,62183,0,0,0,1453.375,1,1661,DDoS
2,2,3.6925156585,0.0336447896,118889137,0,0,0,100,1,125,BENIGN
3,6,381475.7702,295.2852784,30479,0,0,0,1162.7,2,1291.888889,DDoS
2,0,4000000,666666.666666667,3,1,0,0,6,0,9,BENIGN
1,1,3904.8330310466,42.6757708311,46865,0,0,0,78.3333333333,1,117.5,BENIGN
5,0,3.210691689,0.535115281,9343781,0,0,1,6,0,7.2,DDoS
2,2,4634746.92202462,5471.9562243502,731,0,0,0,728,1,910,BENIGN
3,5,103009.8024,70.83971629,112931,0,0,0,1292.555556,1,1454.125,DDoS
3,6,9266.454193,7.172795023,1254741,0,0,0,1162.7,2,1291.888889,DDoS
1,1,2650.3895269456,40.1574170749,49804,0,0,0,61.3333333333,1,92,BENIGN
13,10,2414.3080215945,7.2672535659,3164882,0,0,0,318.375,0,332.2173913043,BENIGN
1,2,1841.8572774779,128.5016705217,23346,0,0,1,12.25,2,16.3333333333,BENIGN
5,0,2.99020737,0.498367895,10032749,0,0,1,6,0,7.2,DDoS
1,3,473684.210526316,105263.157894737,38,0,0,1,3.6,3,4.5,BENIGN
1,1,7532.3119061885,85.5944534794,23366,0,0,0,77.3333333333,1,116,BENIGN
5,0,4.099559721,0.683259953,7317859,0,0,1,6,0,7.2,DDoS
3,5,18030.3756,12.39946744,645189,0,0,0,1292.555556,1,1454.125,DDoS
3,4,26675.4487073934,144.0803556727,48584,0,0,0,162,1,185.1428571429,BENIGN
4,0,3.928073697,0.65467895,6109865,0,0,1,6,0,7.5,DDoS
3,5,10001.25521,6.877851084,1163154,0,0,0,1292.555556,1,1454.125,DDoS
16,13,76.897303651,0.4769079995,60808374,0,0,0,155.8666666667,0,161.2413793103,BENIGN
3,5,124270.9112,85.46095503,93610,0,0,0,1292.555556,1,1454.125,DDoS
8,4,145.2910659,0.149489221,80273346,0,0,1,897.6153846,0,972.4166667,DDoS
3,5,15884.63329,10.92384306,732343,0,0,0,1292.555556,1,1454.125,DDoS
8,5,161.7292357,0.180269233,72114358,0,0,1,833.5,0,897.6153846,DDoS
2,2,15127.7202653761,128.2010191981,31201,0,0,0,101.4,1,126.75,BENIGN
3,6,341047.7531,263.9915523,34092,0,0,0,1162.7,2,1291.888889,DDoS
2,2,11859.5231135424,167.0355368105,23947,0,0,0,64.2,1,80.25,BENIGN
4,0,210.5484788,35.09141313,113988,0,0,1,6,0,7.5,DDoS
3,5,13403.8187,9.217789874,867887,0,0,0,1292.555556,1,1454.125,DDoS
3,6,8947.642485,6.922443253,1300119,0,0,0,1163.3,2,1292.555556,DDoS
2,2,1425742.57425743,19801.9801980198,202,0,0,0,65.2,1,81.5,BENIGN
2,2,3406.845488201,45.4246065093,88058,0,0,0,69.4,1,86.75,BENIGN
9,5,159.4428602,0.191391584,73148462,0,0,1,777.9333333,0,833.5,DDoS
5,0,14.4231324,2.403855399,2079992,0,0,1,6,0,7.2,DDoS
24,21,1010.9179134654,22.9175345622,1963562,0,0,0,43.152173913,0,44.1111111111,BENIGN
2,2,6030.4922070752,56.6243399725,70641,0,0,0,96.8,1,121,BENIGN
2,2,190.9183171053,5.0241662396,796152,0,0,0,36.4,1,45.5,BENIGN
9,6,117.8937467,0.151625328,98928063,0,0,1,729.3125,0,777.9333333,DDoS
2,1,0,56.5301776932,53069,0,0,1,0,0,0,BENIGN
5,0,2.699871243,0.449978541,11111641,0,0,1,6,0,7.2,DDoS
2,2,9501.955334346,129.2783038687,30941,0,0,0,65,1,81.25,BENIGN
2,2,17584.0978593272,127.4209989806,31392,0,0,0,117.2,1,146.5,BENIGN
1,1,7242.1597154866,64.6621403168,30930,0,0,0,98.3333333333,1,147.5,BENIGN
2,2,2156862.74509804,19607.8431372549,204,0,0,0,94.6,1,118.25,BENIGN
3,4,7196.857214,4.330611235,1616400,0,0,0,1454.125,1,1661.857143,DDoS
3,5,78620.47525,54.06720554,147964,0,0,0,1292.555556,1,1454.125,DDoS
8,6,151.2481206,0.181554805,77111702,0,0,1,777.9333333,0,833.5,DDoS
2,0,12333333.3333333,666666.666666667,3,0,1,1,24.6666666667,0,37,BENIGN
4,0,10.93337294,1.822228823,2195114,0,0,1,6,0,7.5,DDoS
3,5,198447.6288,136.4721938,58620,0,0,0,1292.555556,1,1454.125,DDoS
2,0,0,791.1392405063,2528,0,0,1,0,0,0,BENIGN
3,4,29072.51501,17.50301927,399931,0,0,0,1453.375,1,1661,DDoS
12,7,9459.4084408965,39.8511663807,476774,0,0,0,225.5,0,237.3684210526,BENIGN
1,2,0,60000,50,0,0,1,0,2,0,BENIGN
2,2,1064935.06493506,25974.025974026,154,0,0,0,39.4,1,49.25,BENIGN
4,4,15.5719936196,0.2032234078,39365544,0,0,0,73,1,82.125,BENIGN
1,1,5157.9626047711,85.9660434129,23265,0,0,0,57.3333333333,1,86,BENIGN
4,0,33.9853325,5.664222083,706187,0,0,1,6,0,7.5,DDoS
3,6,14572.87818,11.28028757,797852,0,0,0,1162.7,2,1291.888889,DDoS
3,5,16137.62856,11.10355453,720490,0,0,0,1291.888889,1,1453.375,DDoS
2,0,12333333.3333333,666666.666666667,3,0,1,1,24.6666666667,0,37,BENIGN
2,0,66298.3425414365,11049.7237569061,181,0,0,1,6,0,9,BENIGN
8,5,126.1026794,0.14055859,92488122,0,0,1,833.5,0,897.6153846,DDoS
5,0,2.944142261,0.490690377,10189725,0,0,1,6,0,7.2,DDoS
5,5,69.9004025375,0.6631916749,15078597,0,0,0,95.8181818182,1,105.4,BENIGN
1,1,214285.714285714,71428.5714285714,28,0,0,1,2,1,3,BENIGN
5,0,2.61764207,0.436273678,11460696,0,0,1,6,0,7.2,DDoS
15,14,110.3506359541,0.4746615904,61096159,0,0,0,224.7333333333,0,232.4827586207,BENIGN
8,6,141.6443297,0.170114147,82297682,0,0,1,777.5333333,0,833.0714286,DDoS
4,0,3.781400394,0.630233399,6346855,0,0,1,6,0,7.5,DDoS
4,0,2.986632208,0.497772035,8035807,0,0,1,6,0,7.5,DDoS
3,4,20367.33729,12.26209349,570865,0,0,0,1453.375,1,1661,DDoS
21,18,54.7567442489,0.33196223,117483245,0,0,0,160.825,0,164.9487179487,BENIGN
3,6,87533.95487,67.721619,132897,0,0,0,1163.3,2,1292.555556,DDoS
4,0,2.944828274,0.490804712,8149881,0,0,1,6,0,7.5,DDoS
4,2,1041.6894308588,21.8536244236,274554,0,0,0,46.1428571429,0,53.8333333333,BENIGN
1,1,4097.7147360126,63.0417651694,31725,0,0,0,59.6666666667,1,89.5,BENIGN
3,6,15471.12248,11.9694062,751917,0,0,0,1163.3,2,1292.555556,DDoS
4,0,3.056224211,0.509370702,7852827,0,0,1,6,0,7.5,DDoS
4,0,2.947119105,0.491186518,8143546,0,0,1,6,0,7.5,DDoS
3,5,10274.65923,7.065870696,1132203,0,0,0,1292.555556,1,1454.125,DDoS
2,2,8794.2900841193,127.45347948,31384,0,0,0,62.4,1,78,BENIGN
2,2,9277.9185538419,79.8100520761,50119,0,0,0,102.8,1,128.5,BENIGN
3,4,6247.603376,3.75941061,1861994,0,0,0,1454.125,1,1661.857143,DDoS
3,4,14330.75486,8.627787392,811332,0,0,0,1453.375,1,1661,DDoS
1,1,800000,133333.333333333,15,0,0,1,6,1,9,BENIGN
3,5,234125.6264,161.0079095,49687,0,0,0,1292.555556,1,1454.125,DDoS
3,6,8177.075495,6.329550138,1421902,0,0,0,1162.7,2,1291.888889,DDoS
3,7,34669.58487,29.81816881,335366,0,0,0,1057,2,1162.7,DDoS
2,3,177.6006156821,49.3335043561,101351,0,0,1,3,1,3.6,BENIGN
8,4,117.7317225,0.121195905,99013246,0,0,1,897.1538462,0,971.9166667,DDoS
10,5,8852.9344424941,52.035272977,288266,0,0,0,159.5,0,170.1333333333,BENIGN
1,1,0,35714.2857142857,56,0,0,1,0,1,0,BENIGN
3,5,107189.9159,73.71437522,108527,0,0,0,1292.555556,1,1454.125,DDoS
3,6,23343.63958,18.06938644,498080,0,0,0,1162.7,2,1291.888889,DDoS
1,1,545454.545454545,90909.0909090909,22,0,0,1,6,1,9,BENIGN
2,3,223.3448119031,20.3040738094,246256,0,0,1,9.1666666667,1,11,BENIGN
63,94,182619.65999204,175.0319684184,896979,0,0,0,1036.746835443,1,1043.3503184713,BENIGN
4,0,5.909999572,0.984999929,4060914,0,0,1,6,0,7.5,DDoS
1,1,0,27397.2602739726,73,0,0,1,0,1,0,BENIGN
17,16,38.6803619992,0.2846681414,115924458,0,0,0,131.8823529412,0,135.8787878788,BENIGN
1,1,0,84.5522955948,23654,0,0,1,0,1,0,BENIGN
8,5,129.7168935,0.144587123,89911188,0,0,1,833.5,0,897.6153846,DDoS
2,2,1248618.78453039,22099.4475138122,181,0,0,0,52,1,65,BENIGN
1,1,2379.2724348982,32.8175508262,60943,0,0,0,61.6666666667,1,92.5,BENIGN
10,5,42.8290054814,0.267904538,55990093,0,0,0,149.875,0,159.8666666667,BENIGN
3,6,7110.43577,5.501067818,1636046,0,0,0,1163.3,2,1292.555556,DDoS
2,2,12333.0781661989,170.1114229821,23514,0,0,0,66,1,82.5,BENIGN
2,0,227513.227513227,10582.0105820106,189,0,0,1,16.3333333333,0,24.5,BENIGN
8,5,143.5921837,0.160053021,81223084,0,0,1,833.5,0,897.6153846,DDoS
2,2,14002.333722287,126.1471506512,31709,0,0,0,98.2,1,122.75,BENIGN
1,1,2230.3857255314,32.7997900813,60976,0,0,0,60.6666666667,1,91,BENIGN
2,0,12333333.3333333,666666.666666667,3,0,1,1,24.6666666667,0,37,BENIGN
9,6,160.4066536,0.206301964,72708954,0,0,1,729.3125,0,777.9333333,DDoS
1,1,9311.6899458915,83.8890986116,23841,0,0,0,89.6666666667,1,134.5,BENIGN
2,2,1209302.3255814,18604.6511627907,215,0,0,0,60,1,75,BENIGN
2,2,6157.3498091643,84.3472576598,47423,0,0,0,67.4,1,84.25,BENIGN
1,1,3746.7955038454,65.7332544534,30426,0,0,0,54.3333333333,1,81.5,BENIGN
1,1,0,21739.1304347826,92,0,0,1,0,1,0,BENIGN
3,5,14646.17772,10.07735631,793859,0,0,0,1291.888889,1,1453.375,DDoS
17,24,3058.3657143509,21.2674685021,1927827,0,0,0,140.380952381,1,143.8048780488,BENIGN
1,1,3482.4426847975,41.4576510095,48242,0,0,0,75,1,112.5,BENIGN
4,0,2.652552435,0.442092073,9047889,0,0,1,6,0,7.5,DDoS
2,2,9308.037878543,129.2783038687,30941,0,0,0,66.4,1,83,BENIGN
2,2,1176470.58823529,21390.3743315508,187,0,0,0,53.4,1,66.75,BENIGN
3,5,13658.4002,9.397712362,851271,0,0,0,1291.888889,1,1453.375,DDoS
8,6,138.8960844,0.166813518,83926052,0,0,1,777.5333333,0,833.0714286,DDoS
4,2,4347.3997319648,98.0616480894,61186,0,0,0,43.5714285714,0,50.8333333333,BENIGN
4,0,4.098455838,0.683075973,5855864,0,0,1,6,0,7.5,DDoS
5,0,4.573953045,0.762325508,6558878,0,0,1,6,0,7.2,DDoS
2,2,15919.0188172043,84.0053763441,47616,0,0,0,158.4,1,198,BENIGN
2,0,7750000,500000,4,0,1,1,20.6666666667,0,31,BENIGN
2,2,1130890.05235602,20942.4083769633,191,0,0,0,50.8,1,63.5,BENIGN
3,1,2.0154331796,0.6718110599,5954055,0,0,0,2.4,0,3,BENIGN
9,5,164.5479002,0.197519558,70879057,0,0,1,777.9333333,0,833.5,DDoS
2,3,102.9754174795,28.6042826332,174799,0,0,1,3,1,3.6,BENIGN
2,2,365614.798694233,4352.5571273123,919,0,0,0,74.6,1,93.25,BENIGN
1,1,0,55555.5555555556,36,0,0,1,0,1,0,BENIGN
16,17,121.3898113968,0.4785406494,68959659,0,0,0,246.2058823529,1,253.6666666667,BENIGN
2,0,12333333.3333333,666666.666666667,3,0,1,1,24.6666666667,0,37,BENIGN
8,5,128.2759769,0.14305462,90874381,0,0,1,833.0714286,0,897.1538462,DDoS
2,2,5163.2890151026,129.0822253776,30988,0,0,0,38.4,1,48,BENIGN
3,6,436526.6989,337.723742,26649,0,0,0,1163.3,2,1292.555556,DDoS
9,5,122.918762,0.14747302,94932619,0,0,1,778.3333333,0,833.9285714,DDoS
8,4,145.3258932,0.149602017,80212822,0,0,1,897.1538462,0,971.9166667,DDoS
1,1,917.0105456213,19.1043863671,104688,0,0,0,48,1,72,BENIGN
3,6,278288.1202,215.3007033,41802,0,0,0,1163.3,2,1292.555556,DDoS
8,6,160.6420724,0.192831091,72602400,0,0,1,777.9333333,0,833.5,DDoS
2,0,12.0148383253,2.0024730542,998765,0,0,1,6,0,9,BENIGN
29,27,231.188019985,0.5332617645,105014092,0,0,1,426.0350877193,0,433.6428571429,BENIGN
5,0,3.806234256,0.634372376,7881806,0,0,1,6,0,7.2,DDoS
5,0,35.67160718,5.945267864,841005,0,0,1,6,0,7.2,DDoS
8,5,144.3401553,0.160969548,80760617,0,0,1,833.0714286,0,897.1538462,DDoS
3,5,23147.577,15.91856064,502558,0,0,0,1292.555556,1,1454.125,DDoS
1,1,4348.6193893687,60.8198515996,32884,0,0,0,62,1,93,BENIGN
4,0,35.66217224,5.943695374,672982,0,0,1,6,0,7.5,DDoS
3,4,37189.38214,22.38975445,312643,0,0,0,1453.375,1,1661,DDoS
8,8,751.2685438478,1.5686149943,10200081,0,0,0,450.7647058824,1,478.9375,BENIGN
2,2,1133333.33333333,22222.2222222222,180,0,0,0,49.4,1,61.75,BENIGN
4,0,6.28113743,1.046856238,3820964,0,0,1,6,0,7.5,DDoS
2,2,10289.2642205397,129.4247071766,30906,0,0,0,70.4,1,88,BENIGN
41,38,7310.4072963518,61.687906047,1280640,0,0,0,117.025,0,118.5063291139,BENIGN
2,2,2814070.35175879,20100.5025125628,199,0,0,0,128.8,1,161,BENIGN
1,1,0,7692.3076923077,260,0,0,1,0,1,0,BENIGN
3,5,11173.74779,7.684172813,1041101,0,0,0,1292.555556,1,1454.125,DDoS
4,0,5.201837809,0.866972968,4613754,0,0,1,6,0,7.5,DDoS
3,1,1443.8571612737,103.1326543767,38785,0,0,1,12.4,0,15.5,BENIGN
3,4,9184.597541,5.526707022,1266577,0,0,0,1454.125,1,1661.857143,DDoS
1,3,400000,88888.8888888889,45,0,0,1,3.6,3,4.5,BENIGN
8,6,149.6878681,0.179681913,77915466,0,0,1,777.9333333,0,833.5,DDoS
26,28,383.4987795778,0.7668555489,70417434,0,0,0,491,1,500.0925925926,BENIGN
2,1,0,30303.0303030303,99,0,0,1,0,0,0,BENIGN
4,0,2.450453865,0.408408977,9794104,0,0,1,6,0,7.5,DDoS
4,0,33.14935442,5.524892403,723996,0,0,1,6,0,7.5,DDoS
4,0,9.088158546,1.514693091,2640799,0,0,1,6,0,7.5,DDoS
1,1,0,11.0619469027,180800,0,0,1,0,1,0,BENIGN
2,2,2993.0635206729,43.694357966,91545,0,0,0,60.8,1,76,BENIGN
2,2,8271.9400284348,129.2490629443,30948,0,0,0,61.2,1,76.5,BENIGN
1,1,441.7448923247,73.6241487208,27165,1,0,1,6,1,9,BENIGN
9,5,755.2176249928,2.3685140569,5910879,0,0,0,297.6,0,318.8571428571,BENIGN
2,2,10304.5718385182,130.4376182091,30666,0,0,0,69.4,1,86.75,BENIGN
4,0,2.340579018,0.390096503,10253873,0,0,1,6,0,7.5,DDoS
3,5,7162.534775,4.928208325,1623308,0,0,0,1291.888889,1,1453.375,DDoS
8,5,158.3746543,0.176530096,73641834,0,0,1,833.5,0,897.6153846,DDoS
3,5,8813.045702,6.060720847,1319975,0,0,0,1292.555556,1,1454.125,DDoS
2,2,17924.0149793554,128.028678424,31243,0,0,0,120.8,1,151,BENIGN
16,15,21.3288804782,0.2677988233,115758537,0,0,0,77.15625,0,79.6451612903,BENIGN
2,2,5989.1934118873,130.1998567802,30722,0,0,0,44.4,1,55.5,BENIGN
1,1,363636.363636364,60606.0606060606,33,0,0,1,6,1,9,BENIGN
5,0,3.136823865,0.522803978,9563814,0,0,1,6,0,7.2,DDoS
8,5,144.2112501,0.160825791,80832806,0,0,1,833.0714286,0,897.1538462,DDoS
3,1,2.1980159609,0.732671987,5459469,0,0,0,2.4,0,3,BENIGN
3,5,20529.4998,14.11811213,566648,0,0,0,1292.555556,1,1454.125,DDoS
2,2,8667.6651477008,127.4656639368,31381,0,0,0,62,1,77.5,BENIGN
8,4,148.6403868,0.153014038,78424177,0,0,1,897.1538462,0,971.9166667,DDoS
3,6,14063.08745,10.88006422,827201,0,0,0,1163.3,2,1292.555556,DDoS
3,5,16625.55677,11.43927532,699345,0,0,0,1291.888889,1,1453.375,DDoS
4,0,3.209922942,0.534987157,7476815,0,0,1,6,0,7.5,DDoS
2,2,3934.139589101,32.3797497045,123534,0,0,0,104.4,1,130.5,BENIGN
2,2,1155555.55555556,22222.2222222222,180,0,0,0,50.4,1,63,BENIGN
1,1,4000000,666666.666666667,3,0,0,1,6,1,9,BENIGN
4,0,3.612370382,0.60206173,6643837,0,0,1,6,0,7.5,DDoS
1,1,0,666666.666666667,3,0,0,1,0,1,0,BENIGN
3,0,7744.1918561079,749.4379215588,4003,0,0,1,7.75,0,10.3333333333,BENIGN
2,2,1273743.01675978,22346.3687150838,179,0,0,0,53,1,66.25,BENIGN
2,2,8103.8652467224,84.8572277144,47138,0,0,0,83.6,1,104.5,BENIGN
4,2,1979.6052377458,28.9698327475,207112,0,0,0,63.8571428571,0,74.5,BENIGN
3,4,26912.98128,16.20287856,432022,0,0,0,1453.375,1,1661,DDoS
3,5,27730.27673,19.07991862,419289,0,0,0,1291.888889,1,1453.375,DDoS
1,1,2464.2372350423,41.7667327973,47885,0,0,0,56.3333333333,1,84.5,BENIGN
4,0,2.833938635,0.472323106,8468779,0,0,1,6,0,7.5,DDoS
9,4,132.1216671,0.14726757,88274696,0,0,1,833.5,0,897.6153846,DDoS
5,0,14.86646201,2.477743668,2017965,0,0,1,6,0,7.2,DDoS
15,10,543.868506294,1.620006274,15432039,0,0,0,322.8076923077,0,335.72,BENIGN
188,262,34061.2119773567,33.33727454,13498404,0,0,0,1019.4501108648,1,1021.7155555556,BENIGN
2,0,134831.460674157,22471.9101123596,89,0,0,1,6,0,9,BENIGN
4,2,11854.5754223589,190.1803543694,31549,0,0,0,59.4285714286,0,69.3333333333,BENIGN
1,1,0,125000,16,0,0,1,0,1,0,BENIGN
4,2,6402.6133115557,97.9991833401,61225,0,0,0,62.4285714286,0,72.8333333333,BENIGN
1,1,215476.19047619,2380.9523809524,840,0,0,0,75.3333333333,1,113,BENIGN
3,4,7827.50291,4.710093731,1486170,0,0,0,1454.125,1,1661.857143,DDoS
2,0,12333333.3333333,666666.666666667,3,0,1,1,24.6666666667,0,37,BENIGN
2,3,104.7327569153,29.0924324765,171866,0,0,1,3,1,3.6,BENIGN
3,5,308842.6701,212.500332,37647,0,0,0,1291.888889,1,1453.375,DDoS
2,0,10333333.3333333,666666.666666667,3,0,1,1,20.6666666667,0,31,BENIGN
2,0,67796.6101694915,11299.4350282486,177,0,0,1,6,0,9,BENIGN
1,1,3498.6962405519,66.0131366142,30297,0,0,0,50.3333333333,1,75.5,BENIGN
10,5,4401.8066926434,27.3630751718,548184,0,0,0,150.8125,0,160.8666666667,BENIGN
3,5,3127991.396,2151.115891,3719,0,0,0,1292.555556,1,1454.125,DDoS
2,2,6880.7339449541,84.9473326538,47088,0,0,0,70.8,1,88.5,BENIGN
8,4,128.7121508,0.132499426,90566430,0,0,1,897.1538462,0,971.9166667,DDoS
5,0,52.72704265,8.787840441,568968,0,0,1,6,0,7.2,DDoS
3,6,8351.298712,6.461075252,1392957,0,0,0,1163.3,2,1292.555556,DDoS
4,0,3.849613563,0.64160226,6234392,0,0,1,6,0,7.5,DDoS
1,1,2895.6893715038,32.9055610398,60780,0,0,0,78.3333333333,1,117.5,BENIGN
3,5,17543.56846,12.07091664,662750,0,0,0,1291.888889,1,1453.375,DDoS
1,1,0,55.1617618667,36257,0,0,1,0,1,0,BENIGN
1,1,79.9712103643,13.3285350607,150054,1,0,1,6,1,9,BENIGN
2,2,5649.7175141243,128.4026707756,31152,0,0,0,42.4,1,53,BENIGN
1,1,2112.8511061397,41.4284530616,48276,0,0,0,48.3333333333,1,72.5,BENIGN
10,6,5086.6194927857,35.095261701,455902,0,0,0,136.4117647059,0,144.9375,BENIGN
1,1,2739.7837678349,42.1505195052,47449,0,0,0,59.6666666667,1,89.5,BENIGN
4,0,2.507505801,0.417917633,9571264,0,0,1,6,0,7.5,DDoS
4,0,6.914505596,1.152417599,3470964,0,0,1,6,0,7.5,DDoS
10,5,15087.2707481616,189.8565949853,79007,0,0,0,74.5,0,79.4666666667,BENIGN
2,2,1880000,13333.3333333333,300,0,0,0,120,1,150,BENIGN
2,3,205.9590827956,57.2108563321,87396,0,0,1,3,1,3.6,BENIGN
8,8,433.4296481578,1.3800745016,11593577,0,0,0,295.5882352941,1,314.0625,BENIGN
2,2,1122302.15827338,28776.9784172662,139,0,0,0,37.4,1,46.75,BENIGN
2,0,12333333.3333333,666666.666666667,3,0,1,1,24.6666666667,0,37,BENIGN
1,1,473282.442748092,5089.058524173,393,0,0,0,83,1,124.5,BENIGN
1,1,461538.461538462,76923.0769230769,26,0,0,1,6,1,9,BENIGN
4,0,2.821719196,0.470286533,8505453,0,0,1,6,0,7.5,DDoS
4,0,1.966620872,0.327770145,12203674,0,0,1,6,0,7.5,DDoS
4,0,5.051719079,0.84195318,4750858,0,0,1,6,0,7.5,DDoS
5,0,4.114201455,0.685700243,7291816,0,0,1,6,0,7.2,DDoS
5,0,3.234924068,0.539154011,9273788,0,0,1,6,0,7.2,DDoS
2,2,1140186.91588785,18691.5887850467,214,0,0,0,55.4,1,69.25,BENIGN
3,6,330744.7232,256.016385,35154,0,0,0,1162.7,2,1291.888889,DDoS
8,4,1376.594075,1.417099502,8468001,0,0,1,897.1538462,0,971.9166667,DDoS
4,0,709.9121484,118.3186914,33807,0,0,1,6,0,7.5,DDoS
15,15,100.1218768827,0.6262836335,47901619,0,0,0,154.7096774194,1,159.8666666667,BENIGN
2,2,1024096.38554217,12048.1927710843,332,0,0,0,77.2,1,96.5,BENIGN
1,3,222222.222222222,37037.037037037,108,0,0,1,6,3,7.5,BENIGN
3,5,6834.727966,4.702659648,1701165,0,0,0,1291.888889,1,1453.375,DDoS
3,5,502159.4541,345.5126544,23154,0,0,0,1291.888889,1,1453.375,DDoS
3,5,100048.187,68.83852204,116214,0,0,0,1291.888889,1,1453.375,DDoS
2,0,12972.972972973,2162.1621621622,925,0,0,1,6,0,9,BENIGN
4,0,3.957199589,0.659533265,6064895,0,0,1,6,0,7.5,DDoS
4,2,1871.0167806818,29.2346371982,205236,0,0,0,59.5714285714,0,69.5,BENIGN
5,0,4.961538156,0.826923026,6046512,0,0,1,6,0,7.2,DDoS
15,9,23841.4335086058,68.4361205844,350692,0,0,0,334.44,0,348.375,BENIGN
1,1,5348.6315698665,43.1341255634,46367,0,0,0,99,1,148.5,BENIGN
8,5,135.8287041,0.151399567,85865503,0,0,1,833.5,0,897.6153846,DDoS
3,4,434280.8053,261.4574385,26773,0,0,0,1453.375,1,1661,DDoS
2,2,5289.536839012,65.3029239384,61253,0,0,0,70.8,1,88.5,BENIGN
2,2,1303030.3030303,30303.0303030303,132,0,0,0,41.4,1,51.75,BENIGN
5,0,5.624424551,0.937404092,5333879,0,0,1,6,0,7.2,DDoS
3,5,104019.3142,71.53395627,111835,0,0,0,1292.555556,1,1454.125,DDoS
1,1,0,38461.5384615385,52,0,0,1,0,1,0,BENIGN
3,1,0,0.6762735838,5914766,0,0,0,0,0,0,BENIGN
2,2,5.6287237526,0.0636013983,62891699,0,0,0,82.4,1,103,BENIGN
2,2,9489.6127212106,128.2380097461,31192,0,0,0,67.8,1,84.75,BENIGN
3,4,121185.9198,72.92198389,95993,0,0,0,1454.125,1,1661.857143,DDoS
3,6,8746.090324,6.770001971,1329394,0,0,0,1162.7,2,1291.888889,DDoS
14,11,21992.0717600422,84.5588732699,295652,0,0,0,250.0769230769,0,260.08,BENIGN
5,0,4.93676254,0.822793757,6076857,0,0,1,6,0,7.2,DDoS
4,0,3.387525747,0.564587624,7084817,0,0,1,6,0,7.5,DDoS
4,0,3.137449301,0.522908217,7649526,0,0,1,6,0,7.5,DDoS
9,5,144.233318,0.173045372,80903637,0,0,1,778.3333333,0,833.9285714,DDoS
3,4,8639.859065,5.198918031,1346434,0,0,0,1454.125,1,1661.857143,DDoS
3,6,20455.64047,15.82573405,568694,0,0,0,1163.3,2,1292.555556,DDoS
3,6,259051.3112,200.5213555,44883,0,0,0,1162.7,2,1291.888889,DDoS
3,6,233650.6789,180.7664497,49788,0,0,0,1163.3,2,1292.555556,DDoS
8,4,144.3128446,0.148482735,80817477,0,0,1,897.6153846,0,972.4166667,DDoS
4,0,28.46958203,4.744930338,843005,0,0,1,6,0,7.5,DDoS
2,2,46.3629831413,0.3264998813,12251153,0,0,0,124.6,1,155.75,BENIGN
4,0,4.374772147,0.729128691,5486000,0,0,1,6,0,7.5,DDoS
3,5,26327.52225,18.10540514,441857,0,0,0,1292.555556,1,1454.125,DDoS
3,5,6505.129787,4.47356987,1788281,0,0,0,1292.555556,1,1454.125,DDoS
1,1,0,42553.1914893617,47,0,0,1,0,1,0,BENIGN
1,1,0,21.0231991002,95133,0,0,1,0,1,0,BENIGN
3,4,12537.33016,7.544168412,927869,0,0,0,1454.125,1,1661.857143,DDoS
3,7,236287.5201,203.2231187,49207,0,0,0,1057,2,1162.7,DDoS
7,5,442.2361986821,1.7135403242,7003045,0,0,0,238.2307692308,0,258.0833333333,BENIGN
1,1,2012.8428122915,21.8787262206,91413,0,0,0,76.6666666667,1,115,BENIGN
2,2,5191.4341336794,129.785853342,30820,0,0,0,38.4,1,48,BENIGN
4,0,16.03206413,2.672010688,1497000,0,0,1,6,0,7.5,DDoS
3,5,334974.6602,230.3616678,34728,0,0,0,1292.555556,1,1454.125,DDoS
2,0,3000000,500000,4,0,0,1,6,0,9,BENIGN
1,1,3210.7766216836,48.2823552133,41423,0,0,0,56.6666666667,1,85,BENIGN
3,5,17371.39819,11.94628948,669664,0,0,0,1292.555556,1,1454.125,DDoS
4,0,4.767750933,0.794625155,5033820,0,0,1,6,0,7.5,DDoS
3,4,41835.0907,25.17369852,278068,0,0,0,1454.125,1,1661.857143,DDoS
9,5,159.6745939,0.191571198,73079879,0,0,1,778.3333333,0,833.9285714,DDoS
3,4,53544.86633,32.23652398,217145,0,0,0,1453.375,1,1661,DDoS
4,0,3.218954492,0.536492415,7455837,0,0,1,6,0,7.5,DDoS
3,6,14098.07695,10.90713424,825148,0,0,0,1163.3,2,1292.555556,DDoS
5,0,7.085458184,1.180909697,4234024,0,0,1,6,0,7.2,DDoS
7,2,4.4205981431,0.1425999401,63113631,0,1,1,32.5,0,36.1111111111,BENIGN
1,4,121212.121212121,50505.0505050505,99,0,0,1,2,4,2.4,BENIGN
15,11,27316.0308934802,84.9440023,306084,0,0,0,309.6666666667,0,321.5769230769,BENIGN
3,6,6633.064919,5.13439273,1752885,0,0,0,1162.7,2,1291.888889,DDoS
3,4,9257.925502,5.570831128,1256545,0,0,0,1454.125,1,1661.857143,DDoS
5,0,4.244585465,0.707430911,7067828,0,0,1,6,0,7.2,DDoS
3,5,396501.1595,272.8140772,29324,0,0,0,1291.888889,1,1453.375,DDoS
4,0,3.44363586,0.57393931,6969378,0,0,1,6,0,7.5,DDoS
8,6,120.473295,0.144687838,96760033,0,0,1,777.5333333,0,833.0714286,DDoS
2,2,2521327.01421801,18957.345971564,211,0,0,0,120.2,1,150.25,BENIGN
5,0,9.97062322,1.661770537,3008839,0,0,1,6,0,7.2,DDoS
2,3,355.9774547612,98.8826263226,50565,0,0,1,3,1,3.6,BENIGN
10,10,19.8914474231,0.327700946,61031255,0,0,0,57.8095238095,1,60.7,BENIGN
2,2,866.0223984884,13.1215514922,304842,0,0,0,58.6,1,73.25,BENIGN
4,0,2.086107204,0.347684534,11504682,0,0,1,6,0,7.5,DDoS
2,2,1703225.80645161,25806.4516129032,155,0,0,0,59.6,1,74.5,BENIGN
2,2,7071.2265363847,128.567755207,31112,0,0,0,51.8,1,64.75,BENIGN
5,0,4.349789166,0.724964861,6896886,0,0,1,6,0,7.2,DDoS
5,0,3.193603595,0.532267266,9393777,0,0,1,6,0,7.2,DDoS
3,4,6842.68357,4.117492047,1700064,0,0,0,1454.125,1,1661.857143,DDoS
3,5,76003.86781,52.26776777,153058,0,0,0,1292.555556,1,1454.125,DDoS
5,3,2802.706338212,32.1227087474,249045,0,0,0,77.5555555556,0,87.25,BENIGN
2,2,423707.440100883,5044.1361916772,793,0,0,0,74.6,1,93.25,BENIGN
3,4,404727.0955,243.6647173,28728,0,0,0,1453.375,1,1661,DDoS
1,1,0,28571.4285714286,70,0,0,1,0,1,0,BENIGN
20,17,19.4598042086,0.3098161599,119425662,0,0,0,61.1578947368,0,62.8108108108,BENIGN
2,2,2401960.78431373,19607.8431372549,204,0,0,0,104.8,1,131,BENIGN
2,2,2482456.14035088,17543.8596491228,228,0,0,0,119.8,1,149.75,BENIGN
8,5,1247.732914,1.39076806,9347353,0,0,1,833.5,0,897.6153846,DDoS
2,2,1803921.56862745,19607.8431372549,204,0,0,0,82,1,102.5,BENIGN
3,6,47071.34992,36.43606685,247008,0,0,0,1162.7,2,1291.888889,DDoS
2,0,3000000,500000,4,1,0,0,6,0,9,BENIGN
4,0,2.436854253,0.406142375,9848763,0,0,1,6,0,7.5,DDoS
3,5,6256.632235,4.30489876,1858348,0,0,0,1291.888889,1,1453.375,DDoS
3,4,14790.80791,8.900168086,786502,0,0,0,1454.125,1,1661.857143,DDoS
2,2,1398907.10382514,21857.9234972678,183,0,0,0,61.2,1,76.5,BENIGN
4,0,2.946220067,0.491036678,8146031,0,0,1,6,0,7.5,DDoS
4,0,3.974155405,0.662359234,6039019,0,0,1,6,0,7.5,DDoS
3,3,4.7093297472,0.0532127655,112754899,0,0,0,83,1,96.8333333333,BENIGN
2,2,1645569.62025316,25316.4556962025,158,0,0,0,60,1,75,BENIGN
3,4,40424.8030147311,104.2644145553,67137,0,0,0,339.25,1,387.7142857143,BENIGN
3,6,6395.032258,4.950141079,1818130,0,0,0,1162.7,2,1291.888889,DDoS
3,6,6250.769452,4.838472956,1860091,0,0,0,1162.7,2,1291.888889,DDoS
2,2,3653.4988479024,83.0340647251,48173,0,0,0,42.4,1,53,BENIGN
6,7,586.2137655423,2.5093114758,5180704,0,0,0,216.9285714286,1,233.6153846154,BENIGN
3,5,13391.08934,9.209035906,868712,0,0,0,1292.555556,1,1454.125,DDoS
6,5,15592.734946115,41.4499962318,265380,0,0,0,344.8333333333,0,376.1818181818,BENIGN
3,6,18153.98348,14.04503149,640796,0,0,0,1163.3,2,1292.555556,DDoS
4,2,16427.7559304833,190.2828872257,31532,0,0,0,78.7142857143,0,91.8333333333,BENIGN
5,0,3.167632372,0.527938729,9470796,0,0,1,6,0,7.2,DDoS
2,0,3631.9612590799,605.3268765133,3304,0,0,1,6,0,9,BENIGN
5,0,3.76941579,0.628235965,7958793,0,0,1,6,0,7.2,DDoS
3,6,91706.43215,70.98631542,126785,0,0,0,1162.7,2,1291.888889,DDoS
3,5,26745.9104,18.39313017,434945,0,0,0,1292.555556,1,1454.125,DDoS
3,5,185795.0553,127.7710343,62612,0,0,0,1292.555556,1,1454.125,DDoS
4,0,6.027249194,1.004541532,3981916,0,0,1,6,0,7.5,DDoS
3,6,182518.8767,141.2806304,63703,0,0,0,1162.7,2,1291.888889,DDoS
8,5,1260.033273,1.405201385,9251343,0,0,1,833.0714286,0,897.1538462,DDoS
2,2,835820.895522388,11940.2985074627,335,0,0,0,63.6,1,79.5,BENIGN
3,5,213343.848,146.7163057,54527,0,0,0,1292.555556,1,1454.125,DDoS
9,4,162.0285367,0.180509982,72018178,0,0,1,833.9285714,0,898.0769231,DDoS
1,1,111111.111111111,18518.5185185185,108,0,0,1,6,1,9,BENIGN
1,1,1946.3240325401,30.4113130084,65765,0,0,0,61.3333333333,1,92,BENIGN
2,2,1846153.84615385,25641.0256410256,156,0,0,0,66,1,82.5,BENIGN
1,1,4037.0058873003,84.1042893188,23780,0,0,0,48,1,72,BENIGN
8,8,796.0705558648,1.449872384,11035454,0,0,0,516.7647058824,1,549.0625,BENIGN
3,4,31941.0028099546,82.9944393726,84343,0,0,0,336.75,1,384.8571428571,BENIGN
2,0,770833.333333333,41666.6666666667,48,0,1,1,24.6666666667,0,37,BENIGN
3,4,6321.873748,3.8041018,1840119,0,0,0,1454.125,1,1661.857143,DDoS
3,4,388180.7261,233.582488,29968,0,0,0,1454.125,1,1661.857143,DDoS
4,0,3.52983846,0.58830641,6799178,0,0,1,6,0,7.5,DDoS
4,6,679.825963054,1.8743478441,5335189,0,0,0,329.7272727273,1,362.7,BENIGN
3,5,11879.42683,8.169467432,979256,0,0,0,1292.555556,1,1454.125,DDoS
2,2,9452.5403702245,1575.4233950374,2539,0,0,1,6,1,7.5,BENIGN
2,2,2155339.80582524,19417.4757281553,206,0,0,0,98.2,1,122.75,BENIGN
5,0,5.482577374,0.913762896,5471879,0,0,1,6,0,7.2,DDoS
2,2,1756097.56097561,24390.243902439,164,0,0,0,66,1,82.5,BENIGN
2,0,0,0.0312098183,64082398,0,0,1,0,0,0,BENIGN
2,2,1754385.96491228,23391.8128654971,171,0,0,0,68.6,1,85.75,BENIGN
4,0,3.26803749,0.544672915,7343857,0,0,1,6,0,7.5,DDoS
6,7,12289.1613306263,31.7234109011,409792,0,0,0,359.7142857143,1,387.3846153846,BENIGN
4,0,15.76256326,2.627093876,1522595,0,0,1,6,0,7.5,DDoS
2,1,0,56.2756757771,53309,0,0,1,0,0,0,BENIGN
2,5,153034.7525,92.18167692,75937,0,0,0,1452.625,2,1660.142857,DDoS
1,3,315789.47368421,70175.4385964912,57,0,0,1,3.6,3,4.5,BENIGN
3,5,30228.77515,20.78829203,384832,0,0,0,1292.555556,1,1454.125,DDoS
3,4,371125.794,223.4351559,31329,0,0,0,1453.375,1,1661,DDoS
2,0,108108.108108108,18018.018018018,111,0,0,1,6,0,9,BENIGN
3,4,29395.10848,17.69723569,395542,0,0,0,1453.375,1,1661,DDoS
4,0,11.5052567,1.917542784,2086003,0,0,1,6,0,7.5,DDoS
1,1,1137.6321000432,8.5536248124,233819,0,0,0,122.3333333333,1,183.5,BENIGN
1,1,479.2336936353,5.844313337,342213,0,0,0,74.3333333333,1,111.5,BENIGN
2,2,1565217.39130435,28985.5072463768,138,0,0,0,52.4,1,65.5,BENIGN
3,6,24885.07259,19.25261354,467469,0,0,0,1163.3,2,1292.555556,DDoS
1,2,6142857.14285714,428571.428571429,7,1,0,0,12.25,2,16.3333333333,BENIGN
10,4,4333.305215275,43.7392018845,320079,0,0,0,92.4666666667,0,99.0714285714,BENIGN
4,0,2.622157868,0.437026311,9152767,0,0,1,6,0,7.5,DDoS
2,1,173.825710754,28.9709517923,103552,0,0,1,6,0,8,BENIGN
5,0,6.939742448,1.156623741,4322927,0,0,1,6,0,7.2,DDoS
3,5,6488.316512,4.462007401,1792915,0,0,0,1292.555556,1,1454.125,DDoS
5,0,13.56294495,2.260490825,2211909,0,0,1,6,0,7.2,DDoS
8,4,123.380197,0.127010583,94480316,0,0,1,897.1538462,0,971.9166667,DDoS
5,0,14.92558105,2.487596842,2009972,0,0,1,6,0,7.2,DDoS
1,1,4680.4527274275,85.0991404987,23502,0,0,0,52.3333333333,1,78.5,BENIGN
8,6,164.5330554,0.197501738,70885452,0,0,1,777.9333333,0,833.5,DDoS
5,0,14.06504709,2.344174515,2132947,0,0,1,6,0,7.2,DDoS
3,6,21628.0635,16.73279218,537866,0,0,0,1163.3,2,1292.555556,DDoS
4,0,3.884180848,0.647363475,6178909,0,0,1,6,0,7.5,DDoS
3,4,16293.24194,9.804237391,713977,0,0,0,1454.125,1,1661.857143,DDoS
8,6,144.2887261,0.173200906,80830986,0,0,1,777.9333333,0,833.5,DDoS
5,0,4.910910357,0.818485059,6108847,0,0,1,6,0,7.2,DDoS
1,1,5381.2836330227,65.6254101588,30476,0,0,0,72.6666666667,1,109,BENIGN
6,1,34145.2480573819,523.0125523013,13384,0,1,1,95,0,108.5714285714,BENIGN
5,0,1152.294988,192.0491646,26035,0,0,1,6,0,7.2,DDoS
3,6,16524.82632,12.79121329,703608,0,0,0,1162.7,2,1291.888889,DDoS
2,2,5961.2518628912,129.592431802,30866,0,0,0,44.4,1,55.5,BENIGN
2,2,5821.2865043175,129.3619223182,30921,0,0,0,42.2,1,52.75,BENIGN
2,0,5725.1908396947,954.1984732824,2096,0,0,1,6,0,9,BENIGN
12,11,1526.9586372416,4.4893325651,5123256,0,0,0,325.9583333333,0,340.1304347826,BENIGN
2,2,1373493.97590361,24096.3855421687,166,0,0,0,55.4,1,69.25,BENIGN
1,1,5265.9294365456,61.9521110182,32283,0,0,0,74.3333333333,1,111.5,BENIGN
3,6,32285.99737,24.97842142,360311,0,0,0,1163.3,2,1292.555556,DDoS
3,5,21048.72709,14.47518411,552670,0,0,0,1292.555556,1,1454.125,DDoS
3,5,12636.88694,8.690371828,920559,0,0,0,1292.555556,1,1454.125,DDoS
1,1,4683.9562173356,32.8698681918,60846,0,0,0,110.3333333333,1,165.5,BENIGN
5,0,3.787951008,0.631325168,7919849,0,0,1,6,0,7.2,DDoS
3,6,13049.56997,10.09594513,891447,0,0,0,1163.3,2,1292.555556,DDoS
3,6,25727.72031,19.91480887,451925,0,0,0,1162.7,2,1291.888889,DDoS
2,2,2333333.33333333,17543.8596491228,228,0,0,0,114.4,1,143,BENIGN
1,1,3955.2601718269,64.8403306857,30845,0,0,0,55.6666666667,1,83.5,BENIGN
2,0,4000000,666666.666666667,3,0,0,1,6,0,9,BENIGN
4,0,2.624778698,0.437463116,9143628,0,0,1,6,0,7.5,DDoS
2,2,1915966.38655462,16806.7226890756,238,0,0,0,101.6,1,127,BENIGN
10,10,19.9148599513,0.3283571303,60909291,0,0,0,57.7619047619,1,60.65,BENIGN
2,2,9445.5586465679,129.3912143365,30914,0,0,0,65.8,1,82.25,BENIGN
3,6,213845.6162,165.5294183,54371,0,0,0,1162.7,2,1291.888889,DDoS
2,1,0,152.060418673,19729,0,0,1,0,0,0,BENIGN
3,6,274564.9042,212.5298132,42347,0,0,0,1162.7,2,1291.888889,DDoS
1,1,9608.7851750172,85.7927247769,23312,0,0,0,90.6666666667,1,136,BENIGN
2,2,9438.4745384395,127.5469532222,31361,0,0,0,67.8,1,84.75,BENIGN
5,0,3.124755878,0.520792646,9600750,0,0,1,6,0,7.2,DDoS
8,4,142.208908,0.146393317,81970955,0,0,1,897.1538462,0,971.9166667,DDoS
4,0,8.835717504,1.472619584,2716248,0,0,1,6,0,7.5,DDoS
4,0,11.43414149,1.905690248,2098977,0,0,1,6,0,7.5,DDoS
2,2,11966.4168301863,128.6711487117,31087,0,0,0,81.8,1,102.25,BENIGN
3,6,11593.42544,8.974011263,1002896,0,0,0,1162.7,2,1291.888889,DDoS
4,2,6621.3921901528,127.3344651952,47120,0,0,0,50,0,58.3333333333,BENIGN
3,6,11113.74367,8.598271556,1046722,0,0,0,1163.3,2,1292.555556,DDoS
3,4,45045.98743,27.11979978,258114,0,0,0,1453.375,1,1661,DDoS
2,2,807.2691337863,9.2789555608,431083,0,0,0,85.4,1,106.75,BENIGN
4,1,5690.5007931772,72.7685523424,68711,0,0,0,65.1666666667,0,78.2,BENIGN
1,1,790.565913433,131.7609855722,15179,0,0,1,6,1,9,BENIGN
6,0,18.27311918,3.045519863,1970107,0,0,1,6,0,7,DDoS
3,6,6402.244556,4.953167798,1817019,0,0,0,1163.3,2,1292.555556,DDoS
1,1,0,30303.0303030303,66,0,0,1,0,1,0,BENIGN
4,0,4.142306167,0.690384361,5793874,0,0,1,6,0,7.5,DDoS
3,5,468188.7735,322.139003,24834,0,0,0,1291.888889,1,1453.375,DDoS
10,8,67.1268357844,0.2910122939,61853057,0,0,0,218.5263157895,0,230.6666666667,BENIGN
2,1,191964.285714286,13392.8571428571,224,0,1,1,20,0,26.6666666667,BENIGN
7,7,1354.5866218476,4.5521393917,3075477,0,0,0,277.7333333333,1,297.5714285714,BENIGN
2,2,2857142.85714286,20408.1632653061,196,0,0,0,120.8,1,151,BENIGN
16,14,6.7685741466,0.2586716234,115977159,0,0,0,25.3225806452,0,26.1666666667,BENIGN
3,5,8574.400039,5.896604514,1356713,0,0,0,1292.555556,1,1454.125,DDoS
6,4,153.5564784276,1.9711999798,5073052,0,0,0,70.8181818182,0,77.9,BENIGN
9,7,126.5712489,0.173637999,92145729,0,0,1,686.4117647,0,729.3125,DDoS
4,0,10.54148536,1.756914226,2276719,0,0,1,6,0,7.5,DDoS
2,2,2251497.00598802,23952.0958083832,167,0,0,0,84.4,1,105.5,BENIGN
2,0,0,1574.8031496063,1270,0,0,1,0,0,0,BENIGN
5,0,3.80195177,0.633658628,7890684,0,0,1,6,0,7.2,DDoS
10,5,14770.3898292483,185.8689995291,80702,0,0,0,74.5,0,79.4666666667,BENIGN
1,1,3683.3602584814,64.620355412,30950,0,0,0,54.3333333333,1,81.5,BENIGN
1,1,0,90909.0909090909,22,0,0,1,0,1,0,BENIGN
1,1,428571.428571429,71428.5714285714,28,0,0,1,6,1,9,BENIGN
3,6,6391.403554,4.944780537,1820101,0,0,0,1163.3,2,1292.555556,DDoS
5,0,13.55877662,2.259796103,2212589,0,0,1,6,0,7.2,DDoS
3,5,10344.11316,7.11363408,1124601,0,0,0,1292.555556,1,1454.125,DDoS
5,0,7.387484911,1.231247485,4060922,0,0,1,6,0,7.2,DDoS
2,0,4000000,666666.666666667,3,1,0,0,6,0,9,BENIGN
2,4,488585.2428,252.2598276,23785,0,0,0,1660.142857,2,1936.833333,DDoS
5,0,5.854932341,0.975822057,5123885,0,0,1,6,0,7.2,DDoS
4,0,2.417880224,0.402980037,9926050,0,0,1,6,0,7.5,DDoS
4,0,2.394069889,0.399011648,10024770,0,0,1,6,0,7.5,DDoS
3,5,925863.9911,637.0441153,12558,0,0,0,1291.888889,1,1453.375,DDoS
3,5,17567.55736,12.08742228,661845,0,0,0,1291.888889,1,1453.375,DDoS
2,2,4689.958146576,39.5777058783,101067,0,0,0,101.8,1,127.25,BENIGN
8,5,119.3229324,0.13300164,97743156,0,0,1,833.5,0,897.6153846,DDoS
8,5,153.8792033,0.171519304,75793218,0,0,1,833.5,0,897.6153846,DDoS
15,10,26216.9107713961,78.5407752289,318306,0,0,0,320.9615384615,0,333.8,BENIGN
6,8,281.8267199896,2.3471588815,5964658,0,0,0,112.0666666667,1,120.0714285714,BENIGN
3,4,184245.5551,110.9244763,63106,0,0,0,1453.375,1,1661,DDoS
1,1,3427.3383121417,42.3128186684,47267,0,0,0,67,1,100.5,BENIGN
3,4,7816.405515,4.703416024,1488280,0,0,0,1454.125,1,1661.857143,DDoS
1,1,198473.282442748,3816.7938931298,524,0,0,0,49.3333333333,1,74,BENIGN
5,0,7.148354568,1.191392428,4196770,0,0,1,6,0,7.2,DDoS
3,5,16081.42874,11.05917905,723381,0,0,0,1292.555556,1,1454.125,DDoS
3,5,207683.9305,142.8239873,56013,0,0,0,1292.555556,1,1454.125,DDoS
2,2,1657142.85714286,19047.619047619,210,0,0,0,80.6,1,100.75,BENIGN
3,5,10969.41614,7.543654184,1060494,0,0,0,1292.555556,1,1454.125,DDoS
1,1,342857.142857143,57142.8571428571,35,0,0,1,6,1,9,BENIGN
5,4,0.8665460704,0.2599638211,34620202,0,0,1,3.6,0,4,BENIGN
2,2,3997.194277094,38.4345603567,104073,0,0,0,92.2,1,115.25,BENIGN
3,5,21051.9264,14.48485518,552301,0,0,0,1291.888889,1,1453.375,DDoS
13,8,103.8930565658,0.415334892,50561608,0,0,0,238.7727272727,0,250.1428571429,BENIGN
8,7,5.7586299395,0.1277802501,117389033,0,1,1,51.6875,0,55.1333333333,BENIGN
2,2,1592356.68789809,25477.7070063694,157,0,0,0,56.8,1,71,BENIGN
4,0,2.262085617,0.377014269,10609678,0,0,1,6,0,7.5,DDoS
1,1,4138.2431864473,64.6600497882,30931,0,0,0,59.3333333333,1,89,BENIGN
8,4,138.3540072,0.142424988,84254878,0,0,1,897.1538462,0,971.9166667,DDoS
2,0,2.3104385112,0.0624442841,32028552,0,1,1,37,0,55.5,BENIGN
4,0,3.202215079,0.533702513,7494812,0,0,1,6,0,7.5,DDoS
3,1,2.2199184402,0.7399728134,5405604,0,0,0,2.4,0,3,BENIGN
2,2,2680.9651474531,29.4611554665,135772,0,0,0,78.2,1,97.75,BENIGN
8,5,159.6669263,0.178062112,73008232,0,0,1,833.0714286,0,897.1538462,DDoS
2,2,1500000,26315.7894736842,152,0,0,0,53,1,66.25,BENIGN
14,16,85.5943087223,0.4925818649,60903582,0,0,0,168.1612903226,1,173.7666666667,BENIGN
9,6,157.8324328,0.202991211,73894825,0,0,1,729.3125,0,777.9333333,DDoS
1,1,3216.0759437519,22.1798340948,90172,0,0,0,112.6666666667,1,169,BENIGN
5,0,3.75195993,0.625326655,7995821,0,0,1,6,0,7.2,DDoS
5,0,3.954233699,0.65903895,7586805,0,0,1,6,0,7.2,DDoS
7,4,148.0295901492,2.1682097092,5073310,0,0,0,62.5833333333,0,68.2727272727,BENIGN
2,4,19704.49197,10.17356095,589764,0,0,0,1660.142857,2,1936.833333,DDoS
7,4,143.6432526939,2.0231444041,5437081,0,0,0,65.0833333333,0,71,BENIGN
8,6,130.2586234,0.15643997,89491196,0,0,1,777.5333333,0,833.0714286,DDoS
9,5,124.9428809,0.149978593,93346655,0,0,1,777.9333333,0,833.5,DDoS
3,5,51562.88784,35.45973547,225608,0,0,0,1292.555556,1,1454.125,DDoS
8,5,1162.092644,1.295310329,10036205,0,0,1,833.5,0,897.6153846,DDoS
8,6,134.4700368,0.161497857,86688457,0,0,1,777.5333333,0,833.0714286,DDoS
3,4,7996.117762,4.811555432,1454831,0,0,0,1454.125,1,1661.857143,DDoS
2,2,1343589.74358974,20512.8205128205,195,0,0,0,61.4,1,76.75,BENIGN
3,6,78296.82355,60.60646873,148499,0,0,0,1162.7,2,1291.888889,DDoS
3,4,23762.46932,14.30612241,489301,0,0,0,1453.375,1,1661,DDoS
1,1,0,31746.0317460317,63,0,0,1,0,1,0,BENIGN
3,4,10173.44619,6.12173329,1143467,0,0,0,1454.125,1,1661.857143,DDoS
7,3,8.7951140597,0.1291499862,77429354,0,1,1,70.8181818182,0,77.9,BENIGN
2,2,1671232.87671233,27397.2602739726,146,0,0,0,55.4,1,69.25,BENIGN
2,1,0,500000,6,0,0,1,0,0,0,BENIGN
8,6,119.3920985,0.143389326,97636277,0,0,1,777.5333333,0,833.0714286,DDoS
2,2,10.0476745596,0.1104140061,36227288,0,0,0,81.2,1,101.5,BENIGN
2,0,0,666666.666666667,3,0,0,1,0,0,0,BENIGN
3,5,542381.574,372.9951511,21448,0,0,0,1292.555556,1,1454.125,DDoS
1,1,2658.8673225206,33.2358415315,60176,0,0,0,69.3333333333,1,104,BENIGN
2,2,1869565.2173913,21739.1304347826,184,0,0,0,76.8,1,96,BENIGN
4,0,2.841673329,0.473612221,8445728,0,0,1,6,0,7.5,DDoS
3,4,16027.24922,9.649156664,725452,0,0,0,1453.375,1,1661,DDoS
2,2,2142857.14285714,14285.7142857143,280,0,0,0,126.4,1,158,BENIGN
1,1,1004.6359764329,20.9299161757,95557,0,0,0,48,1,72,BENIGN
3,5,6983.049911,4.80223496,1665891,0,0,0,1292.555556,1,1454.125,DDoS
3,4,563323.6434,339.1472868,20640,0,0,0,1453.375,1,1661,DDoS
3,6,18340.47634,14.19663603,633953,0,0,0,1162.7,2,1291.888889,DDoS
3,5,16629.02836,11.44166396,699199,0,0,0,1291.888889,1,1453.375,DDoS
2,2,1273631.84079602,19900.4975124378,201,0,0,0,59.2,1,74,BENIGN
1,1,2736.1584993984,32.965765053,60669,0,0,0,75.3333333333,1,113,BENIGN
3,4,18407.11271,11.08194624,631658,0,0,0,1453.375,1,1661,DDoS
4,0,5.941957474,0.990326246,4039073,0,0,1,6,0,7.5,DDoS
9,5,159.661069,0.191653517,73048490,0,0,1,777.9333333,0,833.5,DDoS
4,0,3.037313395,0.506218899,7901720,0,0,1,6,0,7.5,DDoS
22,22,74.4568478652,0.3781280362,116362702,0,0,0,192.5333333333,1,196.9090909091,BENIGN
4,0,6.330922043,1.055153674,3790917,0,0,1,6,0,7.5,DDoS
4,0,11.27290866,1.878818111,2128998,0,0,1,6,0,7.5,DDoS
3,6,41376.34225,32.01126797,281151,0,0,0,1163.3,2,1292.555556,DDoS
4,4,365.0335316058,5.3484766536,1495753,0,0,0,65.5555555556,1,73.75,BENIGN
4,0,4.305001461,0.717500244,5574911,0,0,1,6,0,7.5,DDoS
8,6,8351.7680978098,35.3140300119,396443,0,0,0,220.7333333333,0,236.5,BENIGN
3,5,113389.8024,77.97802969,102593,0,0,0,1292.555556,1,1454.125,DDoS
2,0,4000000,666666.666666667,3,1,0,0,6,0,9,BENIGN
3,5,9811.876478,6.747615561,1185604,0,0,0,1292.555556,1,1454.125,DDoS
13,0,46428571.4285714,928571.428571429,14,0,0,0,50,0,53.8461538462,BENIGN
2,0,143968.871595331,7782.1011673152,257,0,1,1,24.6666666667,0,37,BENIGN
4,0,11.52730555,1.921217591,2082013,0,0,1,6,0,7.5,DDoS
14,9,19876.4589428488,65.1408600293,353081,0,0,0,292.4166666667,0,305.1304347826,BENIGN
4,0,2.963411133,0.493901856,8098775,0,0,1,6,0,7.5,DDoS
18,24,2434.4555638972,153.0645713828,274394,0,0,0,15.5348837209,1,15.9047619048,BENIGN
2,0,9250000,500000,4,0,1,1,24.6666666667,0,37,BENIGN
1,1,0,39.587498268,50521,0,0,1,0,1,0,BENIGN
8,5,118.4970526,0.132081084,98424389,0,0,1,833.5,0,897.6153846,DDoS
3,5,12504.87758,8.599589155,930277,0,0,0,1292.555556,1,1454.125,DDoS
8,7,141.0654223,0.181520231,82635417,0,0,1,728.9375,0,777.5333333,DDoS
2,2,12398.097826087,169.8369565217,23552,0,0,0,67.4,1,84.25,BENIGN
3,1,77253.2188841202,17167.3819742489,233,1,0,0,4.8,0,6,BENIGN
3,5,175285.5378,120.5436519,66366,0,0,0,1292.555556,1,1454.125,DDoS
5,0,2.800411063,0.466735177,10712713,0,0,1,6,0,7.2,DDoS
4,2,2365.362860375,34.2806211649,175026,0,0,0,64.4285714286,0,75.1666666667,BENIGN
3,4,27096.75314,16.31351785,429092,0,0,0,1453.375,1,1661,DDoS
5,0,2.514185453,0.419030909,11932294,0,0,1,6,0,7.2,DDoS
4,2,6538.0493033226,160.7717041801,37320,0,0,0,39.1428571429,0,45.6666666667,BENIGN
2,2,1454545.45454545,14545.4545454545,275,0,0,0,87.2,1,109,BENIGN
4,4,8955.839773,6.158920157,1298929,0,0,1,1292.555556,1,1454.125,DDoS
2,0,10333333.3333333,666666.666666667,3,0,1,1,20.6666666667,0,31,BENIGN
1,1,480000,80000,25,0,0,1,6,1,9,BENIGN
4,0,7.9529767,1.325496117,3017738,0,0,1,6,0,7.5,DDoS
2,2,5.5442054278,0.0667976558,59882341,0,0,0,74,1,92.5,BENIGN
3,4,90821.79161,54.65078151,128086,0,0,0,1454.125,1,1661.857143,DDoS
8,6,114.4244976,0.137352565,101927474,0,0,1,777.9333333,0,833.5,DDoS
7,6,3465.1551794321,44.468921355,292339,0,0,0,72.3571428571,0,77.9230769231,BENIGN
1,1,7078.717965524,65.543684866,30514,0,0,0,86.6666666667,1,130,BENIGN
9,6,119.2183496,0.153328924,97828900,0,0,1,729.3125,0,777.9333333,DDoS
2,2,1622448.97959184,20408.1632653061,196,0,0,0,72,1,90,BENIGN
4,0,5.873877569,0.978979595,4085887,0,0,1,6,0,7.5,DDoS
2,0,0.5124310433,0.0854051739,23417785,0,0,1,6,0,9,BENIGN
3,6,18035.99447,13.95374798,644988,0,0,0,1163.3,2,1292.555556,DDoS
2,0,4000000,666666.666666667,3,0,0,1,6,0,9,BENIGN
8,6,118.2114433,0.141898329,98662191,0,0,1,777.9333333,0,833.5,DDoS
2,0,0,354.484225452,5642,0,0,1,0,0,0,BENIGN
7,6,9788.8808607089,32.1677075807,404132,0,0,0,282.5714285714,0,304.3076923077,BENIGN
8,6,142.5698925,0.171225744,81763406,0,0,1,777.5333333,0,833.0714286,DDoS
3,4,9381.148995,5.644979194,1240040,0,0,0,1454.125,1,1661.857143,DDoS
2,0,0,500000,4,0,0,1,0,0,0,BENIGN
2,2,5278.1079393219,80.5818006003,49639,0,0,0,61.4,1,76.75,BENIGN
2,2,4.3744774813,0.0611815032,65379237,0,0,0,65.8,1,82.25,BENIGN
3,4,319368.5655,192.1757035,36425,0,0,0,1454.125,1,1661.857143,DDoS
2,0,153846.153846154,25641.0256410256,78,0,0,1,6,0,9,BENIGN
55,47,368.7045376398,0.8667802812,117676881,0,0,0,421.2427184466,0,425.3725490196,BENIGN
2,2,1154929.57746479,28169.014084507,142,0,0,0,39.4,1,49.25,BENIGN
3,7,361210.3514,310.6651341,32189,0,0,0,1057,2,1162.7,DDoS
3,4,9608.983032,5.782075236,1210638,0,0,0,1454.125,1,1661.857143,DDoS
5,0,4.016731561,0.66945526,7468759,0,0,1,6,0,7.2,DDoS
4,0,1.994564977,0.332427496,12032699,0,0,1,6,0,7.5,DDoS
2,2,7532.9566854991,132.1571348333,30267,0,0,0,53,1,66.25,BENIGN
2,2,1010526.31578947,14035.0877192982,285,0,0,0,66,1,82.5,BENIGN
3,3,463.4260245025,5.3678690097,1117762,0,0,0,80.4285714286,1,93.8333333333,BENIGN
5,0,2.550223247,0.425037208,11763676,0,0,1,6,0,7.2,DDoS
2,2,2407239.81900452,18099.5475113122,221,0,0,0,114.4,1,143,BENIGN
2,2,9594.8546274086,105.4379629386,37937,0,0,0,81.4,1,101.75,BENIGN
1,1,3081.0745499215,40.2754843127,49658,0,0,0,67.6666666667,1,101.5,BENIGN
3,6,18341.86511,14.19771101,633905,0,0,0,1162.7,2,1291.888889,DDoS
4,0,2.629628351,0.438271392,9126765,0,0,1,6,0,7.5,DDoS
3,5,195846.2471,134.7527287,59368,0,0,0,1291.888889,1,1453.375,DDoS
1,1,130434.782608696,21739.1304347826,92,0,0,1,6,1,9,BENIGN
3,6,10523.52573,8.141642875,1105428,0,0,0,1163.3,2,1292.555556,DDoS
3,5,228914.9514,157.4245346,50818,0,0,0,1292.555556,1,1454.125,DDoS
3,4,44933.52914,27.05209461,258760,0,0,0,1453.375,1,1661,DDoS
1,1,3188.627229548,66.4297339489,30107,0,0,0,48,1,72,BENIGN
3,4,6631.665103,3.992573813,1753255,0,0,0,1453.375,1,1661,DDoS
4,0,7.224591788,1.204098631,3321987,0,0,1,6,0,7.5,DDoS
3,5,129935.295,89.40245633,89483,0,0,0,1291.888889,1,1453.375,DDoS
4,0,2.967077677,0.494512946,8088767,0,0,1,6,0,7.5,DDoS
4,0,150.4287219,25.07145364,159544,0,0,1,6,0,7.5,DDoS
3,5,262881.8196,180.8768003,44229,0,0,0,1291.888889,1,1453.375,DDoS
3,7,44949.42079,38.63957775,258802,0,0,0,1057.545455,2,1163.3,DDoS
17,12,26507.7627388535,72.1536624204,401920,0,0,0,355.1333333333,0,367.3793103448,BENIGN
2,0,12333333.3333333,666666.666666667,3,0,1,1,24.6666666667,0,37,BENIGN
3,7,6166.13837,5.303292655,1885621,0,0,0,1057,2,1162.7,DDoS
4,0,2.364591659,0.39409861,10149744,0,0,1,6,0,7.5,DDoS
3,4,55961.78454,33.67424498,207874,0,0,0,1454.125,1,1661.857143,DDoS
2,2,1302325.58139535,18604.6511627907,215,0,0,0,61.2,1,76.5,BENIGN
2,2,1129629.62962963,18518.5185185185,216,0,0,0,55.4,1,69.25,BENIGN
3,6,25925.69469,20.068053,448474,0,0,0,1162.7,2,1291.888889,DDoS
4,0,7.528358385,1.254726397,3187946,0,0,1,6,0,7.5,DDoS
2,4,375913.8255,194.0868215,30914,0,0,0,1660.142857,2,1936.833333,DDoS
3,6,72358.027,55.98059339,160770,0,0,0,1163.3,2,1292.555556,DDoS
4,0,12.57859657,2.096432762,1908003,0,0,1,6,0,7.5,DDoS
3,4,18324.04241,11.02624404,634849,0,0,0,1454.125,1,1661.857143,DDoS
2,2,2632653.06122449,20408.1632653061,196,0,0,0,116.2,1,145.25,BENIGN
9,6,116.4634913,0.149708833,100194489,0,0,1,729.6875,0,778.3333333,DDoS
2,0,41333333.3333333,666666.666666667,3,0,0,0,62,0,93,BENIGN
3,4,8807.68759,5.29990657,1320778,0,0,0,1454.125,1,1661.857143,DDoS
1,1,2389.9947616553,32.7396542693,61088,0,0,0,63.6666666667,1,95.5,BENIGN
3,5,244203.1421,168.0248677,47612,0,0,0,1291.888889,1,1453.375,DDoS
4,0,2.197876668,0.366312778,10919630,0,0,1,6,0,7.5,DDoS
2,2,987654.320987654,24691.3580246914,162,0,0,0,38.4,1,48,BENIGN
16,16,164.5877751555,0.5657152315,56565562,0,0,0,282.1212121212,1,290.9375,BENIGN
3,6,28760.95255,22.25123123,404472,0,0,0,1163.3,2,1292.555556,DDoS
2,2,14261.4319472659,165.830604038,24121,0,0,0,75.2,1,94,BENIGN
2,2,2447.5875213161,40.1243855953,99690,0,0,0,55.8,1,69.75,BENIGN
5,0,1163.8640285749,200.6662118233,24917,0,0,1,4.8333333333,0,5.8,BENIGN
8,4,144.1349181,0.148375999,80875614,0,0,1,897.1538462,0,971.9166667,DDoS
2,2,1489655.17241379,27586.2068965517,145,0,0,0,52.4,1,65.5,BENIGN
2,2,10253.415101074,129.7900645706,30819,0,0,0,69.4,1,86.75,BENIGN
9,4,129.7135072,0.144509006,89959791,0,0,1,833.9285714,0,898.0769231,DDoS
7,8,1204.5532307191,2.9260402366,5126382,0,0,0,385.9375,1,411.6666666667,BENIGN
5,4,59.0765710093,1.1659849541,7718796,0,0,0,45.6,0,50.6666666667,BENIGN
3,7,37215.33168,32.00768184,312425,0,0,0,1057,2,1162.7,DDoS
3,6,19888.16648,15.39464164,584619,0,0,0,1162.7,2,1291.888889,DDoS
5,0,4.088959401,0.681493233,7336830,0,0,1,6,0,7.2,DDoS
8,4,119.1050412,0.122609633,97871592,0,0,1,897.1538462,0,971.9166667,DDoS
2,2,1350.0724671251,26.4720091593,151103,0,0,0,49.4,1,61.75,BENIGN
2,0,12333333.3333333,666666.666666667,3,0,1,1,24.6666666667,0,37,BENIGN
3,5,107040.9835,73.61195458,108678,0,0,0,1292.555556,1,1454.125,DDoS
2,2,1580246.91358025,24691.3580246914,162,0,0,0,57.6,1,72,BENIGN
5,0,3.720322984,0.620053831,8063816,0,0,1,6,0,7.2,DDoS
2,2,1140271.49321267,18099.5475113122,221,0,0,0,56.4,1,70.5,BENIGN
2,2,10959.2615545191,130.4673994586,30659,0,0,0,74.6,1,93.25,BENIGN
5,0,9.891372942,1.648562157,3032946,0,0,1,6,0,7.2,DDoS
45,70,802.6804506316,0.9769619709,117711849,0,0,0,814.525862069,1,821.6086956522,BENIGN
3,6,160366.6942,124.0694789,72540,0,0,0,1163.3,2,1292.555556,DDoS
5,0,2.967425972,0.494570995,10109772,0,0,1,6,0,7.2,DDoS
4,0,4.010996146,0.668499358,5983551,0,0,1,6,0,7.5,DDoS
8,5,144.5396441,0.161109095,80690665,0,0,1,833.5,0,897.6153846,DDoS
3,6,40789.4783,31.57351894,285049,0,0,0,1162.7,2,1291.888889,DDoS
3,5,16557.18259,11.39223021,702233,0,0,0,1291.888889,1,1453.375,DDoS
8,6,127.3204501,0.152832573,91603509,0,0,1,777.9333333,0,833.5,DDoS
4,0,6.327835675,1.054639279,3792766,0,0,1,6,0,7.5,DDoS
12,10,487.087045127,1.3896919975,15830846,0,0,0,335.2608695652,0,350.5,BENIGN
3,5,14295.72616,9.836226823,813320,0,0,0,1291.888889,1,1453.375,DDoS
3,6,26300.02329,20.3473059,442319,0,0,0,1163.3,2,1292.555556,DDoS
1,1,1784.0623761068,22.0254614334,90804,0,0,0,67,1,100.5,BENIGN
3,6,784759.7192,607.4514039,14816,0,0,0,1162.7,2,1291.888889,DDoS
5,0,2.814600572,0.469100095,10658706,0,0,1,6,0,7.2,DDoS
20,16,31.0817338263,0.302498626,119008805,0,0,0,99.972972973,0,102.75,BENIGN
5,0,1308.215594,218.0359323,22932,0,0,1,6,0,7.2,DDoS
3,4,420126.4679,252.9358627,27675,0,0,0,1453.375,1,1661,DDoS
2,1,233766.233766234,38961.038961039,77,0,0,1,6,0,8,BENIGN
2,1,227906.976744186,13953.488372093,215,0,1,1,21.5,0,28.6666666667,BENIGN
4,0,2.835809133,0.472634855,8463193,0,0,1,6,0,7.5,DDoS
9,5,143.5557511,0.172232455,81285493,0,0,1,778.3333333,0,833.9285714,DDoS
8,5,114.9495989,0.128126964,101461859,0,0,1,833.5,0,897.6153846,DDoS
10,5,12279.9245897248,154.5292523875,97069,0,0,0,74.5,0,79.4666666667,BENIGN
2,0,10333333.3333333,666666.666666667,3,0,1,1,20.6666666667,0,31,BENIGN
3,6,9739.22629,7.538749171,1193832,0,0,0,1162.7,2,1291.888889,DDoS
3,4,522186.293,314.3806701,22266,0,0,0,1453.375,1,1661,DDoS
4,0,3.718131546,0.619688591,6454855,0,0,1,6,0,7.5,DDoS
2,2,2162162.16216216,54054.0540540541,74,0,0,0,38.4,1,48,BENIGN
3,6,10907.79523,8.438937257,1066485,0,0,0,1163.3,2,1292.555556,DDoS
3,4,7815.491779,4.702866195,1488454,0,0,0,1454.125,1,1661.857143,DDoS
1,1,0,39215.6862745098,51,0,0,1,0,1,0,BENIGN
8,6,121.6653581,0.146044329,95861305,0,0,1,777.9333333,0,833.5,DDoS
5,0,8.446081483,1.407680247,3551943,0,0,1,6,0,7.2,DDoS
8,4,141.3715391,0.145456441,82498925,0,0,1,897.6153846,0,972.4166667,DDoS
3,5,108825.4004,74.83909594,106896,0,0,0,1292.555556,1,1454.125,DDoS
3,6,7860.777807,6.081578291,1479879,0,0,0,1163.3,2,1292.555556,DDoS
1,1,0,83333.3333333333,24,0,0,1,0,1,0,BENIGN
1,2,0,37500,80,0,0,1,0,2,0,BENIGN
2,2,6.0732225463,0.0820705749,48738540,0,0,0,71.8,1,89.75,BENIGN
3,4,6214.001733,3.74112085,1871097,0,0,0,1453.375,1,1661,DDoS
4,0,2.637435674,0.439572612,9099748,0,0,1,6,0,7.5,DDoS
3,5,6242.493518,4.295170564,1862557,0,0,0,1291.888889,1,1453.375,DDoS
3,6,6684.396674,5.174126607,1739424,0,0,0,1162.7,2,1291.888889,DDoS
15,10,16198.6646110377,48.1186567581,519549,0,0,0,323.6923076923,0,336.64,BENIGN
1,1,2425.0026131494,41.8103898819,47835,0,0,0,52.6666666667,1,79,BENIGN
3,5,187272.493,128.8535258,62086,0,0,0,1291.888889,1,1453.375,DDoS
1,1,0,76923.0769230769,26,0,0,1,0,1,0,BENIGN
8,6,153.48955,0.184245366,75985629,0,0,1,777.9333333,0,833.5,DDoS
2,2,3887.0803167971,64.7846719466,61743,0,0,0,54.6,1,68.25,BENIGN
4,0,2.381483726,0.396913954,10077751,0,0,1,6,0,7.5,DDoS
4,0,1.056577944,0.176096324,22714841,0,0,1,6,0,7.5,DDoS
2,1,0,43478.2608695652,69,0,0,1,0,0,0,BENIGN
14,9,9676.9120973497,39.7444603998,578697,0,0,0,233.3333333333,0,243.4782608696,BENIGN
3,5,7712.493006,5.303872092,1508332,0,0,0,1292.555556,1,1454.125,DDoS
2,2,1023255.81395349,18604.6511627907,215,0,0,0,49.8,1,62.25,BENIGN
3,4,199017.4934,119.8178768,58422,0,0,0,1453.375,1,1661,DDoS
1,1,0,33333.3333333333,60,0,0,1,0,1,0,BENIGN
3,5,91855.91106,63.1691987,126644,0,0,0,1292.555556,1,1454.125,DDoS
3,5,21068.81732,14.48900013,552143,0,0,0,1292.555556,1,1454.125,DDoS
16,17,232169.79099332,296.2723550959,111384,0,0,0,760.5882352941,1,783.6363636364,BENIGN
4,0,5.962814399,0.9938024,4024945,0,0,1,6,0,7.5,DDoS
5,0,3.983037571,0.663839595,7531940,0,0,1,6,0,7.2,DDoS
1,1,0,28169.014084507,71,0,0,1,0,1,0,BENIGN
2,2,2147186.14718615,17316.0173160173,231,0,0,0,111.2,1,139,BENIGN
5,0,3.262376287,0.543729381,9195751,0,0,1,6,0,7.2,DDoS
2,2,2055555.55555556,18518.5185185185,216,0,0,0,98.2,1,122.75,BENIGN
3,6,14294.91766,11.06512935,813366,0,0,0,1162.7,2,1291.888889,DDoS
3,4,42593.80014,25.64346788,272974,0,0,0,1453.375,1,1661,DDoS
5,0,4.940856303,0.823476051,6071822,0,0,1,6,0,7.2,DDoS
2,2,1246376.8115942,28985.5072463768,138,0,0,0,39.8,1,49.75,BENIGN
3,5,18383.60788,12.64238486,632792,0,0,0,1292.555556,1,1454.125,DDoS
13,16,475.908252154,0.5363701105,54067144,0,0,0,857.7,1,887.275862069,BENIGN
5,0,4.27200907,0.712001512,7022457,0,0,1,6,0,7.2,DDoS
8,5,145.2180962,0.161865322,80313682,0,0,1,833.5,0,897.6153846,DDoS
8,6,144.0316115,0.172981261,80933622,0,0,1,777.5333333,0,833.0714286,DDoS
3,0,0,4249.2917847026,706,0,0,1,0,0,0,BENIGN
5,0,5.572654317,0.928775719,5383431,0,0,1,6,0,7.2,DDoS
3,5,6877.494518,4.729644644,1691459,0,0,0,1292.555556,1,1454.125,DDoS
3,6,9058.374461,7.008112279,1284226,0,0,0,1163.3,2,1292.555556,DDoS
2,2,5448.3726036309,81.318994084,49189,0,0,0,60.2,1,75.25,BENIGN
2,2,2357894.7368421,21052.6315789474,190,0,0,0,96.4,1,120.5,BENIGN
5,0,7.857632275,1.309605379,3817944,0,0,1,6,0,7.2,DDoS
3,5,26801.30677,18.43122618,434046,0,0,0,1292.555556,1,1454.125,DDoS
8,5,113.5472286,0.126628976,102662127,0,0,1,833.0714286,0,897.1538462,DDoS
3,4,17632.91032,10.61584005,659392,0,0,0,1453.375,1,1661,DDoS
2,2,1400000,25000,160,0,0,0,53.2,1,66.5,BENIGN
3,5,54034.8366,37.17886753,215176,0,0,0,1291.888889,1,1453.375,DDoS
2,2,1931034.48275862,13793.1034482759,290,0,0,0,120.8,1,151,BENIGN
2,2,14495.5672037792,129.4247071766,30906,0,0,0,103.8,1,129.75,BENIGN
3,6,204434.3637,158.2445406,56874,0,0,0,1162.7,2,1291.888889,DDoS
3,6,6549.013114,5.069331558,1775382,0,0,0,1162.7,2,1291.888889,DDoS
3,0,7400000,600000,5,0,0,1,9.25,0,12.3333333333,BENIGN
2,0,17666666.6666667,666666.666666667,3,0,1,1,35.3333333333,0,53,BENIGN
5,0,4.842214035,0.807035672,6195513,0,0,1,6,0,7.2,DDoS
3,6,12829.67512,9.925821031,906726,0,0,0,1163.3,2,1292.555556,DDoS
4,0,1.068221237,0.178036873,22467256,0,0,1,6,0,7.5,DDoS
4,4,6064.5878607166,80.8611714762,98935,0,0,0,71.6666666667,1,80.625,BENIGN
2,0,20270.2702702703,3378.3783783784,592,0,0,1,6,0,9,BENIGN
2,0,0,666666.666666667,3,0,0,1,0,0,0,BENIGN
2,1,197247.706422018,13761.4678899083,218,0,1,1,18.5,0,24.6666666667,BENIGN
3,6,18568.43988,14.37309357,626170,0,0,0,1162.7,2,1291.888889,DDoS
2,0,3000000,500000,4,1,0,0,6,0,9,BENIGN
2,2,9120.6832220886,165.830604038,24121,0,0,0,50.6,1,63.25,BENIGN
1,1,2323.7583291338,27.9970883028,71436,0,0,0,70,1,105,BENIGN
52,0,3014.2929054512,17.3235224451,3001699,0,0,0,174,0,177.3461538462,BENIGN
2,0,500000,83333.3333333333,24,0,0,1,6,0,9,BENIGN
1,1,6611.1614870992,32.9733740005,60655,0,0,0,148.6666666667,1,223,BENIGN
4,0,2.009770163,0.334961694,11941664,0,0,1,6,0,7.5,DDoS
2,0,4000000,666666.666666667,3,0,0,1,6,0,9,BENIGN
3,5,13351.69723,9.181945999,871275,0,0,0,1292.555556,1,1454.125,DDoS
2,0,12333333.3333333,666666.666666667,3,0,1,1,22.6666666667,0,34,BENIGN
2,2,5958.5492227979,129.5336787565,30880,0,0,0,43.2,1,54,BENIGN
3,5,19920.46889,13.70635169,583671,0,0,0,1291.888889,1,1453.375,DDoS
2,2,1245033.11258278,26490.0662251656,151,0,0,0,45.4,1,56.75,BENIGN
15,12,32.6045530662,0.4421511466,61065091,0,0,0,71.1071428571,0,73.7407407407,BENIGN
5,0,4.741084627,0.790180771,6327666,0,0,1,6,0,7.2,DDoS
4,0,11.29445249,1.882408749,2124937,0,0,1,6,0,7.5,DDoS
3,0,0,0.333420319,8997652,0,0,0,0,0,0,BENIGN
3,6,130793.1011,101.1895393,88942,0,0,0,1163.3,2,1292.555556,DDoS
15,13,141852.179447967,231.4604326657,120971,0,0,0,591.724137931,0,612.8571428571,BENIGN
4,2,7558.3236567085,126.6758154756,47365,0,0,0,57.1428571429,0,66.6666666667,BENIGN
15,11,76.8199494649,0.4275998043,60804518,0,0,0,173,0,179.6538461538,BENIGN
2,2,5555.1966927201,129.1906207609,30962,0,0,0,41.4,1,51.75,BENIGN
2,2,9.3197268212,0.1238501903,32297084,0,0,0,69.4,1,86.75,BENIGN
8,5,142.1526167,0.158448428,82045623,0,0,1,833.5,0,897.6153846,DDoS
4,0,13.80463905,2.300773175,1738546,0,0,1,6,0,7.5,DDoS
9,5,615.7785960799,2.5726351373,5441891,0,0,0,223.4,0,239.3571428571,BENIGN
4,0,3.374468574,0.562411429,7112231,0,0,1,6,0,7.5,DDoS
1,3,406779.661016949,67796.6101694915,59,0,0,1,6,3,7.5,BENIGN
8,5,151.6925522,0.169169013,76846225,0,0,1,833.0714286,0,897.1538462,DDoS
5,0,5.94070111,0.990116852,5049909,0,0,1,6,0,7.2,DDoS
4,0,3.427536802,0.571256134,7002113,0,0,1,6,0,7.5,DDoS
2,2,847328.244274809,15267.1755725191,262,0,0,0,50.8,1,63.5,BENIGN
2,2,8966.3122838478,128.0901754835,31228,0,0,0,64.4,1,80.5,BENIGN
2,2,1062146.89265537,22598.8700564972,177,0,0,0,45.4,1,56.75,BENIGN
10,8,610.2423827688,1.6299692669,11043153,0,0,0,354.6842105263,0,374.3888888889,BENIGN
2,2,1719148.93617021,17021.2765957447,235,0,0,0,88.2,1,110.25,BENIGN
2,2,8010.3440663534,126.1471506512,31709,0,0,0,56.8,1,71,BENIGN
5,5,284.4306086645,1.8899043765,5291273,0,0,0,136.8181818182,1,150.5,BENIGN
32,16,159.6137436202,0.6659822404,72073994,0,1,1,243,0,248.0625,BENIGN
3,4,111387.7266,67.02605398,104437,0,0,0,1454.125,1,1661.857143,DDoS
4,0,5.855225166,0.975870861,4098903,0,0,1,6,0,7.5,DDoS
8,5,118.6458503,0.132315009,98250381,0,0,1,833.0714286,0,897.1538462,DDoS
3,4,6267.763287,3.771541564,1856005,0,0,0,1454.125,1,1661.857143,DDoS
8,6,755.0933208408,2.657442557,5268223,0,0,0,265.2,0,284.1428571429,BENIGN
2,2,1275747.50830565,13289.0365448505,301,0,0,0,88,1,110,BENIGN
3,4,219234.1035,131.9211488,53062,0,0,0,1454.125,1,1661.857143,DDoS
52,0,2893.6229003005,16.6300166684,3126876,0,0,0,174,0,177.3461538462,BENIGN
16,14,9.076809329,0.2598323281,115459074,0,0,0,33.8064516129,0,34.9333333333,BENIGN
1,1,4081.1121030481,63.7673766101,31364,0,0,0,61.3333333333,1,92,BENIGN
2,2,2043103.44827586,17241.3793103448,232,0,0,0,100.8,1,126,BENIGN
5,5,76.714228668,0.8204730339,12188091,0,0,0,85,1,93.5,BENIGN
3,6,19670.70632,15.21846101,591387,0,0,0,1163.3,2,1292.555556,DDoS
2,2,8173.0613303928,64.8655661142,61666,0,0,0,109.6,1,137,BENIGN
3,6,6592.100133,5.100051681,1764688,0,0,0,1163.3,2,1292.555556,DDoS
9,4,125.4519208,0.139833231,92967887,0,0,1,833.5,0,897.6153846,DDoS
3,6,274863.4784,212.7609276,42301,0,0,0,1162.7,2,1291.888889,DDoS
5,0,3.78128684,0.630214473,7933807,0,0,1,6,0,7.2,DDoS
4,0,2.790115319,0.46501922,8601795,0,0,1,6,0,7.5,DDoS
1,1,0,48780.4878048781,41,0,0,1,0,1,0,BENIGN
3,5,120974.1995,83.19381038,96161,0,0,0,1292.555556,1,1454.125,DDoS
1,1,5116.3980557687,85.2733009295,23454,0,0,0,57.3333333333,1,86,BENIGN
2,2,14259.5747365764,126.1909268724,31698,0,0,0,97,1,121.25,BENIGN
19,18,41.256422016,0.3163049346,116975728,0,0,0,127,0,130.4324324324,BENIGN
3,6,45639.47444,35.30948766,254889,0,0,0,1163.3,2,1292.555556,DDoS
3,4,13044.72702,7.853538243,891318,0,0,0,1453.375,1,1661,DDoS
2,2,1931818.18181818,22727.2727272727,176,0,0,0,77.2,1,96.5,BENIGN
3,6,6383.042966,4.940860643,1821545,0,0,0,1162.7,2,1291.888889,DDoS
4,0,4.003425598,0.6672376,5994866,0,0,1,6,0,7.5,DDoS
5,0,3.233493474,0.538915579,9277891,0,0,1,6,0,7.2,DDoS
3,5,9598.002678,6.600534808,1212023,0,0,0,1292.555556,1,1454.125,DDoS
5,0,4.551771162,0.758628527,6590841,0,0,1,6,0,7.2,DDoS
3,4,144148.2767,86.78403174,80660,0,0,0,1453.375,1,1661,DDoS
1,1,129032.258064516,21505.376344086,93,0,0,1,6,1,9,BENIGN
23,20,77.6771999902,0.3712068904,115838367,0,0,0,204.5,0,209.2558139535,BENIGN
3,5,17165.10848,11.8044243,677712,0,0,0,1292.555556,1,1454.125,DDoS
2,2,911111.111111111,22222.2222222222,180,0,0,0,39.4,1,49.25,BENIGN
1,1,3878.6444466358,65.7397363837,30423,0,0,0,56.3333333333,1,84.5,BENIGN
2,2,10651.8960374947,85.2151683,46940,0,0,0,105.6,1,132,BENIGN
3,6,425445.4975,329.320502,27329,0,0,0,1162.7,2,1291.888889,DDoS
5,3,4247.645327047,43.4541721437,184102,0,0,0,86.8888888889,0,97.75,BENIGN
4,4,10.9474285937,0.1186713127,67413091,0,0,0,86.1111111111,1,96.875,BENIGN
3,4,14192.33153,8.540043042,819668,0,0,0,1454.125,1,1661.857143,DDoS
3,1,1.9362080752,0.6454026917,6197681,0,0,0,2.4,0,3,BENIGN
3,5,238571.0768,164.1497045,48736,0,0,0,1291.888889,1,1453.375,DDoS
4,0,2.583783764,0.430630627,9288703,0,0,1,6,0,7.5,DDoS
3,4,12668.34591,7.623005359,918273,0,0,0,1454.125,1,1661.857143,DDoS
3,5,18156.5489,12.49268007,640375,0,0,0,1291.888889,1,1453.375,DDoS
2,2,371681.415929204,8849.5575221239,452,0,0,0,40.4,1,50.5,BENIGN
5,0,3.699710757,0.616618459,8108742,0,0,1,6,0,7.2,DDoS
19,16,146.8279133781,0.5710608921,61289436,0,0,0,249.9722222222,0,257.1142857143,BENIGN
2,2,2000000,22727.2727272727,176,0,0,0,78.4,1,98,BENIGN
2,6,284104.2441,195.5798944,40904,0,0,0,1291.222222,3,1452.625,DDoS
1,1,300000,50000,40,0,0,1,6,1,9,BENIGN
3,5,88865.97151,61.11302089,130905,0,0,0,1292.555556,1,1454.125,DDoS
2,2,1414847.16157205,17467.2489082969,229,0,0,0,70.8,1,88.5,BENIGN
7,5,1558.239033,1.604915321,7477030,0,0,1,896.6923077,0,971.4166667,DDoS
4,4,5.8181730909,0.1212119394,66000099,0,0,0,48,1,54,BENIGN
1,1,0,3623.1884057971,552,0,0,1,0,1,0,BENIGN
3,6,11971.66647,9.262013088,971711,0,0,0,1163.3,2,1292.555556,DDoS
1,1,406.8624126941,135.6208042314,14747,0,0,1,4,1,6,BENIGN
3,0,7750000,750000,4,0,0,1,7.75,0,10.3333333333,BENIGN
20,18,17.45379544,0.326721294,116307081,0,0,0,52.0512820513,0,53.4210526316,BENIGN
1,1,3063.6498333128,15.434004198,129584,0,0,0,150.6666666667,1,226,BENIGN
3,6,18811.78352,14.55394582,618389,0,0,0,1163.3,2,1292.555556,DDoS
2,2,1707070.70707071,20202.0202020202,198,0,0,0,75,1,93.75,BENIGN
5,0,10.54485624,1.757476039,2844989,0,0,1,6,0,7.2,DDoS
3,6,10396.76255,8.043571131,1118906,0,0,0,1163.3,2,1292.555556,DDoS
1,1,292682.926829268,48780.4878048781,41,0,0,1,6,1,9,BENIGN
1,1,0,40000,50,0,0,1,0,1,0,BENIGN
5,0,3.767483951,0.627913992,7962874,0,0,1,6,0,7.2,DDoS
8,6,689.8747050759,2.4676151944,5673494,0,0,0,260.9333333333,0,279.5714285714,BENIGN
20,15,207575.842070042,487.954494758,71728,0,0,0,413.5833333333,0,425.4,BENIGN
3,6,9119.780116,7.055619448,1275579,0,0,0,1163.3,2,1292.555556,DDoS
3,6,11798.78472,9.128261198,985949,0,0,0,1163.3,2,1292.555556,DDoS
8,6,1458.14862,1.751229363,7994384,0,0,1,777.5333333,0,833.0714286,DDoS
4,0,5.197286843,0.866214474,4617794,0,0,1,6,0,7.5,DDoS
17,15,18.3913928698,0.2779993254,115108193,0,0,0,64.1515151515,0,66.15625,BENIGN
3,4,14750.1455964556,38.1000070757,183727,0,0,0,338.75,1,387.1428571429,BENIGN
1,3,187500,41666.6666666667,96,0,0,1,3.6,3,4.5,BENIGN
1,1,0,22727.2727272727,88,0,0,1,0,1,0,BENIGN
3,5,18652.97104,12.82762557,623654,0,0,0,1292.555556,1,1454.125,DDoS
5,0,4.144296674,0.690716112,7238864,0,0,1,6,0,7.2,DDoS
2,2,5000.480815463,128.2174568067,31197,0,0,0,37.4,1,46.75,BENIGN
3,6,456748.9001,353.5512256,25456,0,0,0,1162.7,2,1291.888889,DDoS
3,5,8493.184707,5.843766892,1368980,0,0,0,1291.888889,1,1453.375,DDoS
1,1,526.4633028565,7.5750115519,264026,0,0,0,62,1,93,BENIGN
3,5,337327.3761,232.0993385,34468,0,0,0,1291.888889,1,1453.375,DDoS
7,2,3.8467918341,0.1442546938,62389651,0,1,1,28.1,0,31.2222222222,BENIGN
1,1,461538.461538462,76923.0769230769,26,0,0,1,6,1,9,BENIGN
8,5,128.3357191,0.143047616,90878830,0,0,1,833.5,0,897.6153846,DDoS
2,0,7207.2072072072,1201.2012012012,1665,0,0,1,6,0,9,BENIGN
1,1,0,55555.5555555556,36,0,0,1,0,1,0,BENIGN
3,5,317746.0326,218.5135615,36611,0,0,0,1292.555556,1,1454.125,DDoS
3,6,10269.91523,7.945434289,1132726,0,0,0,1163.3,2,1292.555556,DDoS
8,5,141.1031812,0.157359643,82613304,0,0,1,833.0714286,0,897.1538462,DDoS
4,0,6.250125328,1.041687555,3839923,0,0,1,6,0,7.5,DDoS
2,2,6661.9235495764,129.3577388267,30922,0,0,0,48,1,60,BENIGN
10,12,542.7597194026,2.6570346744,8279907,0,0,0,195.3913043478,1,204.2727272727,BENIGN
2,1,86.1714044981,14.3619007497,208886,0,0,1,6,0,8,BENIGN
40,44,557.9171268267,0.7845096698,107073250,0,0,0,702.8,1,711.1666666667,BENIGN
3,5,152932.9793,105.1718245,76066,0,0,0,1292.555556,1,1454.125,DDoS
4,0,9.02693751,1.504489585,2658709,0,0,1,6,0,7.5,DDoS
4,0,2.001219243,0.33353654,11992689,0,0,1,6,0,7.5,DDoS
8,5,152.7275706,0.170235653,76364732,0,0,1,833.5,0,897.6153846,DDoS
2,1,0,82.4492936844,36386,0,0,1,0,0,0,BENIGN
3,6,626961.4451,485.3060124,18545,0,0,0,1162.7,2,1291.888889,DDoS
3,5,11222.29758,7.717560441,1036597,0,0,0,1292.555556,1,1454.125,DDoS
3,6,7197.154035,5.565287939,1617167,0,0,0,1163.9,2,1293.222222,DDoS
9,6,126.3002149,0.16235352,92390975,0,0,1,729.6875,0,778.3333333,DDoS
3,4,630736.6822,379.7331019,18434,0,0,0,1453.375,1,1661,DDoS
3,4,6699.929217,4.031591551,1736287,0,0,0,1454.125,1,1661.857143,DDoS
3,6,18857.49485,14.5893109,616890,0,0,0,1163.3,2,1292.555556,DDoS
2,0,10333333.3333333,666666.666666667,3,0,1,1,20.6666666667,0,31,BENIGN
4,0,4.366119495,0.727686582,5496872,0,0,1,6,0,7.5,DDoS
1,1,0,80000,25,0,0,1,0,1,0,BENIGN
2,2,3116.5075170161,49.8641202723,80218,0,0,0,56.8,1,71,BENIGN
8,5,157.9247772,0.176028646,73851616,0,0,1,833.5,0,897.6153846,DDoS
2,1,48387.0967741936,12096.7741935484,248,1,0,0,4.5,0,6,BENIGN
5,0,1.240010117,0.206668353,24193351,0,0,1,6,0,7.2,DDoS
61,63,236816.434268664,355.7697825214,348540,0,0,0,660.32,1,665.6451612903,BENIGN
3,6,9881.192946,7.644694964,1177287,0,0,0,1163.3,2,1292.555556,DDoS
2,2,1574193.5483871,25806.4516129032,155,0,0,0,55.4,1,69.25,BENIGN
2,2,119036.801453885,1817.3557473876,2201,0,0,0,58.8,1,73.5,BENIGN
3,4,10035.52612,6.041857992,1158584,0,0,0,1453.375,1,1661,DDoS
3,5,189847.1687,130.6250408,61244,0,0,0,1291.888889,1,1453.375,DDoS
6,0,3.805509702,0.634251617,9459968,0,0,1,6,0,7,DDoS
5,0,4.501848684,0.750308114,6663929,0,0,1,6,0,7.2,DDoS
8,6,145.3931113,0.174616416,80175738,0,0,1,777.5333333,0,833.0714286,DDoS
9,4,115.7996409,0.129008084,100768879,0,0,1,833.9285714,0,898.0769231,DDoS
6,0,8.491761694,1.415293616,4239403,0,0,1,6,0,7,DDoS
3,4,37760.66616,22.73369426,307913,0,0,0,1453.375,1,1661,DDoS
7,4,154.9526620609,2.18243186,5040249,0,0,0,65.0833333333,0,71,BENIGN
2,2,1005586.59217877,22346.3687150838,179,0,0,0,42.2,1,52.75,BENIGN
3,4,201434.4866,121.2730202,57721,0,0,0,1453.375,1,1661,DDoS
2,2,672.525107604,9.4389488787,423776,0,0,0,65.2,1,81.5,BENIGN
8,4,145.6754756,0.149884739,80061520,0,0,1,897.6153846,0,972.4166667,DDoS
48,66,994.6664016281,1.0351177122,110132402,0,0,1,952.5652173913,1,960.9210526316,BENIGN
3,6,231973.9835,179.561869,50122,0,0,0,1162.7,2,1291.888889,DDoS
1,1,3017.8110021894,39.4485098325,50699,0,0,0,67.6666666667,1,101.5,BENIGN
2,2,2730158.73015873,21164.0211640212,189,0,0,0,116.2,1,145.25,BENIGN
2,2,1197080.2919708,29197.0802919708,137,0,0,0,39.4,1,49.25,BENIGN
8,5,145.5195712,0.162201357,80147295,0,0,1,833.5,0,897.6153846,DDoS
2,2,1343750,15625,256,0,0,0,75.6,1,94.5,BENIGN
2,2,580645.161290323,12903.2258064516,310,0,0,0,42.2,1,52.75,BENIGN
10,6,1028.4799293046,2.9212992844,5477015,0,0,0,331.3529411765,0,352.0625,BENIGN
2,0,37000000,2000000,1,0,1,1,24.6666666667,0,37,BENIGN
8,4,165.4803034,0.170349459,70443429,0,0,1,897.1538462,0,971.9166667,DDoS
16,6,150900.735564006,161.5010791208,136222,0,0,0,893.7391304348,0,934.3636363636,BENIGN
5,0,32.93001384,5.48833564,911023,0,0,1,6,0,7.2,DDoS
1,1,5327.8336340981,85.93280055,23274,0,0,0,56.6666666667,1,85,BENIGN
1,1,352830.188679245,3773.5849056604,530,0,0,0,80.6666666667,1,121,BENIGN
4,0,5.219166956,0.869861159,4598435,0,0,1,6,0,7.5,DDoS
2,0,4000000,666666.666666667,3,0,0,1,6,0,9,BENIGN
2,2,1453924.91467577,13651.8771331058,293,0,0,0,92.8,1,116,BENIGN
3,5,21634.16363,14.88546565,537437,0,0,0,1291.888889,1,1453.375,DDoS
2,0,0,2000000,1,0,0,1,0,0,0,BENIGN
2,0,1000000,166666.666666667,12,0,0,1,6,0,9,BENIGN
8,6,145.2627285,0.174459827,80247701,0,0,1,777.5333333,0,833.0714286,DDoS
3,1,2.4686586155,0.705331033,5671096,0,0,0,2.8,0,3.5,BENIGN
4,0,4.929603212,0.821600535,4868546,0,0,1,6,0,7.5,DDoS
4,0,3.781985552,0.630330925,6345873,0,0,1,6,0,7.5,DDoS
3,3,93.7309901836,1.8746198037,3200649,0,0,0,50,1,58.3333333333,BENIGN
3,5,340997.7417,234.624747,34097,0,0,0,1291.888889,1,1453.375,DDoS
2,0,0,666666.666666667,3,0,0,1,0,0,0,BENIGN
8,5,156.9579949,0.175041086,74268278,0,0,1,833.0714286,0,897.1538462,DDoS
3,5,245445.5257,168.8796943,47371,0,0,0,1291.888889,1,1453.375,DDoS
2,1,515.2868430093,85.8811405015,34932,0,0,1,6,0,8,BENIGN
20,22,95.9678264238,0.3805370761,110370323,0,0,0,246.3255813953,1,252.1904761905,BENIGN
4,0,4.161169733,0.693528289,5767609,0,0,1,6,0,7.5,DDoS
5,5,14.2429522672,0.1658085246,60310530,0,0,0,78.0909090909,1,85.9,BENIGN
5,4,40.1960486636,0.4862425242,18509282,0,0,0,74.4,0,82.6666666667,BENIGN
3,7,252134.8996,216.7410811,46138,0,0,0,1057.545455,2,1163.3,DDoS
3,0,49400000,600000,5,0,1,1,115.75,0,154.3333333333,BENIGN
2,7,257096.0819,199.1106391,45201,0,0,0,1162.1,3,1291.222222,DDoS
3,5,25500.11618,17.53639899,456194,0,0,0,1292.555556,1,1454.125,DDoS
31,26,153.3234088666,0.4882092791,116753209,0,0,0,308.6379310345,0,314.0526315789,BENIGN
3,5,16343.16574,11.23917527,711796,0,0,0,1292.555556,1,1454.125,DDoS
2,2,1259668.50828729,22099.4475138122,181,0,0,0,53,1,66.25,BENIGN
9,5,127.4016936,0.152851462,91592189,0,0,1,778.3333333,0,833.9285714,DDoS
5,0,2.955826357,0.492637726,10149446,0,0,1,6,0,7.2,DDoS
1,1,7412.2236671001,65.0195058518,30760,0,0,0,92.6666666667,1,139,BENIGN
5,0,3.534058844,0.589009807,8488823,0,0,1,6,0,7.2,DDoS
2,2,6527.8159285172,64.6318408764,61889,0,0,0,86.8,1,108.5,BENIGN
3,4,802747.8597,483.2919083,14484,0,0,0,1453.375,1,1661,DDoS
4,0,2.631647913,0.438607985,9119761,0,0,1,6,0,7.5,DDoS
8,6,142.2791574,0.170788665,81972653,0,0,1,777.9333333,0,833.5,DDoS
2,2,3210.5841539357,43.0950893146,92818,0,0,0,65.8,1,82.25,BENIGN
1,1,266666.666666667,44444.4444444444,45,0,0,1,6,1,9,BENIGN
1,1,0,26666.6666666667,75,0,0,1,0,1,0,BENIGN
1,1,3747.4723113741,37.1036862512,53903,0,0,0,82,1,123,BENIGN
2,2,5012.6955524613,65.5254320583,61045,0,0,0,67.4,1,84.25,BENIGN
1,1,2388.3902745409,16.528652419,121002,0,0,0,116.6666666667,1,175,BENIGN
5,0,2.719181186,0.453196864,11032733,0,0,1,6,0,7.2,DDoS
2,2,811881.188118812,19801.9801980198,202,0,0,0,39.4,1,49.25,BENIGN
3,0,83333.3333333333,8064.5161290323,372,0,0,1,7.75,0,10.3333333333,BENIGN
2,2,8601.6117583198,167.0215875402,23949,0,0,0,48,1,60,BENIGN
4,0,38500000,2000000,2,0,0,1,15.4,0,19.25,BENIGN
2,2,1895424.83660131,26143.7908496732,153,0,0,0,66.6,1,83.25,BENIGN
5,0,14.26509104,2.377515173,2103036,0,0,1,6,0,7.2,DDoS
5,0,3.148405112,0.524734185,9528634,0,0,1,6,0,7.2,DDoS
4,2,13518.1578645893,98.1948513166,61103,0,0,0,122.8571428571,0,143.3333333333,BENIGN
5,0,4.981016516,0.830169419,6022867,0,0,1,6,0,7.2,DDoS
5,0,14.39803956,2.39967326,2083617,0,0,1,6,0,7.2,DDoS
10,12,173.5234425063,0.7592513395,28975912,0,0,0,218.6086956522,1,228.5454545455,BENIGN
9,6,118.7253335,0.152694847,98235142,0,0,1,729.3125,0,777.9333333,DDoS
5,0,11.76915047,1.961525078,2549037,0,0,1,6,0,7.2,DDoS
2,2,1147679.32489452,16877.6371308017,237,0,0,0,61.8,1,77.25,BENIGN
3,5,8941.44572,6.152194526,1300349,0,0,0,1291.888889,1,1453.375,DDoS
15,13,96.6785775524,0.4577274554,61171773,0,0,0,203.9310344828,0,211.2142857143,BENIGN
3,5,9808.644126,6.748873571,1185383,0,0,0,1291.888889,1,1453.375,DDoS
3,6,6170.829001,4.774130578,1885160,0,0,0,1163.3,2,1292.555556,DDoS
1,1,835.1042281149,7.1072700265,281402,0,0,0,93.3333333333,1,140,BENIGN
3,5,196057.6015,134.8981519,59304,0,0,0,1291.888889,1,1453.375,DDoS
3,5,88633.26244,60.98444134,131181,0,0,0,1291.888889,1,1453.375,DDoS
5,0,22.41296485,3.735494142,1338511,0,0,1,6,0,7.2,DDoS
2,2,12110.2733544875,116.4449361008,34351,0,0,0,91.2,1,114,BENIGN
2,0,770833.333333333,41666.6666666667,48,0,1,1,24.6666666667,0,37,BENIGN
8,4,126.1254995,0.12976987,92471388,0,0,1,897.6153846,0,972.4166667,DDoS
2,2,4550724.63768116,57971.0144927536,69,0,0,0,72.2,1,90.25,BENIGN
5,0,3.079173242,0.51319554,9742875,0,0,1,6,0,7.2,DDoS
10,6,5416.3640058204,37.3703424291,428147,0,0,0,136.4117647059,0,144.9375,BENIGN
1,1,0,20408.1632653061,98,0,0,1,0,1,0,BENIGN
1,1,1018.0923494602,21.2102572804,94294,0,0,0,48,1,72,BENIGN
3,5,117449.2918,80.76973558,99047,0,0,0,1292.555556,1,1454.125,DDoS
5,0,26.40879941,4.401466569,1135985,0,0,1,6,0,7.2,DDoS
10,5,9835.7448397912,133.3961777549,112447,0,0,0,69.125,0,73.7333333333,BENIGN
3,6,21674.08202,16.76839493,536724,0,0,0,1163.3,2,1292.555556,DDoS
1,1,0,40816.3265306122,49,0,0,1,0,1,0,BENIGN
3,1,2.0561496781,0.685383226,5836151,0,0,0,2.4,0,3,BENIGN
2,1,0,33333.3333333333,90,0,0,1,0,0,0,BENIGN
22,20,183015.771720303,319.0810465858,131628,0,0,0,560.2325581395,0,573.5714285714,BENIGN
9,6,161.3665108,0.207536454,72276459,0,0,1,729.3125,0,777.9333333,DDoS
2,5,9189.960362,5.532787695,1265185,0,0,0,1453.375,2,1661,DDoS
3,6,12142.71474,9.394346482,958023,0,0,0,1163.3,2,1292.555556,DDoS
8,6,117.6581627,0.141306878,99075149,0,0,1,777.5333333,0,833.0714286,DDoS
2,0,151898.734177215,25316.4556962025,79,0,0,1,6,0,9,BENIGN
1,1,2755.506863868,33.1988778779,60243,0,0,0,72.3333333333,1,108.5,BENIGN
3,0,360000,60000,50,0,0,1,6,0,8,BENIGN
2,2,1860465.11627907,18604.6511627907,215,0,0,0,87.2,1,109,BENIGN
1,1,300000,50000,40,0,0,1,6,1,9,BENIGN
3,7,15850.12249,13.63216865,733559,0,0,0,1057,2,1162.7,DDoS
2,2,1.720876878,0.033415085,119706414,0,0,0,48.8,1,61,BENIGN
4,0,15.92616629,2.654361049,1506954,0,0,1,6,0,7.5,DDoS
8,6,131.6137905,0.157986201,88615334,0,0,1,777.9333333,0,833.5,DDoS
55,97,11013.1598303826,14.7012355905,10339267,0,0,0,744.2352941176,1,749.1315789474,BENIGN
1,1,0,40000,50,0,0,1,0,1,0,BENIGN
3,6,370995.5329,287.1729419,31340,0,0,0,1162.7,2,1291.888889,DDoS
5,0,0.677525901,0.112920984,44278750,0,0,1,6,0,7.2,DDoS
3,4,441051.5135,265.5337228,26362,0,0,0,1453.375,1,1661,DDoS
16,15,25.8784599251,0.2672325975,116003812,0,0,0,93.8125,0,96.8387096774,BENIGN
15,13,28.1115344794,0.2548973334,109848148,0,0,1,106.4827586207,0,110.2857142857,BENIGN
3,0,198501.872659176,11235.9550561798,267,0,0,1,13.25,0,17.6666666667,BENIGN
2,2,2305084.74576271,22598.8700564972,177,0,0,0,89.2,1,111.5,BENIGN
1,1,214285.714285714,35714.2857142857,56,0,0,1,6,1,9,BENIGN
2,2,365517.24137931,4597.7011494253,870,0,0,0,71.8,1,89.75,BENIGN
17,14,105.3614651415,0.5021069054,61739840,0,0,0,203.28125,0,209.8387096774,BENIGN
2,0,3.1880537251,0.5313422875,3764052,0,0,1,6,0,9,BENIGN
3,7,167840.7483,144.3543032,69274,0,0,0,1057,2,1162.7,DDoS
3,5,8770.891467,6.031731431,1326319,0,0,0,1292.555556,1,1454.125,DDoS
21,16,133.564563045,0.5977850287,61895160,0,0,0,217.5526315789,0,223.4324324324,BENIGN
9,5,117.3935607,0.140844104,99400682,0,0,1,778.3333333,0,833.9285714,DDoS
25,29,1334.9259139089,3.5954910146,15018811,0,0,0,364.5272727273,1,371.2777777778,BENIGN
3,6,476535.9236,368.8675765,24399,0,0,0,1162.7,2,1291.888889,DDoS
3,5,347793.5901,239.1772303,33448,0,0,0,1292.555556,1,1454.125,DDoS
3,6,9345.238813,7.23004808,1244805,0,0,0,1163.3,2,1292.555556,DDoS
1,1,0,34482.7586206897,58,0,0,1,0,1,0,BENIGN
3,0,104729.72972973,10135.1351351351,296,0,0,1,7.75,0,10.3333333333,BENIGN
9,6,127.2856383,0.163704413,91628562,0,0,1,729.3125,0,777.9333333,DDoS
3,5,23091.74966,15.88016825,503773,0,0,0,1292.555556,1,1454.125,DDoS
1,1,218181.818181818,36363.6363636364,55,0,0,1,6,1,9,BENIGN
3,6,6139.618094,4.752435095,1893766,0,0,0,1162.7,2,1291.888889,DDoS
3,4,6636.476132,3.995470278,1751984,0,0,0,1453.375,1,1661,DDoS
2,0,0,3095.9752321982,646,0,0,1,0,0,0,BENIGN
7,0,0,0.1066293736,65647952,0,0,0,0,0,0,BENIGN
1,1,0,11627.9069767442,172,0,0,1,0,1,0,BENIGN
2,2,3626.9021524876,78.8456989671,50732,0,0,0,44.4,1,55.5,BENIGN
10,9,1207.3771918634,3.7120010753,5118533,0,0,0,309,0,325.2631578947,BENIGN
5,0,6.003387111,1.000564519,4997179,0,0,1,6,0,7.2,DDoS
9,9,1634.5314941069,2.909281805,6187094,0,0,0,532.2631578947,1,561.8333333333,BENIGN
3,6,54907.08794,42.47948005,211867,0,0,0,1163.3,2,1292.555556,DDoS
13,13,979.4071982897,3.401627993,7643399,0,0,0,277.2592592593,1,287.9230769231,BENIGN
3,5,725611.2774,499.001996,16032,0,0,0,1292.555556,1,1454.125,DDoS
1,1,4152.8778145481,64.8887158523,30822,0,0,0,61.3333333333,1,92,BENIGN
5,0,7.490801296,1.248466883,4004912,0,0,1,6,0,7.2,DDoS
4,0,5.933180521,0.98886342,4045048,0,0,1,6,0,7.5,DDoS
18,18,653.2309421465,1.8060297917,19933226,0,0,0,351.9189189189,1,361.6944444444,BENIGN
15,10,28648.081904527,85.659854995,291852,0,0,0,321.5769230769,0,334.44,BENIGN
2,2,7.3325083071,0.0752052134,53187802,0,0,0,87,1,108.75,BENIGN
16,23,215217.391304348,236.1632554196,165140,0,0,0,888.525,1,911.3076923077,BENIGN
7,6,1752.447237,1.95535268,6648417,0,0,1,832.6428571,0,896.6923077,DDoS
5,0,416.4006329,69.40010549,72046,0,0,1,6,0,7.2,DDoS
1,1,7933.1534284878,65.0258477745,30757,0,0,0,100.6666666667,1,151,BENIGN
2,0,6063.6685194543,1010.6114199091,1979,0,0,1,6,0,9,BENIGN
3,6,275488.6862,213.2448762,42205,0,0,0,1162.7,2,1291.888889,DDoS
5,0,16.1026447,2.683774116,1863048,0,0,1,6,0,7.2,DDoS
5,0,3.314983793,0.552497299,9049818,0,0,1,6,0,7.2,DDoS
3,4,248250.1067,149.3811353,46860,0,0,0,1454.125,1,1661.857143,DDoS
5,0,8.165589444,1.360931574,3673954,0,0,1,6,0,7.2,DDoS
1,1,0,35087.7192982456,57,0,0,1,0,1,0,BENIGN
5,0,3.761435705,0.626905951,7975678,0,0,1,6,0,7.2,DDoS
1,1,9403.9903418478,84.7206337103,23607,0,0,0,89.6666666667,1,134.5,BENIGN
9,6,143.7655784,0.184804497,81166856,0,0,1,729.6875,0,778.3333333,DDoS
2,2,607773.851590106,14134.2756183746,283,0,0,0,41.4,1,51.75,BENIGN
2,0,94.6006669347,15.7667778225,126849,0,0,1,6,0,9,BENIGN
4,0,4.459413208,0.743235535,5381874,0,0,1,6,0,7.5,DDoS
2,2,1284671.53284672,29197.0802919708,137,0,0,0,42.4,1,53,BENIGN
3,4,6335.145373,3.814055011,1835317,0,0,0,1453.375,1,1661,DDoS
2,2,1799043.06220096,19138.7559808612,209,0,0,0,84.4,1,105.5,BENIGN
3,5,289810.6627,199.3024415,40140,0,0,0,1292.555556,1,1454.125,DDoS
3,5,37598.21333,25.85624574,309403,0,0,0,1292.555556,1,1454.125,DDoS
2,0,88.8207611366,2.8651858431,698035,0,1,1,31,0,46.5,BENIGN
8,4,150.8882382,0.155328031,77255856,0,0,1,897.1538462,0,971.9166667,DDoS
1,1,123.6781893513,20.6130315586,97026,0,0,1,6,1,9,BENIGN
2,2,12310.2866779089,168.6340640809,23720,0,0,0,67,1,83.75,BENIGN
26,24,83.6132965414,0.4335440036,115328547,0,0,0,189.0784313725,0,192.86,BENIGN
3,5,10225.89623,7.032336441,1137602,0,0,0,1292.555556,1,1454.125,DDoS
1,1,1212.304894681,18.9422639794,105584,0,0,0,54.6666666667,1,82,BENIGN
9,5,118.1964815,0.141807416,98725443,0,0,1,778.3333333,0,833.9285714,DDoS
6,0,3.924660901,0.65411015,9172767,0,0,1,6,0,7,DDoS
2,2,9683.8089648595,97.8162521703,40893,0,0,0,86.2,1,107.75,BENIGN
5,0,3.461111813,0.576851969,8667735,0,0,1,6,0,7.2,DDoS
1,1,5022.4862948495,65.6534156189,30463,0,0,0,66.3333333333,1,99.5,BENIGN
2,2,2093220.33898305,16949.1525423729,236,0,0,0,106.4,1,133,BENIGN
2,0,64516.1290322581,10752.688172043,186,0,0,1,6,0,9,BENIGN
3,5,12785.11814,8.792310245,909886,0,0,0,1292.555556,1,1454.125,DDoS
1,2,0,39473.6842105263,76,0,0,1,0,2,0,BENIGN
4,0,2.585598946,0.430933158,9282182,0,0,1,6,0,7.5,DDoS
4,0,2.158524174,0.359754029,11118708,0,0,1,6,0,7.5,DDoS
4,0,3.70311852,0.61718642,6481024,0,0,1,6,0,7.5,DDoS
5,0,6.256783396,1.042797233,4794796,0,0,1,6,0,7.2,DDoS
5,0,3.089946807,0.514991134,9708905,0,0,1,6,0,7.2,DDoS
8,4,621.9930797756,2.2056492191,5440575,0,0,0,260.3076923077,0,282,BENIGN
2,0,29.2997363024,4.8832893837,409560,0,0,1,6,0,9,BENIGN
1,1,96774.1935483871,16129.0322580645,124,0,0,1,6,1,9,BENIGN
3,6,236624.1325,183.1613652,49137,0,0,0,1162.7,2,1291.888889,DDoS
2,2,139.661756683,1.9397466206,2062125,0,0,0,68.2,1,85.25,BENIGN
3,4,16125.83337,9.708508953,721017,0,0,0,1453.375,1,1661,DDoS
2,1,0.3081199149,0.0770299787,38945876,0,0,1,4.5,0,6,BENIGN
5,0,7.583396507,1.263899418,3956011,0,0,1,6,0,7.2,DDoS
8,7,314.3206209598,0.9162085726,16371818,0,0,0,321.625,0,343.0666666667,BENIGN
2,2,3269.4029695342,41.6484454718,96042,0,0,0,70.4,1,88,BENIGN
2,2,1870129.87012987,25974.025974026,154,0,0,0,66,1,82.5,BENIGN
4,0,5.381852528,0.896975421,4459431,0,0,1,6,0,7.5,DDoS
4,0,19.75742818,3.292904696,1214733,0,0,1,6,0,7.5,DDoS
3,5,11213.57852,7.711564358,1037403,0,0,0,1292.555556,1,1454.125,DDoS
8,5,1395.166954,1.555103353,8359573,0,0,1,833.5,0,897.6153846,DDoS
3,7,258240.0498,222.1037669,45024,0,0,0,1057,2,1162.7,DDoS
4,0,2.799230771,0.466538462,8573784,0,0,1,6,0,7.5,DDoS
3,4,6732.2151,4.053109633,1727069,0,0,0,1453.375,1,1661,DDoS
1,1,200000,33333.3333333333,60,0,0,1,6,1,9,BENIGN
5,0,3.126345305,0.521057551,9595869,0,0,1,6,0,7.2,DDoS
3,4,6391.833055,3.848183657,1819040,0,0,0,1453.375,1,1661,DDoS
5,0,7.91543153,1.319238588,3790065,0,0,1,6,0,7.2,DDoS
11,7,68154.1307584713,203.0411045436,88652,0,0,0,318,0,335.6666666667,BENIGN
10,5,14862.1169419571,107.0243658806,140155,0,0,0,130.1875,0,138.8666666667,BENIGN
1,1,136363.636363636,22727.2727272727,88,0,0,1,6,1,9,BENIGN
2,0,0,0.0312135367,64074764,0,0,1,0,0,0,BENIGN
38,56,4894.9410263754,4.3861478731,21431106,0,0,0,1104.252631579,1,1116,BENIGN
3,5,45334.4039613236,133.8284987788,59778,0,0,0,301.1111111111,1,338.75,BENIGN
4,0,6.882095369,1.147015895,3487310,0,0,1,6,0,7.5,DDoS
5,0,13.61235021,2.268725036,2203881,0,0,1,6,0,7.2,DDoS
3,6,6244.099023,4.830816746,1863039,0,0,0,1163.3,2,1292.555556,DDoS
2,0,9250000,500000,4,0,1,1,22.6666666667,0,34,BENIGN
4,0,2.240134169,0.373355695,10713644,0,0,1,6,0,7.5,DDoS
3,4,27683.4131622814,147.7011372988,47393,0,0,0,164,1,187.4285714286,BENIGN
3,6,12200.98305,9.444297533,952956,0,0,0,1162.7,2,1291.888889,DDoS
3,5,13122.67268,9.024446096,886481,0,0,0,1292.555556,1,1454.125,DDoS
3,1,262032.085561497,21390.3743315508,187,0,0,1,11,0,13.75,BENIGN
4,2,10447.1705579739,158.2904629996,37905,0,0,0,63,0,73.5,BENIGN
2,2,567901.234567901,24691.3580246914,162,0,0,0,23,1,28.75,BENIGN
4,0,2.426798652,0.404466442,9889572,0,0,1,6,0,7.5,DDoS
6,0,5.896941126,0.982823521,6104860,0,0,1,6,0,7,DDoS
4,0,8.471803192,1.411967199,2832927,0,0,1,6,0,7.5,DDoS
16,12,61.231613341,0.4468295996,62663709,0,0,0,132.3103448276,0,137.0357142857,BENIGN
2,2,4985.52589257,80.4117079447,49744,0,0,0,55.4,1,69.25,BENIGN
5,0,508.1645098,84.69408497,59036,0,0,1,6,0,7.2,DDoS
2,0,82191.7808219178,13698.6301369863,146,0,0,1,6,0,9,BENIGN
8,6,145.121754,0.174200854,80367000,0,0,1,777.9333333,0,833.5,DDoS
3,4,273827.7478,164.857163,42461,0,0,0,1453.375,1,1661,DDoS
5,0,9.924185836,1.654030973,3022918,0,0,1,6,0,7.2,DDoS
4,0,8.096450314,1.349408386,2964262,0,0,1,6,0,7.5,DDoS
4,0,6.620744448,1.103457408,3624970,0,0,1,6,0,7.5,DDoS
18,15,25.372599688,0.2846008803,115951855,0,0,0,86.5294117647,0,89.1515151515,BENIGN
2,1,225000,37500,80,0,0,1,6,0,8,BENIGN
1,1,57971.0144927536,9661.8357487923,207,0,0,1,6,1,9,BENIGN
3,6,35059.41738,27.13810582,331637,0,0,0,1162.7,2,1291.888889,DDoS
2,1,161654.135338346,11278.1954887218,266,0,1,1,20,0,26.6666666667,BENIGN
3,6,8058.443632,6.234504658,1443579,0,0,0,1163.3,2,1292.555556,DDoS
1,1,181818.181818182,30303.0303030303,66,0,0,1,6,1,9,BENIGN
1,1,5754.922514079,82.2131787726,24327,0,0,0,62,1,93,BENIGN
3,6,57432.73266,44.43347322,202550,0,0,0,1163.3,2,1292.555556,DDoS
3,4,13703.60287,8.250212443,848463,0,0,0,1453.375,1,1661,DDoS
2,2,3372.7365008678,65.4900291431,61078,0,0,0,47.8,1,59.75,BENIGN
1,1,5738.033457798,42.1914224838,47403,0,0,0,103.6666666667,1,155.5,BENIGN
2,0,160.2392906741,53.4130968914,37444,0,0,1,2,0,3,BENIGN
3,4,42331.10519,25.48531318,274668,0,0,0,1453.375,1,1661,DDoS
15,11,27733.8269098725,86.2432124933,301473,0,0,0,309.6666666667,0,321.5769230769,BENIGN
2,2,1200000,28571.4285714286,140,0,0,0,40.4,1,50.5,BENIGN
3,6,6616.821877,5.121819635,1757188,0,0,0,1162.7,2,1291.888889,DDoS
3,6,6308.903492,4.883472214,1842951,0,0,0,1162.7,2,1291.888889,DDoS
3,6,17860.87159,13.81826222,651312,0,0,0,1163.3,2,1292.555556,DDoS
8,4,120.3556001,0.123896989,96854654,0,0,1,897.1538462,0,971.9166667,DDoS
10,5,14370.8116157856,186.1504095309,80580,0,0,0,72.375,0,77.2,BENIGN
5,0,4.990100472,0.831683412,6011903,0,0,1,6,0,7.2,DDoS
1,1,250000,41666.6666666667,48,0,0,1,6,1,9,BENIGN
10,6,7989.7567221511,68.2885189927,234300,0,0,0,110.1176470588,0,117,BENIGN
3,6,58432.12737,45.22999452,198983,0,0,0,1162.7,2,1291.888889,DDoS
2,2,7376.2723039519,82.4164503235,48534,0,0,0,81,1,101.25,BENIGN
1,1,0,31250,64,0,0,1,0,1,0,BENIGN
3,4,28302.75944,17.03959027,410808,0,0,0,1453.375,1,1661,DDoS
8,6,148.8007669,0.178708993,78339650,0,0,1,777.5333333,0,833.0714286,DDoS
3,6,233971.9081,181.1083833,49694,0,0,0,1162.7,2,1291.888889,DDoS
1,1,0,86956.5217391304,23,0,0,1,0,1,0,BENIGN
1,1,4234.5147662588,19.8337928162,100838,0,0,0,156.3333333333,1,234.5,BENIGN
3,6,12787.24024,9.892990816,909735,0,0,0,1163.3,2,1292.555556,DDoS
6,0,7.517410636,1.252901773,4788883,0,0,1,6,0,7,DDoS
2,2,1076023.39181287,23391.8128654971,171,0,0,0,42.8,1,53.5,BENIGN
4,2,336.3490417925,6.6384679301,903823,0,0,0,48,0,56,BENIGN
3,6,7063.565409,5.464806042,1646902,0,0,0,1163.3,2,1292.555556,DDoS
5,0,798.76604418,137.7182834793,36306,0,0,1,4.8333333333,0,5.8,BENIGN
23,19,68.9828356725,0.3571596522,117594470,0,0,0,188.6511627907,0,193.1428571429,BENIGN
1,1,6346.9214159524,65.4321795459,30566,0,0,0,82.3333333333,1,123.5,BENIGN
65,83,1332.8405216044,1.3431409607,110189477,0,0,0,985.6711409396,1,992.3310810811,BENIGN
1,1,5100.7961677497,44.3547492848,45091,0,0,0,110.3333333333,1,165.5,BENIGN
1,1,1564.5881547639,32.5955865576,61358,0,0,0,48,1,72,BENIGN
3,5,6548.386079,4.505641063,1775552,0,0,0,1291.888889,1,1453.375,DDoS
8,6,151.3036954,0.181714998,77043723,0,0,1,777.5333333,0,833.0714286,DDoS
3,5,13537.14536,9.314282521,858896,0,0,0,1291.888889,1,1453.375,DDoS
8,8,141.3844472,0.193959629,82491393,0,0,1,686.4117647,1,729.3125,DDoS
1,1,5331.9791798908,84.634590157,23631,0,0,0,60.3333333333,1,90.5,BENIGN
6,8,3609.0282993648,44.5559049304,314212,0,0,0,75.6,1,81,BENIGN
2,0,12333333.3333333,666666.666666667,3,0,1,1,24.6666666667,0,37,BENIGN
9,6,128.525972,0.16529963,90744305,0,0,1,729.3125,0,777.9333333,DDoS
3,4,8843.395201,5.321393141,1315445,0,0,0,1454.125,1,1661.857143,DDoS
4,0,2.248753347,0.374792225,10672580,0,0,1,6,0,7.5,DDoS
3,6,50612.9094,39.17744772,229724,0,0,0,1162.7,2,1291.888889,DDoS
1,1,7569.6469566297,62.0462865298,32234,0,0,0,100.6666666667,1,151,BENIGN
4,2,0,0.9945475588,6032894,0,0,0,0,0,0,BENIGN
2,2,1200000,19047.619047619,210,0,0,0,57.8,1,72.25,BENIGN
5,0,5503.8906813437,948.9466691972,5269,0,0,1,4.8333333333,0,5.8,BENIGN
4,0,10.88483751,1.814139585,2204902,0,0,1,6,0,7.5,DDoS
1,1,3156.2854465651,32.8779734017,60831,0,0,0,78.3333333333,1,117.5,BENIGN
1,1,315789.47368421,52631.5789473684,38,0,0,1,6,1,9,BENIGN
5,0,1306.563303,217.7605505,22961,0,0,1,6,0,7.2,DDoS
8,4,148.5271148,0.152897433,78483986,0,0,1,897.1538462,0,971.9166667,DDoS
20,18,52.8767238622,0.3238219995,117348420,0,0,0,159.1025641026,0,163.2894736842,BENIGN
3,4,477142.1536,287.2619829,24368,0,0,0,1453.375,1,1661,DDoS
10,5,9749.3947523392,122.6853366486,122264,0,0,0,74.5,0,79.4666666667,BENIGN
5,0,70.0231076255,0.4409515594,11339114,0,0,1,132.3333333333,0,158.8,BENIGN
3,4,28484.788228276,69.5963412209,100580,0,0,0,526.875,1,602.1428571429,BENIGN
4,0,9.804077761,1.63401296,2447961,0,0,1,6,0,7.5,DDoS
3,6,24916.57349,19.27698457,466878,0,0,0,1163.3,2,1292.555556,DDoS
4,0,5.885346101,0.980891017,4077925,0,0,1,6,0,7.5,DDoS
7,4,341.9326418192,1.0387348964,10589805,0,0,0,301.75,0,329.1818181818,BENIGN
3,4,6755.602554,4.067189978,1721090,0,0,0,1453.375,1,1661,DDoS
7,3,143.8807461781,1.895662005,5275202,0,0,0,69,0,75.9,BENIGN
1,1,2782.8988412766,14.0196415178,142657,0,0,0,150.6666666667,1,226,BENIGN
1,1,5762.3049219688,120.0480192077,16660,0,0,0,48,1,72,BENIGN
7,8,210.6272962728,0.4494820663,33371743,0,0,0,439.3125,1,468.6,BENIGN
3,5,96658.87986,66.50649685,120289,0,0,0,1291.888889,1,1453.375,DDoS
4,0,2.016522037,0.336087006,11901680,0,0,1,6,0,7.5,DDoS
5,0,15.26747859,2.544579765,1964961,0,0,1,6,0,7.2,DDoS
8,6,143.426495,0.172254519,81275081,0,0,1,777.5333333,0,833.0714286,DDoS
3,4,9093.787254,5.472063163,1279225,0,0,0,1454.125,1,1661.857143,DDoS
4,0,26.54972986,4.424954976,903964,0,0,1,6,0,7.5,DDoS
3,6,9203.483503,7.124051907,1263326,0,0,0,1162.7,2,1291.888889,DDoS
4,2,765.1163117182,21.0582471115,284924,0,0,0,35.5714285714,0,41.5,BENIGN
2,0,0,666666.666666667,3,0,0,1,0,0,0,BENIGN
5,0,9.652652517,1.608775419,3107954,0,0,1,6,0,7.2,DDoS
5,1,31.221769957,1.0349757997,5797237,0,1,1,32.4285714286,0,37.8333333333,BENIGN
2,1,119.1130051549,19.8521675258,151117,1,0,0,6,0,8,BENIGN
8,7,142.1892026,0.18296629,81982315,0,0,1,728.9375,0,777.5333333,DDoS
5,0,3.758977849,0.626496308,7980893,0,0,1,6,0,7.2,DDoS
9,9,5887.559526111,18.8100943326,956933,0,0,0,296.5263157895,1,313,BENIGN
1,1,0,35714.2857142857,56,0,0,1,0,1,0,BENIGN
3,5,23606.30854,16.23402977,492792,0,0,0,1292.555556,1,1454.125,DDoS
5,0,4.243999409,0.707333235,7068804,0,0,1,6,0,7.2,DDoS
4,2,4272.4899121766,45.9407517438,130603,0,0,0,86.4285714286,0,100.8333333333,BENIGN
4,0,237.553202,39.59220034,101030,0,0,1,6,0,7.5,DDoS
3,4,6894.07085,4.148413647,1687392,0,0,0,1454.125,1,1661.857143,DDoS
5,3,14500.4819820744,164.0790040404,48757,0,0,0,78.5555555556,0,88.375,BENIGN
8,6,148.4345803,0.178177495,78573335,0,0,1,777.9333333,0,833.5,DDoS
3,5,9449.042749,6.498095246,1231130,0,0,0,1292.555556,1,1454.125,DDoS
19,14,147.4528633918,0.5436202091,60704145,0,0,0,263.2647058824,0,271.2424242424,BENIGN
9,4,114.4771979,0.127600409,101880551,0,0,1,833.5,0,897.6153846,DDoS
3,5,20582.53183,14.15458219,565188,0,0,0,1292.555556,1,1454.125,DDoS
2,2,1372262.77372263,29197.0802919708,137,0,0,0,45.4,1,56.75,BENIGN
2,2,116.505985495,38.8353284983,102999,0,0,1,2.4,1,3,BENIGN
9,4,159.6604089,0.177963244,73048792,0,0,1,833.5,0,897.6153846,DDoS
3,4,827426.7008,498.1497296,14052,0,0,0,1453.375,1,1661,DDoS
3,5,76569.66833,52.6568681,151927,0,0,0,1292.555556,1,1454.125,DDoS
2,0,122448.979591837,20408.1632653061,98,0,0,1,6,0,9,BENIGN
3,6,17675.81226,13.675089,658131,0,0,0,1163.3,2,1292.555556,DDoS
2,0,43795.6204379562,7299.2700729927,274,0,0,1,6,0,9,BENIGN
7,3,144.8259083819,1.9081147349,5240775,0,0,0,69,0,75.9,BENIGN
3,6,10956.21282,8.476396062,1061772,0,0,0,1163.3,2,1292.555556,DDoS
1,1,3584.8134267558,65.178425941,30685,0,0,0,52.3333333333,1,78.5,BENIGN
2,2,1548387.09677419,21505.376344086,186,0,0,0,66,1,82.5,BENIGN
4,2,18806.4326548058,160.2820964898,37434,0,0,0,113.4285714286,0,132.3333333333,BENIGN
4,0,2.340174834,0.390029139,10255644,0,0,1,6,0,7.5,DDoS
2,2,2292682.92682927,24390.243902439,164,0,0,0,84.4,1,105.5,BENIGN
8,5,155.4647804,0.173375838,74981613,0,0,1,833.0714286,0,897.1538462,DDoS
3,3,6.0800367677,0.0678071015,88486307,0,0,0,84.2857142857,1,98.3333333333,BENIGN
1,1,3616.3987243976,65.75270408,30417,0,0,0,50.3333333333,1,75.5,BENIGN
3,6,3477727.952,2690.58296,3345,0,0,0,1163.3,2,1292.555556,DDoS
8,5,125.8001083,0.140221333,92710572,0,0,1,833.5,0,897.6153846,DDoS
8,6,125.6392082,0.150814449,92829302,0,0,1,777.9333333,0,833.5,DDoS
1,2,0,50847.4576271186,59,0,0,1,0,2,0,BENIGN
6,0,8.358655027,1.393109171,4306913,0,0,1,6,0,7,DDoS
5,0,2.970957994,0.495159666,10097753,0,0,1,6,0,7.2,DDoS
11,6,10764.2361333484,83.7492056142,202987,0,0,0,121.3888888889,0,128.5294117647,BENIGN
9,6,120.5792774,0.1549995,96774506,0,0,1,729.6875,0,778.3333333,DDoS
2,2,384816.753926702,5235.6020942408,764,0,0,0,67,1,83.75,BENIGN
3,4,16786.41156,10.10099553,693001,0,0,0,1454.125,1,1661.857143,DDoS
3,0,0,0.3331269057,9005577,0,0,0,0,0,0,BENIGN
2,2,3833.3566636876,43.0714231875,92869,0,0,0,80.2,1,100.25,BENIGN
4,0,27.33279731,4.555466218,878066,0,0,1,6,0,7.5,DDoS
4,0,5.723541499,0.953923583,4193208,0,0,1,6,0,7.5,DDoS
2,2,12599.9360409338,127.9181323953,31270,0,0,0,87.2,1,109,BENIGN
3,7,21333.24037,18.34801786,545018,0,0,0,1057,2,1162.7,DDoS
5,0,3.379179411,0.563196569,8877895,0,0,1,6,0,7.2,DDoS
5,0,4.120345966,0.686724328,7280942,0,0,1,6,0,7.2,DDoS
3,5,15627.3089,10.74688139,744402,0,0,0,1292.555556,1,1454.125,DDoS
3,4,6422.160236,3.866442045,1810450,0,0,0,1453.375,1,1661,DDoS
9,5,126.3001849,0.151529916,92390997,0,0,1,778.3333333,0,833.9285714,DDoS
1,2,632.8223878498,105.470397975,28444,0,0,1,6,2,8,BENIGN
2,2,7986.8603265595,128.8203278477,31051,0,0,0,57.2,1,71.5,BENIGN
8,4,132.0693229,0.135955381,88264252,0,0,1,897.1538462,0,971.9166667,DDoS
3,6,8547.768454,6.613076256,1360940,0,0,0,1163.3,2,1292.555556,DDoS
3,6,6900.519927,5.338664088,1685815,0,0,0,1163.3,2,1292.555556,DDoS
4,0,2.987219926,0.497869988,8034226,0,0,1,6,0,7.5,DDoS
3,7,8586.724291,7.385158932,1354067,0,0,0,1057,2,1162.7,DDoS
3,6,7803.486045,6.037253881,1490744,0,0,0,1163.3,2,1292.555556,DDoS
5,0,7.30831745,1.218052908,4104912,0,0,1,6,0,7.2,DDoS
4,0,3.262123001,0.543687167,7357172,0,0,1,6,0,7.5,DDoS
2,1,52631.5789473684,13157.8947368421,228,1,0,0,4.5,0,6,BENIGN
9,4,141.8426285,0.15802161,82267229,0,0,1,833.9285714,0,898.0769231,DDoS
3,4,19785.99894,11.90595655,587941,0,0,0,1454.125,1,1661.857143,DDoS
3,0,0,12.6364739183,237408,0,0,1,0,0,0,BENIGN
3,1,14987.5104079933,3330.557868443,1201,1,0,0,4.8,0,6,BENIGN
2,2,11428.0982153948,82.8123059087,48302,0,0,0,117.2,1,146.5,BENIGN
11,6,13146.2417004111,87.0273009762,195341,0,0,0,142.6666666667,0,151.0588235294,BENIGN
2,2,909952.606635071,18957.345971564,211,0,0,0,46.4,1,58,BENIGN
15,13,50017.7673446973,100.5021518229,278601,0,0,0,480.5172413793,0,497.6785714286,BENIGN
4,0,2.366554199,0.3944257,10141327,0,0,1,6,0,7.5,DDoS
11,7,321.3527516989,3.0364039531,5928065,0,0,0,100.2631578947,0,105.8333333333,BENIGN
2,2,2013888.88888889,27777.7777777778,144,0,0,0,67.4,1,84.25,BENIGN
4,0,5.162474916,0.860412486,4648933,0,0,1,6,0,7.5,DDoS
11,8,32.017726996,0.3097437948,61341019,0,1,1,126.7,0,133.3684210526,BENIGN
3,4,13053.64078,7.854851324,891169,0,0,0,1454.125,1,1661.857143,DDoS
3,5,151680.7051,104.3106371,76694,0,0,0,1292.555556,1,1454.125,DDoS
2,2,21523.3867928479,167.4971734852,23881,0,0,0,110.4,1,138,BENIGN
3,5,219207.7827,150.826719,53041,0,0,0,1291.888889,1,1453.375,DDoS
4,0,25.58512651,4.264187752,938045,0,0,1,6,0,7.5,DDoS
5,0,5.003468237,0.833911373,5995841,0,0,1,6,0,7.2,DDoS
3,6,6570.073533,5.085633594,1769691,0,0,0,1162.7,2,1291.888889,DDoS
4,0,2.957927548,0.492987925,8113789,0,0,1,6,0,7.5,DDoS
2,2,9504.7213670269,82.6497510176,48397,0,0,0,106.8,1,133.5,BENIGN
15,11,52.1365644928,0.2211338788,117575833,0,0,0,227.037037037,0,235.7692307692,BENIGN
3,5,13324.87237,9.163498578,873029,0,0,0,1292.555556,1,1454.125,DDoS
3,4,191161.2383,115.0880424,60823,0,0,0,1453.375,1,1661,DDoS
3,4,17859.41947,10.75220919,651029,0,0,0,1453.375,1,1661,DDoS
3,5,56350.2405,38.75199209,206441,0,0,0,1292.555556,1,1454.125,DDoS
3,4,16002.56548,9.634295891,726571,0,0,0,1453.375,1,1661,DDoS
8,4,155.7744409,0.160275511,74871076,0,0,1,897.6153846,0,972.4166667,DDoS
2,2,9281.9770019806,118.2417452482,33829,0,0,0,68.6,1,85.75,BENIGN
2,2,2629629.62962963,18518.5185185185,216,0,0,0,123,1,153.75,BENIGN
3,5,10842.43472,7.456329212,1072914,0,0,0,1292.555556,1,1454.125,DDoS
1,1,496.291301416,10.7889413351,185375,0,0,0,43.3333333333,1,65,BENIGN
2,2,6751.6165842526,95.0931913275,42064,0,0,0,65.4,1,81.75,BENIGN
4,0,3.039963358,0.50666056,7894832,0,0,1,6,0,7.5,DDoS
4,4,8.4240360622,0.0700543539,114197042,0,0,0,110.4444444444,1,124.25,BENIGN
89,123,1284.4268108962,1.8114708314,117031970,0,0,0,705.7230046948,1,709.0518867925,BENIGN
4,0,4.491960233,0.748660039,5342879,0,0,1,6,0,7.5,DDoS
13,15,184.028270692,0.5857441832,47802438,0,1,1,304.9310344828,1,315.8214285714,BENIGN
4,0,8.988949211,1.498158202,2669945,0,0,1,6,0,7.5,DDoS
1,1,165.1607281713,1.7855213856,1120121,0,0,0,76.6666666667,1,115,BENIGN
8,6,142.2498176,0.170841335,81947381,0,0,1,777.5333333,0,833.0714286,DDoS
4,0,5.970290343,0.99504839,4019905,0,0,1,6,0,7.5,DDoS
4,0,12.28263573,2.047105955,1953978,0,0,1,6,0,7.5,DDoS
1,1,3715.0059705453,66.3393923312,30148,0,0,0,53.3333333333,1,80,BENIGN
3,4,624738.0581,376.1216485,18611,0,0,0,1453.375,1,1661,DDoS
7,6,1283.042106,1.431597921,9080762,0,0,1,832.6428571,0,896.6923077,DDoS
2,2,13378.9867478283,126.8150402638,31542,0,0,0,93,1,116.25,BENIGN
4,0,2.227228124,0.371204687,10775726,0,0,1,6,0,7.5,DDoS
3,5,16648.08611,11.44886864,698759,0,0,0,1292.555556,1,1454.125,DDoS
7,2,4.3945076467,0.1417583112,63488341,0,1,1,32.5,0,36.1111111111,BENIGN
9,6,114.640816,0.147365862,101787482,0,0,1,729.6875,0,778.3333333,DDoS
8,5,164.6649886,0.183541529,70828657,0,0,1,833.5,0,897.6153846,DDoS
5,0,2.578253872,0.429708979,11635782,0,0,1,6,0,7.2,DDoS
2,2,3464.6739130435,45.2898550725,88320,0,0,0,67.8,1,84.75,BENIGN
7,7,444.3726603659,1.4607225276,9584298,0,0,0,283.9333333333,1,304.2142857143,BENIGN
1,1,0,74074.0740740741,27,0,0,1,0,1,0,BENIGN
2,2,464344.941956882,6633.4991708126,603,0,0,0,63.6,1,79.5,BENIGN
3,4,17908.85313,10.77640952,649567,0,0,0,1454.125,1,1661.857143,DDoS
2,2,11.6366322597,0.094223743,42452145,0,0,0,107.4,1,134.25,BENIGN
1,1,187675.070028011,1867.4136321195,1071,0,0,0,86,1,129,BENIGN
1,1,5039.4786519805,32.8304798175,60919,0,0,0,118.6666666667,1,178,BENIGN
8,5,121.5060471,0.135504728,95937612,0,0,1,833.0714286,0,897.1538462,DDoS
10,5,14260.078956813,179.4473023089,83590,0,0,0,74.5,0,79.4666666667,BENIGN
2,2,2000000,22346.3687150838,179,0,0,0,84.8,1,106,BENIGN
2,0,12000000,2000000,1,1,0,0,6,0,9,BENIGN
2,2,1841807.90960452,22598.8700564972,177,0,0,0,75.4,1,94.25,BENIGN
2,2,1757894.73684211,21052.6315789474,190,0,0,0,73.8,1,92.25,BENIGN
8,5,128.3172013,0.143026976,90891945,0,0,1,833.5,0,897.6153846,DDoS
3,5,22624.24079,15.55866297,514183,0,0,0,1292.555556,1,1454.125,DDoS
3,5,8035.987519,5.526338876,1447613,0,0,0,1292.555556,1,1454.125,DDoS
2,2,3.1085289429,0.0379088895,105516148,0,0,0,78,1,97.5,BENIGN
5,0,1.22647739,0.204412898,24460296,0,0,1,6,0,7.2,DDoS
5,0,2.966554472,0.494425745,10112742,0,0,1,6,0,7.2,DDoS
4,0,3.780802315,0.630133719,6347859,0,0,1,6,0,7.5,DDoS
1,1,253776.435045317,3021.1480362538,662,0,0,0,74,1,111,BENIGN
8,5,129.6818519,0.144622465,89889216,0,0,1,833.0714286,0,897.1538462,DDoS
3,5,21675.78602,14.91410408,536405,0,0,0,1291.888889,1,1453.375,DDoS
5,3,244.0603889989,0.7998701811,10001623,0,0,0,271.2222222222,0,305.125,BENIGN
5,0,4.551078575,0.758513096,6591844,0,0,1,6,0,7.2,DDoS
2,0,0,0.031225663,64049881,0,0,1,0,0,0,BENIGN
6,0,5.388565733,0.898094289,6680813,0,0,1,6,0,7,DDoS
14,10,14526.359571592,49.9116148487,480850,0,0,0,279.4,0,291.0416666667,BENIGN
3,4,6596.062208,3.969090987,1763628,0,0,0,1454.125,1,1661.857143,DDoS
5,0,3.848663866,0.641443978,7794913,0,0,1,6,0,7.2,DDoS
2,2,872037.914691943,18957.345971564,211,0,0,0,43.2,1,54,BENIGN
6,1,20009.5077574657,302.5195557284,23139,0,1,1,96.5,0,110.2857142857,BENIGN
2,2,8282.6127878522,125.4941331493,31874,0,0,0,59.8,1,74.75,BENIGN
4,0,3.905743347,0.650957224,6144797,0,0,1,6,0,7.5,DDoS
1,1,0,20.9522811796,95455,0,0,1,0,1,0,BENIGN
5,1,44.5596485056,1.4771154201,4061971,0,1,1,32.4285714286,0,37.8333333333,BENIGN
15,13,119.1290681801,0.4060888616,68950426,0,0,0,283.2413793103,0,293.3571428571,BENIGN
3,0,22556.3909774436,11278.1954887218,266,0,0,1,1.5,0,2,BENIGN
2,2,1275000,25000,160,0,0,0,47.8,1,59.75,BENIGN
5,0,3.288122021,0.548020337,9123749,0,0,1,6,0,7.2,DDoS
3,4,14393.21822,8.665393266,807811,0,0,0,1453.375,1,1661,DDoS
3,6,11177.24982,8.651866208,1040238,0,0,0,1162.7,2,1291.888889,DDoS
2,0,37000000,2000000,1,0,1,1,22.6666666667,0,34,BENIGN
86,73,1280.9256197925,2.9886886031,53200591,0,0,0,425.9125,0,428.5911949686,BENIGN
5,0,14.82243464,2.470405774,2023959,0,0,1,6,0,7.2,DDoS
8,5,117.1086206,0.130533488,99591302,0,0,1,833.5,0,897.6153846,DDoS
13,14,179.8833556374,0.5996111855,45029180,0,0,0,289.2857142857,1,300,BENIGN
6,0,4.443391196,0.740565199,8101920,0,0,1,6,0,7,DDoS
2,2,2879.1263340779,33.0934061388,120870,0,0,0,77.2,1,96.5,BENIGN
3,5,8606.536141,5.921758762,1350950,0,0,0,1291.888889,1,1453.375,DDoS
3,3,81355.48154,41.98270313,142916,0,0,0,1661,1,1937.833333,DDoS
2,2,2281879.19463087,26845.6375838926,149,0,0,0,77.2,1,96.5,BENIGN
3,4,705800.267,424.7057396,16482,0,0,0,1454.125,1,1661.857143,DDoS
1,1,2832.7220330102,32.7482315955,61072,0,0,0,72.6666666667,1,109,BENIGN
5,0,3.775099694,0.629183282,7946810,0,0,1,6,0,7.2,DDoS
11,8,9115.8364960323,38.3357444499,495621,0,0,0,225.9,0,237.7894736842,BENIGN
8,5,118.4939459,0.132145603,98376334,0,0,1,833.0714286,0,897.1538462,DDoS
4,0,4.18057215,0.696762025,5740841,0,0,1,6,0,7.5,DDoS
3,4,17568.00861,10.57676617,661828,0,0,0,1453.375,1,1661,DDoS
2,0,4000000,666666.666666667,3,0,0,1,6,0,9,BENIGN
6,7,1258.2234107154,4.0031581839,3247436,0,0,0,291.8571428571,1,314.3076923077,BENIGN
8,6,704.5107562286,2.4021311708,5828158,0,0,0,273.7333333333,0,293.2857142857,BENIGN
8,6,143.861557,0.172688142,81070998,0,0,1,777.9333333,0,833.5,DDoS
16,14,18.9692729119,0.260447683,115186281,0,0,0,70.4838709677,0,72.8333333333,BENIGN
5,0,2.909547408,0.484924568,10310882,0,0,1,6,0,7.2,DDoS
5,0,4.962756169,0.827126028,6045028,0,0,1,6,0,7.2,DDoS
1,1,0,74074.0740740741,27,0,0,1,0,1,0,BENIGN
6,6,15754.5131306664,45.7315330353,262401,0,0,0,318,1,344.5,BENIGN
3,6,337366.5274,261.1420613,34464,0,0,0,1162.7,2,1291.888889,DDoS
3,6,646852.758,500.4448399,17984,0,0,0,1163.3,2,1292.555556,DDoS
4,0,2.228669888,0.371444981,10768755,0,0,1,6,0,7.5,DDoS
5,0,7.632181756,1.272030293,3930724,0,0,1,6,0,7.2,DDoS
5,0,2.546971676,0.424495279,11778694,0,0,1,6,0,7.2,DDoS
3,4,111431.4725,67.05237749,104396,0,0,0,1454.125,1,1661.857143,DDoS
2,2,1693989.07103825,21857.9234972678,183,0,0,0,69.8,1,87.25,BENIGN
4,0,2.258711285,0.376451881,10625528,0,0,1,6,0,7.5,DDoS
5,0,99.32985458,16.55497576,302024,0,0,1,6,0,7.2,DDoS
2,2,978902.953586498,16877.6371308017,237,0,0,0,53,1,66.25,BENIGN
10,8,949.7285694249,3.3979555257,5297303,0,0,0,264.7894736842,0,279.5,BENIGN
3,4,17213.53099,10.363354,675457,0,0,0,1453.375,1,1661,DDoS
3,4,6669.925046,4.015608095,1743198,0,0,0,1453.375,1,1661,DDoS
3,4,16538.2639958911,89.8818695429,77880,0,0,0,161,1,184,BENIGN
1,1,2537.4298362204,21.9690894911,91037,0,0,0,92.3333333333,1,138.5,BENIGN
2,2,1124183.00653595,26143.7908496732,153,0,0,0,41.4,1,51.75,BENIGN
6,0,8.425090763,1.404181794,4272951,0,0,1,6,0,7,DDoS
8,6,161.5549656,0.194026724,72155009,0,0,1,777.5333333,0,833.0714286,DDoS
9,5,808.3508656953,2.3382049834,5987499,0,0,0,322.6666666667,0,345.7142857143,BENIGN
4,0,2.952904859,0.49215081,8127590,0,0,1,6,0,7.5,DDoS
4,0,16.23818165,2.706363608,1477998,0,0,1,6,0,7.5,DDoS
2,2,1378723.40425532,17021.2765957447,235,0,0,0,71.4,1,89.25,BENIGN
2,2,2046783.62573099,23391.8128654971,171,0,0,0,79.4,1,99.25,BENIGN
3,5,20712.64171,14.25140911,561348,0,0,0,1291.888889,1,1453.375,DDoS
3,6,6691.386487,5.179537145,1737607,0,0,0,1162.7,2,1291.888889,DDoS
3,6,194220.3291,150.3382611,59865,0,0,0,1162.7,2,1291.888889,DDoS
5,0,4.954723735,0.825787289,6054828,0,0,1,6,0,7.2,DDoS
1,1,2299.8083493042,33.330555787,60005,0,0,0,61,1,91.5,BENIGN
1,1,0,20.792830632,96187,0,0,1,0,1,0,BENIGN
2,2,9102.1143453115,126.418254796,31641,0,0,0,65.6,1,82,BENIGN
2,2,1276073.6196319,24539.8773006135,163,0,0,0,50.4,1,63,BENIGN
1,1,1041.7286743259,14.8818382047,134392,0,0,0,62,1,93,BENIGN
3,6,30280.86524,23.42712861,384170,0,0,0,1163.3,2,1292.555556,DDoS
3,7,341167.8404,293.42723,34080,0,0,0,1057,2,1162.7,DDoS
9,6,782.2878022499,2.620437033,5724236,0,0,0,279.875,0,298.5333333333,BENIGN
3,6,81434.50168,63.00270912,142851,0,0,0,1163.3,2,1292.555556,DDoS
5,0,1492.017705,248.6696175,20107,0,0,1,6,0,7.2,DDoS
8,4,151.1629705,0.155530794,77155139,0,0,1,897.6153846,0,972.4166667,DDoS
5,0,6.081531443,1.013588574,4932968,0,0,1,6,0,7.2,DDoS
1,1,0,37735.8490566038,53,0,0,1,0,1,0,BENIGN
6,0,3.542388018,0.590398003,10162636,0,0,1,6,0,7,DDoS
11,11,36.6811531166,0.3620391963,60766901,0,0,0,96.9130434783,1,101.3181818182,BENIGN
9,5,119.1963425,0.143080579,97846962,0,0,1,777.9333333,0,833.5,DDoS
4,0,2.976892246,0.496148708,8062099,0,0,1,6,0,7.5,DDoS
2,0,12333333.3333333,666666.666666667,3,0,1,1,22.6666666667,0,34,BENIGN
3,3,10.4550441813,3.4850147271,1721657,0,0,0,2.5714285714,1,3,BENIGN
4,0,2.968172656,0.494695443,8085783,0,0,1,6,0,7.5,DDoS
8,5,142.7460282,0.159109866,81704550,0,0,1,833.5,0,897.6153846,DDoS
3,6,440099.9281,340.6639161,26419,0,0,0,1162.7,2,1291.888889,DDoS
2,1,0,76923.0769230769,39,0,0,1,0,0,0,BENIGN
3,4,314031.0601,189.061445,37025,0,0,0,1453.375,1,1661,DDoS
2,2,993788.819875776,24844.7204968944,161,0,0,0,38.4,1,48,BENIGN
3,6,25134.55293,19.44562679,462829,0,0,0,1163.3,2,1292.555556,DDoS
8,5,159.0094628,0.177237676,73347836,0,0,1,833.5,0,897.6153846,DDoS
3,5,17741.5294,12.20712438,655355,0,0,0,1291.888889,1,1453.375,DDoS
2,1,569230.769230769,46153.8461538462,65,0,1,1,17,0,22.6666666667,BENIGN
1,1,0,37037.037037037,54,0,0,1,0,1,0,BENIGN
3,5,0.7562305476,0.0765803086,104465497,0,0,1,9.4444444444,1,10.625,BENIGN
1,1,0,24691.3580246914,81,0,0,1,0,1,0,BENIGN
5,0,5.771579358,0.961929893,5197884,0,0,1,6,0,7.2,DDoS
8,5,165.5712695,0.184551702,70440965,0,0,1,833.5,0,897.6153846,DDoS
2,0,17666666.6666667,666666.666666667,3,0,1,1,35.3333333333,0,53,BENIGN
4,2,3070.3972881115,53.2438836089,112689,0,0,0,55,0,64.1666666667,BENIGN
1,1,0,43478.2608695652,46,0,0,1,0,1,0,BENIGN
3,6,43443.33348,33.62776308,267636,0,0,0,1162.7,2,1291.888889,DDoS
39,45,7963.2386945353,8.9818198343,9352225,0,0,0,876.1647058824,1,886.5952380952,BENIGN
3,1,0,0.7618227753,5250565,0,0,0,0,0,0,BENIGN
6,0,18.10897073,3.018161789,1987965,0,0,1,6,0,7,DDoS
3,4,675595.584,406.7402673,17210,0,0,0,1453.375,1,1661,DDoS
5,0,6.519045064,1.086507511,4601901,0,0,1,6,0,7.2,DDoS
1,1,5320.5379292336,65.2826739783,30636,0,0,0,72.3333333333,1,108.5,BENIGN
3,4,9319.648813,5.607972293,1248223,0,0,0,1454.125,1,1661.857143,DDoS
1,1,577367.205542725,4618.9376443418,433,0,0,0,104.3333333333,1,156.5,BENIGN
4,0,2.418001781,0.403000297,9925551,0,0,1,6,0,7.5,DDoS
3,5,31828.37261,21.89962853,365303,0,0,0,1291.888889,1,1453.375,DDoS
3,4,6975.939515,4.197677006,1667589,0,0,0,1454.125,1,1661.857143,DDoS
5,0,281.8621694,46.97702823,106435,0,0,1,6,0,7.2,DDoS
7,6,1182.361053,1.319259607,9854012,0,0,1,832.6428571,0,896.6923077,DDoS
2,2,3459.9473486273,42.9807124053,93065,0,0,0,71.4,1,89.25,BENIGN
1,1,444444.444444444,74074.0740740741,27,0,0,1,6,1,9,BENIGN
8,7,837.4775622126,2.4979446079,6004937,0,0,0,314.3125,0,335.2666666667,BENIGN
5,0,21.89777825,3.649629709,1370002,0,0,1,6,0,7.2,DDoS
2,0,4000000,666666.666666667,3,0,0,1,6,0,9,BENIGN
3,5,28416.89518,19.55234897,409158,0,0,0,1291.888889,1,1453.375,DDoS
2,2,1467625.89928058,28776.9784172662,139,0,0,0,49.4,1,61.75,BENIGN
2,1,51063.829787234,12765.9574468085,235,1,0,0,4.5,0,6,BENIGN
5,0,3.701961497,0.616993583,8103812,0,0,1,6,0,7.2,DDoS
1,3,147540.983606557,32786.8852459016,122,0,0,1,3.6,3,4.5,BENIGN
2,0,9250000,500000,4,0,1,1,24.6666666667,0,37,BENIGN
6,0,347.7510102766,71.9484848848,83393,0,0,1,4.1428571429,0,4.8333333333,BENIGN
29,38,112.572216153,0.8148593866,82222775,0,0,0,136.1176470588,1,138.1492537313,BENIGN
3,5,22831.88413,15.70956162,509244,0,0,0,1291.888889,1,1453.375,DDoS
8,5,116.6577891,0.130030975,99976179,0,0,1,833.5,0,897.6153846,DDoS
1,1,6804.5014394138,65.4278984559,30568,0,0,0,85.3333333333,1,128,BENIGN
3,5,108474.2918,74.59763898,107242,0,0,0,1292.555556,1,1454.125,DDoS
3,0,0,373.692077728,8028,0,0,1,0,0,0,BENIGN
2,2,12425.4147269032,65.5694708544,61004,0,0,0,158.4,1,198,BENIGN
5,0,3.026533315,0.504422219,9912331,0,0,1,6,0,7.2,DDoS
4,0,2.391903407,0.398650568,10033850,0,0,1,6,0,7.5,DDoS
3,6,12815.35772,9.914744216,907739,0,0,0,1163.3,2,1292.555556,DDoS
4,0,5.937168431,0.989528072,4042331,0,0,1,6,0,7.5,DDoS
2,2,3832426.55059848,4352.5571273123,919,0,0,0,998.8,1,1248.5,BENIGN
2,2,17588.4183122738,126.9921899803,31498,0,0,0,117.8,1,147.25,BENIGN
3,5,31853.60431,21.90568507,365202,0,0,0,1292.555556,1,1454.125,DDoS
1,1,355932.203389831,4237.2881355932,472,0,0,0,73,1,109.5,BENIGN
2,2,6025.9611614421,82.5474131704,48457,0,0,0,67.6,1,84.5,BENIGN
3,6,18156.37878,14.0541334,640381,0,0,0,1162.7,2,1291.888889,DDoS
2,0,1.7168853239,0.286147554,6989401,0,0,1,6,0,9,BENIGN
12,10,7321.9007470437,25.9349245588,848277,0,0,0,270.0434782609,0,282.3181818182,BENIGN
5,0,3.744944325,0.624157388,8010800,0,0,1,6,0,7.2,DDoS
5,0,75000000,833333.333333333,6,0,1,1,126.3333333333,0,151.6,BENIGN
29,42,716.6881044405,0.7863279672,90293113,0,0,0,898.7777777778,1,911.4366197183,BENIGN
4,0,5.824578264,0.970763044,4120470,0,0,1,6,0,7.5,DDoS
4,0,19.05725355,3.176208925,1259363,0,0,1,6,0,7.5,DDoS
3,6,474997.9573,367.6770978,24478,0,0,0,1162.7,2,1291.888889,DDoS
6,6,303.8385265623,1.0857838948,11051923,0,0,0,258.3076923077,1,279.8333333333,BENIGN
3,6,479978.5337,371.5323646,24224,0,0,0,1162.7,2,1291.888889,DDoS
1,1,4733.920992491,65.2954619654,30630,0,0,0,61.6666666667,1,92.5,BENIGN
1,1,0,25316.4556962025,79,0,0,1,0,1,0,BENIGN
3,6,11064.8109,8.560414172,1051351,0,0,0,1163.3,2,1292.555556,DDoS
12,10,15.6449206937,0.1878756852,117098708,0,0,0,79.652173913,0,83.2727272727,BENIGN
2,2,4449.5615363972,34.6269380264,115517,0,0,0,110.4,1,138,BENIGN
1,1,827.5330910819,8.1933969414,244099,0,0,0,83,1,124.5,BENIGN
3,5,26576.83591,18.27685784,437712,0,0,0,1292.555556,1,1454.125,DDoS
5,0,11.62307304,1.93717884,2581073,0,0,1,6,0,7.2,DDoS
5,0,2.990209158,0.498368193,10032743,0,0,1,6,0,7.2,DDoS
3,6,25908.30594,20.05459306,448775,0,0,0,1162.7,2,1291.888889,DDoS
4,0,3.985480231,0.664246705,6021859,0,0,1,6,0,7.5,DDoS
1,2,0,93.399750934,32120,0,0,1,0,2,0,BENIGN
3,4,41430.6425336661,104.622834681,66907,0,0,0,346.5,1,396,BENIGN
2,2,1234782.60869565,17391.3043478261,230,0,0,0,65.4,1,81.75,BENIGN
1,1,8395.6007052305,83.9560070523,23822,0,0,0,92,1,138,BENIGN
7,4,1350.537746,1.275076406,8626934,0,0,1,971.4166667,0,1059.727273,DDoS
2,2,3617408.90688259,4048.5829959514,988,0,0,0,1009.2,1,1261.5,BENIGN
3,5,6712.358661,4.618462999,1732178,0,0,0,1291.888889,1,1453.375,DDoS
21,19,44.3760209285,0.3446681237,116053668,0,0,0,125.6097560976,0,128.75,BENIGN
2,2,652406.4171123,10695.1871657754,374,0,0,0,55.4,1,69.25,BENIGN
8,5,559.9287351287,2.1702664152,5990048,0,0,0,239.5714285714,0,258,BENIGN
3,5,304355.7929,209.4131197,38202,0,0,0,1291.888889,1,1453.375,DDoS
2,2,838150.289017341,11560.6936416185,346,0,0,0,67.4,1,84.25,BENIGN
1,1,0,37735.8490566038,53,0,0,1,0,1,0,BENIGN
8,5,127.3743413,0.142049107,91517647,0,0,1,833.0714286,0,897.1538462,DDoS
3,6,448285.1638,346.8208092,25950,0,0,0,1163.3,2,1292.555556,DDoS
3,5,12662.49917,8.707985331,918697,0,0,0,1292.555556,1,1454.125,DDoS
3,6,12011.37017,9.292730297,968499,0,0,0,1163.3,2,1292.555556,DDoS
4,0,4.009343776,0.668223963,5986017,0,0,1,6,0,7.5,DDoS
3,6,16498.72787,12.77101151,704721,0,0,0,1162.7,2,1291.888889,DDoS
3,6,6521.668444,5.04556142,1783746,0,0,0,1163.3,2,1292.555556,DDoS
3,5,277772.4688,191.1223661,41858,0,0,0,1291.888889,1,1453.375,DDoS
5,0,3.064104435,0.510684073,9790789,0,0,1,6,0,7.2,DDoS
3,1,82191.7808219178,18264.8401826484,219,1,0,0,4.8,0,6,BENIGN
2,2,9130.6332746364,130.4376182091,30666,0,0,0,63,1,78.75,BENIGN
4,0,1.984489232,0.330748205,12093792,0,0,1,6,0,7.5,DDoS
2,2,1238709.67741936,25806.4516129032,155,0,0,0,46.4,1,58,BENIGN
1,1,2118.4570571101,44.1345220231,45316,0,0,0,48,1,72,BENIGN
1,1,0,13.7668041053,145277,0,0,1,0,1,0,BENIGN
3,4,288717.3632,173.7317582,40292,0,0,0,1454.125,1,1661.857143,DDoS
3,5,6374.417724,4.383679343,1824951,0,0,0,1292.555556,1,1454.125,DDoS
4,0,44.14199007,7.356998345,543700,0,0,1,6,0,7.5,DDoS
2,2,5332.8861311421,67.0803286936,59630,0,0,0,72.6,1,90.75,BENIGN
2,0,4000000,666666.666666667,3,1,0,0,6,0,9,BENIGN
2,2,2560.4159691175,39.3910149095,101546,0,0,0,58.4,1,73,BENIGN
1,1,2533.9516396158,33.1235508447,60380,0,0,0,67.6666666667,1,101.5,BENIGN
4,0,3.012120396,0.502020066,7967809,0,0,1,6,0,7.5,DDoS
4,0,5.945101447,0.990850241,4036937,0,0,1,6,0,7.5,DDoS
8,6,119.0978248,0.142962321,97927901,0,0,1,777.9333333,0,833.5,DDoS
1,1,0,32786.8852459016,61,0,0,1,0,1,0,BENIGN
4,0,2.00355832,0.333926387,11978688,0,0,1,6,0,7.5,DDoS
8,5,122.2848094,0.136373211,95326640,0,0,1,833.0714286,0,897.1538462,DDoS
8,4,141.8885602,0.145988401,82198311,0,0,1,897.6153846,0,972.4166667,DDoS
8,6,123.8106893,0.148696032,94151806,0,0,1,777.5333333,0,833.0714286,DDoS
2,2,460000,20000,200,0,0,0,23,1,28.75,BENIGN
2,2,8912.3941041085,65.292264499,61263,0,0,0,119.8,1,149.75,BENIGN
2,2,1260606.06060606,24242.4242424242,165,0,0,0,48.8,1,61,BENIGN
5,0,15.00781907,2.501303179,1998958,0,0,1,6,0,7.2,DDoS
8,4,134.3670669,0.138249576,86799543,0,0,1,897.6153846,0,972.4166667,DDoS
8,5,119.2854052,0.13295981,97773906,0,0,1,833.5,0,897.6153846,DDoS
3,1,2.3302518342,0.7767506114,5149658,0,0,0,2.4,0,3,BENIGN
2,2,3531.2146045706,66.6266906523,60036,0,0,0,50.2,1,62.75,BENIGN
1,1,0,22471.9101123596,89,0,0,1,0,1,0,BENIGN
3,6,188017.4644,145.5368693,61840,0,0,0,1162.7,2,1291.888889,DDoS
3,6,54322.38351,42.04880465,214037,0,0,0,1162.7,2,1291.888889,DDoS
3,6,17537.82928,13.56833693,663309,0,0,0,1163.3,2,1292.555556,DDoS
4,0,9.750599967,1.625099994,2461387,0,0,1,6,0,7.5,DDoS
4,0,11.80369279,1.967282131,2033262,0,0,1,6,0,7.5,DDoS
3,5,10060.6564,6.922271543,1155690,0,0,0,1291.888889,1,1453.375,DDoS
1,1,0,36363.6363636364,55,0,0,1,0,1,0,BENIGN
2,2,15885.2659335005,128.6256350891,31098,0,0,0,106.4,1,133,BENIGN
2,2,1493087.55760369,18433.1797235023,217,0,0,0,70.8,1,88.5,BENIGN
1,1,4571.1300486499,65.3018578379,30627,0,0,0,65.3333333333,1,98,BENIGN
1,1,301824.212271973,3316.7495854063,603,0,0,0,85.6666666667,1,128.5,BENIGN
17,11,49971.4528028913,155.2080619502,180403,0,0,0,310.8620689655,0,321.9642857143,BENIGN
2,2,1142857.14285714,21978.021978022,182,0,0,0,50.4,1,63,BENIGN
3,4,13202.24528,7.944272066,881138,0,0,0,1454.125,1,1661.857143,DDoS
4,0,26.90598041,4.484330069,891995,0,0,1,6,0,7.5,DDoS
3,4,8738.498169,5.260986255,1330549,0,0,0,1453.375,1,1661,DDoS
2,0,0,326.0515161396,6134,0,0,1,0,0,0,BENIGN
3,4,1103864.046,664.577993,10533,0,0,0,1453.375,1,1661,DDoS
23,25,3198.1748925942,4.2546602047,11281747,0,0,0,736.3469387755,1,751.6875,BENIGN
8,6,161.1040285,0.19348515,72356974,0,0,1,777.5333333,0,833.0714286,DDoS
2,0,12000000,2000000,1,1,0,0,6,0,9,BENIGN
11,6,42091.0400387513,216.7012963836,78449,0,0,0,183.4444444444,0,194.2352941176,BENIGN
18,13,66.312711111,0.4079567463,75988448,0,0,0,157.46875,0,162.5483870968,BENIGN
2,0,9250000,500000,4,0,1,1,24.6666666667,0,37,BENIGN
3,4,11193.20768,6.735360934,1039291,0,0,0,1454.125,1,1661.857143,DDoS
3,6,11471.45892,8.875021941,1014082,0,0,0,1163.3,2,1292.555556,DDoS
1,1,0,62500,32,0,0,1,0,1,0,BENIGN
8,5,151.7694848,0.169167736,76846805,0,0,1,833.5,0,897.6153846,DDoS
1,1,0,125000,16,0,0,1,0,1,0,BENIGN
4,0,3.643629918,0.607271653,6586838,0,0,1,6,0,7.5,DDoS
3,6,502941.4309,389.3070335,23118,0,0,0,1162.7,2,1291.888889,DDoS
2,2,930232.558139535,23255.8139534884,172,0,0,0,38.4,1,48,BENIGN
5,0,6.000678077,1.000113013,4999435,0,0,1,6,0,7.2,DDoS
3,5,9643.306262,6.631690028,1206329,0,0,0,1292.555556,1,1454.125,DDoS
5,0,8.188235525,1.364705921,3663793,0,0,1,6,0,7.2,DDoS
4,0,13.53618052,2.256030086,1773026,0,0,1,6,0,7.5,DDoS
1,1,200000,33333.3333333333,60,0,0,1,6,1,9,BENIGN
5,0,5.70128353,0.950213922,5261973,0,0,1,6,0,7.2,DDoS
1,1,2828.6437397648,33.0835525119,60453,0,0,0,75.3333333333,1,113,BENIGN
3,7,307308.0481,264.3055372,37835,0,0,0,1057,2,1162.7,DDoS
2,2,883977.900552486,22099.4475138122,181,0,0,0,38.4,1,48,BENIGN
5,0,3.883594686,0.647265781,7724802,0,0,1,6,0,7.2,DDoS
5,0,4.223681676,0.703946946,7102808,0,0,1,6,0,7.2,DDoS
2,2,5670.8002672446,65.1816122672,61367,0,0,0,77.2,1,96.5,BENIGN
4,0,4.029077855,0.671512976,5956698,0,0,1,6,0,7.5,DDoS
8,6,130.5581182,0.156799662,89285907,0,0,1,777.5333333,0,833.0714286,DDoS
8,5,120.0289201,0.133788559,97168249,0,0,1,833.5,0,897.6153846,DDoS
2,2,8378.5585070932,126.9478561681,31509,0,0,0,61,1,76.25,BENIGN
9,6,157.7838345,0.202928708,73917585,0,0,1,729.3125,0,777.9333333,DDoS
3,5,373450.2473,256.9538126,31134,0,0,0,1291.888889,1,1453.375,DDoS
3,5,111407.9948,76.61514298,104418,0,0,0,1292.555556,1,1454.125,DDoS
9,4,141.4500111,0.15758421,82495575,0,0,1,833.9285714,0,898.0769231,DDoS
1,1,44.801373631,2.08378482,959792,1,0,0,16.3333333333,1,24.5,BENIGN
4,0,2.355453198,0.392575533,10189122,0,0,1,6,0,7.5,DDoS
2,2,7748.1840193705,129.1364003228,30975,0,0,0,54.4,1,68,BENIGN
9,9,630.3504448531,1.6977866239,10602039,0,0,0,351.7368421053,1,371.2777777778,BENIGN
2,2,2116402.11640212,21164.0211640212,189,0,0,0,87.2,1,109,BENIGN
9,6,134.2812384,0.172612784,86899705,0,0,1,729.6875,0,778.3333333,DDoS
1,1,0,68965.5172413793,29,0,0,1,0,1,0,BENIGN
5,5,48.7296681296,0.9726480665,10281211,0,0,0,45.5454545455,1,50.1,BENIGN
5,0,8.941904447,1.490317408,3354990,0,0,1,6,0,7.2,DDoS
3,2,2803.9647236497,25.7717345924,194011,0,0,0,90.6666666667,0,108.8,BENIGN
5,7,5465.4272756738,29.6899625659,404177,0,0,0,169.9230769231,1,184.0833333333,BENIGN
3,2,9060.7623769009,41.8704361225,119416,0,0,0,180.3333333333,0,216.4,BENIGN
5,8,6529.9244319229,17.1147212933,759580,0,0,0,354.2857142857,1,381.5384615385,BENIGN
2,5,344912.4889,207.6535153,33710,0,0,0,1453.375,2,1661,DDoS
3,5,103516.7379,71.22507123,112320,0,0,0,1291.888889,1,1453.375,DDoS
3,6,13577.17046,10.50954968,856364,0,0,0,1162.7,2,1291.888889,DDoS
3,4,70017.99655,42.13237994,166143,0,0,0,1454.125,1,1661.857143,DDoS
75,139,1658.3018715502,1.8325007643,116780306,0,0,0,900.7302325581,1,904.9392523364,BENIGN
4,2,7129.462876664,111.3978574479,53861,0,0,0,59.1428571429,0,69,BENIGN
17,16,19.7720645699,0.2845521722,115971703,0,0,0,67.4411764706,0,69.4848484848,BENIGN
3,1,2.0776241952,0.6925413984,5775828,0,0,0,2.4,0,3,BENIGN
2,2,1732620.32085562,21390.3743315508,187,0,0,0,70.8,1,88.5,BENIGN
2,2,2711538.46153846,38461.5384615385,104,0,0,0,66.8,1,83.5,BENIGN
27,26,2194.8628756067,3.0108637646,17602922,0,0,0,715.4814814815,0,728.9811320755,BENIGN
2,0,3000000,500000,4,0,0,1,6,0,9,BENIGN
6,6,2041.1349443389,8.1455335324,1473200,0,0,0,231.3076923077,1,250.5833333333,BENIGN
4,0,36.64178079,6.106963465,654990,0,0,1,6,0,7.5,DDoS
7,6,2656.3338978151,33.5591260171,387376,0,0,0,73.5,0,79.1538461538,BENIGN
2,2,961038.961038961,17316.0173160173,231,0,0,0,50.8,1,63.5,BENIGN
4,0,5.985156811,0.997526135,4009920,0,0,1,6,0,7.5,DDoS
1,1,0,18018.018018018,111,0,0,1,0,1,0,BENIGN
2,2,2000000,41666.6666666667,96,0,0,0,48,1,60,BENIGN
3,5,11823.99296,8.131345626,983847,0,0,0,1292.555556,1,1454.125,DDoS
2,2,1344398.34024896,16597.510373444,241,0,0,0,75.2,1,94,BENIGN
5,1,39.3780583143,1.3898138229,4317125,0,1,1,30.1428571429,0,35.1666666667,BENIGN
8,4,152.5208175,0.156927875,76468250,0,0,1,897.6153846,0,972.4166667,DDoS
2,2,325.7594266634,3.8780884127,1031436,0,0,0,74.6,1,93.25,BENIGN
8,4,117.7679497,0.121233199,98982788,0,0,1,897.1538462,0,971.9166667,DDoS
2,2,1642512.07729469,19323.6714975845,207,0,0,0,77.2,1,96.5,BENIGN
25,27,122106.473061646,189.1431813883,274924,0,0,0,633.3962264151,1,645.5769230769,BENIGN
4,0,250.8308773,41.80514621,95682,0,0,1,6,0,7.5,DDoS
5,0,3.023343233,0.503890539,9922790,0,0,1,6,0,7.2,DDoS
7,5,1292.649902,1.331370597,9013268,0,0,1,896.6923077,0,971.4166667,DDoS
1,1,4327.1594820521,65.5630224553,30505,0,0,0,61.3333333333,1,92,BENIGN
5,0,7.381902479,1.23031708,4063993,0,0,1,6,0,7.2,DDoS
3,5,302824.4175,208.2519849,38415,0,0,0,1292.555556,1,1454.125,DDoS
2,2,1540740.74074074,29629.6296296296,135,0,0,0,50.4,1,63,BENIGN
14,13,186.369338748,0.7373933391,36615465,0,0,0,243.7142857143,0,252.7407407407,BENIGN
2,2,375.6315305107,5.0084204068,798655,0,0,0,68.6,1,85.75,BENIGN
3,5,312436.1799,214.9728597,37214,0,0,0,1291.888889,1,1453.375,DDoS
2,2,1130044.84304933,17937.2197309417,223,0,0,0,56.8,1,71,BENIGN
3,5,11052.87861,7.601051225,1052486,0,0,0,1292.555556,1,1454.125,DDoS
4,0,2.98925475,0.498209125,8028757,0,0,1,6,0,7.5,DDoS
8,5,145.5553792,0.16224127,80127578,0,0,1,833.5,0,897.6153846,DDoS
2,1,58.7046812091,14.6761703023,204413,1,0,0,4.5,0,6,BENIGN
8,4,158.502936,0.163166787,73544379,0,0,1,897.1538462,0,971.9166667,DDoS
2,2,1180000,20000,200,0,0,0,55.2,1,69,BENIGN
3,5,6525.385224,4.487499509,1782730,0,0,0,1292.555556,1,1454.125,DDoS
2,2,2388059.70149254,11940.2985074627,335,0,0,0,168,1,210,BENIGN
2,1,184079.60199005,14925.3731343284,201,0,1,1,17,0,22.6666666667,BENIGN
1,1,0,111111.111111111,18,0,0,1,0,1,0,BENIGN
3,5,6356.757655,4.371534534,1830021,0,0,0,1292.555556,1,1454.125,DDoS
2,0,12333333.3333333,666666.666666667,3,0,1,1,24.6666666667,0,37,BENIGN
2,2,1937888.19875776,24844.7204968944,161,0,0,0,71.4,1,89.25,BENIGN
3,5,206849.3151,142.32343,56210,0,0,0,1291.888889,1,1453.375,DDoS
8,4,144.1394289,0.148380642,80873083,0,0,1,897.1538462,0,971.9166667,DDoS
4,0,2.524232899,0.420705483,9507839,0,0,1,6,0,7.5,DDoS
1,1,0,33898.3050847458,59,0,0,1,0,1,0,BENIGN
1,1,0,19801.9801980198,101,0,0,1,0,1,0,BENIGN
4,0,5.910021402,0.985003567,4060899,0,0,1,6,0,7.5,DDoS
8,4,142.603339,0.146799354,81744229,0,0,1,897.1538462,0,971.9166667,DDoS
1,1,0,76923.0769230769,26,0,0,1,0,1,0,BENIGN
28,40,147.934132938,0.5728004236,118714996,0,0,0,254.5217391304,1,258.2647058824,BENIGN
2,2,2526315.78947368,16194.3319838057,247,0,0,0,130.4,1,163,BENIGN
3,4,20141.0026,12.11957519,577578,0,0,0,1454.125,1,1661.857143,DDoS
8,6,719.3766975133,2.4654280943,5678527,0,0,0,272.3333333333,0,291.7857142857,BENIGN
3,5,8418.887604,5.789658801,1381774,0,0,0,1292.555556,1,1454.125,DDoS
3,6,14495.66115,11.21472968,802516,0,0,0,1163.3,2,1292.555556,DDoS
13,9,1051.0376790704,2.521573494,8724711,0,0,0,398.6956521739,0,416.8181818182,BENIGN
9,6,132.7960992,0.170703701,87871557,0,0,1,729.6875,0,778.3333333,DDoS
1,1,6258.9646629287,65.1975485722,30676,0,0,0,80,1,120,BENIGN
5,0,7.59702541,1.266170902,3948914,0,0,1,6,0,7.2,DDoS
5,5,514.1380622283,3.6724147302,2723004,0,0,0,127.2727272727,1,140,BENIGN
13,8,23175.417584452,79.3419904261,264677,0,0,0,278.8181818182,0,292.0952380952,BENIGN
2,2,1775000,16666.6666666667,240,0,0,0,92,1,115,BENIGN
9,6,119.263493,0.153386984,97791870,0,0,1,729.3125,0,777.9333333,DDoS
4,0,11.71803479,1.953005798,2048125,0,0,1,6,0,7.5,DDoS
4,0,2.943415414,0.490569236,8153793,0,0,1,6,0,7.5,DDoS
3,4,57627.30346,34.69434284,201762,0,0,0,1453.375,1,1661,DDoS
1,1,226415.094339623,37735.8490566038,53,0,0,1,6,1,9,BENIGN
1,1,6529.1538086731,64.9667045639,30785,0,0,0,86,1,129,BENIGN
3,4,333018.2735,200.4926391,34914,0,0,0,1453.375,1,1661,DDoS
2,0,56338.0281690141,9389.6713615024,213,0,0,1,6,0,9,BENIGN
2,2,2.8649854564,0.059687197,67016047,0,0,0,48,1,60,BENIGN
1,1,352941.176470588,58823.5294117647,34,0,0,1,6,1,9,BENIGN
1,1,2814.4725710939,32.5372551572,61468,0,0,0,71.6666666667,1,107.5,BENIGN
3,5,421271.8186,289.7081191,27614,0,0,0,1292.555556,1,1454.125,DDoS
3,4,9815.284898,5.909262431,1184581,0,0,0,1453.375,1,1661,DDoS
2,3,207.2133261192,57.5592572553,86867,0,0,1,3,1,3.6,BENIGN
5,0,157.766033,26.29433883,190155,0,0,1,6,0,7.2,DDoS
9,6,709.7406348145,2.5055564891,5986694,0,0,0,265.5625,0,283.2666666667,BENIGN
2,2,3244.3465649675,42.9714776817,93085,0,0,0,68,1,85,BENIGN
8,6,148.6561046,0.178535255,78415885,0,0,1,777.5333333,0,833.0714286,DDoS
2,2,1867986.79867987,13201.3201320132,303,0,0,0,119.8,1,149.75,BENIGN
12,12,32.0467088514,0.3227532574,74360210,0,0,0,95.32,1,99.2916666667,BENIGN
3,4,34328.71956,20.66750124,338696,0,0,0,1453.375,1,1661,DDoS
2,2,1218487.39495798,16806.7226890756,238,0,0,0,67.4,1,84.25,BENIGN
37,38,6970.3481004647,55.8402165707,1343118,0,0,0,123.1842105263,1,124.8266666667,BENIGN
20,17,27.9825727469,0.3190616923,115965034,0,0,0,85.3947368421,0,87.7027027027,BENIGN
2,2,1976.7633407301,38.7600655045,103199,0,0,0,47.4,1,59.25,BENIGN
3,6,14427.41767,11.16193235,806312,0,0,0,1163.3,2,1292.555556,DDoS
4,0,16.91336692,2.818894486,1418996,0,0,1,6,0,7.5,DDoS
4,0,7.398328471,1.233054745,3243976,0,0,1,6,0,7.5,DDoS
10,6,4070.8408769068,28.6805169663,557870,0,0,0,133.5882352941,0,141.9375,BENIGN
2,2,24283.9751393605,128.1476260652,31214,0,0,0,158.4,1,198,BENIGN
1,1,3166.5197662651,32.6445336728,61266,0,0,0,81.6666666667,1,122.5,BENIGN
7,4,127.4554262408,1.8668571087,5892256,0,0,0,62.5833333333,0,68.2727272727,BENIGN
2,2,3128491.62011173,22346.3687150838,179,0,0,0,128.8,1,161,BENIGN
2,2,5.2430463634,0.0618648538,64657067,0,0,0,76.2,1,95.25,BENIGN
1,1,3664.6816307833,65.4407434068,30562,0,0,0,50.6666666667,1,76,BENIGN
5,0,4.068812848,0.678135475,7373158,0,0,1,6,0,7.2,DDoS
2,2,2274193.5483871,32258.064516129,124,0,0,0,66.8,1,83.5,BENIGN
2,2,1741935.48387097,21505.376344086,186,0,0,0,70.8,1,88.5,BENIGN
1,1,324324.324324324,54054.0540540541,37,0,0,1,6,1,9,BENIGN
4,5,140.9537215017,1.7643720355,5100965,0,0,0,71.9,1,79.8888888889,BENIGN
3,4,31851.5473603852,82.2126959892,85145,0,0,0,339,1,387.4285714286,BENIGN
1,1,1017.0892177948,21.1893587041,94387,0,0,0,48,1,72,BENIGN
5,0,8.976808415,1.496134736,3341945,0,0,1,6,0,7.2,DDoS
13,8,34351.5395847062,135.6746908555,154782,0,0,0,241.6818181818,0,253.1904761905,BENIGN
1,1,8669.1558302219,85.8332260418,23301,0,0,0,79.6666666667,1,119.5,BENIGN
2,0,115384.615384615,19230.7692307692,104,0,0,1,6,0,9,BENIGN
8,6,116.4865653,0.139899795,100071626,0,0,1,777.5333333,0,833.0714286,DDoS
3,6,17812.46459,13.7808116,653082,0,0,0,1163.3,2,1292.555556,DDoS
4,2,6329.1139240506,98.8924050633,60672,0,0,0,59.1428571429,0,69,BENIGN
3,4,44518.5136294634,115.5039271335,60604,0,0,0,337.25,1,385.4285714286,BENIGN
3,7,15099.57569,12.97994987,770419,0,0,0,1057.545455,2,1163.3,DDoS
4,0,2.148056398,0.3580094,11172891,0,0,1,6,0,7.5,DDoS
1,1,4174.6564397571,39.9488654522,50064,0,0,0,88.3333333333,1,132.5,BENIGN
1,1,11.1682422979,0.5194531301,3850203,1,0,0,16.3333333333,1,24.5,BENIGN
2,2,1810650.88757396,11834.3195266272,338,0,0,0,129.6,1,162,BENIGN
3,5,106280.1491,73.08872972,109456,0,0,0,1292.555556,1,1454.125,DDoS
2,2,7058.2304008067,168.0531047811,23802,0,0,0,40.4,1,50.5,BENIGN
2,4,427541.2972,220.7424304,27181,0,0,0,1660.142857,2,1936.833333,DDoS
2,2,1288590.60402685,26845.6375838926,149,0,0,0,46.4,1,58,BENIGN
1,1,4237.4284106333,66.2098189161,30207,0,0,0,59.3333333333,1,89,BENIGN
2,0,31000000,2000000,1,0,1,1,20.6666666667,0,31,BENIGN
2,0,12333333.3333333,666666.666666667,3,0,1,1,22.6666666667,0,34,BENIGN
1,1,306.4024913692,5.2828015753,378587,0,0,0,55.3333333333,1,83,BENIGN
4,0,2.183335401,0.363889234,10992356,0,0,1,6,0,7.5,DDoS
13,11,44.7884493237,0.2043190997,117463321,0,0,0,210.44,0,219.2083333333,BENIGN
2,2,9196.7517855396,130.4503799367,30663,0,0,0,64.8,1,81,BENIGN
4,0,2.803804155,0.467300692,8559799,0,0,1,6,0,7.5,DDoS
2,2,6155.9928590483,82.0799047873,48733,0,0,0,69,1,86.25,BENIGN
8,6,115.4905975,0.138632287,100986576,0,0,1,777.9333333,0,833.5,DDoS
2,0,859.7836211,143.2972702,13957,1,0,1,6,0,9,DDoS
2,2,1540740.74074074,29629.6296296296,135,0,0,0,50.4,1,63,BENIGN
5,0,7.115995952,1.185999325,4215854,0,0,1,6,0,7.2,DDoS
8,5,152.2880228,0.169745717,76585143,0,0,1,833.5,0,897.6153846,DDoS
14,14,57.9625106504,0.2807872488,99719628,0,0,0,199.3103448276,1,206.4285714286,BENIGN
5,0,3.332885986,0.555480998,9001208,0,0,1,6,0,7.2,DDoS
16,16,70.1861065106,0.4765447503,67150042,0,0,0,142.8181818182,1,147.28125,BENIGN
3,5,57591.38976,39.60552893,201992,0,0,0,1292.555556,1,1454.125,DDoS
3,1,141.9866295924,47.3288765308,84515,0,0,0,2.4,0,3,BENIGN
2,1,340.3482897498,56.7247149583,52887,0,0,1,6,0,8,BENIGN
2,2,1000000,21739.1304347826,184,0,0,0,43.2,1,54,BENIGN
8,6,117.0067313,0.14045222,99678026,0,0,1,777.9333333,0,833.5,DDoS
4,2,7587.0031337622,123.7011380505,48504,0,0,0,58.4285714286,0,68.1666666667,BENIGN
2,0,0,11363.6363636364,176,0,0,1,0,0,0,BENIGN
8,7,126.111739,0.162278123,92433901,0,0,1,728.9375,0,777.5333333,DDoS
7,9,38544.9410815445,134.4786431105,118978,0,0,0,269.7647058824,1,286.625,BENIGN
5,0,11.38078514,1.896797523,2636022,0,0,1,6,0,7.2,DDoS
1,1,4815.6210831849,65.9674120984,30318,0,0,0,63.6666666667,1,95.5,BENIGN
9,6,294.4817447636,1.0527231105,14248761,0,0,0,262.25,0,279.7333333333,BENIGN
3,4,15944.87757,9.594613858,729576,0,0,0,1454.125,1,1661.857143,DDoS
3,4,290536.9949,174.9169145,40019,0,0,0,1453.375,1,1661,DDoS
3,4,284410.851,171.2286881,40881,0,0,0,1453.375,1,1661,DDoS
1,1,666666.666666667,111111.111111111,18,0,0,1,6,1,9,BENIGN
1,1,7451.3682822288,65.9413122321,30330,0,0,0,91.6666666667,1,137.5,BENIGN
4,0,16.11970493,2.686617488,1488861,0,0,1,6,0,7.5,DDoS
5,0,2.63400408,0.43900068,11389504,0,0,1,6,0,7.2,DDoS
3,5,203246.2087,139.7721714,57236,0,0,0,1292.555556,1,1454.125,DDoS
1,1,0,12195.1219512195,164,0,0,1,0,1,0,BENIGN
16,14,12.3027915112,0.2586431292,115989936,0,0,0,46.0322580645,0,47.5666666667,BENIGN
8,5,127.2368977,0.141895828,91616506,0,0,1,833.0714286,0,897.1538462,DDoS
3,4,8577.210013,5.163883211,1355569,0,0,0,1453.375,1,1661,DDoS
9,5,130.4362323,0.15649218,89461339,0,0,1,778.3333333,0,833.9285714,DDoS
1,1,1030.9929092937,8.4162686473,237635,0,0,0,101.6666666667,1,152.5,BENIGN
4,0,5.96735113,0.994558522,4021885,0,0,1,6,0,7.5,DDoS
8,6,143.2842472,0.171995152,81397643,0,0,1,777.9333333,0,833.5,DDoS
1,1,0,3759.3984962406,532,0,0,1,0,1,0,BENIGN
5,0,5.000076668,0.833346111,5999908,0,0,1,6,0,7.2,DDoS
8,5,880.3391494203,2.4739318942,5254793,0,0,0,330.4285714286,0,355.8461538462,BENIGN
3,4,6416.815401,3.863224203,1811958,0,0,0,1453.375,1,1661,DDoS
3,5,6396.502856,4.401137254,1817712,0,0,0,1291.888889,1,1453.375,DDoS
5,0,5.056561858,0.84276031,5932885,0,0,1,6,0,7.2,DDoS
2,0,12333333.3333333,666666.666666667,3,0,1,1,24.6666666667,0,37,BENIGN
1,1,146341.463414634,24390.243902439,82,0,0,1,6,1,9,BENIGN
3,4,285675.6757,171.990172,40700,0,0,0,1453.375,1,1661,DDoS
2,0,6.153880868,1.0256468113,1949989,0,0,1,6,0,9,BENIGN
1,1,0,18518.5185185185,108,0,0,1,0,1,0,BENIGN
3,5,6886.940625,4.73614072,1689139,0,0,0,1292.555556,1,1454.125,DDoS
8,5,128.348344,0.143135324,90823143,0,0,1,833.0714286,0,897.1538462,DDoS
5,0,5.821994837,0.970332473,5152873,0,0,1,6,0,7.2,DDoS
1,1,0,23.3893508286,85509,0,0,1,0,1,0,BENIGN
2,2,1129310.34482759,17241.3793103448,232,0,0,0,60.2,1,75.25,BENIGN
7,9,1614.443389815,22.9405810276,697454,0,0,0,66.2352941176,1,70.375,BENIGN
1,1,486583.184257603,3577.8175313059,559,0,0,0,122.3333333333,1,183.5,BENIGN
1,1,155844.155844156,25974.025974026,77,0,0,1,6,1,9,BENIGN
4,0,3.062083748,0.510347291,7837800,0,0,1,6,0,7.5,DDoS
8,6,125.841088,0.151134531,92632702,0,0,1,777.5333333,0,833.0714286,DDoS
2,3,179.5242607091,49.867850197,100265,0,0,1,3,1,3.6,BENIGN
4,0,4.148293185,0.691382197,5785512,0,0,1,6,0,7.5,DDoS
5,3,11.3303053316,0.126067375,63458131,0,0,0,79.8888888889,0,89.875,BENIGN
2,2,1302.4678124608,16.1797243784,247223,0,0,0,72.4,1,90.5,BENIGN
4,0,2.028966026,0.338161004,11828685,0,0,1,6,0,7.5,DDoS
1,1,11155.9255127435,85.8148116365,23306,0,0,0,100.6666666667,1,151,BENIGN
5,0,3.100209626,0.516701604,9676765,0,0,1,6,0,7.2,DDoS
2,2,8.0439149459,0.0680246507,58802213,0,0,0,104,1,130,BENIGN
2,2,1767676.76767677,20202.0202020202,198,0,0,0,79.4,1,99.25,BENIGN
8,4,137.3464482,0.141315046,84916648,0,0,1,897.6153846,0,972.4166667,DDoS
45,43,385.7101277994,0.7379283702,119252767,0,0,0,516.8202247191,0,522.6931818182,BENIGN
1,1,7725.468436553,85.3642921166,23429,0,0,0,81.6666666667,1,122.5,BENIGN
9,5,148.8178305,0.178545687,78411303,0,0,1,778.3333333,0,833.9285714,DDoS
1,1,0,42553.1914893617,47,0,0,1,0,1,0,BENIGN
2,0,1.1551730358,0.0312208929,64059667,0,1,1,37,0,55.5,BENIGN
4,0,2.00473418,0.334122363,11971662,0,0,1,6,0,7.5,DDoS
5,0,3.740729537,0.623454923,8019826,0,0,1,6,0,7.2,DDoS
3,6,17906.42726,13.85350686,649655,0,0,0,1163.3,2,1292.555556,DDoS
1,1,0,39215.6862745098,51,0,0,1,0,1,0,BENIGN
1,1,0,39215.6862745098,51,0,0,1,0,1,0,BENIGN
1,1,0,62500,32,0,0,1,0,1,0,BENIGN
1,1,0,37.9441841052,52709,0,0,1,0,1,0,BENIGN
4,0,1.966621516,0.327770253,12203670,0,0,1,6,0,7.5,DDoS
5,0,10.78464008,1.797440014,2781734,0,0,1,6,0,7.2,DDoS
2,2,1401639.3442623,16393.4426229508,244,0,0,0,75.4,1,94.25,BENIGN
3,4,8970.224684,5.397711062,1296846,0,0,0,1454.125,1,1661.857143,DDoS
1,1,7388.6836476765,64.8130144533,30858,0,0,0,92.6666666667,1,139,BENIGN
3,6,297715.983,230.450146,39054,0,0,0,1162.7,2,1291.888889,DDoS
2,2,279.281425321,5.4761063788,730446,0,0,0,48.2,1,60.25,BENIGN
6,5,156.7869174209,1.0950197407,10045481,0,0,0,131.25,0,143.1818181818,BENIGN
3,5,717893.307,493.9491232,16196,0,0,0,1291.888889,1,1453.375,DDoS
10,6,3901.8103482434,33.36663045,479521,0,0,0,110.0588235294,0,116.9375,BENIGN
21,22,129.9688252727,0.6891921922,62391885,0,0,0,184.2954545455,1,188.5813953488,BENIGN
2,2,1833333.33333333,27777.7777777778,144,0,0,0,60.2,1,75.25,BENIGN
1,1,3535.1047492104,57.9525368723,34511,0,0,0,55.6666666667,1,83.5,BENIGN
2,2,1097872.34042553,17021.2765957447,235,0,0,0,59.8,1,74.75,BENIGN
5,0,3.056935422,0.509489237,9813750,0,0,1,6,0,7.2,DDoS
2,5,9924.535292,5.975036298,1171541,0,0,0,1453.375,2,1661,DDoS
5,0,14.22508831,2.370848052,2108950,0,0,1,6,0,7.2,DDoS
2,2,3431.014837859,51.2091766845,78111,0,0,0,61.4,1,76.75,BENIGN
5,1,44.361516458,1.4705475069,4080113,0,1,1,32.4285714286,0,37.8333333333,BENIGN
2,0,6000000,1000000,2,1,0,0,6,0,9,BENIGN
5,0,5.66680437,0.944467395,5293989,0,0,1,6,0,7.2,DDoS
5,0,4.317894318,0.719649053,6947831,0,0,1,6,0,7.2,DDoS
2,0,160000,26666.6666666667,75,0,0,1,6,0,9,BENIGN
2,2,4123.7799098755,66.5125791915,60139,0,0,0,57.2,1,71.5,BENIGN
10,5,15038.7323055184,189.2457924352,79262,0,0,0,74.5,0,79.4666666667,BENIGN
2,0,12333333.3333333,666666.666666667,3,0,1,1,24.6666666667,0,37,BENIGN
14,12,80.1442445217,0.4272606843,60852779,0,0,0,180.6296296296,0,187.5769230769,BENIGN
3,7,9656.378041,8.300849343,1204696,0,0,0,1057.545455,2,1163.3,DDoS
3,4,6456.556929,3.887150469,1800805,0,0,0,1453.375,1,1661,DDoS
3,5,20731.603,14.25709825,561124,0,0,0,1292.555556,1,1454.125,DDoS
3,4,402610.8937,242.3906645,28879,0,0,0,1453.375,1,1661,DDoS
5,0,4.11762744,0.68627124,7285749,0,0,1,6,0,7.2,DDoS
3,5,20757.71831,14.28242423,560129,0,0,0,1291.888889,1,1453.375,DDoS
3,4,9435.936537,5.677946854,1232840,0,0,0,1454.125,1,1661.857143,DDoS
2,2,5292.5610114672,65.3402594008,61218,0,0,0,70.8,1,88.5,BENIGN
2,2,6020.2196342198,83.0375121961,48171,0,0,0,66.4,1,83,BENIGN
2,0,3.4014598499,0.566909975,3527897,0,0,1,6,0,9,BENIGN
2,1,0,35.2195351021,85180,0,0,1,0,0,0,BENIGN
1,1,0,40000,50,0,0,1,0,1,0,BENIGN
6,6,15572.4903565716,45.1594693762,265725,0,0,0,318.3076923077,1,344.8333333333,BENIGN
1,1,2270.3743393211,36.3259894291,55057,0,0,0,56.6666666667,1,85,BENIGN
10,5,12620.0274348423,132.7492366919,112995,0,0,0,89.125,0,95.0666666667,BENIGN
3,3,6.3057824778,0.0806709912,74376178,0,0,0,75.2857142857,1,87.8333333333,BENIGN
2,2,2.7600721186,0.0340749644,117388237,0,0,0,74.8,1,93.5,BENIGN
10,9,3485.9832079926,11.8826122985,1598975,0,0,0,278.7,0,293.3684210526,BENIGN
1,1,6220.1417166309,64.1251723364,31189,0,0,0,80,1,120,BENIGN
5,0,3.731442603,0.621907101,8039786,0,0,1,6,0,7.2,DDoS
1,1,255319.14893617,42553.1914893617,47,0,0,1,6,1,9,BENIGN
3,6,10063.7913,7.789982083,1155330,0,0,0,1162.7,2,1291.888889,DDoS
32,36,315.9127583048,0.585981112,116044696,0,0,0,531.3043478261,1,539.1176470588,BENIGN
2,2,1420.9893486525,24.2904162163,164674,0,0,0,53.2,1,66.5,BENIGN
3,6,6223.175162,4.814628768,1869303,0,0,0,1163.3,2,1292.555556,DDoS
9,4,143.6388132,0.160022673,81238488,0,0,1,833.9285714,0,898.0769231,DDoS
3,5,533568.9046,367.124042,21791,0,0,0,1291.888889,1,1453.375,DDoS
3,6,144710.6533,111.9570085,80388,0,0,0,1163.3,2,1292.555556,DDoS
1,1,193548.387096774,32258.064516129,62,0,0,1,6,1,9,BENIGN
1,1,3130.9098550116,42.0256356377,47590,0,0,0,68,1,102,BENIGN
2,0,12000000,2000000,1,1,0,0,6,0,9,BENIGN
9,6,134.1911982,0.172585782,86913301,0,0,1,729.3125,0,777.9333333,DDoS
3,5,21329.17035,14.6756139,545122,0,0,0,1291.888889,1,1453.375,DDoS
2,2,7657.6138096629,129.7900645706,30819,0,0,0,53.8,1,67.25,BENIGN
3,6,7755.354014,6.000016,1499996,0,0,0,1163.3,2,1292.555556,DDoS
2,2,1043750,12500,320,0,0,0,73.8,1,92.25,BENIGN
2,5,6671.329578,4.016453689,1742831,0,0,0,1453.375,2,1661,DDoS
5,0,3.689300402,0.6148834,8131623,0,0,1,6,0,7.2,DDoS
9,5,143.7551661,0.172471705,81172735,0,0,1,778.3333333,0,833.9285714,DDoS
3,4,127431.864,76.68039611,91288,0,0,0,1454.125,1,1661.857143,DDoS
1,1,5308.8178169105,64.741680694,30892,0,0,0,76.6666666667,1,115,BENIGN
1,1,78.5545954438,13.092432574,152760,0,0,1,6,1,9,BENIGN
32,16,101.9412154174,0.4253458223,112849351,0,1,1,243,0,248.0625,BENIGN
9,4,162.0757863,0.180655511,71960163,0,0,1,833.5,0,897.6153846,DDoS
8,6,129.7051624,0.155695128,89919320,0,0,1,777.9333333,0,833.5,DDoS
4,0,5.309184801,0.884864134,4520468,0,0,1,6,0,7.5,DDoS
4,0,544.9838776,90.83064626,44038,0,0,1,6,0,7.5,DDoS
4,0,2.812710074,0.468785012,8532696,0,0,1,6,0,7.5,DDoS
5,1,28.8882185545,0.9576205046,6265530,0,1,1,32.4285714286,0,37.8333333333,BENIGN
8,6,119.95825,0.143995156,97225493,0,0,1,777.9333333,0,833.5,DDoS
2,0,2176470.58823529,117647.058823529,17,0,1,1,24.6666666667,0,37,BENIGN
3,4,6569.962158,3.955425742,1769721,0,0,0,1453.375,1,1661,DDoS
3,5,6250.174616,4.298237508,1861228,0,0,0,1292.555556,1,1454.125,DDoS
8,5,119.3039759,0.133048957,97708395,0,0,1,833.0714286,0,897.1538462,DDoS
3,5,24955.99914,17.17106675,465900,0,0,0,1291.888889,1,1453.375,DDoS
9,6,8856.7053142386,32.3080203584,464281,0,0,0,257,0,274.1333333333,BENIGN
1,1,7198.481774753,65.4407434068,30562,0,0,0,104.6666666667,1,157,BENIGN
4,0,13.61320572,2.26886762,1762994,0,0,1,6,0,7.5,DDoS
8,4,156.9688268,0.161587537,74263153,0,0,1,897.1538462,0,971.9166667,DDoS
2,0,4.0085488986,0.6680914831,2993602,0,0,1,6,0,9,BENIGN
2,2,4159.5890127191,33.1441355595,120685,0,0,0,108,1,135,BENIGN
1,1,5719.9602780536,79.4438927507,25175,0,0,0,62,1,93,BENIGN
15,11,20877.811987325,64.9232282826,400473,0,0,0,309.6666666667,0,321.5769230769,BENIGN
2,2,619528.619528619,13468.0134680135,297,0,0,0,44.4,1,55.5,BENIGN
3,6,304978.4912,236.0717658,38124,0,0,0,1162.7,2,1291.888889,DDoS
3,5,44829.40766,30.84503838,259361,0,0,0,1291.888889,1,1453.375,DDoS
2,2,1884393.06358382,23121.387283237,173,0,0,0,75.4,1,94.25,BENIGN
3,5,69425.04864,47.7435218,167562,0,0,0,1292.555556,1,1454.125,DDoS
1,1,4140.7867494824,65.7267738013,30429,0,0,0,60.3333333333,1,90.5,BENIGN
3,4,771942.6371,464.7457177,15062,0,0,0,1453.375,1,1661,DDoS
9,5,116.1438244,0.13934472,100470258,0,0,1,778.3333333,0,833.9285714,DDoS
2,1,118.8012949341,29.7003237335,101009,0,0,1,4.5,0,6,BENIGN
9,8,7857.8639287559,16.6293647191,1022288,0,0,0,446.2777777778,0,472.5294117647,BENIGN
5,3,36407.7669902913,160.4750060178,49852,0,0,0,201.6666666667,0,226.875,BENIGN
3,6,347002.119,268.6005909,33507,0,0,0,1162.7,2,1291.888889,DDoS
9,6,748.7410792009,2.7547501074,5445140,0,0,0,254.8125,0,271.8,BENIGN
8,5,145.1374222,0.1617754,80358324,0,0,1,833.5,0,897.6153846,DDoS
2,0,164383.561643836,27397.2602739726,73,0,0,1,6,0,9,BENIGN
2,2,3.2827236889,0.0474039522,84381150,0,0,0,66.4,1,83,BENIGN
8,4,124.8696204,0.128543832,93353371,0,0,1,897.1538462,0,971.9166667,DDoS
3,7,9827.214462,8.452063698,1183143,0,0,0,1057,2,1162.7,DDoS
9,4,118.7240742,0.132334131,98236184,0,0,1,833.5,0,897.6153846,DDoS
2,0,12333333.3333333,666666.666666667,3,0,1,1,24.6666666667,0,37,BENIGN
1,1,122448.979591837,20408.1632653061,98,0,0,1,6,1,9,BENIGN
5,0,4.973581166,0.828930194,6031871,0,0,1,6,0,7.2,DDoS
3,5,52152.35499,35.86511132,223058,0,0,0,1292.555556,1,1454.125,DDoS
16,14,10.9080920096,0.2590995727,115785602,0,0,0,40.7419354839,0,42.1,BENIGN
2,2,10307.5363298412,168.9760054072,23672,0,0,0,55.2,1,69,BENIGN
2,0,292682.926829268,48780.4878048781,41,0,0,1,6,0,9,BENIGN
1,1,3417.5642087821,41.4250207125,48280,0,0,0,73.3333333333,1,110,BENIGN
2,2,749.8527075039,10.2020776531,392077,0,0,0,65.8,1,82.25,BENIGN
9,4,166.5594595,0.185557715,70059065,0,0,1,833.9285714,0,898.0769231,DDoS
2,5,17660.85266,10.63815237,658009,0,0,0,1452.625,2,1660.142857,DDoS
8,6,604.4723882743,2.4758962656,5654518,0,0,0,227.8666666667,0,244.1428571429,BENIGN
2,2,869565.217391304,21739.1304347826,184,0,0,0,38.4,1,48,BENIGN
3,5,287448.3918,197.7799204,40449,0,0,0,1291.888889,1,1453.375,DDoS
3,4,186965.3309,112.561909,62188,0,0,0,1453.375,1,1661,DDoS
3,6,25541.72085,19.77083407,455216,0,0,0,1162.7,2,1291.888889,DDoS
3,6,33616.5294,26.00780234,346050,0,0,0,1163.3,2,1292.555556,DDoS
5,0,3.103727825,0.517287971,9665796,0,0,1,6,0,7.2,DDoS
2,2,1339622.64150943,18867.9245283019,212,0,0,0,65.4,1,81.75,BENIGN
3,5,11993.76032,8.248094432,969921,0,0,0,1292.555556,1,1454.125,DDoS
2,2,2065.1637767021,10.8407547333,368978,0,0,0,159.4,1,199.25,BENIGN
2,2,3151.7260624764,65.6609596349,60919,0,0,0,46.4,1,58,BENIGN
1,1,0,19801.9801980198,101,0,0,1,0,1,0,BENIGN
2,0,10333333.3333333,666666.666666667,3,0,1,1,20.6666666667,0,31,BENIGN
9,5,144.5481687,0.173423118,80727415,0,0,1,778.3333333,0,833.9285714,DDoS
13,13,40.1599986601,0.2212672102,117504984,0,0,0,174.7777777778,1,181.5,BENIGN
2,2,1470588.23529412,29411.7647058824,136,0,0,0,48.4,1,60.5,BENIGN
10,5,9038.7743494437,54.3413287542,276033,0,0,0,155.9375,0,166.3333333333,BENIGN
4,0,12.18905839,2.031509732,1968979,0,0,1,6,0,7.5,DDoS
5,0,4.824852235,0.804142039,6217807,0,0,1,6,0,7.2,DDoS
3,6,26982.26774,20.87513192,431135,0,0,0,1163.3,2,1292.555556,DDoS
2,2,7279.69348659,127.7139208174,31320,0,0,0,53.8,1,67.25,BENIGN
2,2,12329.4077632754,170.0607967348,23521,0,0,0,66,1,82.5,BENIGN
2,2,5164.0981503435,64.9572094383,61579,0,0,0,72.8,1,91,BENIGN
3,5,511054.4591,351.6328953,22751,0,0,0,1291.888889,1,1453.375,DDoS
8,4,159.6626312,0.164360605,73010196,0,0,1,897.1538462,0,971.9166667,DDoS
2,2,1333333.33333333,27210.8843537415,147,0,0,0,47.4,1,59.25,BENIGN
1,1,141176.470588235,23529.4117647059,85,0,0,1,6,1,9,BENIGN
3,6,8904.637025,6.8891716,1306398,0,0,0,1163.3,2,1292.555556,DDoS
1,1,1921.2295869356,22.0830987004,90567,0,0,0,71.6666666667,1,107.5,BENIGN
2,2,2008810.57268722,17621.1453744493,227,0,0,0,101.6,1,127,BENIGN
3,4,8941.349726,5.380335948,1301034,0,0,0,1454.125,1,1661.857143,DDoS
5,0,6.452795222,1.07546587,4649148,0,0,1,6,0,7.2,DDoS
4,0,3.636388981,0.60606483,6599954,0,0,1,6,0,7.5,DDoS
1,1,4429.823132797,65.1444578352,30701,0,0,0,61.3333333333,1,92,BENIGN
3,5,10265.02163,7.059242931,1133266,0,0,0,1292.555556,1,1454.125,DDoS
5,0,8.489170931,1.414861822,3533914,0,0,1,6,0,7.2,DDoS
2,2,5415.495702476,82.052965189,48749,0,0,0,59.4,1,74.25,BENIGN
8,5,116.6396047,0.130077624,99940325,0,0,1,833.0714286,0,897.1538462,DDoS
2,0,12333333.3333333,666666.666666667,3,0,1,1,22.6666666667,0,34,BENIGN
1,1,4389.6505970809,22.1141088014,90440,0,0,0,150.6666666667,1,226,BENIGN
5,0,3.193258223,0.532209704,9394793,0,0,1,6,0,7.2,DDoS
13,11,1352.0309884214,3.3622157001,7138150,0,0,0,386.04,0,402.125,BENIGN
4,4,184.3568595731,1.5363071631,5207292,0,0,0,106.6666666667,1,120,BENIGN
2,2,6700.0585442009,130.0982241592,30746,0,0,0,47.8,1,59.75,BENIGN
3,5,101300.1036,69.66395848,114837,0,0,0,1292.555556,1,1454.125,DDoS
3,4,342333.0585,206.1005771,33964,0,0,0,1453.375,1,1661,DDoS
5,0,2.991093123,0.49851552,10029778,0,0,1,6,0,7.2,DDoS
3,5,7986.812456,5.492521246,1456526,0,0,0,1292.555556,1,1454.125,DDoS
9,6,143.9829591,0.185083931,81044313,0,0,1,729.6875,0,778.3333333,DDoS
3,6,16711.96745,12.92939973,696088,0,0,0,1163.3,2,1292.555556,DDoS
9,7,141.9284768,0.194605847,82217468,0,0,1,686.7647059,0,729.6875,DDoS
22,18,70.7909391914,0.3425229911,116780482,0,0,0,201.6341463415,0,206.675,BENIGN
8,5,131.7308167,0.146907491,88491063,0,0,1,833.0714286,0,897.1538462,DDoS
5,0,7.479580745,1.246596791,4010920,0,0,1,6,0,7.2,DDoS
9,10,1105.734282366,4.5552800011,4170984,0,0,0,230.6,1,242.7368421053,BENIGN
10,5,13389.2000053718,100.7211635309,148926,0,0,0,124.625,0,132.9333333333,BENIGN
3,6,21850.49876,16.9136053,532116,0,0,0,1162.7,2,1291.888889,DDoS
3,5,26661.74417,18.34471088,436093,0,0,0,1291.888889,1,1453.375,DDoS
2,2,1102564.1025641,25641.0256410256,156,0,0,0,41.4,1,51.75,BENIGN
3,4,7393.554311,4.451266894,1572586,0,0,0,1453.375,1,1661,DDoS
2,0,938.8936702918,156.482278382,12781,0,0,1,6,0,9,BENIGN
3,5,306091.3038,210.4986186,38005,0,0,0,1292.555556,1,1454.125,DDoS
1,1,23952.0958083832,3992.0159680639,501,1,0,0,6,1,9,BENIGN
4,4,5.6983617739,0.0847340041,94413100,0,0,0,63.6666666667,1,71.625,BENIGN
3,6,26204.46375,20.2733752,443932,0,0,0,1163.3,2,1292.555556,DDoS
4,0,2.173995947,0.362332658,11039579,0,0,1,6,0,7.5,DDoS
1,1,3248.7878887826,32.9826181602,60638,0,0,0,84.3333333333,1,126.5,BENIGN
2,2,2414746.5437788,18433.1797235023,217,0,0,0,118.2,1,147.75,BENIGN
11,8,172.225051343,1.989225517,9551456,0,0,0,82.25,0,86.5789473684,BENIGN
3,4,104693.3357,62.99779508,111115,0,0,0,1454.125,1,1661.857143,DDoS
2,2,1005586.59217877,22346.3687150838,179,0,0,0,42.2,1,52.75,BENIGN
1,1,9626.5667398889,64.6078304691,30956,0,0,0,127.6666666667,1,191.5,BENIGN
5,0,3.506553573,0.584425596,8555409,0,0,1,6,0,7.2,DDoS
4,0,8.826005236,1.471000873,2719237,0,0,1,6,0,7.5,DDoS
5,0,4.628633188,0.771438865,6481395,0,0,1,6,0,7.2,DDoS
10,5,14897.6305498045,138.0262249827,108675,0,0,0,101.1875,0,107.9333333333,BENIGN
1,1,5392.3507734588,41.6397743124,48031,0,0,0,105.6666666667,1,158.5,BENIGN
7,6,288.9255725109,2.4295164571,5350859,0,0,0,110.4285714286,0,118.9230769231,BENIGN
2,2,4.0307438267,1.3435812756,2977118,0,0,0,2.4,1,3,BENIGN
5,0,3.405584705,0.567597451,8809060,0,0,1,6,0,7.2,DDoS
7,4,126.8341553065,1.8577572681,5921118,0,0,0,62.5833333333,0,68.2727272727,BENIGN
5,3,24604.6101757803,92.7600760633,86244,0,0,0,235.7777777778,0,265.25,BENIGN
16,14,11.0172101662,0.260249059,115274192,0,0,0,40.9677419355,0,42.3333333333,BENIGN
2,2,1200000,23529.4117647059,170,0,0,0,49.4,1,61.75,BENIGN
1,1,6827.4920345926,65.0237336628,30758,0,0,0,89,1,133.5,BENIGN
1,1,0,2000000,1,0,0,1,0,1,0,BENIGN
3,4,6892.918893,4.147720472,1687674,0,0,0,1454.125,1,1661.857143,DDoS
5,0,45.03557811,7.505929684,666140,0,0,1,6,0,7.2,DDoS
4,0,2.240535697,0.373422616,10711724,0,0,1,6,0,7.5,DDoS
3,6,277242.5962,214.6025085,41938,0,0,0,1162.7,2,1291.888889,DDoS
8,6,149.0443568,0.179001544,78211616,0,0,1,777.5333333,0,833.0714286,DDoS
18,16,27.3826748016,0.2942512463,115547514,0,0,0,90.4,0,93.0588235294,BENIGN
2,2,3800.3602653662,43.9348007557,91044,0,0,0,77,1,96.25,BENIGN
9,7,86.1603219049,0.4120039302,38834581,0,0,0,196.8235294118,0,209.125,BENIGN
2,2,10847.371107708,85.0774204526,47016,0,0,0,108,1,135,BENIGN
4,0,2.381955969,0.396992661,10075753,0,0,1,6,0,7.5,DDoS
3,7,10915.02391,9.387652796,1065229,0,0,0,1057,2,1162.7,DDoS
5,0,53.8154169638,1.9219791773,2601485,0,0,0,28,0,33.6,BENIGN
1,1,0,24691.3580246914,81,0,0,1,0,1,0,BENIGN
10,5,14365.7728231395,180.7773425731,82975,0,0,0,74.5,0,79.4666666667,BENIGN
3,1,320819.112627986,13651.8771331058,293,0,1,1,28.4,0,35.5,BENIGN
3,5,9393.640619,6.459995268,1238391,0,0,0,1292.555556,1,1454.125,DDoS
3,4,16802.85069,10.11088755,692323,0,0,0,1454.125,1,1661.857143,DDoS
3,5,326760.4843,224.712789,35601,0,0,0,1292.555556,1,1454.125,DDoS
2,0,0,500000,4,0,0,1,0,0,0,BENIGN
9,11,3318.9154643058,14.2657015444,1401964,0,0,0,221.5714285714,1,232.65,BENIGN
9,9,620.1100464151,1.2239014074,14707067,0,0,0,480,1,506.6666666667,BENIGN
15,12,79.2969734336,0.4441946645,60784161,0,0,0,172.1428571429,0,178.5185185185,BENIGN
2,3,6217.407564,2.675074247,1869107,0,0,0,1936.833333,1,2324.2,DDoS
8,5,127.304382,0.141898051,91615071,0,0,1,833.5,0,897.6153846,DDoS
3,4,121119.0471,72.88174416,96046,0,0,0,1454.125,1,1661.857143,DDoS
6,8,455.6327711066,1.3656302281,10251677,0,0,0,311.4,1,333.6428571429,BENIGN
5,0,3.128652376,0.521442063,9588793,0,0,1,6,0,7.2,DDoS
3,6,15350.67452,11.8823489,757426,0,0,0,1162.7,2,1291.888889,DDoS
8,6,152.6790926,0.183272511,76388979,0,0,1,777.9333333,0,833.5,DDoS
1,1,7578.0409041981,86.1141011841,23225,0,0,0,77.3333333333,1,116,BENIGN
2,7,8204.5702,6.3508327,1417137,0,0,0,1162.7,3,1291.888889,DDoS
18,15,20.3879938816,0.2848449611,115852497,0,0,0,69.4705882353,0,71.5757575758,BENIGN
4,0,2.028794168,0.338132361,11829687,0,0,1,6,0,7.5,DDoS
3,5,69115.27927,47.53049378,168313,0,0,0,1292.555556,1,1454.125,DDoS
1,1,521739.130434783,86956.5217391304,23,0,0,1,6,1,9,BENIGN
3,5,6269.540103,4.311555129,1855479,0,0,0,1292.555556,1,1454.125,DDoS
2,2,2.6265177849,0.0345594445,115742601,0,0,0,70.8,1,88.5,BENIGN
1,1,0,80000,25,0,0,1,0,1,0,BENIGN
3,6,67179.74496,52.00117869,173073,0,0,0,1162.7,2,1291.888889,DDoS
2,2,2.9083345218,0.0605903025,66017165,0,0,0,48,1,60,BENIGN
1,1,0,35087.7192982456,57,0,0,1,0,1,0,BENIGN
1,1,5128.5298214512,63.3151829809,31588,0,0,0,72,1,108,BENIGN
3,1,0,53.2162575667,75165,0,0,1,0,0,0,BENIGN
5,1,46.8926373637,1.5544520673,3859881,0,1,1,32.4285714286,0,37.8333333333,BENIGN
8,5,145.5243934,0.162290222,80103409,0,0,1,833.0714286,0,897.1538462,DDoS
2,2,185.3121676878,2.0197511465,1980442,0,0,0,84.6,1,105.75,BENIGN
6,5,25317.3668368015,71.9801073158,152820,0,0,0,322.4166666667,0,351.7272727273,BENIGN
5,0,9.920871132,1.653478522,3023928,0,0,1,6,0,7.2,DDoS
2,2,1491891.89189189,21621.6216216216,185,0,0,0,64,1,80,BENIGN
1,1,4104.7120418848,83.7696335079,23875,0,0,0,46.3333333333,1,69.5,BENIGN
2,2,1185185.18518519,24691.3580246914,162,0,0,0,46.4,1,58,BENIGN
8,6,142.3881711,0.170919523,81909894,0,0,1,777.9333333,0,833.5,DDoS
2,2,9646.4573385424,96.4645733854,41466,0,0,0,87.2,1,109,BENIGN
9,6,803.6293279617,2.4864768811,6032632,0,0,0,303,0,323.2,BENIGN
4,4,18977.0651512076,202.9632636493,39416,0,0,0,88.1111111111,1,99.125,BENIGN
3,3,22.0866680275,0.1734555081,34591003,0,0,0,116.4285714286,1,135.8333333333,BENIGN
1,1,2392.7022581128,33.2319758071,60183,0,0,0,62,1,93,BENIGN
8,4,120.3917133,0.123934165,96825601,0,0,1,897.1538462,0,971.9166667,DDoS
2,0,22857.1428571429,3809.5238095238,525,0,0,1,6,0,9,BENIGN
10,5,12425.8060667522,89.4801204999,167635,0,0,0,130.1875,0,138.8666666667,BENIGN
5,0,3.624022194,0.604003699,8278095,0,0,1,6,0,7.2,DDoS
2,2,1650485.4368932,19417.4757281553,206,0,0,0,77.2,1,96.5,BENIGN
1,1,12997.6966107272,82.2639025995,24312,0,0,0,136.6666666667,1,205,BENIGN
2,2,837696.335078534,20942.4083769633,191,0,0,0,38.4,1,48,BENIGN
3,4,77047.38881,46.36222141,150985,0,0,0,1454.125,1,1661.857143,DDoS
3,4,17642.65175,10.61622645,659368,0,0,0,1454.125,1,1661.857143,DDoS
9,10,1702.7833839463,4.2236141377,4498517,0,0,0,383,1,403.1578947368,BENIGN
4,0,2.443303399,0.407217233,9822767,0,0,1,6,0,7.5,DDoS
5,0,4.307880175,0.717980029,6963982,0,0,1,6,0,7.2,DDoS
3,7,69902.36395,60.12072241,166332,0,0,0,1057,2,1162.7,DDoS
2,0,141176.470588235,23529.4117647059,85,0,0,1,6,0,9,BENIGN
1,1,150000,25000,80,0,0,1,6,1,9,BENIGN
1,1,0,20618.5567010309,97,0,0,1,0,1,0,BENIGN
3,7,11618.29124,9.987356007,1001266,0,0,0,1057.545455,2,1163.3,DDoS
3,4,14951.34095,9.001409364,777656,0,0,0,1453.375,1,1661,DDoS
1,1,94488.188976378,15748.031496063,127,0,0,1,6,1,9,BENIGN
1,1,0,22222.2222222222,90,0,0,1,0,1,0,BENIGN
3,6,21553.32934,16.67497327,539731,0,0,0,1163.3,2,1292.555556,DDoS
2,0,113207.547169811,18867.9245283019,106,0,0,1,6,0,9,BENIGN
8,7,122.2865604,0.157355958,95325275,0,0,1,728.9375,0,777.5333333,DDoS
23,18,968.4871162904,2.6260149308,15613011,0,0,0,360.0238095238,0,368.8048780488,BENIGN
28,28,196.5371243413,0.4805728305,116527603,0,0,0,401.7894736842,1,408.9642857143,BENIGN
8,6,122.9751483,0.147692552,94791510,0,0,1,777.5333333,0,833.0714286,DDoS
8,6,119.1213092,0.14306411,97858226,0,0,1,777.5333333,0,833.0714286,DDoS
2,0,11.99940003,1.999900005,1000050,0,0,1,6,0,9,BENIGN
1,1,0,69.8445957744,28635,0,0,1,0,1,0,BENIGN
2,2,1294.684600446,23.975640749,166836,0,0,0,50,1,62.5,BENIGN
5,0,2.962158426,0.493693071,10127750,0,0,1,6,0,7.2,DDoS
4,0,15.96724586,2.661207643,1503077,0,0,1,6,0,7.5,DDoS
3,4,309273.143,186.1009199,37614,0,0,0,1454.125,1,1661.857143,DDoS
12,13,15871.3476371931,35.506370553,704099,0,0,0,429.8076923077,1,447,BENIGN
4,0,4.046623851,0.674437309,5930870,0,0,1,6,0,7.5,DDoS
2,2,1807692.30769231,19230.7692307692,208,0,0,0,84.4,1,105.5,BENIGN
5,0,2.950787939,0.49179799,10166776,0,0,1,6,0,7.2,DDoS
7,9,1265.6981094908,18.1137475419,883307,0,0,0,65.7647058824,1,69.875,BENIGN
7,4,196.1424910559,0.4708789615,23360568,0,0,0,381.8333333333,0,416.5454545455,BENIGN
3,5,18194.64343,12.51243423,639364,0,0,0,1292.555556,1,1454.125,DDoS
1,1,5674.6327701936,64.8529459451,30839,0,0,0,72.6666666667,1,109,BENIGN
4,0,64.68828333,10.78138056,371010,0,0,1,6,0,7.5,DDoS
3,5,7765.630559,5.340414723,1498011,0,0,0,1292.555556,1,1454.125,DDoS
12,11,2166.4037565332,3.8039000229,6046426,0,0,0,545.7916666667,0,569.5217391304,BENIGN
2,2,7145.8246780224,166.1819692563,24070,0,0,0,41.4,1,51.75,BENIGN
7,4,131.7465635273,1.8298133823,6011542,0,0,0,66,0,72,BENIGN
3,4,6362.180838,3.83033163,1827518,0,0,0,1453.375,1,1661,DDoS
5,2,4180.5577604911,26.4592263322,264558,0,0,0,138.25,0,158,BENIGN
2,2,1038297.87234043,17021.2765957447,235,0,0,0,55.4,1,69.25,BENIGN
8,5,148.708969,0.165841691,78388009,0,0,1,833.0714286,0,897.1538462,DDoS
5,0,21.58069995,3.596783325,1390131,0,0,1,6,0,7.2,DDoS
1,1,3875.2052545156,65.6814449918,30450,0,0,0,56.3333333333,1,84.5,BENIGN
5,3,884.7363580277,7.5699367532,1056812,0,0,0,103.8888888889,0,116.875,BENIGN
3,5,82452.67105,56.70260194,141087,0,0,0,1292.555556,1,1454.125,DDoS
5,0,1.240936099,0.206822683,24175298,0,0,1,6,0,7.2,DDoS
12,10,27.8369903379,0.3276692282,67140879,0,0,0,81.2608695652,0,84.9545454545,BENIGN
2,2,11132.8177268713,107.0463242968,37367,0,0,0,95.8,1,119.75,BENIGN
1,1,1333333.33333333,222222.222222222,9,0,0,1,6,1,9,BENIGN
5,0,315.4972236,52.5828706,95088,0,0,1,6,0,7.2,DDoS
3,6,82382.70013,63.7691839,141134,0,0,0,1162.7,2,1291.888889,DDoS
5,0,2.967432136,0.494572023,10109751,0,0,1,6,0,7.2,DDoS
10,5,18452.6733282992,109.9682558302,136403,0,0,0,157.3125,0,167.8,BENIGN
1,1,0,90909.0909090909,22,0,0,1,0,1,0,BENIGN
2,2,9025.641025641,164.1025641026,24375,0,0,0,53.4,1,66.75,BENIGN
3,5,17392.56544,11.96084617,668849,0,0,0,1292.555556,1,1454.125,DDoS
3,5,24225.27233,16.65969042,480201,0,0,0,1292.555556,1,1454.125,DDoS
2,0,12333333.3333333,666666.666666667,3,0,1,1,22.6666666667,0,34,BENIGN
3,1,17784.9636216653,1616.8148746969,2474,0,0,1,8.8,0,11,BENIGN
4,2,5129.3854601651,98.6420280801,60826,0,0,0,50,0,58.3333333333,BENIGN
3,6,10274.48707,7.953073333,1131638,0,0,0,1162.7,2,1291.888889,DDoS
5,0,8.465252537,1.410875423,3543899,0,0,1,6,0,7.2,DDoS
3,5,22837.70174,15.70545981,509377,0,0,0,1292.555556,1,1454.125,DDoS
5,0,6.444803587,1.074133931,4654913,0,0,1,6,0,7.2,DDoS
4,0,13.57155177,2.261925294,1768405,0,0,1,6,0,7.5,DDoS
5,0,8.199284148,1.366547358,3658856,0,0,1,6,0,7.2,DDoS
2,2,9205.9098078347,128.7539833264,31067,0,0,0,66,1,82.5,BENIGN
1,1,0,37037.037037037,54,0,0,1,0,1,0,BENIGN
3,5,16486.8883,11.3380131,705591,0,0,0,1292.555556,1,1454.125,DDoS
5,0,5.741801521,0.95696692,5224841,0,0,1,6,0,7.2,DDoS
3,0,10750000,750000,4,0,0,1,12.25,0,16.3333333333,BENIGN
2,1,0,30612.2448979592,98,0,0,1,0,0,0,BENIGN
8,5,144.4229994,0.161061936,80714291,0,0,1,833.0714286,0,897.1538462,DDoS
3,3,3.7404071776,0.0515918231,116297499,0,0,0,68.7142857143,1,80.1666666667,BENIGN
52,69,1372.2087532394,1.338729453,90384207,0,0,0,1016.6065573771,1,1025.0082644628,BENIGN
5,0,3.020018799,0.503336466,9933713,0,0,1,6,0,7.2,DDoS
3,5,11887.32043,8.179114427,978101,0,0,0,1291.888889,1,1453.375,DDoS
3,5,6168.77728,4.242260658,1885787,0,0,0,1292.555556,1,1454.125,DDoS
2,0,0,913.2420091324,2190,0,0,1,0,0,0,BENIGN
2,2,1820224.71910112,22471.9101123596,178,0,0,0,70.8,1,88.5,BENIGN
2,0,9250000,500000,4,0,1,1,22.6666666667,0,34,BENIGN
1,1,4077.1256264334,84.9401172174,23546,0,0,0,48,1,72,BENIGN
2,0,37267.0807453416,6211.1801242236,322,0,0,1,6,0,9,BENIGN
4,0,3.84500897,0.640834828,6241858,0,0,1,6,0,7.5,DDoS
3,0,0,4838.7096774194,620,0,0,1,0,0,0,BENIGN
6,3,71.1812335036,0.8171315071,11014139,0,0,0,78.4,0,87.1111111111,BENIGN
3,4,21597.22557,12.99583762,538634,0,0,0,1454.125,1,1661.857143,DDoS
2,0,4000000,666666.666666667,3,0,0,1,6,0,9,BENIGN
4,0,1091.057872,181.8429786,21997,0,0,1,6,0,7.5,DDoS
3,7,9383.08269,8.07008058,1239145,0,0,0,1057,2,1162.7,DDoS
2,1,210784.31372549,14705.8823529412,204,0,1,1,18.5,0,24.6666666667,BENIGN
2,0,4000000,666666.666666667,3,0,0,1,6,0,9,BENIGN
9,4,121.6138195,0.135555145,95901930,0,0,1,833.5,0,897.6153846,DDoS
2,2,2156521.73913043,34782.6086956522,115,0,0,0,60.4,1,75.5,BENIGN
3,4,8927.879343,5.372230327,1302997,0,0,0,1454.125,1,1661.857143,DDoS
8,4,163.6537341,0.168469144,71229661,0,0,1,897.1538462,0,971.9166667,DDoS
1,1,3894.9351781546,28.1222756545,71118,0,0,0,106,1,159,BENIGN
1,1,0,22471.9101123596,89,0,0,1,0,1,0,BENIGN
16,14,11.62122404,0.2590168805,115822567,0,0,0,43.4193548387,0,44.8666666667,BENIGN
2,2,10039.5791099527,128.7125526917,31077,0,0,0,71.4,1,89.25,BENIGN
1,1,3355.3719008265,33.0578512397,60500,0,0,0,85.3333333333,1,128,BENIGN
5,0,61.3473926865,0.4111755542,12160256,0,0,1,124.3333333333,0,149.2,BENIGN
2,2,1226519.33701657,22099.4475138122,181,0,0,0,50.8,1,63.5,BENIGN
3,6,53496.08683,41.40920112,217343,0,0,0,1162.7,2,1291.888889,DDoS
2,2,2504761.9047619,19047.619047619,210,0,0,0,112.2,1,140.25,BENIGN
1,1,5120.8609990019,86.7942542204,23043,0,0,0,56.3333333333,1,84.5,BENIGN
1,1,5350.035884387,65.2443400535,30654,0,0,0,72.6666666667,1,109,BENIGN
8,6,1173.000531,1.408043165,9942877,0,0,1,777.9333333,0,833.5,DDoS
6,5,144.327817,0.136403985,80642805,0,0,1,970.4166667,0,1058.636364,DDoS
5,0,5.280407225,0.880067871,5681380,0,0,1,6,0,7.2,DDoS
2,0,7.1280155961,1.1880025993,1683498,0,0,1,6,0,9,BENIGN
4,0,14.44940541,2.408234234,1660968,0,0,1,6,0,7.5,DDoS
20,16,162.7843485842,0.573184326,62807021,0,0,0,276.3243243243,0,284,BENIGN
2,2,5033.1380270867,76.8418019403,52055,0,0,0,61.4,1,76.75,BENIGN
3,4,9927.831742,5.977020916,1171152,0,0,0,1453.375,1,1661,DDoS
8,4,119.0178637,0.122456861,97993693,0,0,1,897.6153846,0,972.4166667,DDoS
3,5,17402.48427,11.97384314,668123,0,0,0,1291.888889,1,1453.375,DDoS
13,11,81.6316943867,0.2507565167,95710374,0,0,0,312.52,0,325.5416666667,BENIGN
58,117,603511.657153913,651.1337168201,268762,0,0,0,921.5965909091,2,926.8628571429,BENIGN
3,5,8423.258417,5.792664604,1381057,0,0,0,1292.555556,1,1454.125,DDoS
2,2,1251700.68027211,27210.8843537415,147,0,0,0,44.4,1,55.5,BENIGN
8,5,161.7886436,0.180335451,72087878,0,0,1,833.5,0,897.6153846,DDoS
3,6,6701.758772,5.184890308,1735813,0,0,0,1163.3,2,1292.555556,DDoS
3,5,9584.527587,6.594669364,1213101,0,0,0,1291.888889,1,1453.375,DDoS
5,0,12.28312606,2.047187676,2442375,0,0,1,6,0,7.2,DDoS
1,1,0,16.9956746008,117677,0,0,1,0,1,0,BENIGN
2,1,33210.332103321,5535.0553505535,542,0,0,1,6,0,8,BENIGN
1,1,823.8346917983,7.9597554763,251264,0,0,0,87,1,130.5,BENIGN
2,2,4591.2001996174,66.5391333278,60115,0,0,0,62.8,1,78.5,BENIGN
3,6,6233.679661,4.82275569,1866153,0,0,0,1163.3,2,1292.555556,DDoS
4,0,2.531972215,0.421995369,9478777,0,0,1,6,0,7.5,DDoS
2,0,0,1366.1202185792,1464,0,0,1,0,0,0,BENIGN
4,0,4.685751995,0.780958666,5121910,0,0,1,6,0,7.5,DDoS
3,4,32183.45649,19.36595852,361459,0,0,0,1454.125,1,1661.857143,DDoS
3,6,13662.58916,10.57566891,851010,0,0,0,1162.7,2,1291.888889,DDoS
2,2,13266.7847367574,128.8037353083,31055,0,0,0,90.2,1,112.75,BENIGN
2,0,12333333.3333333,666666.666666667,3,0,1,1,24.6666666667,0,37,BENIGN
8,5,119.122056,0.132777735,97907981,0,0,1,833.5,0,897.6153846,DDoS
4,0,2.363662704,0.393943784,10153733,0,0,1,6,0,7.5,DDoS
3,2,6037.4960279631,41.8109143211,119586,0,0,0,120.3333333333,0,144.4,BENIGN
2,2,2354.5537954744,22.1084863425,180926,0,0,0,92,1,115,BENIGN
3,4,27404.1588853684,146.8829343014,47657,0,0,0,163.25,1,186.5714285714,BENIGN
8,5,130.4781745,0.145435674,89386597,0,0,1,833.5,0,897.6153846,DDoS
5,0,3.72866041,0.621443402,8045785,0,0,1,6,0,7.2,DDoS
1,1,1547.1514407848,13.3375124206,149953,0,0,0,92,1,138,BENIGN
8,6,1247.006777,1.49687858,9352796,0,0,1,777.9333333,0,833.5,DDoS
3,6,63859.00161,49.43072284,182073,0,0,0,1162.7,2,1291.888889,DDoS
1,1,1197.952036137,15.2605354922,131057,0,0,0,70,1,105,BENIGN
2,2,940119.760479042,11976.0479041916,334,0,0,0,72.2,1,90.25,BENIGN
2,2,2068965.51724138,19704.4334975369,203,0,0,0,90,1,112.5,BENIGN
1,1,0,86.1474844935,23216,0,0,1,0,1,0,BENIGN
2,0,12.001944315,2.0003240525,999838,0,0,1,6,0,9,BENIGN
4,0,2.598028486,0.433004748,9237774,0,0,1,6,0,7.5,DDoS
1,1,5994.8896023062,65.5179191509,30526,0,0,0,80.6666666667,1,121,BENIGN
1,1,0,37037.037037037,54,0,0,1,0,1,0,BENIGN
3,4,6414.425866,3.86178559,1812633,0,0,0,1453.375,1,1661,DDoS
2,0,9250000,500000,4,0,1,1,24.6666666667,0,37,BENIGN
2,2,1287671.23287671,27397.2602739726,146,0,0,0,44.2,1,55.25,BENIGN
3,5,468694.6011,322.3207091,24820,0,0,0,1292.555556,1,1454.125,DDoS
1,1,387096.774193548,64516.1290322581,31,0,0,1,6,1,9,BENIGN
2,0,111111.111111111,18518.5185185185,108,0,0,1,6,0,9,BENIGN
3,5,196521.5334,135.2173619,59164,0,0,0,1291.888889,1,1453.375,DDoS
2,0,4000000,666666.666666667,3,1,0,0,6,0,9,BENIGN
2,2,918367.346938775,20408.1632653061,196,0,0,0,42.2,1,52.75,BENIGN
3,5,6256.457198,4.302558032,1859359,0,0,0,1292.555556,1,1454.125,DDoS
3,5,24027.24479,16.53203392,483909,0,0,0,1291.888889,1,1453.375,DDoS
3,6,9538.850284,7.383646044,1218910,0,0,0,1162.7,2,1291.888889,DDoS
2,0,3363636.36363636,181818.181818182,11,0,1,1,24.6666666667,0,37,BENIGN
2,0,12333333.3333333,666666.666666667,3,0,1,1,22.6666666667,0,34,BENIGN
8,4,148.805508,0.153184018,78337154,0,0,1,897.1538462,0,971.9166667,DDoS
8,6,134.1162666,0.160990117,86961860,0,0,1,777.9333333,0,833.5,DDoS
8,5,115.5269189,0.128770466,100954826,0,0,1,833.5,0,897.6153846,DDoS
4,2,3304.302674125,70.8064858741,84738,0,0,0,44.2857142857,0,51.6666666667,BENIGN
3,4,401637.3623,241.8045528,28949,0,0,0,1453.375,1,1661,DDoS
7,8,43449.3925239088,87.364730276,171694,0,0,0,466.25,1,497.3333333333,BENIGN
1,1,138.7106841905,23.1184473651,86511,0,0,1,6,1,9,BENIGN
2,0,387096.774193548,64516.1290322581,31,0,0,1,6,0,9,BENIGN
5,1,36.4881174732,1.2095508555,4960519,0,1,1,32.4285714286,0,37.8333333333,BENIGN
3,6,15583.53482,12.06259684,746108,0,0,0,1162.7,2,1291.888889,DDoS
4,0,4.33774868,0.722958113,5532824,0,0,1,6,0,7.5,DDoS
5,0,6.646639603,1.107773267,4513559,0,0,1,6,0,7.2,DDoS
41,44,7338.2147949946,64.8521789951,1310673,0,0,0,111.8372093023,1,113.1529411765,BENIGN
3,4,72249.27335,43.4750205,161012,0,0,0,1454.125,1,1661.857143,DDoS
1,1,72289.156626506,12048.1927710843,166,0,0,1,6,1,9,BENIGN
3,5,6410.100992,4.408218683,1814792,0,0,0,1292.555556,1,1454.125,DDoS
1,1,0,35714.2857142857,56,0,0,1,0,1,0,BENIGN
2,2,1657142.85714286,22857.1428571429,175,0,0,0,67.4,1,84.25,BENIGN
3,6,12655.70774,9.791229234,919190,0,0,0,1163.3,2,1292.555556,DDoS
5,3,100.2790963846,1.3216355372,6053106,0,0,0,67.4444444444,0,75.875,BENIGN
8,6,470.654518252,1.4639331827,9563278,0,0,0,300.0666666667,0,321.5,BENIGN
1,1,600000,100000,20,0,0,1,6,1,9,BENIGN
3,6,9920.343744,7.678945015,1172036,0,0,0,1162.7,2,1291.888889,DDoS
4,0,5.235725449,0.872620908,4583892,0,0,1,6,0,7.5,DDoS
4,0,2.011289704,0.335214951,11932642,0,0,1,6,0,7.5,DDoS
4,0,2.608765692,0.434794282,9199753,0,0,1,6,0,7.5,DDoS
5,0,2.480637795,0.413439633,12093664,0,0,1,6,0,7.2,DDoS
3,6,31080.0124,24.04539771,374292,0,0,0,1163.3,2,1292.555556,DDoS
2,2,1000000,15151.5151515152,264,0,0,0,61,1,76.25,BENIGN
8,5,123.1304351,0.137316261,94671963,0,0,1,833.0714286,0,897.1538462,DDoS
2,2,538011.695906433,23391.8128654971,171,0,0,0,23,1,28.75,BENIGN
4,0,2.779678834,0.463279806,8634091,0,0,1,6,0,7.5,DDoS
8,5,119.9314988,0.133748776,97197151,0,0,1,833.0714286,0,897.1538462,DDoS
2,0,25157.2327044025,4192.8721174004,477,0,0,1,6,0,9,BENIGN
10,9,159.2743405323,0.6301983486,30149238,0,0,0,240.1,0,252.7368421053,BENIGN
6,4,443.752402008,9.9051875448,1009572,0,0,0,43.6363636364,0,48,BENIGN
3,5,24672.32238,16.96712619,471500,0,0,0,1292.555556,1,1454.125,DDoS
1,1,2432.8900432331,32.8768924761,60833,0,0,0,65.3333333333,1,98,BENIGN
3,6,22099.58396,17.09758924,526390,0,0,0,1163.3,2,1292.555556,DDoS
5,0,6.090340456,1.015056743,4925833,0,0,1,6,0,7.2,DDoS
5,0,8.194650259,1.365775043,3660925,0,0,1,6,0,7.2,DDoS
3,4,257359.7769,154.9426712,45178,0,0,0,1453.375,1,1661,DDoS
4,0,18.80860055,3.134766758,1276012,0,0,1,6,0,7.5,DDoS
2,0,4000000,666666.666666667,3,1,0,0,6,0,9,BENIGN
7,4,131.9241746922,1.9323114802,5692664,0,0,0,62.5833333333,0,68.2727272727,BENIGN
1,1,1853.3838174934,15.9088739699,125716,0,0,0,95.6666666667,1,143.5,BENIGN
2,0,0.6594873047,0.1099145508,18195953,0,0,1,6,0,9,BENIGN
7,4,85.5615992214,2.0153695748,5458056,0,0,0,38.9166666667,0,42.4545454545,BENIGN
2,0,4000000,666666.666666667,3,0,0,1,6,0,9,BENIGN
5,0,3.450733022,0.57512217,8693805,0,0,1,6,0,7.2,DDoS
3,6,6549.725382,5.067267982,1776105,0,0,0,1163.3,2,1292.555556,DDoS
3,0,10750000,750000,4,0,0,1,12.25,0,16.3333333333,BENIGN
5,3,378.1705549203,72.0324866515,111061,0,0,1,5.3333333333,0,6,BENIGN
7,4,147.5175868918,2.0777124914,5294284,0,0,0,65.0833333333,0,71,BENIGN
5,0,4.670449212,0.778408202,6423365,0,0,1,6,0,7.2,DDoS
4,0,7.978895821,1.32981597,3007935,0,0,1,6,0,7.5,DDoS
16,15,24.033137832,0.2692545258,115132698,0,0,0,86.46875,0,89.2580645161,BENIGN
2,2,85.3446894809,0.7232600803,5530514,0,0,0,104.6,1,130.75,BENIGN
3,5,6367.288555,4.381036247,1826052,0,0,0,1291.888889,1,1453.375,DDoS
9,6,875.0970600441,2.5243184424,5942198,0,0,0,325,0,346.6666666667,BENIGN
8,6,144.5552998,0.173520895,80681926,0,0,1,777.9333333,0,833.5,DDoS
1,1,0,80000,25,0,0,1,0,1,0,BENIGN
3,4,592760.6424,356.8697425,19615,0,0,0,1453.375,1,1661,DDoS
2,2,5635.2201257862,67.0859538784,59625,0,0,0,74.6,1,93.25,BENIGN
1,1,5503.7193103152,85.9956142237,23257,0,0,0,61.3333333333,1,92,BENIGN
3,5,13875.20545,9.541961971,838402,0,0,0,1292.555556,1,1454.125,DDoS
2,0,145.1729978224,24.1954996371,82660,0,0,1,6,0,9,BENIGN
3,5,23068.39172,15.87229154,504023,0,0,0,1291.888889,1,1453.375,DDoS
2,2,5512.1138315601,128.1886937572,31204,0,0,0,41.4,1,51.75,BENIGN
8,5,141.320675,0.157521116,82528618,0,0,1,833.5,0,897.6153846,DDoS
2,2,1388888.88888889,27777.7777777778,144,0,0,0,48.4,1,60.5,BENIGN
8,6,141.7141035,0.170110387,82299501,0,0,1,777.9333333,0,833.5,DDoS
2,2,1415730.33707865,22471.9101123596,178,0,0,0,59.6,1,74.5,BENIGN
3,7,227280.724,195.4766699,51157,0,0,0,1057,2,1162.7,DDoS
3,4,6474.649079,3.898042793,1795773,0,0,0,1453.375,1,1661,DDoS
3,4,30040.27935,18.08565885,387047,0,0,0,1453.375,1,1661,DDoS
3,5,18812.18075,12.94378997,618057,0,0,0,1291.888889,1,1453.375,DDoS
1,1,370672.097759674,4073.3197556008,491,0,0,0,81.3333333333,1,122,BENIGN
5,0,3.016361347,0.502726891,9945758,0,0,1,6,0,7.2,DDoS
1,1,0,60606.0606060606,33,0,0,1,0,1,0,BENIGN
1,1,3262.4665111054,43.2114769683,46284,0,0,0,68.6666666667,1,103,BENIGN
3,6,17785.08604,13.7667304,653750,0,0,0,1162.7,2,1291.888889,DDoS
1,3,176470.588235294,39215.6862745098,102,0,0,1,3.6,3,4.5,BENIGN
2,2,1602484.47204969,24844.7204968944,161,0,0,0,58.8,1,73.5,BENIGN
5,0,25.94542984,4.324238307,1156273,0,0,1,6,0,7.2,DDoS
1,1,2013.3409257301,20.3367770276,98344,0,0,0,82,1,123,BENIGN
6,2,688.7633073563,6.3044696326,1268941,0,0,0,100.5555555556,0,113.125,BENIGN
8,7,203.1320116598,0.5589763667,26834766,0,0,0,340.6875,0,363.4,BENIGN
3,6,33142.35572,25.64095259,351001,0,0,0,1163.3,2,1292.555556,DDoS
2,2,2090452.26130653,20100.5025125628,199,0,0,0,91.2,1,114,BENIGN
5,0,11.95270553,1.992117589,2509892,0,0,1,6,0,7.2,DDoS
4,0,3.203478978,0.533913163,7491855,0,0,1,6,0,7.5,DDoS
1,1,126315.789473684,21052.6315789474,95,0,0,1,6,1,9,BENIGN
3,6,268896.4911,208.0347649,43262,0,0,0,1163.3,2,1292.555556,DDoS
2,0,12000000,2000000,1,1,0,0,6,0,9,BENIGN
4,4,16.4741140187,0.6101523711,13111479,0,0,0,27,1,30.375,BENIGN
17,14,103.9911553337,0.5074336243,61091734,0,0,0,198.53125,0,204.935483871,BENIGN
4,0,3.633687371,0.605614562,6604861,0,0,1,6,0,7.5,DDoS
4,0,2.987373493,0.497895582,8033813,0,0,1,6,0,7.5,DDoS
9,4,115.0989935,0.128227519,101382294,0,0,1,833.9285714,0,898.0769231,DDoS
2,2,12216.376459857,65.1540077859,61393,0,0,0,158.8,1,198.5,BENIGN
8,5,1283.02189,1.430102424,9090258,0,0,1,833.5,0,897.6153846,DDoS
3,5,9338.558278,6.425429279,1245053,0,0,0,1291.888889,1,1453.375,DDoS
33,43,167335.955647248,164.5260243369,461933,0,0,0,1003.8701298701,1,1017.0789473684,BENIGN
1,1,5840.126536075,121.6693028349,16438,0,0,0,48,1,72,BENIGN
5,0,3.900793968,0.650132328,7690742,0,0,1,6,0,7.2,DDoS
4,0,4.926144774,0.821024129,4871964,0,0,1,6,0,7.5,DDoS
2,1,0,28.4943581171,105284,0,0,1,0,0,0,BENIGN
3,6,10432.43534,8.071169782,1115080,0,0,0,1163.3,2,1292.555556,DDoS
2,2,2307692.30769231,15384.6153846154,260,0,0,0,126.4,1,158,BENIGN
4,2,3443.5329856816,59.3712583738,101059,0,0,0,54.4285714286,0,63.5,BENIGN
2,2,1648351.64835165,21978.021978022,182,0,0,0,69.4,1,86.75,BENIGN
23,20,130330.858548798,232.0110502007,185336,0,0,0,548.9772727273,0,561.7441860465,BENIGN
5,0,2.828933807,0.471488968,10604702,0,0,1,6,0,7.2,DDoS
3,4,6161.918675,3.707851004,1887886,0,0,0,1454.125,1,1661.857143,DDoS
2,2,4.0398817123,0.0524659963,76239856,0,0,0,72.4,1,90.5,BENIGN
1,1,0,21978.021978022,91,0,0,1,0,1,0,BENIGN
2,2,9900.1594093464,167.7993120228,23838,0,0,0,56.2,1,70.25,BENIGN
3,6,155289.6238,120.2035447,74873,0,0,0,1162.7,2,1291.888889,DDoS
1,1,2352.7476143468,32.9055610398,60780,0,0,0,61.6666666667,1,92.5,BENIGN
4,0,3.283245598,0.5472076,7309840,0,0,1,6,0,7.5,DDoS
1,1,106194.690265487,17699.1150442478,113,0,0,1,6,1,9,BENIGN
3,5,6866.850893,4.724761946,1693207,0,0,0,1291.888889,1,1453.375,DDoS
4,0,3.003811837,0.500635306,7989848,0,0,1,6,0,7.5,DDoS
2,2,1263157.89473684,17543.8596491228,228,0,0,0,66,1,82.5,BENIGN
4,0,11.41858832,1.903098053,2101836,0,0,1,6,0,7.5,DDoS
3,5,295890.0623,203.5882428,39295,0,0,0,1291.888889,1,1453.375,DDoS
4,0,3.045374945,0.507562491,7880803,0,0,1,6,0,7.5,DDoS
1,1,0,7.9728286001,250852,0,0,1,0,1,0,BENIGN
1,1,1200000,200000,10,0,0,1,6,1,9,BENIGN
3,4,358434.7558,215.6832537,32455,0,0,0,1454.125,1,1661.857143,DDoS
3,6,89556.26039,69.28619819,129896,0,0,0,1163.3,2,1292.555556,DDoS
1,3,272727.272727273,60606.0606060606,66,0,0,1,3.6,3,4.5,BENIGN
8,8,597.6631636403,1.7030473051,9394924,0,0,0,330.2941176471,1,350.9375,BENIGN
15,18,95684.7331512591,87.7573217529,376037,0,0,0,1058.2647058824,1,1090.3333333333,BENIGN
22,28,241703.939791628,334.7885475534,149348,0,0,0,707.8039215686,1,721.96,BENIGN
16,16,54.4302946311,0.2725773753,117397858,0,0,0,193.6363636364,1,199.6875,BENIGN
2,0,9250000,500000,4,0,1,1,22.6666666667,0,34,BENIGN
5,4,64.5266311672,0.7763899472,11592113,0,0,0,74.8,0,83.1111111111,BENIGN
3,4,181052.7299,108.946025,64252,0,0,0,1454.125,1,1661.857143,DDoS
2,2,1043189.36877076,13289.0365448505,301,0,0,0,72.2,1,90.25,BENIGN
1,1,324621.733149931,2751.0316368638,727,0,0,0,104.3333333333,1,156.5,BENIGN
2,2,883977.900552486,22099.4475138122,181,0,0,0,38.4,1,48,BENIGN
18,21,62.8922125855,0.3262564899,119537852,0,0,0,187.95,1,192.7692307692,BENIGN
2,2,976190.476190476,23809.5238095238,168,0,0,0,39.4,1,49.25,BENIGN
2,2,1965714.28571429,22857.1428571429,175,0,0,0,75.4,1,94.25,BENIGN
4,0,3.006112554,0.501018759,7983733,0,0,1,6,0,7.5,DDoS
2,2,1843137.25490196,19607.8431372549,204,0,0,0,84.4,1,105.5,BENIGN
3,5,20383.1321,14.01745524,570717,0,0,0,1292.555556,1,1454.125,DDoS
4,0,7.059137038,1.17652284,3399849,0,0,1,6,0,7.5,DDoS
66,67,1562.097889515,13.913676621,9558940,0,0,0,111.4328358209,1,112.2706766917,BENIGN
9,8,2580.0338844236,5.460049301,3113525,0,0,0,446.2777777778,0,472.5294117647,BENIGN
1,1,545454.545454545,90909.0909090909,22,0,0,1,6,1,9,BENIGN
2,0,6000000,1000000,2,1,0,0,6,0,9,BENIGN
3,4,6400.180457,3.8512218,1817605,0,0,0,1454.125,1,1661.857143,DDoS
4,0,2.002894516,0.333815753,11982658,0,0,1,6,0,7.5,DDoS
5,0,2.9374997,0.489583283,10212767,0,0,1,6,0,7.2,DDoS
10,9,11958.4991574558,22.7552813211,834971,0,0,0,499.25,0,525.5263157895,BENIGN
5,0,1763.461086,293.910181,17012,0,0,1,6,0,7.2,DDoS
3,4,404868.027,243.7495647,28718,0,0,0,1453.375,1,1661,DDoS
2,2,1326203.20855615,21390.3743315508,187,0,0,0,56.6,1,70.75,BENIGN
3,4,6376.647223,3.839041073,1823372,0,0,0,1453.375,1,1661,DDoS
3,4,89887.72727,54.08872096,129417,0,0,0,1454.125,1,1661.857143,DDoS
5,0,6.082712728,1.013785455,4932010,0,0,1,6,0,7.2,DDoS
2,2,6100.0741900915,54.9556233342,72786,0,0,0,98.2,1,122.75,BENIGN
5,0,4.489117481,0.748186247,6682828,0,0,1,6,0,7.2,DDoS
1,1,0,50000,40,0,0,1,0,1,0,BENIGN
4,2,1802.8575291838,30.0476254864,199683,0,0,0,57,0,66.5,BENIGN
2,0,977.9951100245,162.9991850041,12270,0,0,1,6,0,9,BENIGN
5,0,2.725822342,0.454303724,11005853,0,0,1,6,0,7.2,DDoS
18,24,3167.8833136124,22.5586807683,1861811,0,0,0,137.1627906977,1,140.4285714286,BENIGN
3,6,161683.7246,125.1529647,71912,0,0,0,1162.7,2,1291.888889,DDoS
3,1,1049.6391865296,174.9398644216,22865,1,0,0,6,0,7.5,BENIGN
4,0,3.413543061,0.568923844,7030818,0,0,1,6,0,7.5,DDoS
20,16,56197.5193107003,131.6015543606,273553,0,0,0,415.4864864865,0,427.0277777778,BENIGN
1,1,3490.4739149405,41.5532608921,48131,0,0,0,74,1,111,BENIGN
2,0,0,28985.5072463768,69,0,0,1,0,0,0,BENIGN
22,24,119.6502097989,0.3964210351,116038242,0,0,0,295.4042553191,1,301.8260869565,BENIGN
4,0,2.405108932,0.400851489,9978758,0,0,1,6,0,7.5,DDoS
3,4,21506.15161,12.9410351,540915,0,0,0,1454.125,1,1661.857143,DDoS
8,4,160.6201987,0.165346349,72574932,0,0,1,897.1538462,0,971.9166667,DDoS
1,1,2089.5143322212,23.0885561571,86623,0,0,0,79.3333333333,1,119,BENIGN
5,0,3.057866453,0.509644409,9810762,0,0,1,6,0,7.2,DDoS
5,6,82.5701242097,0.1826405321,60227595,0,0,0,414.4166666667,1,452.0909090909,BENIGN
1,1,5946.7407286391,65.3487992158,30605,0,0,0,79.3333333333,1,119,BENIGN
3,5,16348.4943,11.24283972,711564,0,0,0,1292.555556,1,1454.125,DDoS
2,1,165178.571428571,13392.8571428571,224,0,1,1,17,0,22.6666666667,BENIGN
3,5,6677.366065,4.59201655,1742154,0,0,0,1292.555556,1,1454.125,DDoS
5,0,3.156959944,0.526159991,9502813,0,0,1,6,0,7.2,DDoS
4,0,2.52452683,0.420754472,9506732,0,0,1,6,0,7.5,DDoS
3,5,47666.09546,32.79683183,243926,0,0,0,1291.888889,1,1453.375,DDoS
3,0,0,0.3331324545,9005427,0,0,0,0,0,0,BENIGN
7,7,115.4326452,0.138705436,100933319,0,0,1,777.1333333,1,832.6428571,DDoS
10,9,38439.5670475045,142.8141912207,133040,0,0,0,255.7,0,269.1578947368,BENIGN
3,4,104035.4331,62.63421618,111760,0,0,0,1453.375,1,1661,DDoS
8,5,160.6010328,0.179103837,72583593,0,0,1,833.0714286,0,897.1538462,DDoS
3,4,13339.57139,8.02690619,872067,0,0,0,1454.125,1,1661.857143,DDoS
4,2,15263.2426340364,193.2056029625,31055,0,0,0,73.5714285714,0,85.8333333333,BENIGN
1,1,3502.9836459543,40.7323679762,49101,0,0,0,76.6666666667,1,115,BENIGN
1,1,4370.9430146459,65.2379554425,30657,0,0,0,62.6666666667,1,94,BENIGN
1,1,1965.4455945941,18.7185294723,106846,0,0,0,88.3333333333,1,132.5,BENIGN
5,0,5.762677939,0.960446323,5205913,0,0,1,6,0,7.2,DDoS
3,4,16435.57163,9.894985928,707429,0,0,0,1453.375,1,1661,DDoS
3,6,8703.335443,6.73343239,1336614,0,0,0,1163.3,2,1292.555556,DDoS
6,0,34.43816054,5.739693424,1045352,0,0,1,6,0,7,DDoS
5,0,329.6051331,54.93418884,91018,0,0,1,6,0,7.2,DDoS
5,0,10.50438558,1.75073093,2855950,0,0,1,6,0,7.2,DDoS
2,2,1442307.69230769,19230.7692307692,208,0,0,0,69.4,1,86.75,BENIGN
3,5,672430.7443,462.6684402,17291,0,0,0,1291.888889,1,1453.375,DDoS
3,6,13690.85538,10.59754867,849253,0,0,0,1162.7,2,1291.888889,DDoS
5,0,3.679716044,0.613286007,8152803,0,0,1,6,0,7.2,DDoS
15,12,78.6429980542,0.2992756797,90217822,0,0,0,253.3928571429,0,262.7777777778,BENIGN
3,7,389409.8734,334.9186148,29858,0,0,0,1057,2,1162.7,DDoS
3,1,2.6053476995,0.744385057,5373563,0,0,0,2.8,0,3.5,BENIGN
8,6,145.3327202,0.174543886,80209054,0,0,1,777.5333333,0,833.0714286,DDoS
3,6,6162.989429,4.768065405,1887558,0,0,0,1163.3,2,1292.555556,DDoS
5,0,3.731906319,0.621984386,8038787,0,0,1,6,0,7.2,DDoS
2,2,1658227.84810127,25316.4556962025,158,0,0,0,61.4,1,76.75,BENIGN
5,0,2.698640155,0.449773359,11116710,0,0,1,6,0,7.2,DDoS
4,2,819.8787809222,12.2981817138,487877,0,0,0,63.4285714286,0,74,BENIGN
3,5,16926.14364,11.64008846,687280,0,0,0,1292.555556,1,1454.125,DDoS
8,4,128.291139,0.132066026,90863641,0,0,1,897.1538462,0,971.9166667,DDoS
2,0,4000000,666666.666666667,3,0,0,1,6,0,9,BENIGN
2,1,0,20.6828084496,145048,0,0,1,0,0,0,BENIGN
1,1,6026.800025646,64.1148938899,31194,0,0,0,84.6666666667,1,127,BENIGN
3,5,6971.935964,4.797066114,1667686,0,0,0,1291.888889,1,1453.375,DDoS
2,2,3128491.62011173,22346.3687150838,179,0,0,0,128.8,1,161,BENIGN
2,1,279069.76744186,69767.4418604651,43,1,0,1,4.5,0,6,BENIGN
2,2,2314285.71428571,28571.4285714286,140,0,0,0,70.8,1,88.5,BENIGN
3,5,10153.04225,6.98583796,1145174,0,0,0,1291.888889,1,1453.375,DDoS
3,4,710392.8637,427.6898638,16367,0,0,0,1453.375,1,1661,DDoS
8,5,125.7084038,0.140191237,92730475,0,0,1,833.0714286,0,897.1538462,DDoS
17,17,115.2215847711,0.5433472791,62575081,0,0,0,206,1,212.0588235294,BENIGN
2,2,1885714.28571429,19047.619047619,210,0,0,0,86.2,1,107.75,BENIGN
2,0,12333333.3333333,666666.666666667,3,0,1,1,22.6666666667,0,34,BENIGN
4,0,5.732041395,0.955340232,4186990,0,0,1,6,0,7.5,DDoS
3,4,22484.79516,13.53690256,517105,0,0,0,1453.375,1,1661,DDoS
4,0,532.7177484,88.7862914,45052,0,0,1,6,0,7.5,DDoS
23,24,34.3587621216,0.4159870736,112984280,0,0,0,80.875,1,82.5957446809,BENIGN
1,1,1922.917872798,20.6765362666,96728,0,0,0,78.6666666667,1,118,BENIGN
8,5,148.4828687,0.165504355,78547782,0,0,1,833.5,0,897.6153846,DDoS
1,1,6429.5080580348,84.5987902373,23641,0,0,0,65.3333333333,1,98,BENIGN
7,7,1204.864006,1.447780971,9669971,0,0,1,777.1333333,1,832.6428571,DDoS
3,7,21321.16831,18.32817701,545608,0,0,0,1057.545455,2,1163.3,DDoS
3,4,16637.80891,10.01674227,698830,0,0,0,1453.375,1,1661,DDoS
3,6,15293.5593,11.83203247,760647,0,0,0,1163.3,2,1292.555556,DDoS
3,5,461663.6241,317.4855147,25198,0,0,0,1292.555556,1,1454.125,DDoS
2,2,975155.279503106,12422.3602484472,322,0,0,0,71.4,1,89.25,BENIGN
5,0,4.894880004,0.815813334,6128853,0,0,1,6,0,7.2,DDoS
3,6,47137.43319,36.46840013,246789,0,0,0,1163.3,2,1292.555556,DDoS
3,1,2.0015218238,0.6671739413,5995438,0,0,0,2.4,0,3,BENIGN
3,5,14980.52545,10.30740548,776141,0,0,0,1291.888889,1,1453.375,DDoS
8,6,138.3033967,0.166016253,84329093,0,0,1,777.9333333,0,833.5,DDoS
5,0,3.638213172,0.606368862,8245806,0,0,1,6,0,7.2,DDoS
3,5,6440.803902,4.429333037,1806141,0,0,0,1292.555556,1,1454.125,DDoS
3,6,9839.173059,7.616114005,1181705,0,0,0,1162.7,2,1291.888889,DDoS
3,1,0,0.7301083353,5478639,0,0,0,0,0,0,BENIGN
4,4,12.1947474061,0.4516573113,17712544,0,0,0,27,1,30.375,BENIGN
2,0,12333333.3333333,666666.666666667,3,0,1,1,24.6666666667,0,37,BENIGN
2,2,4487.1368742937,66.4761018414,60172,0,0,0,61.2,1,76.5,BENIGN
8,5,148.9201432,0.165991757,78317142,0,0,1,833.5,0,897.6153846,DDoS
39,44,6587.0763123802,57.8425025315,1434931,0,0,0,112.5238095238,1,113.8795180723,BENIGN
2,2,1472727.27272727,18181.8181818182,220,0,0,0,70.8,1,88.5,BENIGN
13,11,116.0586123032,0.4213928435,56953981,0,0,0,264.4,0,275.4166666667,BENIGN
3,5,30488.25257,20.97755402,381360,0,0,0,1291.888889,1,1453.375,DDoS
3,2,103.3241680969,28.7011578047,174209,1,0,0,4,0,4.8,BENIGN
19,22,64.5454381029,0.4259396366,96257771,0,0,0,147.9285714286,1,151.5365853659,BENIGN
8,5,1175.469326,1.310894847,9916890,0,0,1,833.0714286,0,897.1538462,DDoS
2,2,54.6197683838,0.7093476413,5638984,0,0,0,74.4,1,93,BENIGN
4,0,2.377954224,0.396325704,10092709,0,0,1,6,0,7.5,DDoS
4,0,37.65556455,6.275927425,637356,0,0,1,6,0,7.5,DDoS
2,2,908571.428571429,11428.5714285714,350,0,0,0,71.2,1,89,BENIGN
1,1,0,19.556650728,102267,0,0,1,0,1,0,BENIGN
7,5,1215.084434,1.25083754,9593572,0,0,1,897.1538462,0,971.9166667,DDoS
2,2,1307017.54385965,17543.8596491228,228,0,0,0,65.8,1,82.25,BENIGN
5,6,9796.8989833827,24.4700020021,449530,0,0,0,367,1,400.3636363636,BENIGN
8,5,154.2632228,0.171947346,75604540,0,0,1,833.5,0,897.6153846,DDoS
19,16,30.8363822226,0.2917743654,119955706,0,0,0,102.75,0,105.6857142857,BENIGN
1,3,281250,62500,64,0,0,1,3.6,3,4.5,BENIGN
5,0,6.857247871,1.142874645,4374933,0,0,1,6,0,7.2,DDoS
5,0,4.510731481,0.75178858,6650806,0,0,1,6,0,7.2,DDoS
4,2,1499.1207080463,34.5950932626,173435,0,0,0,42.5714285714,0,49.6666666667,BENIGN
1,1,5420.5358332963,44.4306215844,45014,0,0,0,100.6666666667,1,151,BENIGN
62,44,3804.3912967838,6.4524541179,16427858,0,0,0,584.0934579439,0,589.6037735849,BENIGN
4,2,2074235.80786026,13100.4366812227,458,0,1,1,193.2857142857,0,225.5,BENIGN
3,5,9354.15107,6.432838353,1243619,0,0,0,1292.555556,1,1454.125,DDoS
2,2,545454.545454546,20202.0202020202,198,0,0,0,27,1,33.75,BENIGN
5,0,3.766272652,0.627712109,7965435,0,0,1,6,0,7.2,DDoS
15,15,81.260860369,0.4532117143,66194229,0,0,0,173.5161290323,1,179.3,BENIGN
1,1,836.3066345592,8.4050918046,237951,0,0,0,82,1,123,BENIGN
2,0,31496.062992126,5249.343832021,381,0,0,1,6,0,9,BENIGN
2,2,1257861.63522013,25157.2327044025,159,0,0,0,48.4,1,60.5,BENIGN
4,0,2.263064246,0.377177374,10605090,0,0,1,6,0,7.5,DDoS
2,2,7904.1819574949,80.6549179336,49594,0,0,0,96.4,1,120.5,BENIGN
3,4,235770.0497,141.9446416,49315,0,0,0,1453.375,1,1661,DDoS
3,6,25564.24041,19.78826556,454815,0,0,0,1162.7,2,1291.888889,DDoS
2,2,3.6425276408,0.0582804423,68633659,0,0,0,61.4,1,76.75,BENIGN
1,1,3633.480874678,66.0632886305,30274,0,0,0,52.3333333333,1,78.5,BENIGN
15,9,57.3672269217,0.2270845202,105687521,0,0,0,242.52,0,252.625,BENIGN
3,5,117110.8559,80.57855402,99282,0,0,0,1291.888889,1,1453.375,DDoS
4,0,2.109390903,0.35156515,11377692,0,0,1,6,0,7.5,DDoS
4,0,4.685776696,0.780962783,5121883,0,0,1,6,0,7.5,DDoS
8,5,126.4546321,0.140950889,92230706,0,0,1,833.5,0,897.6153846,DDoS
9,4,142.9427341,0.159329121,81592115,0,0,1,833.5,0,897.6153846,DDoS
2,2,10392.5592768875,174.6648617964,22901,0,0,0,54.2,1,67.75,BENIGN
8,5,160.5434123,0.178947471,72647017,0,0,1,833.5,0,897.6153846,DDoS
3,4,12491.82128,7.520663022,930769,0,0,0,1453.375,1,1661,DDoS
3,6,9588.564608,7.418299792,1213216,0,0,0,1163.3,2,1292.555556,DDoS
7,5,1329.96095,1.369094227,8764919,0,0,1,897.1538462,0,971.9166667,DDoS
5,0,3.12132464,0.520220773,9611304,0,0,1,6,0,7.2,DDoS
3,5,9807.508776,6.744611898,1186132,0,0,0,1292.555556,1,1454.125,DDoS
1,1,62.7024767478,10.4504127913,191380,0,0,1,6,1,9,BENIGN
3,5,7119.169126,4.895843979,1634039,0,0,0,1292.555556,1,1454.125,DDoS
5,0,2.796231351,0.466038559,10728726,0,0,1,6,0,7.2,DDoS
2,2,9561.0882956879,128.3367556468,31168,0,0,0,68.8,1,86,BENIGN
8,5,143.269075,0.159692873,81406263,0,0,1,833.5,0,897.6153846,DDoS
8,5,130.2821216,0.145291892,89475055,0,0,1,833.0714286,0,897.1538462,DDoS
2,2,8125.6943342327,126.9639739724,31505,0,0,0,58.8,1,73.5,BENIGN
3,5,90752.35599,62.41028522,128184,0,0,0,1292.555556,1,1454.125,DDoS
3,4,10406.55614,6.262004038,1117853,0,0,0,1454.125,1,1661.857143,DDoS
3,3,64928.46533,33.50570155,179074,0,0,0,1661,1,1937.833333,DDoS
5,0,4.005465591,0.667577599,7489766,0,0,1,6,0,7.2,DDoS
5,0,4.931871132,0.821978522,6082884,0,0,1,6,0,7.2,DDoS
1,1,307692.307692308,51282.0512820513,39,0,0,1,6,1,9,BENIGN
2,0,0,2000000,1,0,0,1,0,0,0,BENIGN
5,0,4.931075887,0.821845981,6083865,0,0,1,6,0,7.2,DDoS
16,14,12.3514752437,0.2600310578,115370834,0,0,0,45.9677419355,0,47.5,BENIGN
4,0,6.024215842,1.004035974,3983921,0,0,1,6,0,7.5,DDoS
3,6,238141.0782,184.3355727,48824,0,0,0,1162.7,2,1291.888889,DDoS
9,7,114.6410469,0.157190569,101787277,0,0,1,686.7647059,0,729.6875,DDoS
3,6,22549.77408,17.44588384,515881,0,0,0,1163.3,2,1292.555556,DDoS
2,0,0,19417.4757281553,103,0,0,1,0,0,0,BENIGN
5,0,6.75387115,1.125645192,4441897,0,0,1,6,0,7.2,DDoS
9,6,128.6513351,0.165460861,90655880,0,0,1,729.3125,0,777.9333333,DDoS
36,41,148.0495707204,0.6452604826,119331653,0,0,0,226.5,1,229.4415584416,BENIGN
3,5,143276.1149,98.58165642,81151,0,0,0,1291.888889,1,1453.375,DDoS
10,8,1456.1697815253,14.7584775155,1219638,0,0,0,93.4736842105,0,98.6666666667,BENIGN
2,2,3441.4012436512,47.4676033607,84268,0,0,0,67,1,83.75,BENIGN
21,17,53.1334539854,0.3218156282,118080033,0,0,0,160.8717948718,0,165.1052631579,BENIGN
13,7,13530.4840996557,62.3237406709,320905,0,0,0,206.7619047619,0,217.1,BENIGN
2,1,178743.961352657,14492.7536231884,207,0,1,1,18.5,0,24.6666666667,BENIGN
1,1,400000,66666.6666666667,30,0,0,1,6,1,9,BENIGN
7,6,1431.554045,1.596483022,8142899,0,0,1,833.0714286,0,897.1538462,DDoS
8,6,162.5836965,0.195161772,71735360,0,0,1,777.9333333,0,833.5,DDoS
4,0,2.165936746,0.360989458,11080656,0,0,1,6,0,7.5,DDoS
4,0,2.372065607,0.395344268,10117764,0,0,1,6,0,7.5,DDoS
4,0,13.58297329,2.263828882,1766918,0,0,1,6,0,7.5,DDoS
3,4,32309.15866,19.45163074,359867,0,0,0,1453.375,1,1661,DDoS
9,6,162.7693345,0.209233012,71690408,0,0,1,729.6875,0,778.3333333,DDoS
3,5,14339.0868,9.860972612,811279,0,0,0,1292.555556,1,1454.125,DDoS
5,0,6.640254685,1.106709114,4517899,0,0,1,6,0,7.2,DDoS
2,6,283709.9214,195.2076521,40982,0,0,0,1291.888889,3,1453.375,DDoS
3,5,10396.26081,7.149495961,1118960,0,0,0,1292.555556,1,1454.125,DDoS
2,2,1969849.24623116,20100.5025125628,199,0,0,0,85.2,1,106.5,BENIGN
3,6,356623.6236,276.0482164,32603,0,0,0,1162.7,2,1291.888889,DDoS
8,6,819.3298005977,2.2795344214,6141605,0,0,0,335.4666666667,0,359.4285714286,BENIGN
3,6,721874.0304,558.4858827,16115,0,0,0,1163.3,2,1292.555556,DDoS
2,0,54794.5205479452,9132.4200913242,219,0,0,1,6,0,9,BENIGN
3,6,17897.39116,13.84651599,649983,0,0,0,1163.3,2,1292.555556,DDoS
13,0,36111111.1111111,722222.222222222,18,0,0,0,50,0,53.8461538462,BENIGN
3,5,9093.559777,6.253630037,1279257,0,0,0,1292.555556,1,1454.125,DDoS
5,0,2.516822652,0.419470442,11919791,0,0,1,6,0,7.2,DDoS
4,4,488.5406437019,7.9437503041,1007081,0,0,0,59.8888888889,1,67.375,BENIGN
9,6,119.3485742,0.153417483,97772429,0,0,1,729.6875,0,778.3333333,DDoS
3,4,13231.08366,7.96573369,878764,0,0,0,1453.375,1,1661,DDoS
4,2,0,0.9551662475,6281629,0,0,0,0,0,0,BENIGN
1,1,7152.7748558926,84.1502924223,23767,0,0,0,74.3333333333,1,111.5,BENIGN
5,0,50.27416176,8.37902696,596728,0,0,1,6,0,7.2,DDoS
2,2,906.1840589279,12.9454865561,308988,0,0,0,64.4,1,80.5,BENIGN
3,5,170624.3858,117.3381833,68179,0,0,0,1292.555556,1,1454.125,DDoS
3,5,318417.0889,219.088046,36515,0,0,0,1291.888889,1,1453.375,DDoS
4,0,2.656457899,0.442742983,9034587,0,0,1,6,0,7.5,DDoS
5,0,34.96605379,5.827675632,857975,0,0,1,6,0,7.2,DDoS
3,6,6548.205368,5.068706314,1775601,0,0,0,1162.7,2,1291.888889,DDoS
1,1,428571.428571429,71428.5714285714,28,0,0,1,6,1,9,BENIGN
7,5,99.4176989266,2.1770299035,5512097,0,0,0,42.1538461538,0,45.6666666667,BENIGN
9,8,38161.2621076161,137.6785772134,123476,0,0,0,261.7777777778,0,277.1764705882,BENIGN
2,1,0,5586.592178771,537,0,0,1,0,0,0,BENIGN
4,0,2.610003775,0.435000629,9195389,0,0,1,6,0,7.5,DDoS
2,2,1422492.40121581,12158.0547112462,329,0,0,0,104.2,1,130.25,BENIGN
2,4,2.2505397563,0.1336954311,44878123,0,0,1,15.2857142857,2,17.8333333333,BENIGN
2,2,1192982.45614035,14035.0877192982,285,0,0,0,77.2,1,96.5,BENIGN
17,15,25.0717560551,0.2757031594,116066860,0,0,0,88.1818181818,0,90.9375,BENIGN
6,0,5.541131511,0.923521919,6496868,0,0,1,6,0,7,DDoS
3,6,91942.84313,71.16931179,126459,0,0,0,1162.7,2,1291.888889,DDoS
4,0,58.0391474,9.673191234,413514,0,0,1,6,0,7.5,DDoS
2,6,13319.71676,9.169411759,872466,0,0,0,1291.222222,3,1452.625,DDoS
5,0,3.047000284,0.507833381,9845749,0,0,1,6,0,7.2,DDoS
7,6,1334.442333,1.488949475,8730988,0,0,1,832.6428571,0,896.6923077,DDoS
3,5,11501.27589,7.909413487,1011453,0,0,0,1292.555556,1,1454.125,DDoS
3,5,9053.497942,6.229292469,1284255,0,0,0,1291.888889,1,1453.375,DDoS
5,0,3.129973071,0.521662178,9584747,0,0,1,6,0,7.2,DDoS
3,6,6483.467242,5.016006635,1794256,0,0,0,1163.3,2,1292.555556,DDoS
2,2,1683168.31683168,19801.9801980198,202,0,0,0,77.2,1,96.5,BENIGN
3,4,6284.970181,3.783847189,1849969,0,0,0,1453.375,1,1661,DDoS
6,7,3165.1173707601,36.5422076553,355753,0,0,0,80.4285714286,1,86.6153846154,BENIGN
17,18,207635.954454962,275.4105584539,127083,0,0,0,732.9722222222,1,753.9142857143,BENIGN
4,4,16663.3286601242,320.4486280793,24965,0,0,0,51.1111111111,1,57.5,BENIGN
16,21,151522.307151327,189.935473273,194803,0,0,0,776.7631578947,1,797.7567567568,BENIGN
5,0,7.380253541,1.230042257,4064901,0,0,1,6,0,7.2,DDoS
4,0,2.405927484,0.400987914,9975363,0,0,1,6,0,7.5,DDoS
4,0,3.998237444,0.666372907,6002645,0,0,1,6,0,7.5,DDoS
2,5,454353.5207,273.6833874,25577,0,0,0,1452.625,2,1660.142857,DDoS
8,5,158.8433988,0.177143706,73386745,0,0,1,833.0714286,0,897.1538462,DDoS
5,0,3.187832511,0.531305418,9410783,0,0,1,6,0,7.2,DDoS
5,0,63.01686962,10.5028116,476063,0,0,1,6,0,7.2,DDoS
8,6,116.490742,0.139904812,100068038,0,0,1,777.5333333,0,833.0714286,DDoS
2,0,0,666666.666666667,3,0,0,1,0,0,0,BENIGN
8,4,160.289958,0.165006391,72724456,0,0,1,897.1538462,0,971.9166667,DDoS
20,15,193818.914073819,429.7536897424,81442,0,0,0,438.4722222222,0,451,BENIGN
2,2,6098.0554339188,64.8729301481,61659,0,0,0,82.8,1,103.5,BENIGN
2,0,12333333.3333333,666666.666666667,3,0,1,1,22.6666666667,0,34,BENIGN
3,5,150911.8048,103.8354209,77045,0,0,0,1291.888889,1,1453.375,DDoS
2,1,0,5649.7175141243,531,0,0,1,0,0,0,BENIGN
1,1,2212.8933580657,32.5425493833,61458,0,0,0,64,1,96,BENIGN
1,1,0,28985.5072463768,69,0,0,1,0,1,0,BENIGN
3,4,11649.34344,7.013451801,998082,0,0,0,1453.375,1,1661,DDoS
16,18,161621.95167541,211.8406459894,160498,0,0,0,741.1428571429,1,762.9411764706,BENIGN
2,2,2632911.39240506,25316.4556962025,158,0,0,0,100.8,1,126,BENIGN
4,0,3.256971378,0.542828563,7368809,0,0,1,6,0,7.5,DDoS
4,4,416.182955527,3.7493959957,2133677,0,0,0,98.6666666667,1,111,BENIGN
4,0,3.984813874,0.664135646,6022866,0,0,1,6,0,7.5,DDoS
2,0,0.1872811532,0.0312135255,64074787,0,0,1,6,0,9,BENIGN
5,0,7.402154619,1.233692437,4052874,0,0,1,6,0,7.2,DDoS
2,2,11830.5150131807,128.5925544911,31106,0,0,0,82,1,102.5,BENIGN
22,18,48.8003839656,0.3352826106,119302340,0,0,0,142,0,145.55,BENIGN
2,2,1380.9536703582,27.0775229482,147724,0,0,0,49.4,1,61.75,BENIGN
2,1,0,2561.9128949616,1171,0,0,1,0,0,0,BENIGN
2,2,2800000,20000,200,0,0,0,120.8,1,151,BENIGN
6,4,2.5571665449,0.0852388848,117317349,0,1,1,31.4545454545,0,34.6,BENIGN
2,2,20715.3939698914,167.7359835619,23847,0,0,0,106.4,1,133,BENIGN
6,6,824.620901301,2.3174357882,5178137,0,0,0,328.4615384615,1,355.8333333333,BENIGN
2,2,7640.2602868335,129.495937065,30889,0,0,0,56.2,1,70.25,BENIGN
20,17,25.2815287733,0.3187109249,116092663,0,0,0,77.2368421053,0,79.3243243243,BENIGN
5,0,3.29316405,0.548860675,9109780,0,0,1,6,0,7.2,DDoS
3,6,18175.19595,14.06869902,639718,0,0,0,1162.7,2,1291.888889,DDoS
1,1,8363.2799738648,65.3381247958,30610,0,0,0,106.6666666667,1,160,BENIGN
1,1,40.4089384572,13.4696461524,148482,0,0,0,2,1,3,BENIGN
1,1,3215.9017453135,32.3206205559,61880,0,0,0,81.3333333333,1,122,BENIGN
8,6,142.8454743,0.171468459,81647669,0,0,1,777.9333333,0,833.5,DDoS
3,4,1038.2477058075,78.1476767812,89574,0,0,0,11.625,1,13.2857142857,BENIGN
1,1,5468.8276822114,66.2888203904,30171,0,0,0,72.3333333333,1,108.5,BENIGN
1,1,3877.7522182057,65.7246138679,30430,0,0,0,56.3333333333,1,84.5,BENIGN
3,6,11033.04507,8.535838191,1054378,0,0,0,1163.3,2,1292.555556,DDoS
4,2,4.2103804634,1.1482855809,5225181,0,0,0,3.1428571429,0,3.6666666667,BENIGN
1,1,0,251.0355215263,7967,0,0,1,0,1,0,BENIGN
3,4,6227.48939,3.747307292,1868008,0,0,0,1454.125,1,1661.857143,DDoS
5,0,3.228659128,0.538109855,9291783,0,0,1,6,0,7.2,DDoS
3,5,7760.771047,5.337072842,1498949,0,0,0,1292.555556,1,1454.125,DDoS
3,2,418.137892585,116.149414607,43048,1,0,0,4,0,4.8,BENIGN
9,5,22996.0400223189,75.8408858215,184597,0,0,0,283,0,303.2142857143,BENIGN
4,2,0,1.1167452979,5372756,0,0,0,0,0,0,BENIGN
2,2,9357.612544259,84.302815714,47448,0,0,0,97.8,1,122.25,BENIGN
5,0,18.72610081,3.121016802,1602042,0,0,1,6,0,7.2,DDoS
24,15,119.3658938282,0.3818611975,102131351,0,0,0,304.775,0,312.5897435897,BENIGN
2,1,39142.6679907315,248.2621648461,12084,0,1,1,235,0,313.3333333333,BENIGN
3,6,9742.840273,7.537656877,1194005,0,0,0,1163.3,2,1292.555556,DDoS
2,2,3366.7010818333,44.8893477578,89108,0,0,0,68.6,1,85.75,BENIGN
4,0,2.032228433,0.338704739,11809696,0,0,1,6,0,7.5,DDoS
2,2,8353.6520725114,84.8086504823,47165,0,0,0,87.2,1,109,BENIGN
21,19,49.8402776877,0.3458128547,115669500,0,0,0,140.6097560976,0,144.125,BENIGN
9,5,30354.1918545174,100.155240623,139783,0,0,0,282.8666666667,0,303.0714285714,BENIGN
2,0,4000000,666666.666666667,3,0,0,1,6,0,9,BENIGN
1,1,0,666666.666666667,3,0,0,1,0,1,0,BENIGN
2,2,2.7809033973,0.0579354874,69042312,0,0,0,48,1,60,BENIGN
3,6,14010.27364,10.84479769,829891,0,0,0,1162.7,2,1291.888889,DDoS
2,2,1457.8440106909,17.9980742061,222246,0,0,0,71.6,1,89.5,BENIGN
10,5,7235.3703683755,53.8613178787,278493,0,0,0,125.9375,0,134.3333333333,BENIGN
3,4,18033.31039,10.85129999,645084,0,0,0,1454.125,1,1661.857143,DDoS
2,2,1343873.51778656,15810.2766798419,253,0,0,0,77.2,1,96.5,BENIGN
18,17,125.1840637865,0.4428830721,79027631,0,0,0,274.8055555556,0,282.6571428571,BENIGN
3,5,8890.896404,6.114258681,1308417,0,0,0,1292.555556,1,1454.125,DDoS
3,4,6277.592293,3.777456034,1853099,0,0,0,1454.125,1,1661.857143,DDoS
2,2,1576470.58823529,23529.4117647059,170,0,0,0,62.2,1,77.75,BENIGN
4,0,2.973333289,0.495555548,8071749,0,0,1,6,0,7.5,DDoS
8,6,140.8535065,0.169164373,82759743,0,0,1,777.5333333,0,833.0714286,DDoS
3,6,12151.63468,9.406098915,956826,0,0,0,1162.7,2,1291.888889,DDoS
6,5,93.1504818185,2.1126913402,5206629,0,0,0,40.4166666667,0,44.0909090909,BENIGN
3,5,177256.6587,121.8991894,65628,0,0,0,1292.555556,1,1454.125,DDoS
2,0,62827.2251308901,10471.2041884817,191,0,0,1,6,0,9,BENIGN
14,9,12378.1412424799,45.4715298797,505811,0,0,0,260.875,0,272.2173913043,BENIGN
4,0,2.62614697,0.437691162,9138864,0,0,1,6,0,7.5,DDoS
3,6,365215.4793,282.6988315,31836,0,0,0,1162.7,2,1291.888889,DDoS
3,4,540441.3473,325.203252,21525,0,0,0,1454.125,1,1661.857143,DDoS
4,0,2.463842091,0.410640348,9740884,0,0,1,6,0,7.5,DDoS
6,6,46.8697847691,0.4037598114,29720640,0,0,0,107.1538461538,1,116.0833333333,BENIGN
4,0,2.846808941,0.474468157,8430492,0,0,1,6,0,7.5,DDoS
5,0,5.930190978,0.988365163,5058859,0,0,1,6,0,7.2,DDoS
4,0,3.046936921,0.50782282,7876763,0,0,1,6,0,7.5,DDoS
1,1,126315.789473684,21052.6315789474,95,0,0,1,6,1,9,BENIGN
10,6,4660.4774974373,33.0676895605,483856,0,0,0,132.6470588235,0,140.9375,BENIGN
17,17,181.3295892333,0.5539766407,61374429,0,0,0,317.9714285714,1,327.3235294118,BENIGN
2,0,10333333.3333333,666666.666666667,3,0,1,1,20.6666666667,0,31,BENIGN
4,2,12910.3056514863,193.6545847723,30983,0,0,0,62.7142857143,0,73.1666666667,BENIGN
3,4,20685.04191,12.45336659,562097,0,0,0,1453.375,1,1661,DDoS
2,2,10202.4238879683,129.9671832862,30777,0,0,0,71.6,1,89.5,BENIGN
4,0,2.538100054,0.423016676,9455892,0,0,1,6,0,7.5,DDoS
1,1,1165.9726353361,23.7953599048,84050,0,0,0,46.3333333333,1,69.5,BENIGN
6,0,3.577204621,0.59620077,10063724,0,0,1,6,0,7,DDoS
3,4,9617.62639,5.78727626,1209550,0,0,0,1454.125,1,1661.857143,DDoS
7,5,1146.414927,1.180755225,10162987,0,0,1,896.6923077,0,971.4166667,DDoS
6,0,5.709873704,0.951645617,6304868,0,0,1,6,0,7,DDoS
2,2,5359.3645324912,127.6039174403,31347,0,0,0,40.4,1,50.5,BENIGN
2,0,1.1550962754,0.0312188183,64063924,0,1,1,37,0,55.5,BENIGN
1,1,0,25974.025974026,77,0,0,1,0,1,0,BENIGN
2,5,160445.4441,96.59569183,72467,0,0,0,1453.375,2,1661,DDoS
2,2,778210.116731518,15564.2023346303,257,0,0,0,46.8,1,58.5,BENIGN
8,6,143.1989991,0.171892822,81446100,0,0,1,777.9333333,0,833.5,DDoS
2,2,888888.888888889,22222.2222222222,180,0,0,0,38.4,1,48,BENIGN
3,7,52855.76608,45.45950467,219976,0,0,0,1057,2,1162.7,DDoS
2,0,0,2000000,1,0,0,1,0,0,0,BENIGN
91,117,1581.2515663416,1.7872200892,116381861,0,0,0,880.5215311005,1,884.7548076923,BENIGN
4,0,4450000,200000,20,0,0,1,19,0,23.75,BENIGN
2,2,1539393.93939394,24242.4242424242,165,0,0,0,59.8,1,74.75,BENIGN
3,4,13505.19868,8.126570169,861372,0,0,0,1454.125,1,1661.857143,DDoS
4,0,3.006460884,0.501076814,7982808,0,0,1,6,0,7.5,DDoS
4,1,1023.4978037443,213.2287091134,23449,1,0,0,5,0,6,BENIGN
2,2,3959.9886857466,51.4284244902,77778,0,0,0,70.2,1,87.75,BENIGN
5,0,8.759346588,1.459891098,3424913,0,0,1,6,0,7.2,DDoS
1,1,0,13986.013986014,143,0,0,1,0,1,0,BENIGN
2,0,12333333.3333333,666666.666666667,3,0,1,1,22.6666666667,0,34,BENIGN
8,8,2837.4401985708,40.0344296095,399656,0,0,0,66.7058823529,1,70.875,BENIGN
5,0,6.368180157,1.061363359,4710922,0,0,1,6,0,7.2,DDoS
2,2,1584000,16000,250,0,0,0,85.8,1,107.25,BENIGN
9,5,156.5652937,0.187840784,74531205,0,0,1,778.3333333,0,833.9285714,DDoS
2,4,55963.28508,28.89421827,207654,0,0,0,1660.142857,2,1936.833333,DDoS
2,2,2045977.01149425,15325.6704980843,261,0,0,0,116.8,1,146,BENIGN
8,6,15184.6754360236,35.0974832598,398889,0,0,0,403.8,0,432.6428571429,BENIGN
5,3,14780.0513109317,100.1188911833,79905,0,0,0,131.2222222222,0,147.625,BENIGN
3,4,393845.008,236.9908928,29537,0,0,0,1454.125,1,1661.857143,DDoS
5,3,4421.0958696804,43.238101415,185022,0,0,0,90.8888888889,0,102.25,BENIGN
2,0,56074.7663551402,9345.7943925234,214,0,0,1,6,0,9,BENIGN
3,5,30558.28598,21.02574076,380486,0,0,0,1291.888889,1,1453.375,DDoS
3,3,98.7739193392,1.9754783868,3037239,0,0,0,50,1,58.3333333333,BENIGN
3,6,16865.16422,13.04792212,689765,0,0,0,1163.3,2,1292.555556,DDoS
1,1,0,14285.7142857143,140,0,0,1,0,1,0,BENIGN
2,2,6929.8354164089,82.4980406715,48486,0,0,0,77.6,1,97,BENIGN
3,0,6200000,600000,5,0,0,1,7.75,0,10.3333333333,BENIGN
8,5,126.9450197,0.141570323,91827155,0,0,1,833.0714286,0,897.1538462,DDoS
2,2,1004.6193490162,9.4999465628,421055,0,0,0,94.6,1,118.25,BENIGN
1,1,5457.2515296841,66.1485033901,30235,0,0,0,73.3333333333,1,110,BENIGN
3,6,10476.73798,8.10962775,1109792,0,0,0,1162.7,2,1291.888889,DDoS
49,53,2953.3736113333,3.2381045926,31499909,0,0,0,903.213592233,1,912.068627451,BENIGN
2,2,589743.58974359,25641.0256410256,156,0,0,0,23,1,28.75,BENIGN
8,4,159.4393139,0.16404628,73150089,0,0,1,897.6153846,0,972.4166667,DDoS
3,5,20308.4411,13.96609033,572816,0,0,0,1292.555556,1,1454.125,DDoS
3,5,14622.07351,10.05558223,795578,0,0,0,1292.555556,1,1454.125,DDoS
1,1,331372.549019608,3921.568627451,510,0,0,0,76,1,114,BENIGN
2,2,16971.2245326612,168.031926066,23805,0,0,0,88.2,1,110.25,BENIGN
4,0,11.06518037,1.844196728,2168966,0,0,1,6,0,7.5,DDoS
2,2,1237410.07194245,28776.9784172662,139,0,0,0,41.4,1,51.75,BENIGN
2,2,3.5965480311,0.0414587669,96481403,0,0,0,78.2,1,97.75,BENIGN
8,6,165.9589293,0.199315863,70240270,0,0,1,777.5333333,0,833.0714286,DDoS
2,0,315.1343260065,52.5223876677,38079,0,0,1,6,0,9,BENIGN
3,5,15964.15856,10.98419786,728319,0,0,0,1291.888889,1,1453.375,DDoS
4,0,7.027697032,1.171282839,3415059,0,0,1,6,0,7.5,DDoS
3,6,22568.58557,17.46043756,515451,0,0,0,1163.3,2,1292.555556,DDoS
3,4,15088.14503,9.083771842,770605,0,0,0,1453.375,1,1661,DDoS
10,5,14521.2072958888,135.7122177186,110528,0,0,0,100.3125,0,107,BENIGN
3,4,60623.90561,36.47961311,191888,0,0,0,1454.125,1,1661.857143,DDoS
3,1,0,0.7464175224,5358931,0,0,0,0,0,0,BENIGN
2,0,617000000,2000000,1,0,1,1,411.3333333333,0,617,BENIGN
1,1,1324.4481466056,16.6597251145,120050,0,0,0,69.3333333333,1,104,BENIGN
14,10,18850.0122650916,76.4577141055,313899,0,0,0,236.68,0,246.5416666667,BENIGN
16,11,128.9325386645,0.4075844215,66243945,0,0,0,305.0357142857,0,316.3333333333,BENIGN
17,12,163287.538582582,438.7823034558,66092,0,0,0,359.7333333333,0,372.1379310345,BENIGN
3,6,12905.09478,9.989322524,900962,0,0,0,1162.7,2,1291.888889,DDoS
2,2,3.9969942122,0.0481565568,83062417,0,0,0,74.8,1,93.5,BENIGN
6,6,1306532.66331658,20100.5025125628,597,0,0,0,65.2307692308,1,70.6666666667,BENIGN
8,6,133.1861191,0.159955878,87524136,0,0,1,777.5333333,0,833.0714286,DDoS
8,5,130.4843756,0.145442586,89382349,0,0,1,833.5,0,897.6153846,DDoS
3,1,2.1208068115,0.7069356038,5658224,0,0,0,2.4,0,3,BENIGN
3,6,21673.11933,16.77630291,536471,0,0,0,1162.7,2,1291.888889,DDoS
5,0,10.11465296,1.685775494,2965994,0,0,1,6,0,7.2,DDoS
3,5,6667.943633,4.587903076,1743716,0,0,0,1291.888889,1,1453.375,DDoS
2,2,9788.8863510295,130.5184846804,30647,0,0,0,67,1,83.75,BENIGN
8,6,143.7104376,0.172595533,81114498,0,0,1,777.5333333,0,833.0714286,DDoS
5,0,5.255906588,0.875984431,5707864,0,0,1,6,0,7.2,DDoS
4,2,6994.7665056361,75.4830917874,79488,0,0,0,85.1428571429,0,99.3333333333,BENIGN
3,6,7512.26644,5.811948591,1548534,0,0,0,1163.3,2,1292.555556,DDoS
4,0,2.062276275,0.343712713,11637626,0,0,1,6,0,7.5,DDoS
10,11,740.9804642748,2.0166653382,10413230,0,0,0,350.7272727273,1,367.4285714286,BENIGN
4,2,0,1.1568084734,5186684,0,0,0,0,0,0,BENIGN
5,0,3.152021029,0.525336838,9517703,0,0,1,6,0,7.2,DDoS
3,6,175844.6074,136.0441388,66155,0,0,0,1163.3,2,1292.555556,DDoS
4,0,3.277421434,0.546236906,7322830,0,0,1,6,0,7.5,DDoS
4,0,12.15209563,2.025349271,1974968,0,0,1,6,0,7.5,DDoS
10,8,17060.9397143792,163.5233838439,110076,0,0,0,98.8421052632,0,104.3333333333,BENIGN
15,12,29.081048538,0.4426089687,61001927,0,0,0,63.3571428571,0,65.7037037037,BENIGN
3,6,14649.74971,11.33394201,794075,0,0,0,1163.3,2,1292.555556,DDoS
4,0,2.361337816,0.393556303,10163730,0,0,1,6,0,7.5,DDoS
2,2,4656.5031574919,63.7877144862,62708,0,0,0,68.8,1,86,BENIGN
4,0,7.185697588,1.197616265,3339968,0,0,1,6,0,7.5,DDoS
2,2,16762.2689611217,127.4697259401,31380,0,0,0,112.2,1,140.25,BENIGN
3,6,20723.84712,16.03323511,561334,0,0,0,1163.3,2,1292.555556,DDoS
2,2,9650.1809408927,126.9760650117,31502,0,0,0,68.2,1,85.25,BENIGN
16,13,41.4680336996,0.2453229248,118211537,0,0,0,163.4,0,169.0344827586,BENIGN
4,2,16148.7486328251,193.0129318664,31086,0,0,0,77.5714285714,0,90.5,BENIGN
2,0,1102040.81632653,40816.3265306122,49,0,0,0,27,0,40.5,BENIGN
3,5,6852.038265,4.71213841,1697743,0,0,0,1292.555556,1,1454.125,DDoS
2,0,9250000,500000,4,0,1,1,24.6666666667,0,37,BENIGN
34,18,88.6047787884,0.5388828651,96495924,0,1,1,168.9245283019,0,172.1730769231,BENIGN
4,0,5.911270354,0.985211726,4060041,0,0,1,6,0,7.5,DDoS
8,6,159.3159993,0.191337736,73169048,0,0,1,777.5333333,0,833.0714286,DDoS
1,1,545454.545454545,90909.0909090909,22,0,0,1,6,1,9,BENIGN
2,2,1870129.87012987,25974.025974026,154,0,0,0,66.4,1,83,BENIGN
2,1,0,31.2181314908,96098,0,0,1,0,0,0,BENIGN
2,0,244897.959183673,40816.3265306122,49,0,0,1,6,0,9,BENIGN
3,5,21891.76626,15.05494113,531387,0,0,0,1292.555556,1,1454.125,DDoS
2,1,0,76923.0769230769,39,0,0,1,0,0,0,BENIGN
5,2,44.5241018975,1.8441935697,3795697,0,1,1,26.875,0,30.7142857143,BENIGN
1,1,387096.774193548,64516.1290322581,31,0,0,1,6,1,9,BENIGN
3,5,6452.92631,4.437669602,1802748,0,0,0,1292.555556,1,1454.125,DDoS
2,2,826666.666666667,26666.6666666667,150,0,0,0,29.4,1,36.75,BENIGN
4,0,11.45064391,1.908440651,2095952,0,0,1,6,0,7.5,DDoS
2,2,5301.220589679,43.6314451825,91677,0,0,0,104.4,1,130.5,BENIGN
1,1,0,25641.0256410256,78,0,0,1,0,1,0,BENIGN
2,2,5105.6120558323,82.3485815457,48574,0,0,0,55.6,1,69.5,BENIGN
4,0,92.64048544,15.44008091,259066,0,0,1,6,0,7.5,DDoS
4,0,11.78755293,1.964592156,2036046,0,0,1,6,0,7.5,DDoS
5,0,2.981016884,0.496836147,10063680,0,0,1,6,0,7.2,DDoS
13,10,386.34877656,3.0961748644,7428521,0,0,0,119.5833333333,0,124.7826086957,BENIGN
5,0,8.088847905,1.348141318,3708810,0,0,1,6,0,7.2,DDoS
2,0,4000000,666666.666666667,3,1,0,0,6,0,9,BENIGN
2,2,9165.7253509763,129.0947232532,30985,0,0,0,64.6,1,80.75,BENIGN
23,19,49.6553432991,0.3569880894,117650984,0,0,0,135.8604651163,0,139.0952380952,BENIGN
4,0,6.173039558,1.028839926,3887874,0,0,1,6,0,7.5,DDoS
1,1,1023.8471054989,21.3301480312,93764,0,0,0,48,1,72,BENIGN
2,0,804347.826086957,43478.2608695652,46,0,1,1,22.6666666667,0,34,BENIGN
14,9,14602.1471839729,46.5810520432,493763,0,0,0,300.4166666667,0,313.4782608696,BENIGN
24,36,678468.709709412,595.0609937519,100830,0,0,0,1121.4754098361,1,1140.1666666667,BENIGN
4,2,4956.0274039162,97.1770079199,61743,0,0,0,48.4285714286,0,56.5,BENIGN
3,0,0,494.0711462451,6072,0,0,1,0,0,0,BENIGN
3,5,6389.234143,4.393868576,1820719,0,0,0,1292.555556,1,1454.125,DDoS
4,0,5.982189526,0.997031588,4011909,0,0,1,6,0,7.5,DDoS
2,2,778947.368421053,21052.6315789474,190,0,0,0,35.4,1,44.25,BENIGN
2,2,17.3087055747,0.1983805797,20163264,0,0,0,80.8,1,101,BENIGN
3,5,110898.2059,76.26456176,104898,0,0,0,1292.555556,1,1454.125,DDoS
8,4,120.2365221,0.123710732,97000477,0,0,1,897.6153846,0,972.4166667,DDoS
1,1,0,23255.8139534884,86,0,0,1,0,1,0,BENIGN
4,0,2.139681817,0.356613636,11216621,0,0,1,6,0,7.5,DDoS
3,6,137960.8876,106.7349771,84321,0,0,0,1163.3,2,1292.555556,DDoS
3,5,493865.4214,339.6306517,23555,0,0,0,1292.555556,1,1454.125,DDoS
3,6,28414.8227,21.98344402,409399,0,0,0,1163.3,2,1292.555556,DDoS
2,0,4000000,666666.666666667,3,1,0,0,6,0,9,BENIGN
2,0,0,666666.666666667,3,0,0,1,0,0,0,BENIGN
2,1,205741.626794258,14354.0669856459,209,0,1,1,20,0,26.6666666667,BENIGN
1,1,3995.8076771912,32.7525219442,61064,0,0,0,100,1,150,BENIGN
3,4,22457.08778,13.52022142,517743,0,0,0,1453.375,1,1661,DDoS
8,6,117.0889229,0.140623224,99556813,0,0,1,777.5333333,0,833.0714286,DDoS
4,0,2.586217487,0.431036248,9279962,0,0,1,6,0,7.5,DDoS
4,0,86.84984747,14.47497458,276339,0,0,1,6,0,7.5,DDoS
1,1,0,35087.7192982456,57,0,0,1,0,1,0,BENIGN
2,2,440191.387559809,19138.7559808612,209,0,0,0,23,1,28.75,BENIGN
2,2,1504854.36893204,19417.4757281553,206,0,0,0,69.8,1,87.25,BENIGN
4,0,7.521099033,1.253516506,3191023,0,0,1,6,0,7.5,DDoS
3,0,0,0.3333242225,9000246,0,0,0,0,0,0,BENIGN
5,0,7.250040359,1.20834006,4137908,0,0,1,6,0,7.2,DDoS
4,0,3.066389244,0.511064874,7826795,0,0,1,6,0,7.5,DDoS
2,0,0,8695.6521739131,230,0,0,1,0,0,0,BENIGN
10,6,3465.9499328062,10.0009375879,1599850,0,0,0,326.1764705882,0,346.5625,BENIGN
4,0,6.028746571,1.004791095,3980927,0,0,1,6,0,7.5,DDoS
4,0,6.536084771,1.089347462,3671923,0,0,1,6,0,7.5,DDoS
1,2,0,61224.4897959184,49,0,0,1,0,2,0,BENIGN
3,5,6753.034454,4.644053609,1722633,0,0,0,1292.555556,1,1454.125,DDoS
3,4,293019.1532,176.4112903,39680,0,0,0,1453.375,1,1661,DDoS
5,0,2.601949363,0.433658227,11529817,0,0,1,6,0,7.2,DDoS
5,0,2.737307697,0.45621795,10959674,0,0,1,6,0,7.2,DDoS
8,5,161.9438598,0.180601371,71981735,0,0,1,833.0714286,0,897.1538462,DDoS
5,0,15.55230109,2.592050182,1928975,0,0,1,6,0,7.2,DDoS
8,4,142.2233037,0.146408136,81962658,0,0,1,897.1538462,0,971.9166667,DDoS
3,5,21325.25834,14.67292222,545222,0,0,0,1291.888889,1,1453.375,DDoS
5,0,5.031131805,0.838521968,5962873,0,0,1,6,0,7.2,DDoS
2,0,33333.3333333333,5555.5555555556,360,0,0,1,6,0,9,BENIGN
6,0,3.340092071,0.556682012,10778146,0,0,1,6,0,7,DDoS
2,1,1151.1078279864,13.5957617479,220657,0,1,1,124,0,165.3333333333,BENIGN
2,0,50847.4576271186,8474.5762711864,236,0,0,1,6,0,9,BENIGN
3,5,195050.3848,134.1359132,59641,0,0,0,1292.555556,1,1454.125,DDoS
3,4,6420.753943,3.863601616,1811781,0,0,0,1454.125,1,1661.857143,DDoS
3,1,0,0.6830514778,5856074,0,0,0,0,0,0,BENIGN
24,20,61.9736810155,0.3717575957,118356694,0,0,0,163,0,166.7045454545,BENIGN
4,0,2.6558153,0.442635883,9036773,0,0,1,6,0,7.5,DDoS
8,6,145.5074037,0.17475368,80112762,0,0,1,777.5333333,0,833.0714286,DDoS
1,1,0,26315.7894736842,76,0,0,1,0,1,0,BENIGN
10,10,30.4294685475,0.3251011597,61519313,0,0,0,89.1428571429,1,93.6,BENIGN
3,6,322918.4025,249.9583403,36006,0,0,0,1162.7,2,1291.888889,DDoS
1,1,1500000,250000,8,0,0,1,6,1,9,BENIGN
8,5,119.4655474,0.133229143,97576249,0,0,1,833.0714286,0,897.1538462,DDoS
1,1,0,38461.5384615385,52,0,0,1,0,1,0,BENIGN
8,4,129.5773292,0.13332144,90008029,0,0,1,897.6153846,0,972.4166667,DDoS
4,4,355.6136518343,3.3908333906,2359302,0,0,0,93.2222222222,1,104.875,BENIGN
2,0,346774.193548387,16129.0322580645,124,0,1,1,26.6666666667,0,40,BENIGN
2,2,4581.8110002962,78.9967413844,50635,0,0,0,53,1,66.25,BENIGN
5,0,784.8677498,130.8112916,38223,0,0,1,6,0,7.2,DDoS
2,2,623306.233062331,10840.108401084,369,0,0,0,51.6,1,64.5,BENIGN
5,0,2.956044505,0.492674084,10148697,0,0,1,6,0,7.2,DDoS
5,0,14.23177586,2.371962643,2107959,0,0,1,6,0,7.2,DDoS
11,9,140.667977227,0.6383842851,31329092,0,0,0,209.8571428571,0,220.35,BENIGN
1,1,601.0505317991,8.7108772725,229598,0,0,0,61.3333333333,1,92,BENIGN
6,4,15724.131635401,38.0361190987,262908,0,0,0,375.8181818182,0,413.4,BENIGN
2,0,0,129.5504599041,15438,0,0,1,0,0,0,BENIGN
10,9,5901.824809872,19.903207559,954620,0,0,0,281.7,0,296.5263157895,BENIGN
1,1,3713.7125520169,33.1581477859,60317,0,0,0,98.3333333333,1,147.5,BENIGN
5,0,4.015623452,0.669270575,7470820,0,0,1,6,0,7.2,DDoS
1,1,230769.230769231,38461.5384615385,52,0,0,1,6,1,9,BENIGN
23,27,327.4646611754,0.7004292034,71384802,0,0,0,458.3529411765,1,467.52,BENIGN
4,4,11374.7156321092,129.9967500812,61540,0,0,0,83,1,93.375,BENIGN
1,1,0,71428.5714285714,28,0,0,1,0,1,0,BENIGN
10,8,110164.559826711,290.9702240471,61862,0,0,0,358.6842105263,0,378.6111111111,BENIGN
3,5,21230.69791,14.60032522,547933,0,0,0,1292.555556,1,1454.125,DDoS
2,2,2897959.18367347,20408.1632653061,196,0,0,0,129.2,1,161.5,BENIGN
2,0,107142.857142857,17857.1428571429,112,0,0,1,6,0,9,BENIGN
3,5,20558.96055,14.13837225,565836,0,0,0,1292.555556,1,1454.125,DDoS
15,15,44.5469896439,0.2568043215,116820464,0,0,0,167.8709677419,1,173.4666666667,BENIGN
3,4,9610.544405,5.78599904,1209817,0,0,0,1453.375,1,1661,DDoS
5,0,9.63731259,1.606218765,3112901,0,0,1,6,0,7.2,DDoS
3,4,17599.14752,10.59551325,660657,0,0,0,1453.375,1,1661,DDoS
4,4,10477.2248131349,255.542068613,31306,0,0,0,40.1111111111,1,45.125,BENIGN
4,2,1937.3841380362,29.5033117467,203367,0,0,0,61.2857142857,0,71.5,BENIGN
2,0,1338.688086,223.1146809,8964,1,0,1,6,0,9,DDoS
4,0,999.2505621,166.5417603,24018,0,0,1,6,0,7.5,DDoS
3,6,6990.691497,5.408426328,1664070,0,0,0,1163.3,2,1292.555556,DDoS
9,5,141.6816068,0.169983931,82360726,0,0,1,778.3333333,0,833.9285714,DDoS
4,4,52.5896240179,0.6573703002,12169701,0,0,0,74.6666666667,1,84,BENIGN
4,1,6836.5799937069,143.0246860608,34959,0,0,0,39.8333333333,0,47.8,BENIGN
2,0,705882.352941177,117647.058823529,17,0,0,1,6,0,9,BENIGN
5,0,11.39979617,1.899966029,2631626,0,0,1,6,0,7.2,DDoS
3,5,10271.94549,7.067649777,1131918,0,0,0,1291.888889,1,1453.375,DDoS
5,0,8.613494417,1.435582403,3482907,0,0,1,6,0,7.2,DDoS
5,0,3.763595518,0.62726592,7971101,0,0,1,6,0,7.2,DDoS
9,5,162.764569,0.195278427,71692507,0,0,1,778.3333333,0,833.9285714,DDoS
3,6,6365.27724,4.927108898,1826629,0,0,0,1162.7,2,1291.888889,DDoS
8,5,51262.5511137564,143.2838452975,90729,0,0,0,332.2142857143,0,357.7692307692,BENIGN
9,6,124.7283412,0.160332944,93555321,0,0,1,729.6875,0,778.3333333,DDoS
4,0,11.16769929,1.861283215,2149055,0,0,1,6,0,7.5,DDoS
6,0,4.519319526,0.753219921,7965801,0,0,1,6,0,7,DDoS
3,1,2.2374113449,0.7458037816,5363341,0,0,0,2.4,0,3,BENIGN
2,0,0,666666.666666667,3,0,0,1,0,0,0,BENIGN
3,6,12521.32297,9.692259977,928576,0,0,0,1162.7,2,1291.888889,DDoS
11,10,7934.8049293159,48.4533014003,433407,0,0,0,156.3181818182,0,163.7619047619,BENIGN
8,3,118.8332554,0.112135696,98095436,0,0,1,971.9166667,0,1060.272727,DDoS
2,2,5758.6626739939,65.8132877028,60778,0,0,0,77.6,1,97,BENIGN
3,5,89316.97429,61.42317496,130244,0,0,0,1292.555556,1,1454.125,DDoS
3,5,6989.683412,4.806796811,1664310,0,0,0,1292.555556,1,1454.125,DDoS
2,2,2333333.33333333,18018.018018018,222,0,0,0,111,1,138.75,BENIGN
2,0,0,1129.3054771316,1771,0,0,1,0,0,0,BENIGN
2,2,550898.203592814,23952.0958083832,167,0,0,0,23,1,28.75,BENIGN
10,9,4371.7349714212,17.3011798494,1098191,0,0,0,240.05,0,252.6842105263,BENIGN
2,2,4765.6603963553,67.1219774135,59593,0,0,0,65.4,1,81.75,BENIGN
2,0,164383.561643836,27397.2602739726,73,0,0,1,6,0,9,BENIGN
9,4,115.7099853,0.128974518,100795104,0,0,1,833.5,0,897.6153846,DDoS
1,1,4376.4037521469,33.0294622804,60552,0,0,0,104,1,156,BENIGN
1,1,244897.959183673,40816.3265306122,49,0,0,1,6,1,9,BENIGN
4,2,3236.6547199899,47.3656788291,126674,0,0,0,63.8571428571,0,74.5,BENIGN
3,6,339147.6825,262.5207829,34283,0,0,0,1162.7,2,1291.888889,DDoS
3,4,20240.73829,12.17958979,574732,0,0,0,1454.125,1,1661.857143,DDoS
5,0,3.693825684,0.615637614,8121661,0,0,1,6,0,7.2,DDoS
9,6,163.3838806,0.210131031,71384031,0,0,1,729.3125,0,777.9333333,DDoS
4,0,18.0050279,3.000837984,1332961,0,0,1,6,0,7.5,DDoS
3,6,299927.7718,232.162204,38766,0,0,0,1162.7,2,1291.888889,DDoS
3,0,18500000,1500000,2,0,0,1,9.25,0,12.3333333333,BENIGN
9,5,165.7345148,0.198943943,70371582,0,0,1,777.9333333,0,833.5,DDoS
3,7,23817.22985,20.48441546,488176,0,0,0,1057,2,1162.7,DDoS
2,6,75168.08896,51.71967934,154680,0,0,0,1291.888889,3,1453.375,DDoS
6,4,22244.5825996334,179.6816041974,55654,0,0,0,112.5454545455,0,123.8,BENIGN
3,5,44165.12828,30.38797852,263262,0,0,0,1291.888889,1,1453.375,DDoS
3,6,21833.10174,16.90013896,532540,0,0,0,1162.7,2,1291.888889,DDoS
5,0,5.779384704,0.963230784,5190864,0,0,1,6,0,7.2,DDoS
2,2,981981.981981982,18018.018018018,222,0,0,0,50.8,1,63.5,BENIGN
3,5,18292.43351,12.58617597,635618,0,0,0,1291.888889,1,1453.375,DDoS
9,7,157.8299402,0.216520539,73895992,0,0,1,686.4117647,0,729.3125,DDoS
3,3,0.199844268,0.066614756,90070134,0,0,1,3.4285714286,1,4,BENIGN
8,5,145.107375,0.161825159,80333615,0,0,1,833.0714286,0,897.1538462,DDoS
20,16,29.2659464453,0.3082428531,116791029,0,0,0,92.3783783784,0,94.9444444444,BENIGN
3,5,463263.1118,318.5854805,25111,0,0,0,1292.555556,1,1454.125,DDoS
3,4,405404.463,244.0725244,28680,0,0,0,1453.375,1,1661,DDoS
3,4,6583.268408,3.96343673,1766144,0,0,0,1453.375,1,1661,DDoS
10,12,1306.8474167163,2.0652714006,10652353,0,0,0,605.2608695652,1,632.7727272727,BENIGN
1,1,0,45454.5454545455,44,0,0,1,0,1,0,BENIGN
8,5,156.4458361,0.174380165,74549763,0,0,1,833.5,0,897.6153846,DDoS
2,2,88.1894912542,0.8603852805,4649080,0,0,0,91.8,1,114.75,BENIGN
3,6,392552.0781,303.8590094,29619,0,0,0,1162.7,2,1291.888889,DDoS
1,1,3246.6163511405,28.1092324774,71151,0,0,0,98.6666666667,1,148,BENIGN
5,0,2.51367818,0.418946363,11934702,0,0,1,6,0,7.2,DDoS
1,1,4193.8189560617,43.0135277545,46497,0,0,0,87,1,130.5,BENIGN
3,5,151400.3852,104.1178614,76836,0,0,0,1292.555556,1,1454.125,DDoS
5,5,14.2193873436,0.1651496788,60551132,0,0,0,78.2727272727,1,86.1,BENIGN
9,6,142.6469125,0.183460832,81761321,0,0,1,729.3125,0,777.9333333,DDoS
2,2,6338.3715260848,81.2611734113,49224,0,0,0,71.4,1,89.25,BENIGN
9,6,127.2844075,0.163702831,91629448,0,0,1,729.3125,0,777.9333333,DDoS
4,0,2.380302993,0.396717165,10082750,0,0,1,6,0,7.5,DDoS
1,1,521.1726384365,86.8621064061,23025,1,0,1,6,1,9,BENIGN
3,6,16720.76311,12.94288019,695363,0,0,0,1162.7,2,1291.888889,DDoS
4,0,17.5660612,2.927676866,1366271,0,0,1,6,0,7.5,DDoS
2,2,1536480.68669528,17167.3819742489,233,0,0,0,80,1,100,BENIGN
5,0,3.674275029,0.612379171,8164876,0,0,1,6,0,7.2,DDoS
2,2,1843137.25490196,19607.8431372549,204,0,0,0,84.4,1,105.5,BENIGN
3,5,6775.67467,4.659623258,1716877,0,0,0,1292.555556,1,1454.125,DDoS
2,0,77922.0779220779,12987.012987013,154,0,0,1,6,0,9,BENIGN
8,5,142.8799957,0.159259191,81627942,0,0,1,833.5,0,897.6153846,DDoS
3,5,13799.39455,9.489826906,843008,0,0,0,1292.555556,1,1454.125,DDoS
20,25,4247.5182456505,311.3001971568,144555,0,0,0,13.347826087,1,13.6444444444,BENIGN
2,2,1401515.15151515,15151.5151515152,264,0,0,0,80.4,1,100.5,BENIGN
8,6,126.4066632,0.151813784,92218240,0,0,1,777.5333333,0,833.0714286,DDoS
9,5,117.9564918,0.141519486,98926306,0,0,1,778.3333333,0,833.9285714,DDoS
3,5,22112.81661,15.20695718,526075,0,0,0,1292.555556,1,1454.125,DDoS
5,0,8.688303632,1.448050605,3452918,0,0,1,6,0,7.2,DDoS
2,2,1197278.91156463,27210.8843537415,147,0,0,0,42.4,1,53,BENIGN
1,1,5245.3856997672,65.5673212471,30503,0,0,0,77.3333333333,1,116,BENIGN
1,1,5612.477974287,65.261371794,30646,0,0,0,76.6666666667,1,115,BENIGN
1,1,2854.8256285483,32.4412003244,61650,0,0,0,72.6666666667,1,109,BENIGN
9,4,115.7030967,0.12896684,100801105,0,0,1,833.5,0,897.6153846,DDoS
1,1,114285.714285714,19047.619047619,105,0,0,1,6,1,9,BENIGN
3,5,29037.73632,19.97952099,400410,0,0,0,1291.888889,1,1453.375,DDoS
16,14,10.6393311273,0.2588645043,115890744,0,0,0,39.7741935484,0,41.1,BENIGN
2,2,1671641.79104478,19900.4975124378,201,0,0,0,75.4,1,94.25,BENIGN
5,1,41.5010308954,1.4734093809,4072188,0,1,1,30.7142857143,0,35.8333333333,BENIGN
8,4,116.5062343,0.119872658,100106231,0,0,1,897.6153846,0,972.4166667,DDoS
14,16,128.4338878125,0.4987723799,60147677,0,0,0,249.1935483871,1,257.5,BENIGN
79,176,2244.8349895352,2.2036907863,115714964,0,0,0,1014.69140625,2,1018.6705882353,BENIGN
4,0,4.739467521,0.789911253,5063860,0,0,1,6,0,7.5,DDoS
8,6,115.5188542,0.138666206,100961874,0,0,1,777.9333333,0,833.5,DDoS
2,1,174528.301886792,14150.9433962264,212,0,1,1,17,0,22.6666666667,BENIGN
2,0,617000000,2000000,1,0,1,1,411.3333333333,0,617,BENIGN
3,6,6244.715772,4.831293901,1862855,0,0,0,1163.3,2,1292.555556,DDoS
2,2,701.5604404949,9.4486254612,423342,0,0,0,68.6,1,85.75,BENIGN
5,0,7.020848175,1.170141362,4272988,0,0,1,6,0,7.2,DDoS
3,5,23018.33825,15.83785207,505119,0,0,0,1291.888889,1,1453.375,DDoS
13,13,241.181417699,0.8422722445,30868879,0,0,0,275.7407407407,1,286.3461538462,BENIGN
2,3,173.6278576252,48.2299604514,103670,0,0,1,3,1,3.6,BENIGN
5,0,3.726805759,0.621134293,8049789,0,0,1,6,0,7.2,DDoS
2,0,0,1272.2646310433,1572,0,0,1,0,0,0,BENIGN
4,0,4.450819006,0.741803168,5392266,0,0,1,6,0,7.5,DDoS
2,0,0,666666.666666667,3,0,0,1,0,0,0,BENIGN
1,1,2979.287591826,7.708376693,259458,1,0,0,259.6666666667,1,389.5,BENIGN
2,0,4000000,666666.666666667,3,0,0,1,6,0,9,BENIGN
2,2,1447852.7607362,24539.8773006135,163,0,0,0,57.4,1,71.75,BENIGN
4,4,3521.9585525609,85.9014281112,93130,0,0,0,40.1111111111,1,45.125,BENIGN
5,0,7.551140096,1.258523349,3972910,0,0,1,6,0,7.2,DDoS
5,0,10.58596118,1.764326863,2833942,0,0,1,6,0,7.2,DDoS
5,0,13.27501178,2.212501964,2259885,0,0,1,6,0,7.2,DDoS
1,1,4577.5596014831,41.4258787465,48279,0,0,0,97.6666666667,1,146.5,BENIGN
4,0,5.591938103,0.931989684,4291893,0,0,1,6,0,7.5,DDoS
2,0,12333333.3333333,666666.666666667,3,0,1,1,24.6666666667,0,37,BENIGN
1,1,0,19.9904046058,100048,0,0,1,0,1,0,BENIGN
3,6,6230.968443,4.820658127,1866965,0,0,0,1163.3,2,1292.555556,DDoS
4,0,2.77940521,0.463234202,8634941,0,0,1,6,0,7.5,DDoS
3,6,160265.0649,123.9908522,72586,0,0,0,1163.3,2,1292.555556,DDoS
3,1,415254.237288136,33898.3050847458,118,0,0,1,11,0,13.75,BENIGN
2,0,4000000,666666.666666667,3,0,0,1,6,0,9,BENIGN
3,6,11998.56013,9.282819667,969533,0,0,0,1163.3,2,1292.555556,DDoS
2,2,4814.5991069695,77.654824306,51510,0,0,0,56,1,70,BENIGN
4,0,3.164577408,0.527429568,7583951,0,0,1,6,0,7.5,DDoS
2,0,666666.666666667,111111.111111111,18,0,0,1,6,0,9,BENIGN
1,1,139534.88372093,23255.8139534884,86,0,0,1,6,1,9,BENIGN
8,5,164.8105043,0.183798281,70729715,0,0,1,833.0714286,0,897.1538462,DDoS
3,4,10798.87342,6.498075641,1077242,0,0,0,1454.125,1,1661.857143,DDoS
8,6,134.1061153,0.161060789,86923702,0,0,1,777.5333333,0,833.0714286,DDoS
2,0,480000,80000,25,0,0,1,6,0,9,BENIGN
2,2,7969.1043952676,122.601606081,32626,0,0,0,60,1,75,BENIGN
4,0,10.44156509,1.740260848,2298506,0,0,1,6,0,7.5,DDoS
2,2,1026086.95652174,17391.3043478261,230,0,0,0,54.2,1,67.75,BENIGN
8,4,157.7327574,0.162373946,73903482,0,0,1,897.1538462,0,971.9166667,DDoS
1,1,4233.1488114621,65.1253663302,30710,0,0,0,59.6666666667,1,89.5,BENIGN
3,5,81536.33616,56.10137518,142599,0,0,0,1291.888889,1,1453.375,DDoS
6,4,141.8741839681,1.8569919368,5385053,0,0,0,69.4545454545,0,76.4,BENIGN
8,5,117.1353712,0.130563305,99568558,0,0,1,833.5,0,897.6153846,DDoS
8,7,1897.9854623875,5.2343779989,2865670,0,0,0,339.9375,0,362.6,BENIGN
4,0,5.222046873,0.870341145,4595899,0,0,1,6,0,7.5,DDoS
9,11,1097.7965520998,1.9735668352,10133936,0,0,0,529.7619047619,1,556.25,BENIGN
3,4,1495434.084,900.3215434,7775,0,0,0,1453.375,1,1661,DDoS
4,0,3.021998639,0.50366644,7941764,0,0,1,6,0,7.5,DDoS
3,5,50400.9809,34.66069347,230809,0,0,0,1292.555556,1,1454.125,DDoS
1,2,2194.5349001841,212.3743451791,14126,0,0,1,7.75,2,10.3333333333,BENIGN
2,2,9610.9261054673,168.6127386924,23723,0,0,0,53.8,1,67.25,BENIGN
7,4,154.9048099034,2.181757886,5041806,0,0,0,65.0833333333,0,71,BENIGN
3,5,280703.025,193.138746,41421,0,0,0,1291.888889,1,1453.375,DDoS
8,5,144.1831168,0.160711697,80890192,0,0,1,833.5,0,897.6153846,DDoS
3,5,15408.32662,10.60175565,754592,0,0,0,1291.888889,1,1453.375,DDoS
5,0,3.489270377,0.581545063,8597786,0,0,1,6,0,7.2,DDoS
4,0,11.42877279,1.904795465,2099963,0,0,1,6,0,7.5,DDoS
3,1,2.0393398861,0.679779962,5884257,0,0,0,2.4,0,3,BENIGN
3,5,16356.86164,11.24859393,711200,0,0,0,1292.555556,1,1454.125,DDoS
4,0,4.038611142,0.673101857,5942637,0,0,1,6,0,7.5,DDoS
8,4,123.9594536,0.127606884,94038814,0,0,1,897.1538462,0,971.9166667,DDoS
3,4,6382.023409,3.84227779,1821836,0,0,0,1453.375,1,1661,DDoS
4,2,2.0156393457,1.0078196728,5953446,0,0,0,1.7142857143,0,2,BENIGN
2,2,3381.6357614969,55.8948059752,71563,0,0,0,54.6,1,68.25,BENIGN
3,5,10407.73857,7.157389199,1117726,0,0,0,1292.555556,1,1454.125,DDoS
3,6,10103.17695,7.816435358,1151420,0,0,0,1163.3,2,1292.555556,DDoS
5,0,4.991801798,0.831966966,6009854,0,0,1,6,0,7.2,DDoS
3,6,16749.74069,12.96531059,694160,0,0,0,1162.7,2,1291.888889,DDoS
6,0,3.243666966,0.540611161,11098550,0,0,1,6,0,7,DDoS
4,2,2.1189212784,1.0594606392,5663259,0,0,0,1.7142857143,0,2,BENIGN
3,4,11505.64403,6.92336527,1011069,0,0,0,1454.125,1,1661.857143,DDoS
9,5,142.5721208,0.171052334,81846296,0,0,1,778.3333333,0,833.9285714,DDoS
3,6,131382.9847,101.6983627,88497,0,0,0,1162.7,2,1291.888889,DDoS
4,0,2.649109838,0.441518306,9059647,0,0,1,6,0,7.5,DDoS
10,10,161.6133451408,0.6626213413,30183151,0,0,0,232.2857142857,1,243.9,BENIGN
5,0,4.587271697,0.764545283,6539835,0,0,1,6,0,7.2,DDoS
3,4,11214.91903,6.748425448,1037279,0,0,0,1454.125,1,1661.857143,DDoS
5,0,57.47060379,9.578433964,522006,0,0,1,6,0,7.2,DDoS
2,2,6801.399144967,64.7752299521,61752,0,0,0,91.8,1,114.75,BENIGN
2,2,1279693.48659004,15325.6704980843,261,0,0,0,73.8,1,92.25,BENIGN
3,5,20959.29279,14.42111829,554742,0,0,0,1291.888889,1,1453.375,DDoS
3,4,157000.6887,94.52178727,74057,0,0,0,1453.375,1,1661,DDoS
1,1,0,38461.5384615385,52,0,0,1,0,1,0,BENIGN
4,2,7447.4474474475,120.1201201201,49950,0,0,0,59.1428571429,0,69,BENIGN
2,0,64864.8648648649,10810.8108108108,185,0,0,1,6,0,9,BENIGN
5,0,3.986806859,0.66446781,7524819,0,0,1,6,0,7.2,DDoS
3,5,10096.63538,6.943443913,1152166,0,0,0,1292.555556,1,1454.125,DDoS
17,16,61.6299299953,0.3633061254,90832490,0,0,0,164.6470588235,0,169.6363636364,BENIGN
17,21,278.3563051645,0.5897050564,64438993,0,0,0,459.9230769231,1,472.0263157895,BENIGN
3,5,36647.91164,25.20272441,317426,0,0,0,1292.555556,1,1454.125,DDoS
8,6,117.6918267,0.141347308,99046810,0,0,1,777.5333333,0,833.0714286,DDoS
1,1,11799.4100294985,84.2815002107,23730,0,0,0,118.6666666667,1,178,BENIGN
2,2,4774.2951946719,47.7429519467,83782,0,0,0,87,1,108.75,BENIGN
3,5,14659.27549,10.08116599,793559,0,0,0,1292.555556,1,1454.125,DDoS
3,1,0,0.7283471055,5491887,0,0,0,0,0,0,BENIGN
1,1,0,20.5406293649,97368,0,0,1,0,1,0,BENIGN
100,112,1846.5710791275,1.899847462,111587906,0,0,0,967.3943661972,1,971.9575471698,BENIGN
7,4,141.8026993872,2.0770035862,5296091,0,0,0,62.5833333333,0,68.2727272727,BENIGN
3,4,18008.57138,10.84200565,645637,0,0,0,1453.375,1,1661,DDoS
5,0,3.126666904,0.521111151,9594882,0,0,1,6,0,7.2,DDoS
2,2,2520547.94520548,18264.8401826484,219,0,0,0,125.2,1,156.5,BENIGN
3,6,11400.98986,8.820502769,1020350,0,0,0,1163.3,2,1292.555556,DDoS
2,2,541176.470588235,23529.4117647059,170,0,0,0,23,1,28.75,BENIGN
8,5,142.2860162,0.158678752,81926533,0,0,1,833.0714286,0,897.1538462,DDoS
4,4,408.7498630688,6.5399978091,1223242,0,0,0,60.4444444444,1,68,BENIGN
2,6,22490.93763,15.48296197,516697,0,0,0,1291.222222,3,1452.625,DDoS
9,6,163.7405418,0.210481457,71265185,0,0,1,729.6875,0,778.3333333,DDoS
34,31,301.4741341387,0.5615008659,115761175,0,0,0,528.7727272727,0,536.9076923077,BENIGN
5,0,2.466769125,0.411128188,12161657,0,0,1,6,0,7.2,DDoS
3,4,10793.36273,6.494759657,1077792,0,0,0,1454.125,1,1661.857143,DDoS
9,6,82278.4810126582,202.8562155144,73944,0,0,0,380.25,0,405.6,BENIGN
15,11,24046.4535723119,74.7766765794,347702,0,0,0,309.6666666667,0,321.5769230769,BENIGN
2,2,2.8216718388,0.05878483,68044766,0,0,0,48,1,60,BENIGN
2,0,62500,10416.6666666667,192,0,0,1,6,0,9,BENIGN
1,1,196721.31147541,32786.8852459016,61,0,0,1,6,1,9,BENIGN
3,0,9250000,750000,4,0,0,1,9.25,0,12.3333333333,BENIGN
1,1,0,13.5468313961,147636,0,0,1,0,1,0,BENIGN
3,5,187019.71,128.6132279,62202,0,0,0,1292.555556,1,1454.125,DDoS
3,0,0,0.3332130434,9003249,0,0,0,0,0,0,BENIGN
8,9,852.1070458873,2.0518158329,8285344,0,0,0,392.2222222222,1,415.2941176471,BENIGN
2,2,4479.5396210375,65.3947389932,61167,0,0,0,62.8,1,78.5,BENIGN
4,0,8.925317407,1.487552901,2688980,0,0,1,6,0,7.5,DDoS
1,1,0,86.4677907479,23130,0,0,1,0,1,0,BENIGN
3,3,9389.364266,4.845289894,1238316,0,0,0,1661,1,1937.833333,DDoS
1,1,226415.094339623,37735.8490566038,53,0,0,1,6,1,9,BENIGN
5,0,3.906353254,0.651058876,7679797,0,0,1,6,0,7.2,DDoS
3,4,196784.2938,118.4733858,59085,0,0,0,1453.375,1,1661,DDoS
3,5,6626.55512,4.559425558,1754607,0,0,0,1291.888889,1,1453.375,DDoS
8,5,143.4367104,0.159879725,81311123,0,0,1,833.5,0,897.6153846,DDoS
4,4,15.9668858615,0.591366143,13527998,0,0,0,27,1,30.375,BENIGN
3,5,22575.77846,15.53334718,515021,0,0,0,1291.888889,1,1453.375,DDoS
3,5,167126.635,114.9920943,69570,0,0,0,1291.888889,1,1453.375,DDoS
2,2,4.7022784394,0.0639765774,62522882,0,0,0,67.8,1,84.75,BENIGN
2,0,0,13422.8187919463,149,0,0,1,0,0,0,BENIGN
4,0,3.359065642,0.559844274,7144844,0,0,1,6,0,7.5,DDoS
5,3,17816.8154604599,76.8794626126,104059,0,0,0,206,0,231.75,BENIGN
5,0,14.78934063,2.464890105,2028488,0,0,1,6,0,7.2,DDoS
1,1,0,21276.5957446809,94,0,0,1,0,1,0,BENIGN
3,5,6264.081658,4.310024362,1856138,0,0,0,1291.888889,1,1453.375,DDoS
3,4,103109.1483,62.07654925,112764,0,0,0,1453.375,1,1661,DDoS
12,8,12220.059058719,65.3304413725,306136,0,0,0,178.1428571429,0,187.05,BENIGN
3,1,21428.5714285714,4761.9047619048,840,1,0,0,4.8,0,6,BENIGN
3,5,11467.02626,7.885860061,1014474,0,0,0,1292.555556,1,1454.125,DDoS
1,1,126315.789473684,21052.6315789474,95,0,0,1,6,1,9,BENIGN
11,9,674.6646485524,1.8665504179,10714953,0,0,0,344.2380952381,0,361.45,BENIGN
5,0,13.26882913,2.211471522,2260938,0,0,1,6,0,7.2,DDoS
3,5,463929.455,319.2083633,25062,0,0,0,1291.888889,1,1453.375,DDoS
4,0,7.673115067,1.278852511,3127804,0,0,1,6,0,7.5,DDoS
3,6,22401.09377,17.33085566,519305,0,0,0,1163.3,2,1292.555556,DDoS
8,5,121.3976006,0.135314139,96072739,0,0,1,833.5,0,897.6153846,DDoS
1,1,107142.857142857,17857.1428571429,112,0,0,1,6,1,9,BENIGN
8,7,874.5222344612,2.6662263246,5625929,0,0,0,307.5,0,328,BENIGN
2,2,2081.9300716429,24.4932949605,163310,0,0,0,75.4,1,94.25,BENIGN
1,1,3722.9603954041,64.1889723346,31158,0,0,0,55.3333333333,1,83,BENIGN
2,0,3000000,500000,4,0,0,1,6,0,9,BENIGN
2,2,1120000,17777.7777777778,225,0,0,0,57.8,1,72.25,BENIGN
4,0,3.559321581,0.593220264,6742858,0,0,1,6,0,7.5,DDoS
3,1,58252.427184466,12944.9838187702,309,1,0,0,4.8,0,6,BENIGN
1,1,2847.0188230957,20.4821498064,97646,0,0,0,110,1,165,BENIGN
3,5,73775.06627,50.73502366,157682,0,0,0,1292.555556,1,1454.125,DDoS
3,4,924906.5309,556.8371649,12571,0,0,0,1453.375,1,1661,DDoS
8,4,143.3906452,0.147609826,81295401,0,0,1,897.1538462,0,971.9166667,DDoS
3,4,132455.0816,79.70304921,87826,0,0,0,1454.125,1,1661.857143,DDoS
2,2,462311.557788945,20100.5025125628,199,0,0,0,23,1,28.75,BENIGN
3,7,6593.617229,5.670953151,1763372,0,0,0,1057,2,1162.7,DDoS
6,0,3.685756874,0.614292812,9767329,0,0,1,6,0,7,DDoS
1,3,13088.6328069427,569.0709916062,7029,1,0,0,19.6,3,24.5,BENIGN
2,0,0,666666.666666667,3,0,0,1,0,0,0,BENIGN
3,6,14458.70885,11.18614112,804567,0,0,0,1163.3,2,1292.555556,DDoS
1,1,230769.230769231,38461.5384615385,52,0,0,1,6,1,9,BENIGN
4,0,7.82340999,1.303901665,3067716,0,0,1,6,0,7.5,DDoS
2,6,103292.2689,71.10731872,112506,0,0,0,1291.222222,3,1452.625,DDoS
3,4,6738.2019167992,17.4435700509,401294,0,0,0,338,1,386.2857142857,BENIGN
3,6,6460.801213,5.001050221,1799622,0,0,0,1162.7,2,1291.888889,DDoS
2,2,2166666.66666667,20833.3333333333,192,0,0,0,91.2,1,114,BENIGN
2,2,981595.09202454,24539.8773006135,163,0,0,0,38.4,1,48,BENIGN
3,6,11814.1119,9.144835911,984162,0,0,0,1162.7,2,1291.888889,DDoS
2,0,9250000,500000,4,0,1,1,24.6666666667,0,37,BENIGN
1,1,307692.307692308,51282.0512820513,39,0,0,1,6,1,9,BENIGN
18,18,2146.8995592175,4.6699929989,7708791,0,0,0,447.2972972973,1,459.7222222222,BENIGN
8,5,121.4963097,0.135493869,95945301,0,0,1,833.0714286,0,897.1538462,DDoS
1,1,250000,41666.6666666667,48,0,0,1,6,1,9,BENIGN
1,1,7652.8109363247,65.4086404814,30577,0,0,0,95.6666666667,1,143.5,BENIGN
1,1,920.660190078,19.1804206266,104273,0,0,0,48,1,72,BENIGN
2,0,162.074554295,27.0124257158,74040,0,0,1,6,0,9,BENIGN
3,5,10178.29738,6.999602773,1142922,0,0,0,1292.555556,1,1454.125,DDoS
3,6,17925.18972,13.86802265,648975,0,0,0,1163.3,2,1292.555556,DDoS
4,2,1670.9118695874,24.4523688232,245375,0,0,0,63.8571428571,0,74.5,BENIGN
5,0,4.498908565,0.749818094,6668284,0,0,1,6,0,7.2,DDoS
1,1,4072.1814116896,39.9233471734,50096,0,0,0,99.3333333333,1,149,BENIGN
8,6,119.084159,0.142945917,97939139,0,0,1,777.9333333,0,833.5,DDoS
38,52,12775.4643971782,14.6319313288,6150931,0,0,0,863.5274725275,1,873.1222222222,BENIGN
5,0,26.38380878,4.397301464,1137061,0,0,1,6,0,7.2,DDoS
3,5,6441.604778,4.432169796,1804985,0,0,0,1291.888889,1,1453.375,DDoS
1,1,0,100000,20,0,0,1,0,1,0,BENIGN
8,5,153.0044221,0.170544241,76226555,0,0,1,833.5,0,897.6153846,DDoS
8,5,129.3648964,0.144194774,90155833,0,0,1,833.5,0,897.6153846,DDoS
5,0,3.746353861,0.62439231,8007786,0,0,1,6,0,7.2,DDoS
5,0,3.282355077,0.547059179,9139779,0,0,1,6,0,7.2,DDoS
2,2,2000000,23529.4117647059,170,0,0,0,77.2,1,96.5,BENIGN
15,18,671.560686328,1.29910913,25402023,0,0,0,501.7352941176,1,516.9393939394,BENIGN
3,4,13146.65304,7.910820194,884864,0,0,0,1454.125,1,1661.857143,DDoS
3,1,2.2329619421,0.7443206474,5374028,0,0,0,2.4,0,3,BENIGN
4,0,3.624362056,0.604060343,6621855,0,0,1,6,0,7.5,DDoS
8,7,142.8040947,0.183757521,81629312,0,0,1,728.9375,0,777.5333333,DDoS
5,0,7.069805849,1.178300975,4243398,0,0,1,6,0,7.2,DDoS
2,2,20.6216149108,0.1604794935,24925303,0,0,0,112,1,140,BENIGN
8,4,131.9987954,0.135882778,88311412,0,0,1,897.1538462,0,971.9166667,DDoS
4,0,6.045423803,1.007570634,3969945,0,0,1,6,0,7.5,DDoS
4,0,3.911431501,0.65190525,6135861,0,0,1,6,0,7.5,DDoS
1,1,4565.3036919413,66.1638216223,30228,0,0,0,64.3333333333,1,96.5,BENIGN
2,0,0,7633.5877862596,262,0,0,1,0,0,0,BENIGN
8,5,160.735555,0.179161641,72560175,0,0,1,833.5,0,897.6153846,DDoS
3,5,74222.23924,51.04254396,156732,0,0,0,1292.555556,1,1454.125,DDoS
2,0,645.2306699645,107.5384449941,18598,0,0,1,6,0,9,BENIGN
8,5,156.4421742,0.174376084,74551508,0,0,1,833.5,0,897.6153846,DDoS
1,1,0,30303.0303030303,66,0,0,1,0,1,0,BENIGN
2,0,203389.830508475,33898.3050847458,59,0,0,1,6,0,9,BENIGN
2,2,7243.9162422185,64.6778235912,61845,0,0,0,97.8,1,122.25,BENIGN
8,5,164.313713,0.183149984,70980077,0,0,1,833.5,0,897.6153846,DDoS
3,6,14169.53969,10.96807923,820563,0,0,0,1162.7,2,1291.888889,DDoS
3,4,34449.55379,20.74024912,337508,0,0,0,1453.375,1,1661,DDoS
5,0,3.017879427,0.502979904,9940755,0,0,1,6,0,7.2,DDoS
1,1,5164.2425232881,65.3701585226,30595,0,0,0,67.3333333333,1,101,BENIGN
9,6,165.9697096,0.213346957,70308010,0,0,1,729.6875,0,778.3333333,DDoS
4,0,2.594665282,0.432444214,9249748,0,0,1,6,0,7.5,DDoS
3,6,11351.34396,8.786625584,1024284,0,0,0,1162.7,2,1291.888889,DDoS
8,6,119.2368405,0.143129192,97813729,0,0,1,777.9333333,0,833.5,DDoS
5,0,2.9210766,0.4868461,10270186,0,0,1,6,0,7.2,DDoS
1,2,6000000,1500000,2,0,0,1,3,2,4,BENIGN
3,6,317677.5956,245.9016393,36600,0,0,0,1162.7,2,1291.888889,DDoS
7,4,143.5266444793,1.9661184175,5594780,0,0,0,66.9166666667,0,73,BENIGN
1,1,0,20.0290421111,99855,0,0,1,0,1,0,BENIGN
10,5,15040.6750849927,113.8295288975,131776,0,0,0,123.875,0,132.1333333333,BENIGN
8,4,119.1228566,0.122564887,97907323,0,0,1,897.6153846,0,972.4166667,DDoS
3,5,45557.79217,31.33003846,255346,0,0,0,1292.555556,1,1454.125,DDoS
3,4,295574.1414,177.9495132,39337,0,0,0,1453.375,1,1661,DDoS
2,2,2171428.57142857,22857.1428571429,175,0,0,0,91.8,1,114.75,BENIGN
2,0,4000000,666666.666666667,3,1,0,0,6,0,9,BENIGN
1,1,0,62500,32,0,0,1,0,1,0,BENIGN
8,5,159.3786106,0.177649142,73177950,0,0,1,833.5,0,897.6153846,DDoS
4,0,5.869529171,0.978254862,4088914,0,0,1,6,0,7.5,DDoS
2,0,41333333.3333333,666666.666666667,3,0,0,0,62,0,93,BENIGN
1,1,0,54054.0540540541,37,0,0,1,0,1,0,BENIGN
1,1,324324.324324324,54054.0540540541,37,0,0,1,6,1,9,BENIGN
8,6,124.2376728,0.149132077,93876517,0,0,1,777.9333333,0,833.5,DDoS
2,0,4625000,250000,8,0,1,1,24.6666666667,0,37,BENIGN
5,0,8.057827266,1.342971211,3723088,0,0,1,6,0,7.2,DDoS
3,0,2176470.58823529,176470.588235294,17,0,0,1,9.25,0,12.3333333333,BENIGN
15,13,22906.8215432344,77.6972747681,360373,0,0,0,284.6551724138,0,294.8214285714,BENIGN
13,12,1014.2792393415,3.97444843,6290181,0,0,0,245.3846153846,0,255.2,BENIGN
4,0,2.647451172,0.441241862,9065323,0,0,1,6,0,7.5,DDoS
3,6,322354.3763,249.52175,36069,0,0,0,1162.7,2,1291.888889,DDoS
2,2,8401.4605616053,129.2532394093,30947,0,0,0,59.2,1,74,BENIGN
3,6,21175.04865,16.3823122,549373,0,0,0,1163.3,2,1292.555556,DDoS
2,2,1268292.68292683,24390.243902439,164,0,0,0,50.4,1,63,BENIGN
14,9,26700.6554443808,86.0949215226,267147,0,0,0,297.2083333333,0,310.1304347826,BENIGN
4,0,12.42881268,2.07146878,1930997,0,0,1,6,0,7.5,DDoS
1,1,352941.176470588,58823.5294117647,34,0,0,1,6,1,9,BENIGN
2,0,9250000,500000,4,0,1,1,24.6666666667,0,37,BENIGN
1,1,4153.9559940287,64.9055624067,30814,0,0,0,61.3333333333,1,92,BENIGN
9,4,130.3487715,0.145291437,89475335,0,0,1,833.5,0,897.6153846,DDoS
4,0,6.942841323,1.157140221,3456798,0,0,1,6,0,7.5,DDoS
3,6,9322.046122,7.212104797,1247902,0,0,0,1163.3,2,1292.555556,DDoS
2,0,0,666666.666666667,3,0,0,1,0,0,0,BENIGN
1,1,482617.586912065,4089.9795501023,489,0,0,0,104.3333333333,1,156.5,BENIGN
9,9,651.5231908148,1.6415757887,10965074,0,0,0,376,1,396.8888888889,BENIGN
3,6,173281.271,134.1301659,67099,0,0,0,1162.7,2,1291.888889,DDoS
7,6,1278.18611,1.426179678,9115261,0,0,1,832.6428571,0,896.6923077,DDoS
3,6,458226.6514,354.5121519,25387,0,0,0,1163.3,2,1292.555556,DDoS
2,2,1596244.1314554,18779.3427230047,213,0,0,0,77.2,1,96.5,BENIGN
4,0,174.8589069509,24.1184699243,165848,0,0,1,5.8,0,7.25,BENIGN
3,6,23416.32194,18.12564698,496534,0,0,0,1162.7,2,1291.888889,DDoS
3,6,30150.428,23.33825165,385633,0,0,0,1162.7,2,1291.888889,DDoS
4,0,2.787199091,0.464533182,8610795,0,0,1,6,0,7.5,DDoS
10,5,2961.7380196166,21.873988328,685746,0,0,0,126.9375,0,135.4,BENIGN
1,1,0,14285.7142857143,140,0,0,1,0,1,0,BENIGN
40,51,334043.647586156,445.7834276337,204135,0,0,0,741.1956521739,1,749.3406593407,BENIGN
5,0,10.51925866,1.753209776,2851912,0,0,1,6,0,7.2,DDoS
4,0,20.31919766,3.386532944,1181149,0,0,1,6,0,7.5,DDoS
2,2,1917159.76331361,23668.6390532544,169,0,0,0,71.8,1,89.75,BENIGN
2,0,12000000,2000000,1,0,0,1,6,0,9,BENIGN
3,5,54248.37516,37.32579352,214329,0,0,0,1291.888889,1,1453.375,DDoS
4,0,2.389782485,0.398297081,10042755,0,0,1,6,0,7.5,DDoS
21,18,46.5371811029,0.3336918667,116874290,0,0,0,135.975,0,139.4615384615,BENIGN
5,0,545.9954061076,94.1371389841,53114,0,0,1,4.8333333333,0,5.8,BENIGN
2,0,4000000,666666.666666667,3,0,0,1,6,0,9,BENIGN
1,1,212.2916887804,3.0766911417,650049,0,0,0,61,1,91.5,BENIGN
3,4,14366.90758,8.645091811,809708,0,0,0,1454.125,1,1661.857143,DDoS
3,6,14438.16153,11.17024445,805712,0,0,0,1163.3,2,1292.555556,DDoS
2,2,5220.0462909766,65.6609596349,60919,0,0,0,70.4,1,88,BENIGN
3,5,251911.0418,173.2389181,46179,0,0,0,1292.555556,1,1454.125,DDoS
5,0,3.404469342,0.567411557,8811946,0,0,1,6,0,7.2,DDoS
8,6,163.0974435,0.195778463,71509398,0,0,1,777.9333333,0,833.5,DDoS
1,1,2965.8503516651,42.3692907381,47204,0,0,0,65.3333333333,1,98,BENIGN
3,6,11029.16428,8.532835774,1054749,0,0,0,1163.3,2,1292.555556,DDoS
11,6,13090.4951622083,87.959848916,193270,0,0,0,140.5555555556,0,148.8235294118,BENIGN
3,1,0,0.6654581946,6010896,0,0,0,0,0,0,BENIGN
8,7,1454.739587553,3.3478204684,4480527,0,0,0,407.375,0,434.5333333333,BENIGN
2,2,139.95771201,1.4317924502,2793701,0,0,0,91,1,113.75,BENIGN
3,6,14453.47899,11.18786539,804443,0,0,0,1162.7,2,1291.888889,DDoS
1,1,3764.5090452787,41.8278782809,47815,0,0,0,78.3333333333,1,117.5,BENIGN
15,10,116852.098198089,377.9175232797,66152,0,0,0,297.3076923077,0,309.2,BENIGN
4,0,4.052094401,0.675349067,5922863,0,0,1,6,0,7.5,DDoS
2,2,2271903.32326284,12084.5921450151,331,0,0,0,159.2,1,199,BENIGN
1,1,590.2618151686,11.3511887532,176193,0,0,0,49.3333333333,1,74,BENIGN
5,0,3.65684106,0.60947351,8203802,0,0,1,6,0,7.2,DDoS
8,4,162.039717,0.166721821,71976181,0,0,1,897.6153846,0,972.4166667,DDoS
4,0,2.652896952,0.442149492,9046714,0,0,1,6,0,7.5,DDoS
7,6,1245.637436,1.389862387,9353444,0,0,1,832.6428571,0,896.6923077,DDoS
3,2,170.5401385165,47.372260699,105547,1,0,0,4,0,4.8,BENIGN
4,2,7469.2300198097,194.8494787776,30793,0,0,0,37.5714285714,0,43.8333333333,BENIGN
1,1,631578.947368421,105263.157894737,19,0,0,1,6,1,9,BENIGN
2,0,2595.1557093426,432.5259515571,4624,0,0,1,6,0,9,BENIGN
8,6,141.4100203,0.169745373,82476475,0,0,1,777.9333333,0,833.5,DDoS
2,2,6915.0979638878,85.3715798011,46854,0,0,0,70.8,1,88.5,BENIGN
1,1,12000000,2000000,1,0,0,1,6,1,9,BENIGN
7,4,134.4522529793,1.9693405896,5585626,0,0,0,62.5833333333,0,68.2727272727,BENIGN
3,6,9884.030325,7.650836236,1176342,0,0,0,1162.7,2,1291.888889,DDoS
2,0,0,0.0382847732,52240090,0,0,1,0,0,0,BENIGN
1,1,3753.2099822216,65.8457891618,30374,0,0,0,54.3333333333,1,81.5,BENIGN
3,1,103631.016509915,116.4720612643,34343,0,0,1,711.8,0,889.75,BENIGN
3,4,13325.81873,8.018630716,872967,0,0,0,1454.125,1,1661.857143,DDoS
1,1,6350.6036217304,62.8772635815,31808,0,0,0,79.6666666667,1,119.5,BENIGN
2,2,1333333.33333333,21164.0211640212,189,0,0,0,59.8,1,74.75,BENIGN
5,6,4645.341127439,14.8845768721,739020,0,0,0,286.0833333333,1,312.0909090909,BENIGN
3,6,17561.24232,13.59346185,662083,0,0,0,1162.7,2,1291.888889,DDoS
8,4,160.9848689,0.165721749,72410532,0,0,1,897.1538462,0,971.9166667,DDoS
4,0,7.43964126,1.23994021,3225962,0,0,1,6,0,7.5,DDoS
8,6,137.3364333,0.164940385,84879152,0,0,1,777.5333333,0,833.0714286,DDoS
2,2,5622.0383904907,64.2518673199,62255,0,0,0,79,1,98.75,BENIGN
3,4,256661.0009,154.5219752,45301,0,0,0,1453.375,1,1661,DDoS
4,0,3.997663366,0.666277228,6003507,0,0,1,6,0,7.5,DDoS
1,1,3331.3206604343,41.6415082554,48029,0,0,0,70,1,105,BENIGN
2,2,1178423.23651452,16597.510373444,241,0,0,0,67.8,1,84.75,BENIGN
3,6,84182.41815,65.1286653,138188,0,0,0,1163.3,2,1292.555556,DDoS
3,5,53295.01336,36.66982944,218163,0,0,0,1291.888889,1,1453.375,DDoS
2,2,1270718.2320442,22099.4475138122,181,0,0,0,53.6,1,67,BENIGN
2,2,10944.9819212352,130.2974038242,30699,0,0,0,74.4,1,93,BENIGN
19,16,32.7236700162,0.309130486,113220797,0,0,0,102.9166666667,0,105.8571428571,BENIGN
8,4,127.2310946,0.130907411,91667843,0,0,1,897.6153846,0,972.4166667,DDoS
9,4,161.9471651,0.180512145,72017315,0,0,1,833.5,0,897.6153846,DDoS
3,4,6635.548207,3.994911624,1752229,0,0,0,1453.375,1,1661,DDoS
8,4,127.2368673,0.130913351,91663684,0,0,1,897.6153846,0,972.4166667,DDoS
5,0,14.60597462,2.434329104,2053954,0,0,1,6,0,7.2,DDoS
1,1,375000,62500,32,0,0,1,6,1,9,BENIGN
4,0,1.015427131,0.169237855,23635374,0,0,1,6,0,7.5,DDoS
5,0,114.5029427,19.08382379,262002,0,0,1,6,0,7.2,DDoS
9,5,142.1877258,0.170591153,82067562,0,0,1,778.3333333,0,833.9285714,DDoS
8,5,143.5357948,0.159990168,81254993,0,0,1,833.5,0,897.6153846,DDoS
8,6,142.581686,0.171239908,81756643,0,0,1,777.5333333,0,833.0714286,DDoS
3,5,326894.9618,224.9212776,35568,0,0,0,1291.888889,1,1453.375,DDoS
8,7,554.6587210904,1.6058445891,9340879,0,0,0,323.8125,0,345.4,BENIGN
3,1,243781.094527363,19900.4975124378,201,0,0,1,11,0,13.75,BENIGN
3,6,6356.04918,4.919965823,1829281,0,0,0,1162.7,2,1291.888889,DDoS
2,2,7747.465589714,164.8396933982,24266,0,0,0,44.4,1,55.5,BENIGN
5,0,2.967437712,0.494572952,10109732,0,0,1,6,0,7.2,DDoS
2,0,12333333.3333333,666666.666666667,3,0,1,1,24.6666666667,0,37,BENIGN
9,7,116.5401166,0.159794487,100128611,0,0,1,686.7647059,0,729.6875,DDoS
3,5,10466.64897,7.197901812,1111435,0,0,0,1292.555556,1,1454.125,DDoS
4,0,3.374641761,0.562440293,7111866,0,0,1,6,0,7.5,DDoS
2,0,397849.462365591,21505.376344086,93,0,1,1,24.6666666667,0,37,BENIGN
5,0,4.799271279,0.799878546,6250949,0,0,1,6,0,7.2,DDoS
3,4,350622.7195,211.0913422,33161,0,0,0,1453.375,1,1661,DDoS
8,4,156.8944103,0.161427842,74336619,0,0,1,897.6153846,0,972.4166667,DDoS
2,2,8430.0629012386,129.6932754037,30842,0,0,0,62.2,1,77.75,BENIGN
10,8,12353.077373575,49.0309576018,367115,0,0,0,238.6842105263,0,251.9444444444,BENIGN
4,0,2.984703766,0.497450628,8040999,0,0,1,6,0,7.5,DDoS
2,6,6647.095647,4.573558543,1749185,0,0,0,1291.888889,3,1453.375,DDoS
11,8,681.8855132883,6.2197910478,3054765,0,0,0,104.15,0,109.6315789474,BENIGN
9,6,115.8348814,0.148900782,100738222,0,0,1,729.6875,0,778.3333333,DDoS
4,2,6569.8420903437,100.0483567057,59971,0,0,0,61.2857142857,0,71.5,BENIGN
4,0,5.500927021,0.91682117,4362901,0,0,1,6,0,7.5,DDoS
3,6,442444.5375,342.4787853,26279,0,0,0,1162.7,2,1291.888889,DDoS
2,2,1483870.96774194,9216.5898617512,434,0,0,0,135.4,1,169.25,BENIGN
2,0,1032.7911179964,172.1318529994,11619,0,0,1,6,0,9,BENIGN
4,4,11804.9817022784,134.9140765975,59297,0,0,0,83,1,93.375,BENIGN
1,1,5781.0977590127,64.9561545956,30790,0,0,0,75.6666666667,1,113.5,BENIGN
2,2,930.5627220153,11.9302913079,335281,0,0,0,71.6,1,89.5,BENIGN
3,5,18393.74673,12.65588491,632117,0,0,0,1291.888889,1,1453.375,DDoS
3,4,449526.387,270.6359946,25865,0,0,0,1453.375,1,1661,DDoS
37,37,236.0690976246,0.6370009198,116169377,0,1,1,385.0133333333,1,390.2162162162,BENIGN
1,3,692307.692307692,153846.153846154,26,0,0,1,3.6,3,4.5,BENIGN
1,1,0,37037.037037037,54,0,0,1,0,1,0,BENIGN
2,0,2417.4053182917,402.900886382,4964,0,0,1,6,0,9,BENIGN
1,2,268656.71641791,44776.1194029851,67,0,0,1,6,2,8,BENIGN
2,2,842105.263157895,21052.6315789474,190,0,0,0,38.4,1,48,BENIGN
3,4,1293.6021945734,15.167864928,461502,0,0,0,74.625,1,85.2857142857,BENIGN
2,2,6866.0687465133,171.6517186628,23303,0,0,0,38.4,1,48,BENIGN
1,1,1050.8801120939,175.146685349,11419,1,0,1,6,1,9,BENIGN
2,6,665730.9808,458.2951421,17456,0,0,0,1291.222222,3,1452.625,DDoS
4,0,218592.964824121,10050.2512562814,398,0,0,1,18.6,0,23.25,BENIGN
2,0,54814.8148148148,2962.962962963,675,0,1,1,24.6666666667,0,37,BENIGN
4,0,19.15432078,3.192386796,1252981,0,0,1,6,0,7.5,DDoS
9,6,5679859.27880387,13192.6121372032,1137,0,0,0,403.625,0,430.5333333333,BENIGN
3,6,213786.6363,165.4837642,54386,0,0,0,1162.7,2,1291.888889,DDoS
3,6,6249.315063,4.834852193,1861484,0,0,0,1163.3,2,1292.555556,DDoS
17,25,109169.01267299,191.3247874928,219522,0,0,0,557.3255813953,1,570.5952380952,BENIGN
9,4,142.99456,0.159304934,81604503,0,0,1,833.9285714,0,898.0769231,DDoS
1,1,0,37735.8490566038,53,0,0,1,0,1,0,BENIGN
8,6,142.0377565,0.170498893,82111970,0,0,1,777.9333333,0,833.5,DDoS
2,2,5384.6153846154,128.2051282051,31200,0,0,0,40.4,1,50.5,BENIGN
5,0,4.327241587,0.721206931,6932823,0,0,1,6,0,7.2,DDoS
12,13,0.6537653506,0.2095401765,119308862,0,0,1,3.2307692308,1,3.36,BENIGN
6,5,6221.8479387012,20.3147305805,541479,0,0,0,280.75,0,306.2727272727,BENIGN
3,4,596746.048,359.2691439,19484,0,0,0,1453.375,1,1661,DDoS
3,5,32173.71092,22.13723982,361382,0,0,0,1291.888889,1,1453.375,DDoS
3,4,11273.47753,6.783662228,1031891,0,0,0,1454.125,1,1661.857143,DDoS
4,0,185.3591813516,25.5667836347,156453,0,0,1,5.8,0,7.25,BENIGN
8,6,1377.392737,1.653390922,8467447,0,0,1,777.9333333,0,833.5,DDoS
2,2,124.3496085334,1.5641460193,2557306,0,0,0,72.8,1,91,BENIGN
4,0,3.280908965,0.546818161,7315046,0,0,1,6,0,7.5,DDoS
1,1,1292.8060848846,11.594673407,172493,0,0,0,91.6666666667,1,137.5,BENIGN
3,6,118751.3398,91.87329652,97961,0,0,0,1163.3,2,1292.555556,DDoS
2,2,1652173.91304348,17391.3043478261,230,0,0,0,82.2,1,102.75,BENIGN
1,1,0,222222.222222222,9,0,0,1,0,1,0,BENIGN
5,0,8.891676265,1.481946044,3373942,0,0,1,6,0,7.2,DDoS
2,0,0,2000000,1,0,0,1,0,0,0,BENIGN
5,0,5.852647884,0.975441314,5125885,0,0,1,6,0,7.2,DDoS
3,6,101783.1519,78.74566899,114292,0,0,0,1163.3,2,1292.555556,DDoS
1,1,0,64516.1290322581,31,0,0,1,0,1,0,BENIGN
9,4,115.5118099,0.128753625,100968031,0,0,1,833.5,0,897.6153846,DDoS
14,13,140.5660629069,0.3746208369,72072873,0,0,0,361.8214285714,0,375.2222222222,BENIGN
3,7,67677.00273,58.17674094,171890,0,0,0,1057.545455,2,1163.3,DDoS
8,6,120.2205688,0.144310037,97013349,0,0,1,777.9333333,0,833.5,DDoS
10,6,4505.9345002599,31.7459057702,504002,0,0,0,133.5882352941,0,141.9375,BENIGN
8,5,158.0457781,0.176254192,73757111,0,0,1,833.0714286,0,897.1538462,DDoS
2,2,2939.630293212,42.9143108498,93209,0,0,0,62.4,1,78,BENIGN
3,4,7779.855438,4.68142251,1495272,0,0,0,1454.125,1,1661.857143,DDoS
1,1,0,24691.3580246914,81,0,0,1,0,1,0,BENIGN
2,2,1600000,22222.2222222222,180,0,0,0,66,1,82.5,BENIGN
2,2,1710144.92753623,28985.5072463768,138,0,0,0,57.4,1,71.75,BENIGN
3,6,308678.6843,238.9359386,37667,0,0,0,1162.7,2,1291.888889,DDoS
8,6,142.390457,0.170922267,81908579,0,0,1,777.9333333,0,833.5,DDoS
2,0,770833.333333333,41666.6666666667,48,0,1,1,24.6666666667,0,37,BENIGN
2,2,1139664.80446927,22346.3687150838,179,0,0,0,49.4,1,61.75,BENIGN
14,10,16420.5482096801,59.4050583407,404006,0,0,0,265.36,0,276.4166666667,BENIGN
4,0,3.196710798,0.532785133,7507717,0,0,1,6,0,7.5,DDoS
4,0,2.513284541,0.418880757,9549257,0,0,1,6,0,7.5,DDoS
2,1,0,31.5483952383,95092,0,0,1,0,0,0,BENIGN
1,1,3718.3477748801,33.6502061075,59435,0,0,0,95,1,142.5,BENIGN
3,6,179210.5304,138.7197706,64879,0,0,0,1162.7,2,1291.888889,DDoS
14,12,29.2209112088,0.4282658914,60709948,0,0,0,65.7037037037,0,68.2307692308,BENIGN
8,5,158.9811806,0.177297362,73323144,0,0,1,833.0714286,0,897.1538462,DDoS
3,5,345465.8902,237.699073,33656,0,0,0,1291.888889,1,1453.375,DDoS
3,4,9664.06426,5.818220506,1203117,0,0,0,1453.375,1,1661,DDoS
3,6,9406.485,7.277431875,1236700,0,0,0,1163.3,2,1292.555556,DDoS
5,0,15.02244353,2.503740588,1997012,0,0,1,6,0,7.2,DDoS
3,6,8550.514038,6.615200407,1360503,0,0,0,1163.3,2,1292.555556,DDoS
3,5,25757.52544,17.71341902,451635,0,0,0,1292.555556,1,1454.125,DDoS
4,4,31.2166211542,0.2262073997,35365775,0,0,0,127.1111111111,1,143,BENIGN
5,0,6.637342886,1.106223814,4519881,0,0,1,6,0,7.2,DDoS
2,2,1433962.26415094,25157.2327044025,159,0,0,0,54.2,1,67.75,BENIGN
2,2,1096446.70050761,20304.5685279188,197,0,0,0,52.4,1,65.5,BENIGN
2,0,9250000,500000,4,0,1,1,24.6666666667,0,37,BENIGN
3,6,50938.86635,39.42975808,228254,0,0,0,1162.7,2,1291.888889,DDoS
8,4,118.4958286,0.121982495,98374771,0,0,1,897.1538462,0,971.9166667,DDoS
2,2,1016216.21621622,21621.6216216216,185,0,0,0,45.4,1,56.75,BENIGN
1,1,2242.414332765,46.7169652659,42811,0,0,0,48,1,72,BENIGN
9,6,115.6347835,0.148720034,100860655,0,0,1,729.3125,0,777.9333333,DDoS
1,1,0,1654.2597187759,1209,0,0,1,0,1,0,BENIGN
1,1,1542.9012257493,28.5722449213,69998,0,0,0,51.3333333333,1,77,BENIGN
4,0,15.1063582,2.517726367,1588735,0,0,1,6,0,7.5,DDoS
2,2,632124.352331606,10362.6943005181,386,0,0,0,55.4,1,69.25,BENIGN
510,669,204379.52720154,225.1130290801,5237369,0,0,0,907.1279661017,1,907.8973706531,BENIGN
1,1,5595.6270013261,64.6893294951,30917,0,0,0,76.3333333333,1,114.5,BENIGN
3,1,2.1986631395,0.7328877132,5457862,0,0,0,2.4,0,3,BENIGN
3,1,0,0.726609135,5505023,0,0,0,0,0,0,BENIGN
3,5,96263.01243,66.19995697,120846,0,0,0,1292.555556,1,1454.125,DDoS
1,1,0,9803.9215686275,204,0,0,1,0,1,0,BENIGN
3,5,38275.51262,26.32202364,303928,0,0,0,1292.555556,1,1454.125,DDoS
1,1,4013.826991201,28.5681636384,70008,0,0,0,109.6666666667,1,164.5,BENIGN
3,6,12012.93303,9.293939422,968373,0,0,0,1163.3,2,1292.555556,DDoS
2,2,1987421.3836478,25157.2327044025,159,0,0,0,73.6,1,92,BENIGN
3,1,215859.030837004,17621.1453744493,227,0,0,1,11,0,13.75,BENIGN
4,0,59.54950797,9.924917995,403026,0,0,1,6,0,7.5,DDoS
3,4,27018.29725,16.26628371,430338,0,0,0,1453.375,1,1661,DDoS
3,5,212051.5767,145.9028652,54831,0,0,0,1291.888889,1,1453.375,DDoS
1,1,1104.3114158193,23.0064878296,86932,0,0,0,48,1,72,BENIGN
3,1,2.1550694597,0.7183564866,5568266,0,0,0,2.4,0,3,BENIGN
2,0,0,500000,4,0,0,1,0,0,0,BENIGN
2,2,1477832.51231527,19704.4334975369,203,0,0,0,69.4,1,86.75,BENIGN
5,1,40.3790951929,1.4335773441,4185334,0,1,1,30.7142857143,0,35.8333333333,BENIGN
2,0,41333333.3333333,666666.666666667,3,0,0,0,62,0,93,BENIGN
1,1,5717.2223292863,64.238453138,31134,0,0,0,75,1,112.5,BENIGN
2,0,506849.315068493,27397.2602739726,73,0,1,1,24.6666666667,0,37,BENIGN
2,2,2282608.69565217,21739.1304347826,184,0,0,0,92.2,1,115.25,BENIGN
3,6,254763.2605,197.1004336,45662,0,0,0,1163.3,2,1292.555556,DDoS
8,4,158.4025719,0.162979582,73628855,0,0,1,897.6153846,0,972.4166667,DDoS
3,4,6783.867849,4.084207013,1713919,0,0,0,1453.375,1,1661,DDoS
11,11,190.4835882874,0.6633906827,33162962,0,0,0,274.652173913,1,287.1363636364,BENIGN
3,4,17736.08967,10.67795886,655556,0,0,0,1453.375,1,1661,DDoS
2,0,4000000,666666.666666667,3,0,0,1,6,0,9,BENIGN
1,1,3710.6959182345,65.0999283901,30722,0,0,0,54.3333333333,1,81.5,BENIGN
3,6,109483.1401,84.7465607,106199,0,0,0,1162.7,2,1291.888889,DDoS
6,8,2776.191303916,34.7644707109,402710,0,0,0,74.5333333333,1,79.8571428571,BENIGN
2,2,1480225.98870057,22598.8700564972,177,0,0,0,61.4,1,76.75,BENIGN
3,5,46962.0289,32.31239625,247583,0,0,0,1291.888889,1,1453.375,DDoS
8,6,145.1845576,0.174276242,80332235,0,0,1,777.9333333,0,833.5,DDoS
8,5,123.7702331,0.13802977,94182581,0,0,1,833.0714286,0,897.1538462,DDoS
3,5,10942.36189,7.525049007,1063116,0,0,0,1292.555556,1,1454.125,DDoS
1,1,0,41666.6666666667,48,0,0,1,0,1,0,BENIGN
1,1,150000,25000,80,0,0,1,6,1,9,BENIGN
2,2,3569.0571049137,83.0013280212,48192,0,0,0,41.4,1,51.75,BENIGN
3,4,369650.9188,222.5472118,31454,0,0,0,1453.375,1,1661,DDoS
2,6,15707.30164,10.81304648,739847,0,0,0,1291.222222,3,1452.625,DDoS
3,5,11690.37637,8.039457658,995092,0,0,0,1292.555556,1,1454.125,DDoS
2,2,9621.0102060716,130.0136514334,30766,0,0,0,67.6,1,84.5,BENIGN
4,0,2.616705045,0.436117508,9171840,0,0,1,6,0,7.5,DDoS
4,0,3.90122235,0.650203725,6151918,0,0,1,6,0,7.5,DDoS
3,5,6728.034267,4.62686101,1729034,0,0,0,1292.555556,1,1454.125,DDoS
2,0,9250000,500000,4,0,1,1,24.6666666667,0,37,BENIGN
10,10,18.6817759817,0.3008337517,66481902,0,0,0,59.1428571429,1,62.1,BENIGN
2,2,1394594.59459459,21621.6216216216,185,0,0,0,59.4,1,74.25,BENIGN
5,0,3.718477997,0.619746333,8067817,0,0,1,6,0,7.2,DDoS
2,2,2050314.46540881,25157.2327044025,159,0,0,0,75.4,1,94.25,BENIGN
7,4,1327.024453,1.252876919,8779793,0,0,1,971.4166667,0,1059.727273,DDoS
3,4,17271.35461,10.39280343,673543,0,0,0,1454.125,1,1661.857143,DDoS
9,13,141550.198170277,218.5336392804,100671,0,0,0,678.2608695652,1,709.0909090909,BENIGN
1,1,0,40000,50,0,0,1,0,1,0,BENIGN
4,0,2.978174079,0.496362346,8058629,0,0,1,6,0,7.5,DDoS
5,0,8.012968188,1.335494698,3743931,0,0,1,6,0,7.2,DDoS
5,0,2.967511976,0.494585329,10109479,0,0,1,6,0,7.2,DDoS
3,6,6193.363045,4.791564291,1878301,0,0,0,1163.3,2,1292.555556,DDoS
1,1,0,34482.7586206897,58,0,0,1,0,1,0,BENIGN
14,8,58715.1202841372,196.8204550131,111777,0,0,0,285.347826087,0,298.3181818182,BENIGN
2,2,2.8646514411,0.0596802384,67023861,0,0,0,48,1,60,BENIGN
49,54,679.246137319,0.8872953638,116083104,0,0,0,758.1634615385,1,765.5242718447,BENIGN
10,5,14482.3750260724,104.2897865536,143830,0,0,0,130.1875,0,138.8666666667,BENIGN
2,2,1218884.12017167,17167.3819742489,233,0,0,0,63,1,78.75,BENIGN
2,2,800.8174744779,12.8130795916,312181,0,0,0,56.4,1,70.5,BENIGN
8,4,139.7338442,0.143845426,83422882,0,0,1,897.1538462,0,971.9166667,DDoS
2,2,1791208.79120879,21978.021978022,182,0,0,0,75.4,1,94.25,BENIGN
1,1,3985.1699413657,32.6653273882,61227,0,0,0,100.6666666667,1,151,BENIGN
3,6,6353.97652,4.915824695,1830822,0,0,0,1163.3,2,1292.555556,DDoS
2,2,1182186.23481781,16194.3319838057,247,0,0,0,67,1,83.75,BENIGN
3,4,6512.770528,3.918971348,1786183,0,0,0,1454.125,1,1661.857143,DDoS
2,4,70624.17999,36.44491958,164632,0,0,0,1661,2,1937.833333,DDoS
3,4,27894.47434,16.78512167,417036,0,0,0,1454.125,1,1661.857143,DDoS
7,6,3010.0129000553,38.0273738588,341859,0,0,0,73.5,0,79.1538461538,BENIGN
2,0,2949.8525073746,491.6420845624,4068,0,0,1,6,0,9,BENIGN
1,1,1331.4385054775,13.7972902122,144956,0,0,0,79,1,118.5,BENIGN
8,5,846.6414974673,2.0530385128,6332078,0,0,0,382.9285714286,0,412.3846153846,BENIGN
3,5,18379.1931,12.63934882,632944,0,0,0,1292.555556,1,1454.125,DDoS
23,22,108.4288846826,0.389627071,115495055,0,0,0,272.2391304348,0,278.2888888889,BENIGN
7,4,147.2503032678,2.0739479333,5303894,0,0,0,65.0833333333,0,71,BENIGN
2,2,10.7195957152,0.1023350426,39087295,0,0,0,93.2,1,116.5,BENIGN
4,0,36.30884302,6.051473836,660996,0,0,1,6,0,7.5,DDoS
1,1,0,21.015467384,95168,0,0,1,0,1,0,BENIGN
5,0,2.480429207,0.413404868,12094681,0,0,1,6,0,7.2,DDoS
1,1,125000,20833.3333333333,96,0,0,1,6,1,9,BENIGN
4,2,3750.9377344336,57.7067343759,103974,0,0,0,61.8571428571,0,72.1666666667,BENIGN
8,4,141.7692452,0.145940717,82225168,0,0,1,897.1538462,0,971.9166667,DDoS
25,21,86.6354964239,0.3923245556,117249862,0,0,0,216.1276595745,0,220.8260869565,BENIGN
5,0,14.68375595,2.447292658,2043074,0,0,1,6,0,7.2,DDoS
4,0,19.51409894,3.252349823,1229880,0,0,1,6,0,7.5,DDoS
3,5,6198.203923,4.264696945,1875866,0,0,0,1291.888889,1,1453.375,DDoS
3,4,8887.323589,5.347826452,1308943,0,0,0,1454.125,1,1661.857143,DDoS
22,20,90.6866589473,0.3645869317,115198863,0,0,0,242.9534883721,0,248.7380952381,BENIGN
8,4,118.5544582,0.12204285,98326121,0,0,1,897.1538462,0,971.9166667,DDoS
5,0,6.951031834,1.158505306,4315906,0,0,1,6,0,7.2,DDoS
3,1,0,0.6770994144,5907552,0,0,0,0,0,0,BENIGN
3,5,821986.5677,565.5708731,14145,0,0,0,1291.888889,1,1453.375,DDoS
2,2,1664739.88439306,23121.387283237,173,0,0,0,65.6,1,82,BENIGN
5,0,5.561147598,0.926857933,5394570,0,0,1,6,0,7.2,DDoS
5,0,2.719678396,0.453279733,11030716,0,0,1,6,0,7.2,DDoS
8,4,129.6604932,0.133407007,89950298,0,0,1,897.6153846,0,972.4166667,DDoS
2,0,0,666666.666666667,3,0,0,1,0,0,0,BENIGN
4,0,5.082678233,0.847113039,4721920,0,0,1,6,0,7.5,DDoS
4,0,2.453037366,0.408839561,9783789,0,0,1,6,0,7.5,DDoS
3,5,9315.171165,6.40603192,1248823,0,0,0,1292.555556,1,1454.125,DDoS
2,2,6490.1793339027,85.3970964987,46840,0,0,0,66.8,1,83.5,BENIGN
5,0,19.69780934,3.282968223,1523012,0,0,1,6,0,7.2,DDoS
1,1,160000,26666.6666666667,75,0,0,1,6,1,9,BENIGN
4,0,8.287939597,1.381323266,2895774,0,0,1,6,0,7.5,DDoS
3,5,8661.596137,5.956569165,1343055,0,0,0,1292.555556,1,1454.125,DDoS
2,0,0,68.317677199,29275,0,0,1,0,0,0,BENIGN
3,0,3905.1979531376,403.9859951522,7426,0,0,1,7.25,0,9.6666666667,BENIGN
3,5,54072.77257,37.18578016,215136,0,0,0,1292.555556,1,1454.125,DDoS
8,5,1393.537299,1.55328688,8369349,0,0,1,833.5,0,897.6153846,DDoS
4,0,10.62499779,1.770832964,2258824,0,0,1,6,0,7.5,DDoS
3,3,3.8645972989,0.0526990541,113854036,0,0,0,69,1,80.5,BENIGN
1,1,3669.6482558746,41.7005483622,47961,0,0,0,77.3333333333,1,116,BENIGN
3,1,177536.231884058,14492.7536231884,276,0,0,1,11,0,13.75,BENIGN
4,0,21.24126895,3.540211492,1129876,0,0,1,6,0,7.5,DDoS
2,6,449659.4954,309.5496053,25844,0,0,0,1291.222222,3,1452.625,DDoS
7,5,478.02176722,1.2020664725,9982809,0,0,0,367.0769230769,0,397.6666666667,BENIGN
4,0,4.11039634,0.685066057,5838853,0,0,1,6,0,7.5,DDoS
14,9,16553.2901917979,56.0385155154,410432,0,0,0,283.0833333333,0,295.3913043478,BENIGN
10,10,16.5435861025,0.3279204381,60990404,0,0,0,48.0476190476,1,50.45,BENIGN
1,1,444444.444444444,74074.0740740741,27,0,0,1,6,1,9,BENIGN
3,4,348207.6009,209.6373274,33391,0,0,0,1453.375,1,1661,DDoS
2,0,12333333.3333333,666666.666666667,3,0,1,1,22.6666666667,0,34,BENIGN
3,4,283143.3859,170.4656147,41064,0,0,0,1453.375,1,1661,DDoS
2,0,12333333.3333333,666666.666666667,3,0,1,1,24.6666666667,0,37,BENIGN
6,5,32626.1110080448,92.7596849544,118586,0,0,0,322.4166666667,0,351.7272727273,BENIGN
3,4,11440.10304,6.887479251,1016337,0,0,0,1453.375,1,1661,DDoS
4,0,2.591852555,0.431975426,9259786,0,0,1,6,0,7.5,DDoS
2,0,4000000,666666.666666667,3,0,0,1,6,0,9,BENIGN
2,2,1943181.81818182,22727.2727272727,176,0,0,0,75.4,1,94.25,BENIGN
5,0,2.796832494,0.466138749,10726420,0,0,1,6,0,7.2,DDoS
8,5,144.2220222,0.160755062,80868371,0,0,1,833.5,0,897.6153846,DDoS
3,6,13045.54558,10.09283162,891722,0,0,0,1163.3,2,1292.555556,DDoS
3,4,32860.59894,19.78362368,353828,0,0,0,1453.375,1,1661,DDoS
1,1,0,23529.4117647059,85,0,0,1,0,1,0,BENIGN
1,1,665.2183823564,9.3037535994,214967,0,0,0,63,1,94.5,BENIGN
3,5,410465.4035,282.2765605,28341,0,0,0,1292.555556,1,1454.125,DDoS
8,5,162.5450516,0.181178571,71752415,0,0,1,833.5,0,897.6153846,DDoS
1,1,0,40000,50,0,0,1,0,1,0,BENIGN
16,14,10.7506348563,0.260516192,115155990,0,0,0,39.935483871,0,41.2666666667,BENIGN
3,7,40773.4578,35.06790901,285161,0,0,0,1057,2,1162.7,DDoS
5,0,3.091680381,0.515280063,9703461,0,0,1,6,0,7.2,DDoS
4,4,11473.7378888322,254.9719530852,31376,0,0,0,44.1111111111,1,49.625,BENIGN
3,4,6944.096055,4.180671918,1674372,0,0,0,1453.375,1,1661,DDoS
4,3,259317.0819,156.1210607,44837,0,0,1,1453.375,0,1661,DDoS
1,1,3152.3987784455,65.6749745509,30453,0,0,0,48,1,72,BENIGN
2,6,6915.413678,4.760632426,1680449,0,0,0,1291.222222,3,1452.625,DDoS
2,2,1237410.07194245,28776.9784172662,139,0,0,0,41.4,1,51.75,BENIGN
1,1,255319.14893617,42553.1914893617,47,0,0,1,6,1,9,BENIGN
2,2,1172093.02325581,18604.6511627907,215,0,0,0,56.8,1,71,BENIGN
1,1,4634.7672824597,65.278412429,30638,0,0,0,63.6666666667,1,95.5,BENIGN
2,2,9709.6805515099,129.4624073535,30897,0,0,0,69.4,1,86.75,BENIGN
3,3,48.8828795536,1.9553151821,3068559,0,0,0,28.5714285714,1,33.3333333333,BENIGN
15,12,58604.3510011379,91.7072839359,294415,0,0,0,616.2142857143,0,639.037037037,BENIGN
2,1,0,97.1062342202,30894,0,0,1,0,0,0,BENIGN
2,0,12333333.3333333,666666.666666667,3,0,1,1,22.6666666667,0,34,BENIGN
1,1,1862.9569204991,22.0468274615,90716,0,0,0,70,1,105,BENIGN
3,4,12304.19848,7.407705283,944962,0,0,0,1453.375,1,1661,DDoS
4,2,9373.8043616886,191.3021298304,31364,0,0,0,46.8571428571,0,54.6666666667,BENIGN
3,6,408036.4976,315.8448851,28495,0,0,0,1162.7,2,1291.888889,DDoS
35,42,6882.1947789362,54.8580743249,1403622,0,0,0,123.8461538462,1,125.4545454545,BENIGN
2,0,100000,16666.6666666667,120,0,0,1,6,0,9,BENIGN
2,2,1939655.17241379,17241.3793103448,232,0,0,0,98.4,1,123,BENIGN
4,0,2.544856813,0.424142802,9430786,0,0,1,6,0,7.5,DDoS
2,2,16454.8109753589,164.5481097536,24309,0,0,0,87.2,1,109,BENIGN
4,0,6.143130329,1.023855055,3906803,0,0,1,6,0,7.5,DDoS
3,1,14128.7284144427,3139.7174254317,1274,1,0,0,4.8,0,6,BENIGN
5,0,4.892478809,0.815413135,6131861,0,0,1,6,0,7.2,DDoS
5,0,4.94494871,0.824158118,6066797,0,0,1,6,0,7.2,DDoS
5,0,2.977144167,0.496190694,10076771,0,0,1,6,0,7.2,DDoS
8,6,731.3871619032,2.0018416944,6993560,0,0,0,341,0,365.3571428571,BENIGN
2,0,12333333.3333333,666666.666666667,3,0,1,1,22.6666666667,0,34,BENIGN
8,5,123.676169,0.137853914,94302727,0,0,1,833.5,0,897.6153846,DDoS
3,6,18580.81384,14.38267176,625753,0,0,0,1162.7,2,1291.888889,DDoS
3,6,11502.79981,8.899269172,1011319,0,0,0,1163.3,2,1292.555556,DDoS
5,0,5.136240491,0.856040082,5840848,0,0,1,6,0,7.2,DDoS
4,0,657.5702778,109.5950463,36498,0,0,1,6,0,7.5,DDoS
2,0,53571.4285714286,8928.5714285714,224,0,0,1,6,0,9,BENIGN
1,1,0,23809.5238095238,84,0,0,1,0,1,0,BENIGN
3,1,0,0.7058135569,5667219,0,0,0,0,0,0,BENIGN
5,0,8.731730673,1.455288445,3435745,0,0,1,6,0,7.2,DDoS
3,5,89442.64614,61.50959934,130061,0,0,0,1292.555556,1,1454.125,DDoS
10,10,27396.3851344351,34.5325330994,579164,0,0,0,755.5714285714,1,793.35,BENIGN
2,2,6548.060291574,123.5483073882,32376,0,0,0,48.6,1,60.75,BENIGN
4,4,6.4485980581,0.0741218168,107930436,0,0,0,84.2222222222,1,94.75,BENIGN
2,2,5864.2379766741,65.5222120299,61048,0,0,0,78.8,1,98.5,BENIGN
2,2,2346456.69291339,15748.031496063,254,0,0,0,125.6,1,157,BENIGN
2,2,2857142.85714286,20408.1632653061,196,0,0,0,120.8,1,151,BENIGN
4,0,532.6704545,88.77840909,45056,0,0,1,6,0,7.5,DDoS
2,6,80631.95582,55.50775721,144124,0,0,0,1291.222222,3,1452.625,DDoS
4,0,2.988862378,0.49814373,8029811,0,0,1,6,0,7.5,DDoS
1,1,2145.4751333472,19.865510494,100677,0,0,0,85.6666666667,1,128.5,BENIGN
4,2,12007.896497153,97.8904605746,61293,0,0,0,109.4285714286,0,127.6666666667,BENIGN
10,5,15314.4471055218,143.1256738834,104803,0,0,0,100.3125,0,107,BENIGN
3,5,12383.73276,8.52067275,938893,0,0,0,1291.888889,1,1453.375,DDoS
5,0,2.980714183,0.496785697,10064702,0,0,1,6,0,7.2,DDoS
3,0,390909.090909091,27272.7272727273,110,0,0,1,12.25,0,16.3333333333,BENIGN
5,0,3.724479402,0.620746567,8054817,0,0,1,6,0,7.2,DDoS
5,0,2.704235103,0.45070585,11093710,0,0,1,6,0,7.2,DDoS
32,33,59197.4328190018,65.633560762,990347,0,0,0,888.2727272727,1,901.9384615385,BENIGN
2,1,0,75.8591043568,39547,0,0,1,0,0,0,BENIGN
2,2,6209.5561801425,65.3637492647,61196,0,0,0,82.2,1,102.75,BENIGN
4,0,24.4866976,4.081116267,980124,0,0,1,6,0,7.5,DDoS
3,5,12391.57241,8.526066851,938299,0,0,0,1291.888889,1,1453.375,DDoS
5,0,2.983069292,0.497178215,10056756,0,0,1,6,0,7.2,DDoS
4,0,5.323342012,0.887223669,4508446,0,0,1,6,0,7.5,DDoS
5,0,7.592981756,1.265496959,3951017,0,0,1,6,0,7.2,DDoS
5,0,2.807726602,0.467954434,10684801,0,0,1,6,0,7.2,DDoS
2,2,1554216.86746988,24096.3855421687,166,0,0,0,59.4,1,74.25,BENIGN
5,0,9.413421468,1.568903578,3186939,0,0,1,6,0,7.2,DDoS
3,4,41695.05627,25.10238186,278858,0,0,0,1453.375,1,1661,DDoS
5,0,3.129315522,0.521552587,9586761,0,0,1,6,0,7.2,DDoS
14,20,564.5618038398,1.1163187747,30457250,0,0,0,491.2857142857,1,505.7352941176,BENIGN
1,1,10530.2511059879,62.3091781419,32098,0,0,0,131.6666666667,1,197.5,BENIGN
5,0,3.671624584,0.611937431,8170770,0,0,1,6,0,7.2,DDoS
2,2,1425742.57425743,19801.9801980198,202,0,0,0,66,1,82.5,BENIGN
8,5,143.0151671,0.159409858,81550791,0,0,1,833.5,0,897.6153846,DDoS
4,0,2.016185433,0.336030905,11903667,0,0,1,6,0,7.5,DDoS
26,0,960.7999608489,25.9675665094,1001249,0,0,0,37,0,38.4230769231,BENIGN
3,6,18329.80726,14.18837751,634322,0,0,0,1162.7,2,1291.888889,DDoS
3,5,7446.230382,5.120763608,1562267,0,0,0,1292.555556,1,1454.125,DDoS
15,10,28822.4871245079,86.181339327,290086,0,0,0,321.5769230769,0,334.44,BENIGN
2,2,1773584.90566038,25157.2327044025,159,0,0,0,66.8,1,83.5,BENIGN
1,1,5472.8475095286,65.152946542,30697,0,0,0,74.6666666667,1,112,BENIGN
3,4,19642.59167,11.82576259,591928,0,0,0,1453.375,1,1661,DDoS
1,1,0,32786.8852459016,61,0,0,1,0,1,0,BENIGN
2,0,12333333.3333333,666666.666666667,3,0,1,1,24.6666666667,0,37,BENIGN
15,6,51390.1696434551,54.0922040255,388226,0,0,0,906.8636363636,0,950.0476190476,BENIGN
4,0,3.976823075,0.662803846,6034968,0,0,1,6,0,7.5,DDoS
3,4,84448.22126,50.84179486,137682,0,0,0,1453.375,1,1661,DDoS
2,0,12333333.3333333,666666.666666667,3,0,1,1,24.6666666667,0,37,BENIGN
3,1,236714.975845411,19323.6714975845,207,0,0,1,11,0,13.75,BENIGN
13,13,95.6033568303,0.4293069564,60562727,0,0,0,214.4444444444,1,222.6923076923,BENIGN
8,6,129.1170707,0.154989196,90328877,0,0,1,777.9333333,0,833.5,DDoS
2,2,7964.6316357869,134.9937565388,29631,0,0,0,56.2,1,70.25,BENIGN
4,0,2.930371086,0.488395181,8190089,0,0,1,6,0,7.5,DDoS
8,6,143.7176009,0.172604136,81110455,0,0,1,777.5333333,0,833.0714286,DDoS
2,2,1450000,20000,200,0,0,0,67.4,1,84.25,BENIGN
10,5,9386.3768268876,79.1431435657,189530,0,0,0,111.1875,0,118.6,BENIGN
2,2,12375.2261981204,116.7474169634,34262,0,0,0,91.6,1,114.5,BENIGN
3,5,10131.79256,6.967621463,1148168,0,0,0,1292.555556,1,1454.125,DDoS
1,1,631578.947368421,105263.157894737,19,0,0,1,6,1,9,BENIGN
3,5,15069.86312,10.3635266,771938,0,0,0,1292.555556,1,1454.125,DDoS
5,0,3.733753505,0.622292251,8034810,0,0,1,6,0,7.2,DDoS
2,2,6925.7611677899,106.5501718122,37541,0,0,0,62.2,1,77.75,BENIGN
3,5,27274.34716,18.75653548,426518,0,0,0,1292.555556,1,1454.125,DDoS
2,0,4000000,666666.666666667,3,0,0,1,6,0,9,BENIGN
1,1,3115.7783675959,32.9711996571,60659,0,0,0,79.3333333333,1,119,BENIGN
4,0,2.704590739,0.450765123,8873801,0,0,1,6,0,7.5,DDoS
14,13,23597.2007042969,109.7922486672,245919,0,0,0,207.25,0,214.9259259259,BENIGN
5,0,4.971952388,0.828658731,6033847,0,0,1,6,0,7.2,DDoS
2,2,1576158.94039735,8830.0220750552,453,0,0,0,178.4,1,223,BENIGN
3,4,46297.6236,27.87334353,251136,0,0,0,1453.375,1,1661,DDoS
20,16,14.1379209443,0.3112936722,115646424,0,0,0,44.1891891892,0,45.4166666667,BENIGN
3,5,44711.068392357,132.5754437134,60343,0,0,0,299.7777777778,1,337.25,BENIGN
2,2,5720.2288091524,130.005200208,30768,0,0,0,42.4,1,53,BENIGN
3,5,73773.97638,50.76045507,157603,0,0,0,1291.888889,1,1453.375,DDoS
2,2,1969465.64885496,15267.1755725191,262,0,0,0,116.2,1,145.25,BENIGN
8,6,157.897344,0.189536381,73864447,0,0,1,777.9333333,0,833.5,DDoS
3,6,63746.96397,49.34399895,182393,0,0,0,1162.7,2,1291.888889,DDoS
4,0,8.51970181,1.419950302,2817000,0,0,1,6,0,7.5,DDoS
1,1,2166.2604928243,41.6588556312,48009,0,0,0,46.6666666667,1,70,BENIGN
10,5,15881.6280737893,137.94118188,108742,0,0,0,107.9375,0,115.1333333333,BENIGN
3,5,15280.10014,10.50810635,761317,0,0,0,1292.555556,1,1454.125,DDoS
5,0,25.70702899,4.284504831,1166996,0,0,1,6,0,7.2,DDoS
5,1,43.7753930534,1.4511180018,4134743,0,1,1,32.4285714286,0,37.8333333333,BENIGN
7,4,1285.232479,1.213420073,9065286,0,0,1,971.4166667,0,1059.727273,DDoS
4,0,7.048516111,1.174752685,3404972,0,0,1,6,0,7.5,DDoS
2,2,1786163.52201258,25157.2327044025,159,0,0,0,64.6,1,80.75,BENIGN
10,6,10065.8149438637,86.0326063578,185976,0,0,0,110.1176470588,0,117,BENIGN
3,6,644976.979,499.2511233,18027,0,0,0,1162.7,2,1291.888889,DDoS
1,1,4296.455424275,89.5094880057,22344,0,0,0,48,1,72,BENIGN
3,4,45384.10795,27.32336421,256191,0,0,0,1453.375,1,1661,DDoS
2,0,115384.615384615,19230.7692307692,104,0,0,1,6,0,9,BENIGN
3,5,9381.345694,6.451540063,1240014,0,0,0,1292.555556,1,1454.125,DDoS
5,0,2.497776978,0.416296163,12010680,0,0,1,6,0,7.2,DDoS
4,0,2.080142157,0.346690359,11537673,0,0,1,6,0,7.5,DDoS
2,2,1303370.78651685,22471.9101123596,178,0,0,0,53,1,66.25,BENIGN
3,6,15442.41121,11.94719341,753315,0,0,0,1163.3,2,1292.555556,DDoS
4,0,2.382915449,0.397152575,10071696,0,0,1,6,0,7.5,DDoS
2,2,1664122.13740458,15267.1755725191,262,0,0,0,97.6,1,122,BENIGN
3,4,7541.447818,4.537963958,1542542,0,0,0,1454.125,1,1661.857143,DDoS
1,1,2010.503856885,41.0306909568,48744,0,0,0,46.3333333333,1,69.5,BENIGN
4,0,6.841594844,1.140265807,3507954,0,0,1,6,0,7.5,DDoS
4,0,3.06834234,0.51139039,7821813,0,0,1,6,0,7.5,DDoS
3,4,7002.850046,4.216044579,1660324,0,0,0,1453.375,1,1661,DDoS
3,7,13758.05549,11.82674761,845541,0,0,0,1057.545455,2,1163.3,DDoS
3,5,7655.827985,5.264903626,1519496,0,0,0,1292.555556,1,1454.125,DDoS
2,0,461538.461538462,76923.0769230769,26,0,0,1,6,0,9,BENIGN
4,0,2.071884016,0.345314003,11583660,0,0,1,6,0,7.5,DDoS
3,4,84743.04498,51.01929258,137203,0,0,0,1453.375,1,1661,DDoS
3,4,13501.00732,8.12824041,861195,0,0,0,1453.375,1,1661,DDoS
24,21,110.8148705992,0.3876754394,116076479,0,0,0,279.6304347826,0,285.8444444444,BENIGN
2,2,1469387.75510204,20408.1632653061,196,0,0,0,66,1,82.5,BENIGN
2,2,1385892.11618257,16597.510373444,241,0,0,0,73.8,1,92.25,BENIGN
5,0,4.127970952,0.687995159,7267493,0,0,1,6,0,7.2,DDoS
4,0,12.69175121,2.115291868,1890992,0,0,1,6,0,7.5,DDoS
3,6,6499.227613,5.028199821,1789905,0,0,0,1163.3,2,1292.555556,DDoS
1,1,0,62500,32,0,0,1,0,1,0,BENIGN
3,6,30210.27934,23.38458021,384869,0,0,0,1162.7,2,1291.888889,DDoS
1,1,774.1748183512,16.128642049,124003,0,0,0,48,1,72,BENIGN
3,6,8298.379273,6.420133539,1401840,0,0,0,1163.3,2,1292.555556,DDoS
5,2,69.1040625692,2.281737915,3067837,0,0,0,26.5,0,30.2857142857,BENIGN
2,0,0,5.0820109517,393545,0,0,1,0,0,0,BENIGN
3,7,13013.54071,11.19251803,893454,0,0,0,1057,2,1162.7,DDoS
2,4,43242.82107,22.31503624,268877,0,0,0,1661,2,1937.833333,DDoS
2,0,4000000,666666.666666667,3,0,0,1,6,0,9,BENIGN
13,0,46428571.4285714,928571.428571429,14,0,0,0,50,0,53.8461538462,BENIGN
2,2,5901.774659513,82.5423029303,48460,0,0,0,66,1,82.5,BENIGN
6,0,3.415003457,0.569167243,10541717,0,0,1,6,0,7,DDoS
3,6,25001.82683,19.34294176,465286,0,0,0,1163.3,2,1292.555556,DDoS
3,4,123626.432,74.39052902,94098,0,0,0,1454.125,1,1661.857143,DDoS
4,0,2.803510369,0.467251728,8560696,0,0,1,6,0,7.5,DDoS
2,0,1035500000,1000000,2,0,1,1,1378.6666666667,0,2068,BENIGN
16,16,53.7647865704,0.2743976348,116619081,0,0,0,190,1,195.9375,BENIGN
5,0,12.13623163,2.022705271,2471937,0,0,1,6,0,7.2,DDoS
1,1,1809.8302358071,21.1676050972,94484,0,0,0,71,1,106.5,BENIGN
3,6,7774.058449,6.014486894,1496387,0,0,0,1163.3,2,1292.555556,DDoS
4,0,6.892368769,1.148728128,3482112,0,0,1,6,0,7.5,DDoS
5,0,6.121350884,1.020225147,4900879,0,0,1,6,0,7.2,DDoS
3,5,57430.18084,39.49466575,202559,0,0,0,1292.555556,1,1454.125,DDoS
8,5,117.1999174,0.13063525,99513722,0,0,1,833.5,0,897.6153846,DDoS
9,4,124.5009014,0.138701836,93726229,0,0,1,833.9285714,0,898.0769231,DDoS
1,1,0,26666.6666666667,75,0,0,1,0,1,0,BENIGN
14,18,44398.0539698595,51.704553717,618901,0,0,0,832.6666666667,1,858.6875,BENIGN
8,6,160.4255702,0.192670325,72662980,0,0,1,777.5333333,0,833.0714286,DDoS
2,0,0,0.1248264522,16022245,0,0,1,0,0,0,BENIGN
3,0,102990.033222591,9966.7774086379,301,0,0,1,7.75,0,10.3333333333,BENIGN
4,4,9719.0944648572,237.0510845087,33748,0,0,0,40.1111111111,1,45.125,BENIGN
2,2,898785.425101215,16194.3319838057,247,0,0,0,50.8,1,63.5,BENIGN
1,1,2850.0414250207,33.14001657,60350,0,0,0,76.6666666667,1,115,BENIGN
5,0,7.981062535,1.330177089,3758898,0,0,1,6,0,7.2,DDoS
3,4,18223.99511,10.97170085,638005,0,0,0,1453.375,1,1661,DDoS
2,2,5777.1267047682,82.5303814967,48467,0,0,0,64.6,1,80.75,BENIGN
2,0,12333333.3333333,666666.666666667,3,0,1,1,22.6666666667,0,34,BENIGN
2,2,1250000,19230.7692307692,208,0,0,0,60.2,1,75.25,BENIGN
5,0,6.949453842,1.158242307,4316886,0,0,1,6,0,7.2,DDoS
3,6,6357.073768,4.918220916,1829930,0,0,0,1163.3,2,1292.555556,DDoS
5,1,43.6394637698,1.4466120587,4147622,0,1,1,32.4285714286,0,37.8333333333,BENIGN
8,4,1289.520235,1.326780659,9044449,0,0,1,897.6153846,0,972.4166667,DDoS
1,1,3799.3764066985,41.297569638,48429,0,0,0,81.6666666667,1,122.5,BENIGN
18,16,93.3699421693,0.5138520611,66166904,0,0,0,176.5142857143,0,181.7058823529,BENIGN
1,1,0,34482.7586206897,58,0,0,1,0,1,0,BENIGN
3,0,17.21604995,4.304012487,697024,0,0,1,4.5,0,6,DDoS
5,1,44.704173221,1.4819062946,4048839,0,1,1,32.4285714286,0,37.8333333333,BENIGN
2,2,2357541.89944134,22346.3687150838,179,0,0,0,92.6,1,115.75,BENIGN
4,4,3601.0926603072,49.3300364426,162173,0,0,0,69.8888888889,1,78.625,BENIGN
2,1,55727.5541795666,9287.9256965944,323,1,0,0,6,0,8,BENIGN
2,3,202.0428779886,56.1230216635,89090,0,0,1,3,1,3.6,BENIGN
56,51,389.9935247658,0.9097893289,117609645,0,0,0,424.6944444444,0,428.6635514019,BENIGN
6,8,3416.9100321419,41.1321929922,340366,0,0,0,77.5333333333,1,83.0714285714,BENIGN
9,6,374.4211273708,1.6265035941,9222236,0,0,0,215.8125,0,230.2,BENIGN
2,2,6859.382655561,65.3274538625,61230,0,0,0,92.2,1,115.25,BENIGN
2,2,1821138.21138211,16260.162601626,246,0,0,0,96.4,1,120.5,BENIGN
5,0,3.823694543,0.637282424,7845815,0,0,1,6,0,7.2,DDoS
5,0,5.029729895,0.838288316,5964535,0,0,1,6,0,7.2,DDoS
1,1,0,33333.3333333333,60,0,0,1,0,1,0,BENIGN
8,6,145.0579405,0.174213877,80360992,0,0,1,777.5333333,0,833.0714286,DDoS
3,4,26815.5965751596,143.7283124243,48703,0,0,0,163.25,1,186.5714285714,BENIGN
2,2,1179856.11510791,28776.9784172662,139,0,0,0,39.4,1,49.25,BENIGN
4,0,15.51402824,2.585671373,1546987,0,0,1,6,0,7.5,DDoS
1,1,58823.5294117647,9803.9215686275,204,0,0,1,6,1,9,BENIGN
2,0,0,666666.666666667,3,0,0,1,0,0,0,BENIGN
2,2,3280.207329135,50.0795012082,79873,0,0,0,61.4,1,76.75,BENIGN
2,0,28.9831173342,0.9994178391,2001165,0,1,1,29,0,43.5,BENIGN
1,1,315789.47368421,52631.5789473684,38,0,0,1,6,1,9,BENIGN
2,0,705882.352941177,117647.058823529,17,0,0,1,6,0,9,BENIGN
3,1,2.1648528207,0.7216176069,5543102,0,0,0,2.4,0,3,BENIGN
4,0,2.478476241,0.413079374,9683369,0,0,1,6,0,7.5,DDoS
3,3,8.0474049131,0.0749758222,80025798,0,0,0,100,1,116.6666666667,BENIGN
2,0,0,60.6777706987,32961,0,0,1,0,0,0,BENIGN
2,6,238555.6514,164.2238371,48714,0,0,0,1291.222222,3,1452.625,DDoS
4,0,5.921672557,0.986945426,4052909,0,0,1,6,0,7.5,DDoS
2,2,1073825.5033557,26845.6375838926,149,0,0,0,38.4,1,48,BENIGN
7,5,148.7587030561,0.4244185537,28273976,0,0,0,323.5384615385,0,350.5,BENIGN
3,4,9679.776066,5.824673985,1201784,0,0,0,1454.125,1,1661.857143,DDoS
2,2,9744.5302802942,74.1028918654,53979,0,0,0,112.2,1,140.25,BENIGN
13,14,14037.7820821991,16.6397452024,1622621,0,0,0,813.5,1,843.6296296296,BENIGN
1,1,255319.14893617,42553.1914893617,47,0,0,1,6,1,9,BENIGN
17,21,376531.968302407,467.5887188069,81268,0,0,0,784.6153846154,1,805.2631578947,BENIGN
11,11,33.8657899643,0.329666982,66734011,0,0,0,98.2608695652,1,102.7272727273,BENIGN
3,5,6951.690146,4.780668887,1673406,0,0,0,1292.555556,1,1454.125,DDoS
2,2,7348.3581012368,65.6103401896,60966,0,0,0,96.4,1,120.5,BENIGN
1,1,0,80000,25,0,0,1,0,1,0,BENIGN
6,8,6094.5795124577,16.8192614182,832379,0,0,0,338.2,1,362.3571428571,BENIGN
3,3,1217.9789407512,78.5792865001,76356,0,0,0,13.2857142857,1,15.5,BENIGN
13,8,6459.2482613841,19.5847839285,1072261,0,0,0,314.8181818182,0,329.8095238095,BENIGN
3,6,9613.167718,7.437334261,1210111,0,0,0,1163.3,2,1292.555556,DDoS
2,0,150000,25000,80,0,0,1,6,0,9,BENIGN
3,6,16037.90502,12.4143068,724970,0,0,0,1162.7,2,1291.888889,DDoS
3,3,0.1998760014,0.0666253338,90055834,0,0,1,3.4285714286,1,4,BENIGN
4,0,2.191076476,0.365179413,10953520,0,0,1,6,0,7.5,DDoS
3,6,11895.55403,9.207877032,977424,0,0,0,1162.7,2,1291.888889,DDoS
3,6,15120.63493,11.6982476,769346,0,0,0,1163.3,2,1292.555556,DDoS
3,1,2.0249962158,0.6749987386,5925937,0,0,0,2.4,0,3,BENIGN
2,2,1770491.80327869,21857.9234972678,183,0,0,0,71.8,1,89.75,BENIGN
2,2,6649.0661973208,55.8745058598,71589,0,0,0,101.2,1,126.5,BENIGN
8,4,117.7657951,0.121230981,98984599,0,0,1,897.1538462,0,971.9166667,DDoS
2,2,9691.2521440823,85.7632933105,46640,0,0,0,98,1,122.5,BENIGN
3,5,16415.76636,11.28910263,708648,0,0,0,1292.555556,1,1454.125,DDoS
2,0,12000000,2000000,1,1,0,0,6,0,9,BENIGN
3,5,23591.54787,16.23225105,492846,0,0,0,1291.888889,1,1453.375,DDoS
2,2,4787.8487700182,82.5491167245,48456,0,0,0,55.4,1,69.25,BENIGN
4,0,9.499438939,1.583239823,2526465,0,0,1,6,0,7.5,DDoS
2,0,0,666666.666666667,3,0,0,1,0,0,0,BENIGN
4,0,6.324230657,1.054038443,3794928,0,0,1,6,0,7.5,DDoS
3,4,15867.5137,9.552988379,732755,0,0,0,1453.375,1,1661,DDoS
1,1,3322.834100585,69.2257104289,28891,0,0,0,48,1,72,BENIGN
3,6,130861.0017,101.2943163,88850,0,0,0,1162.7,2,1291.888889,DDoS
3,2,173.5960420102,48.2211227806,103689,1,0,0,4,0,4.8,BENIGN
3,5,6658.813005,4.581620714,1746107,0,0,0,1291.888889,1,1453.375,DDoS
4,0,11.90274269,1.983790448,2016342,0,0,1,6,0,7.5,DDoS
7,6,1408.949665,1.571274397,8273539,0,0,1,833.0714286,0,897.1538462,DDoS
8,4,713.4687214753,2.0999815202,5714336,0,0,0,313.6153846154,0,339.75,BENIGN
3,5,22844.92239,15.71042544,509216,0,0,0,1292.555556,1,1454.125,DDoS
13,8,68.9895312073,0.2789871279,75272290,0,0,0,236.0454545455,0,247.2857142857,BENIGN
3,3,14679.18402,7.575049806,792074,0,0,1,1661,1,1937.833333,DDoS
2,2,2.2746485129,0.0392180778,101993780,0,0,0,58.4,1,73,BENIGN
2,0,4000000,666666.666666667,3,0,0,1,6,0,9,BENIGN
3,6,18451.48451,14.28256305,630139,0,0,0,1162.7,2,1291.888889,DDoS
2,2,1284090.90909091,22727.2727272727,176,0,0,0,52,1,65,BENIGN
3,1,0,64.2725154656,62235,0,0,0,0,0,0,BENIGN
3,5,53317.74201,36.68546797,218070,0,0,0,1291.888889,1,1453.375,DDoS
5,5,288.8694475165,1.9193983224,5209966,0,0,0,136.8181818182,1,150.5,BENIGN
5,0,5.035407306,0.839234551,5957810,0,0,1,6,0,7.2,DDoS
22,21,2970.8427213267,3.8928034196,11046024,0,0,0,745.8181818182,0,763.1627906977,BENIGN
4,0,3.048921857,0.508153643,7871635,0,0,1,6,0,7.5,DDoS
3,4,285717.7944,171.9268083,40715,0,0,0,1454.125,1,1661.857143,DDoS
5,0,4.097311699,0.682885283,7321874,0,0,1,6,0,7.2,DDoS
2,0,10333333.3333333,666666.666666667,3,0,1,1,20.6666666667,0,31,BENIGN
3,6,339401.8964,262.5820569,34275,0,0,0,1163.3,2,1292.555556,DDoS
1,1,376699.029126214,3883.4951456311,515,0,0,0,86,1,129,BENIGN
4,0,2.431047885,0.405174647,9872286,0,0,1,6,0,7.5,DDoS
9,4,152.3752238,0.169842914,76541315,0,0,1,833.5,0,897.6153846,DDoS
2,2,1773584.90566038,18867.9245283019,212,0,0,0,84.4,1,105.5,BENIGN
3,5,11045.1734,7.599672074,1052677,0,0,0,1291.888889,1,1453.375,DDoS
3,0,45744.6808510638,3191.4893617021,940,0,0,1,12.25,0,16.3333333333,BENIGN
15,6,1392664.66018058,1469.8677119059,14287,0,0,0,904.4090909091,0,947.4761904762,BENIGN
3,1,11.3820780003,1.4686552258,2723580,0,0,1,6.2,0,7.75,BENIGN
4,0,2.556797117,0.426132853,9386744,0,0,1,6,0,7.5,DDoS
24,20,49.66383513,0.3700607529,118899396,0,0,0,131.2222222222,0,134.2045454545,BENIGN
4,2,9538.5871784402,97.9991833401,61225,0,0,0,88.4285714286,0,103.1666666667,BENIGN
3,6,12928.88723,10.00773932,899304,0,0,0,1162.7,2,1291.888889,DDoS
2,2,932735.426008969,17937.2197309417,223,0,0,0,50.4,1,63,BENIGN
2,2,923076.923076923,21978.021978022,182,0,0,0,40.4,1,50.5,BENIGN
4,0,6.227420735,1.037903456,3853923,0,0,1,6,0,7.5,DDoS
3,0,135338.345864662,22556.3909774436,133,0,0,1,6,0,8,BENIGN
2,0,3000000,500000,4,1,0,0,6,0,9,BENIGN
2,2,2241.9658266694,22.1976814522,180199,0,0,0,86.8,1,108.5,BENIGN
2,1,0,52631.5789473684,57,0,0,1,0,0,0,BENIGN
2,2,3180.9957392167,58.3668942976,68532,0,0,0,50.2,1,62.75,BENIGN
1,1,9950.6613043659,82.9221775364,24119,0,0,0,107,1,160.5,BENIGN
3,5,21290.97235,14.64933162,546100,0,0,0,1291.888889,1,1453.375,DDoS
3,4,116254.4346,69.95452956,100065,0,0,0,1454.125,1,1661.857143,DDoS
3,4,44642.37745,26.86294525,260582,0,0,0,1454.125,1,1661.857143,DDoS
5,0,54.1360873,9.022681216,554159,0,0,1,6,0,7.2,DDoS
5,0,3.858597824,0.643099637,7774845,0,0,1,6,0,7.2,DDoS
3,4,71011.51868,42.75226892,163734,0,0,0,1453.375,1,1661,DDoS
1,1,2840.793798953,40.5827685565,49282,0,0,0,67.3333333333,1,101,BENIGN
3,5,9900.888978,6.808829349,1174945,0,0,0,1292.555556,1,1454.125,DDoS
3,6,48727.0289,37.71766234,238615,0,0,0,1162.7,2,1291.888889,DDoS
9,6,5566137.56613757,13227.5132275132,1134,0,0,0,394.5,0,420.8,BENIGN
4,0,7.086077835,1.181012973,3386923,0,0,1,6,0,7.5,DDoS
2,2,6325.4265501457,166.4585934249,24030,0,0,0,36.4,1,45.5,BENIGN
8,5,142.8390223,0.15921352,81651357,0,0,1,833.5,0,897.6153846,DDoS
1,1,5650.0802568218,42.8036383093,46725,0,0,0,101.6666666667,1,152.5,BENIGN
5,0,2.620615121,0.436769187,11447694,0,0,1,6,0,7.2,DDoS
1,1,153846.153846154,25641.0256410256,78,0,0,1,6,1,9,BENIGN
2,2,2.8849243188,0.0387238164,103295604,0,0,0,70.6,1,88.25,BENIGN
2,2,1732620.32085562,21390.3743315508,187,0,0,0,70.8,1,88.5,BENIGN
1,1,214285.714285714,35714.2857142857,56,0,0,1,6,1,9,BENIGN
9,5,119.2330848,0.143124684,97816810,0,0,1,777.9333333,0,833.5,DDoS
3,4,457539.745,275.4604124,25412,0,0,0,1453.375,1,1661,DDoS
5,1,29.6005623056,1.0509075375,5709351,0,1,1,30.7142857143,0,35.8333333333,BENIGN
2,1,2.5272410257,0.6318102564,4748261,0,0,1,4.5,0,6,BENIGN
3,5,14462.5736,9.945894335,804352,0,0,0,1292.555556,1,1454.125,DDoS
3,6,93650.62753,72.45385092,124217,0,0,0,1163.3,2,1292.555556,DDoS
2,2,449.7264910404,3.5834780163,1116234,0,0,0,110,1,137.5,BENIGN
2,2,9098.4284532672,127.2507475981,31434,0,0,0,66.2,1,82.75,BENIGN
2,2,1358139.53488372,18604.6511627907,215,0,0,0,66.4,1,83,BENIGN
2,2,11842.3169750603,128.7208366854,31075,0,0,0,82,1,102.5,BENIGN
8,6,142.3548144,0.170967436,81886939,0,0,1,777.5333333,0,833.0714286,DDoS
2,0,771.7041800643,128.6173633441,15550,0,0,1,6,0,9,BENIGN
8,5,115.711721,0.129042839,100741739,0,0,1,833.0714286,0,897.1538462,DDoS
6,5,4.9479158202,0.1761393981,62450537,0,1,1,29.5833333333,0,32.2727272727,BENIGN
5,0,4.398283321,0.73304722,6820843,0,0,1,6,0,7.2,DDoS
1,1,3528.2587389742,65.3381247958,30610,0,0,0,51.3333333333,1,77,BENIGN
3,4,19949.47893,12.00432842,583123,0,0,0,1454.125,1,1661.857143,DDoS
3,4,10091.17887,6.072230044,1152789,0,0,0,1454.125,1,1661.857143,DDoS
4,0,7.110462216,1.185077036,3375308,0,0,1,6,0,7.5,DDoS
2,2,1386363.63636364,22727.2727272727,176,0,0,0,55.4,1,69.25,BENIGN
3,5,163847.3781,112.6776433,70999,0,0,0,1292.555556,1,1454.125,DDoS
1,1,255319.14893617,42553.1914893617,47,0,0,1,6,1,9,BENIGN
5,0,22.72742769,3.787904615,1319991,0,0,1,6,0,7.2,DDoS
1,1,5659.3840484338,65.8067912609,30392,0,0,0,72.3333333333,1,108.5,BENIGN
13,8,10728.4243238677,33.161158493,633271,0,0,0,308.8181818182,0,323.5238095238,BENIGN
2,2,1282608.69565217,21739.1304347826,184,0,0,0,54.2,1,67.75,BENIGN
8,6,920.8884498705,2.3712411805,5904081,0,0,0,362.4666666667,0,388.3571428571,BENIGN
1,1,5724.2120936389,33.0879311771,60445,0,0,0,134.6666666667,1,202,BENIGN
2,2,958.9173382759,6.7768009772,590249,0,0,0,123,1,153.75,BENIGN
3,4,356208.4495,214.454214,32641,0,0,0,1453.375,1,1661,DDoS
2,0,9250000,500000,4,0,1,1,22.6666666667,0,34,BENIGN
3,3,16489.57896,8.509286468,705112,0,0,0,1661,1,1937.833333,DDoS
2,2,1058201.05820106,21164.0211640212,189,0,0,0,48.4,1,60.5,BENIGN
1,1,5978.6846893683,64.9857031453,30776,0,0,0,76.6666666667,1,115,BENIGN
9,6,148.575442,0.191085624,78498841,0,0,1,729.3125,0,777.9333333,DDoS
8,6,143.5911389,0.172363538,81223675,0,0,1,777.9333333,0,833.5,DDoS
3,5,22564.12446,15.5253286,515287,0,0,0,1291.888889,1,1453.375,DDoS
3,6,19923.00025,15.41365101,583898,0,0,0,1163.3,2,1292.555556,DDoS
3,4,2614.309983156,16.8200090828,416171,0,0,0,136,1,155.4285714286,BENIGN
3,1,145.2771594983,1.332817977,3001160,0,0,1,129.6,0,162,BENIGN
2,2,1768707.4829932,27210.8843537415,147,0,0,0,62.2,1,77.75,BENIGN
2,0,2.3112896065,0.0624672867,32016758,0,1,1,37,0,55.5,BENIGN
8,5,139.7434725,0.155763109,83460070,0,0,1,833.5,0,897.6153846,DDoS
4,0,7.299358873,1.216559812,3287960,0,0,1,6,0,7.5,DDoS
19,23,3499.2865818426,24.7632748841,1696060,0,0,0,138.023255814,1,141.3095238095,BENIGN
2,0,4000000,666666.666666667,3,0,0,1,6,0,9,BENIGN
8,5,119.5215831,0.133291634,97530502,0,0,1,833.0714286,0,897.1538462,DDoS
3,5,11821.62586,8.129717777,984044,0,0,0,1292.555556,1,1454.125,DDoS
10,5,11702.603560884,89.4694461841,167655,0,0,0,122.625,0,130.8,BENIGN
3,5,774926.6862,533.191149,15004,0,0,0,1291.888889,1,1453.375,DDoS
4,0,3.972300487,0.662050081,6041839,0,0,1,6,0,7.5,DDoS
3,6,73096.86135,56.55220082,159145,0,0,0,1163.3,2,1292.555556,DDoS
8,6,148.5373253,0.178392601,78478591,0,0,1,777.5333333,0,833.0714286,DDoS
8,8,869.3175149786,3.1454274626,5086749,0,0,0,260.1176470588,1,276.375,BENIGN
3,6,6135.286414,4.74663266,1896081,0,0,0,1163.3,2,1292.555556,DDoS
3,5,24036.11719,16.52960866,483980,0,0,0,1292.555556,1,1454.125,DDoS
8,5,121.9606768,0.135941764,95629184,0,0,1,833.5,0,897.6153846,DDoS
2,0,108108.108108108,18018.018018018,111,0,0,1,6,0,9,BENIGN
3,6,365870.5434,283.2058907,31779,0,0,0,1162.7,2,1291.888889,DDoS
3,7,519851.5604,447.1072163,22366,0,0,0,1057,2,1162.7,DDoS
5,0,4.096242026,0.682707004,7323786,0,0,1,6,0,7.2,DDoS
9,6,116.2178126,0.149469878,100354668,0,0,1,729.3125,0,777.9333333,DDoS
3,5,9885.517763,6.801766759,1176165,0,0,0,1291.888889,1,1453.375,DDoS
2,2,1439024.3902439,24390.243902439,164,0,0,0,54.2,1,67.75,BENIGN
3,7,6569.966786,5.647697744,1770633,0,0,0,1057.545455,2,1163.3,DDoS
7,3,132.1510198872,1.7411201566,5743429,0,0,0,69,0,75.9,BENIGN
8,6,145.349665,0.174474433,80240983,0,0,1,777.9333333,0,833.5,DDoS
3,5,99463.05511,68.40062245,116958,0,0,0,1292.555556,1,1454.125,DDoS
5,0,3.006196372,0.501032729,9979388,0,0,1,6,0,7.2,DDoS
3,4,12060.82146,7.257435761,964528,0,0,0,1454.125,1,1661.857143,DDoS
5,0,3.358408329,0.559734722,8932803,0,0,1,6,0,7.2,DDoS
1,1,5213.7305699482,64.7668393782,30880,0,0,0,69.6666666667,1,104.5,BENIGN
54,31,210.8114414673,0.7337826587,115838115,0,0,0,283.9534883721,0,287.2941176471,BENIGN
3,4,184264.7152,110.8787936,63132,0,0,0,1454.125,1,1661.857143,DDoS
3,2,0,0.2960943731,16886508,0,0,1,0,0,0,BENIGN
10,7,29247.5744441015,114.0648693622,149038,0,0,0,242.1666666667,0,256.4117647059,BENIGN
1,1,0,39215.6862745098,51,0,0,1,0,1,0,BENIGN
2,0,0,500000,4,0,0,1,0,0,0,BENIGN
2,5,316226.2919,190.4813736,36749,0,0,0,1452.625,2,1660.142857,DDoS
3,4,24027.29444,14.46555957,483908,0,0,0,1453.375,1,1661,DDoS
4,0,11.63370128,1.938950214,2062972,0,0,1,6,0,7.5,DDoS
4,0,2.405349497,0.400891583,9977760,0,0,1,6,0,7.5,DDoS
1,1,0,34482.7586206897,58,0,0,1,0,1,0,BENIGN
4,0,2.629916217,0.43831937,9125766,0,0,1,6,0,7.5,DDoS
7,6,1162.562939,1.297169188,10021823,0,0,1,832.6428571,0,896.6923077,DDoS
6,0,4.460561942,0.74342699,8070732,0,0,1,6,0,7,DDoS
14,14,80.661977049,0.4273482228,65520338,0,0,0,182.2413793103,1,188.75,BENIGN
4,4,5.5651912591,0.1159414846,69000324,0,0,0,48,1,54,BENIGN
3,5,199708.0041,137.4098248,58220,0,0,0,1291.888889,1,1453.375,DDoS
2,0,250000,41666.6666666667,48,0,0,1,6,0,9,BENIGN
5,1,40.6559816914,1.5438980389,3886267,0,1,1,28.4285714286,0,33.1666666667,BENIGN
2,0,250000,41666.6666666667,48,1,0,0,6,0,9,BENIGN
3,6,69890.17859,54.09921797,166361,0,0,0,1162.7,2,1291.888889,DDoS
1,1,134831.460674157,22471.9101123596,89,0,0,1,6,1,9,BENIGN
3,1,0,201.0757552908,19893,0,0,1,0,0,0,BENIGN
8,6,120.511091,0.144658773,96779474,0,0,1,777.9333333,0,833.5,DDoS
1,1,0,39215.6862745098,51,0,0,1,0,1,0,BENIGN
8,7,480.3432853346,1.3922993778,10773545,0,0,0,323.4375,0,345,BENIGN
2,0,0,355.5555555556,5625,0,0,1,0,0,0,BENIGN
2,0,173.8047303854,28.9674550642,69043,0,0,1,6,0,9,BENIGN
5,0,8.285141427,1.380856905,3620940,0,0,1,6,0,7.2,DDoS
1,1,3902.8907852087,66.1506912747,30234,0,0,0,56.3333333333,1,84.5,BENIGN
9,6,783.6066126287,2.633086736,5696736,0,0,0,279,0,297.6,BENIGN
5,0,15.02242849,2.503738081,1997014,0,0,1,6,0,7.2,DDoS
8,5,124.2128478,0.138452115,93895279,0,0,1,833.5,0,897.6153846,DDoS
3,4,10051.1073253833,54.2047390429,129140,0,0,0,162.25,1,185.4285714286,BENIGN
8,5,139.165682,0.155119083,83806581,0,0,1,833.5,0,897.6153846,DDoS
8,6,131.4714664,0.157896588,88665627,0,0,1,777.5333333,0,833.0714286,DDoS
9,6,114.4385946,0.147105915,101967348,0,0,1,729.6875,0,778.3333333,DDoS
1,1,1702.0151528922,16.5244189601,121033,0,0,0,85.3333333333,1,128,BENIGN
2,2,9404.910528506,166.4585934249,24030,0,0,0,52,1,65,BENIGN
10,5,15592.2980326496,196.2118041021,76448,0,0,0,74.5,0,79.4666666667,BENIGN
3,6,9996.492157,7.737888485,1163108,0,0,0,1162.7,2,1291.888889,DDoS
9,11,4539.3084798146,19.511319492,1025046,0,0,0,221.5714285714,1,232.65,BENIGN
2,0,10333333.3333333,666666.666666667,3,0,1,1,20.6666666667,0,31,BENIGN
1,1,4760.3521356374,65.2103032279,30670,0,0,0,70.3333333333,1,105.5,BENIGN
4,0,6.499240807,1.083206801,3692739,0,0,1,6,0,7.5,DDoS
1,1,7426.3932702419,65.7202944269,30432,0,0,0,91.6666666667,1,137.5,BENIGN
3,5,8264.750516,5.683658912,1407544,0,0,0,1292.555556,1,1454.125,DDoS
14,9,15782.5068730272,54.4632645281,422303,0,0,0,277.7083333333,0,289.7826086957,BENIGN
3,6,12045.0865,9.318815309,965788,0,0,0,1163.3,2,1292.555556,DDoS
3,5,10363.63134,7.127056713,1122483,0,0,0,1292.555556,1,1454.125,DDoS
2,2,2.6725720703,0.0414352259,96536218,0,0,0,61.8,1,77.25,BENIGN
9,11,5900.7487216947,25.3632010389,788544,0,0,0,221.5714285714,1,232.65,BENIGN
1,1,0,20618.5567010309,97,0,0,1,0,1,0,BENIGN
8,5,135.1881671,0.150763161,86227961,0,0,1,833.0714286,0,897.1538462,DDoS
2,2,4606.9680391592,115.174200979,34730,0,0,0,38.4,1,48,BENIGN
14,14,134.8786782226,0.4624223081,60550712,0,0,0,281.6206896552,1,291.6785714286,BENIGN
5,0,4.921378517,0.820229753,6095853,0,0,1,6,0,7.2,DDoS
8,5,148.8673686,0.165932933,78344906,0,0,1,833.5,0,897.6153846,DDoS
3,5,73776.46992,50.73598894,157679,0,0,0,1292.555556,1,1454.125,DDoS
2,2,975124.378109453,19900.4975124378,201,0,0,0,46.2,1,57.75,BENIGN
2,0,9250000,500000,4,0,1,1,24.6666666667,0,37,BENIGN
2,0,0,9569.3779904306,209,0,0,1,0,0,0,BENIGN
2,0,12333333.3333333,666666.666666667,3,0,1,1,24.6666666667,0,37,BENIGN
1,1,1857.5691086905,12.9447324647,154503,0,0,0,109.3333333333,1,164,BENIGN
5,1,35.2813168469,1.1695464148,5130194,0,1,1,32.4285714286,0,37.8333333333,BENIGN
2,2,1362126.24584718,13289.0365448505,301,0,0,0,89.6,1,112,BENIGN
7,5,289.28881058,2.7120825992,4424644,0,0,0,98.4615384615,0,106.6666666667,BENIGN
1,1,285714.285714286,47619.0476190476,42,0,0,1,6,1,9,BENIGN
1,1,461538.461538462,76923.0769230769,26,0,0,1,6,1,9,BENIGN
1,1,1267.1837800476,19.1997542431,104168,0,0,0,57.6666666667,1,86.5,BENIGN
2,0,645833.333333333,41666.6666666667,48,0,1,1,20.6666666667,0,31,BENIGN
4,0,3.232953277,0.538825546,7423553,0,0,1,6,0,7.5,DDoS
3,5,176726.2999,121.5971789,65791,0,0,0,1291.888889,1,1453.375,DDoS
2,2,7600.3993430163,128.8203278477,31051,0,0,0,52.6,1,65.75,BENIGN
2,2,968421.052631579,21052.6315789474,190,0,0,0,44.4,1,55.5,BENIGN
15,11,17798.4596180464,55.1956047315,471052,0,0,0,310.5185185185,0,322.4615384615,BENIGN
8,5,151.6469584,0.169031163,76908895,0,0,1,833.5,0,897.6153846,DDoS
3,5,35220.13721,24.22084567,330294,0,0,0,1292.555556,1,1454.125,DDoS
3,0,300613.496932515,18404.9079754601,163,0,0,1,13.75,0,18.3333333333,BENIGN
11,8,16355.6855848986,59.1356852737,321295,0,0,0,262.75,0,276.5789473684,BENIGN
3,4,375828.2962,226.2662831,30937,0,0,0,1453.375,1,1661,DDoS
2,2,1070175.43859649,17543.8596491228,228,0,0,0,55.8,1,69.75,BENIGN
3,5,6441.848926,4.430051699,1805848,0,0,0,1292.555556,1,1454.125,DDoS
2,0,54298.6425339366,9049.7737556561,221,0,0,1,6,0,9,BENIGN
2,2,15296.7373414658,129.0863910672,30987,0,0,0,100.8,1,126,BENIGN
9,5,154.7720436,0.185689314,75394753,0,0,1,778.3333333,0,833.9285714,DDoS
3,6,10733.65892,8.304214758,1083787,0,0,0,1163.3,2,1292.555556,DDoS
7,4,156.3291083023,2.1712376153,5066235,0,0,0,66,0,72,BENIGN
8,6,165.5768193,0.19885695,70402367,0,0,1,777.5333333,0,833.0714286,DDoS
3,5,340448.5828,234.2468962,34152,0,0,0,1291.888889,1,1453.375,DDoS
2,0,63492.0634920635,10582.0105820106,189,0,0,1,6,0,9,BENIGN
3,6,348176.3191,269.5094927,33394,0,0,0,1162.7,2,1291.888889,DDoS
3,5,27781.75809,19.10548136,418728,0,0,0,1292.555556,1,1454.125,DDoS
3,6,8316.324889,6.434017365,1398815,0,0,0,1163.3,2,1292.555556,DDoS
3,6,17325.18358,13.41073813,671104,0,0,0,1162.7,2,1291.888889,DDoS
8,5,154.5014371,0.172212868,75487971,0,0,1,833.5,0,897.6153846,DDoS
5,0,3.069450617,0.511575103,9773736,0,0,1,6,0,7.2,DDoS
192,307,11288.4227484079,10.4427484686,47784355,0,0,0,1078.82,1,1080.9819639279,BENIGN
4,0,4.161671216,0.693611869,5766914,0,0,1,6,0,7.5,DDoS
10,10,5156.4993802749,21.4809388889,931058,0,0,0,228.619047619,1,240.05,BENIGN
1,1,3387.5048239784,42.8798078985,46642,0,0,0,67.6666666667,1,101.5,BENIGN
2,0,3000000,500000,4,0,0,1,6,0,9,BENIGN
1,1,0,80000,25,0,0,1,0,1,0,BENIGN
10,11,49.7161992766,0.3432084763,61187300,0,0,0,138.2727272727,1,144.8571428571,BENIGN
4,2,2830.1723989163,51.7714463216,115894,0,0,0,52,0,60.6666666667,BENIGN
16,13,89.4120290241,0.475857743,60942583,0,0,0,181.6333333333,0,187.8965517241,BENIGN
4,0,37.97234031,6.328723386,632039,0,0,1,6,0,7.5,DDoS
2,2,1107611.54855643,10498.687664042,381,0,0,0,91.6,1,114.5,BENIGN
2,0,75471.6981132076,12578.6163522013,159,0,0,1,6,0,9,BENIGN
2,2,5619.1733004129,85.1389894002,46982,0,0,0,59.8,1,74.75,BENIGN
8,5,592.7747364498,2.1628042587,6010715,0,0,0,254.5,0,274.0769230769,BENIGN
4,0,2.38220422,0.397034037,10074703,0,0,1,6,0,7.5,DDoS
2,0,1.9880152501,0.331335875,6036171,0,0,1,6,0,9,BENIGN
3,4,413051.9734,248.6766848,28149,0,0,0,1453.375,1,1661,DDoS
1,1,407786.885245902,4098.3606557377,488,0,0,0,89.3333333333,1,134,BENIGN
1,1,125000,20833.3333333333,96,0,0,1,6,1,9,BENIGN
1,1,3000000,500000,4,0,0,1,6,1,9,BENIGN
1,1,9711.2190135446,85.1861316978,23478,0,0,0,92.6666666667,1,139,BENIGN
4,0,3.369857913,0.561642985,7121962,0,0,1,6,0,7.5,DDoS
2,0,17492.7113702624,2915.4518950437,686,0,0,1,6,0,9,BENIGN
4,0,3.520759498,0.58679325,6816711,0,0,1,6,0,7.5,DDoS
2,0,12333333.3333333,666666.666666667,3,0,1,1,22.6666666667,0,34,BENIGN
2,2,9072.5806451613,126.0080645161,31744,0,0,0,66.4,1,83,BENIGN
2,2,1034482.75862069,22988.5057471264,174,0,0,0,41.8,1,52.25,BENIGN
2,2,838095.238095238,19047.619047619,210,0,0,0,42.4,1,53,BENIGN
5,0,2.710339512,0.451723252,11068724,0,0,1,6,0,7.2,DDoS
1,1,0,31746.0317460317,63,0,0,1,0,1,0,BENIGN
2,2,879310.344827586,17241.3793103448,232,0,0,0,47.8,1,59.75,BENIGN
2,1,435294.117647059,35294.1176470588,85,0,1,1,17,0,22.6666666667,BENIGN
3,4,28114.1492,16.92603805,413564,0,0,0,1453.375,1,1661,DDoS
4,2,1634.9701016254,24.8980218522,240983,0,0,0,61.2857142857,0,71.5,BENIGN
10,6,34038.3370130833,124.8254394246,128179,0,0,0,256.6470588235,0,272.6875,BENIGN
3,5,10672.73164,7.339624615,1089974,0,0,0,1292.555556,1,1454.125,DDoS
2,0,3853.5645472062,642.2607578677,3114,0,0,1,6,0,9,BENIGN
2,2,6723.2540549626,168.0813513741,23798,0,0,0,38.4,1,48,BENIGN
3,6,7142.953682,5.529077418,1627758,0,0,0,1162.7,2,1291.888889,DDoS
14,12,186.2167389426,0.8197824606,31715731,0,0,0,218.7407407407,0,227.1538461538,BENIGN
3,5,16870.67605,11.60793054,689184,0,0,0,1291.888889,1,1453.375,DDoS
8,5,143.6058348,0.160068237,81215363,0,0,1,833.5,0,897.6153846,DDoS
4,4,7022.874148601,99.6152361504,80309,0,0,0,67.4444444444,1,75.875,BENIGN
39,44,6482.0440795456,56.920192404,1458182,0,0,0,112.5238095238,1,113.8795180723,BENIGN
3,5,73508.87503,50.55196426,158253,0,0,0,1292.555556,1,1454.125,DDoS
21,25,3457.1200484395,4.3370748146,10606227,0,0,0,780.1489361702,1,797.1086956522,BENIGN
3,5,17755.15499,12.21019857,655190,0,0,0,1292.555556,1,1454.125,DDoS
13,12,132986.809199235,245.1821703526,101965,0,0,0,521.5384615385,0,542.4,BENIGN
3,6,30027.94378,23.24344148,387206,0,0,0,1162.7,2,1291.888889,DDoS
3,5,85230.3116,58.61278198,136489,0,0,0,1292.555556,1,1454.125,DDoS
9,5,142.4437468,0.170898317,81920058,0,0,1,778.3333333,0,833.9285714,DDoS
8,5,115.4776565,0.128715556,100997893,0,0,1,833.5,0,897.6153846,DDoS
6,0,3.587492923,0.597915487,10034863,0,0,1,6,0,7,DDoS
4,0,11.89338178,1.982230297,2017929,0,0,1,6,0,7.5,DDoS
15,10,45359.06661398,129.9835700767,192332,0,0,0,335.5384615385,0,348.96,BENIGN
2,2,1081081.08108108,27027.027027027,148,0,0,0,38.4,1,48,BENIGN
8,4,126.5895186,0.130314337,92085033,0,0,1,897.1538462,0,971.9166667,DDoS
2,2,921465.968586387,20942.4083769633,191,0,0,0,42.4,1,53,BENIGN
1,1,0,21978.021978022,91,0,0,1,0,1,0,BENIGN
3,6,9220.028563,7.136858783,1261059,0,0,0,1162.7,2,1291.888889,DDoS
18,15,41.3784284919,0.2851896701,115712466,0,0,0,140.8235294118,0,145.0909090909,BENIGN
3,6,16444.98289,12.72284415,707389,0,0,0,1163.3,2,1292.555556,DDoS
2,2,10839.5368944938,84.3543727198,47419,0,0,0,110.4,1,138,BENIGN
46,30,538.2989637968,1.2115233727,62730940,0,0,0,438.5454545455,0,444.3157894737,BENIGN
4,0,2.631938242,0.438656374,9118755,0,0,1,6,0,7.5,DDoS
5,0,2.721918219,0.453653037,11021639,0,0,1,6,0,7.2,DDoS
3,6,14572.62247,11.28008964,797866,0,0,0,1162.7,2,1291.888889,DDoS
3,7,6309.773121,5.426828176,1842697,0,0,0,1057,2,1162.7,DDoS
2,2,10449.6516782774,126.6624445852,31580,0,0,0,74.2,1,92.75,BENIGN
15,10,21531.3777145992,64.3803902482,388317,0,0,0,321.5769230769,0,334.44,BENIGN
5,0,10.5070639,1.751177317,2855222,0,0,1,6,0,7.2,DDoS
2,2,2095238.0952381,21164.0211640212,189,0,0,0,88.2,1,110.25,BENIGN
1,1,5323.8396969004,65.323186465,30617,0,0,0,72.3333333333,1,108.5,BENIGN
3,1,67924.5283018868,15094.3396226415,265,1,0,0,4.8,0,6,BENIGN
2,2,1867298.57819905,18957.345971564,211,0,0,0,87.2,1,109,BENIGN
2,0,0,1063.264221159,1881,0,0,1,0,0,0,BENIGN
3,5,22394.41286,15.40855791,519192,0,0,0,1291.888889,1,1453.375,DDoS
5,1,65523.7541769577,871.7129158797,6883,0,1,1,107.7142857143,0,125.6666666667,BENIGN
3,5,8844.544939,6.082382834,1315274,0,0,0,1292.555556,1,1454.125,DDoS
2,2,10290.1429548341,130.2549741118,30709,0,0,0,73.6,1,92,BENIGN
3,5,187938.2209,129.2448867,61898,0,0,0,1292.555556,1,1454.125,DDoS
2,0,260869.565217391,43478.2608695652,46,1,0,0,6,0,9,BENIGN
4,0,2.621296967,0.436882828,9155773,0,0,1,6,0,7.5,DDoS
4,0,4.079644867,0.679940811,5882865,0,0,1,6,0,7.5,DDoS
8,4,142.6085504,0.146729195,81783315,0,0,1,897.6153846,0,972.4166667,DDoS
2,2,1871794.87179487,25641.0256410256,156,0,0,0,66.6,1,83.25,BENIGN
6,6,455.0745218827,2.3518063146,5102461,0,0,0,178.6153846154,1,193.5,BENIGN
3,4,126751.0438,76.31008056,91731,0,0,0,1453.375,1,1661,DDoS
3,4,311791.0488,187.712853,37291,0,0,0,1453.375,1,1661,DDoS
22,17,50.020017081,0.3370388159,115713675,0,0,0,144.7,0,148.4102564103,BENIGN
3,4,18101.0057,10.89765545,642340,0,0,0,1453.375,1,1661,DDoS
2,2,10551.4382615249,167.4831470083,23883,0,0,0,56.6,1,70.75,BENIGN
7,4,154.9509404689,2.1824076122,5040305,0,0,0,65.0833333333,0,71,BENIGN
2,0,666666.666666667,111111.111111111,18,0,0,1,6,0,9,BENIGN
3,6,484902.8276,375.3440654,23978,0,0,0,1162.7,2,1291.888889,DDoS
5,0,7.428210064,1.238035011,4038658,0,0,1,6,0,7.2,DDoS
3,5,482388.0845,331.908891,24103,0,0,0,1291.888889,1,1453.375,DDoS
2,2,21427.2169900765,126.4142595285,31642,0,0,0,142.8,1,178.5,BENIGN
7,8,5509.7781613429,27.4847597007,545757,0,0,0,187.9375,1,200.4666666667,BENIGN
8,5,128.7531382,0.143586754,90537599,0,0,1,833.0714286,0,897.1538462,DDoS
3,1,0,0.7154988682,5590505,0,0,0,0,0,0,BENIGN
5,0,2.478379444,0.413063241,12104684,0,0,1,6,0,7.2,DDoS
5,0,9.407479322,1.56791322,3188952,0,0,1,6,0,7.2,DDoS
4,0,2.398858383,0.399809731,10004759,0,0,1,6,0,7.5,DDoS
8,5,117.0432951,0.130460674,99646887,0,0,1,833.5,0,897.6153846,DDoS
2,2,970297.02970297,19801.9801980198,202,0,0,0,46.2,1,57.75,BENIGN
7,10,6807.0032295192,15.6907193087,1083443,0,0,0,409.7222222222,1,433.8235294118,BENIGN
2,2,8009.9964756016,128.1599436096,31211,0,0,0,56.8,1,71,BENIGN
11,10,94.8574402359,0.2329014667,90166886,0,0,0,388.7727272727,0,407.2857142857,BENIGN
3,6,6434.594255,4.978195504,1807884,0,0,0,1163.3,2,1292.555556,DDoS
3,6,14334.147,11.09549523,811140,0,0,0,1162.7,2,1291.888889,DDoS
8,5,140.9934817,0.157237305,82677581,0,0,1,833.0714286,0,897.1538462,DDoS
1,2,264705.882352941,44117.6470588235,68,0,0,1,6,2,8,BENIGN
10,5,8430.3878619511,53.4245111657,280770,0,0,0,147.9375,0,157.8,BENIGN
4,2,0,1.1221688382,5346789,0,0,0,0,0,0,BENIGN
8,4,143.4881879,0.14763425,81281952,0,0,1,897.6153846,0,972.4166667,DDoS
4,0,3.249031349,0.541505225,7386817,0,0,1,6,0,7.5,DDoS
3,4,13044.15627,7.853194623,891357,0,0,0,1453.375,1,1661,DDoS
1,1,0,16260.162601626,123,0,0,1,0,1,0,BENIGN
8,6,143.4803362,0.172230533,81286400,0,0,1,777.9333333,0,833.5,DDoS
6,6,15083.1323586823,43.7826773837,274081,0,0,0,318,1,344.5,BENIGN
3,4,8741.388864,5.262726589,1330109,0,0,0,1453.375,1,1661,DDoS
1,1,0,111111.111111111,18,0,0,1,0,1,0,BENIGN
1,1,0,37037.037037037,54,0,0,1,0,1,0,BENIGN
3,4,186620.227,112.3541403,62303,0,0,0,1453.375,1,1661,DDoS
3,1,20117.3512154233,3352.8918692372,1193,1,0,0,6,0,7.5,BENIGN
3,1,2.2491343644,0.7497114548,5335386,0,0,0,2.4,0,3,BENIGN
1,1,5824.9885463708,65.4493095098,30558,0,0,0,73.6666666667,1,110.5,BENIGN
1,1,553.9099526066,5.9241706161,337600,0,0,0,80,1,120,BENIGN
7,4,137.2903420175,2.010910469,5470159,0,0,0,62.5833333333,0,68.2727272727,BENIGN
9,4,164.5418413,0.183404264,70881667,0,0,1,833.5,0,897.6153846,DDoS
9,6,130.6243964,0.167998452,89286537,0,0,1,729.3125,0,777.9333333,DDoS
3,5,11509.79575,7.919357186,1010183,0,0,0,1291.888889,1,1453.375,DDoS
1,1,931.2801853897,10.828839365,184692,0,0,0,71.6666666667,1,107.5,BENIGN
2,0,0,500000,4,0,0,1,0,0,0,BENIGN
2,0,9250000,500000,4,0,1,1,24.6666666667,0,37,BENIGN
2,2,12364.9616035403,130.1574905636,30732,0,0,0,82,1,102.5,BENIGN
1,1,4950.0521842851,59.6391829432,33535,0,0,0,71.3333333333,1,107,BENIGN
3,1,2.3199353202,0.7733117734,5172558,0,0,0,2.4,0,3,BENIGN
4,0,4.628276145,0.771379357,5185516,0,0,1,6,0,7.5,DDoS
4,0,6.826033696,1.137672283,3515951,0,0,1,6,0,7.5,DDoS
13,9,80.349285876,0.2461612992,89372294,0,0,0,312.2173913043,0,326.4090909091,BENIGN
2,5,11447.92018,6.892185542,1015643,0,0,0,1453.375,2,1661,DDoS
1,1,2553.6913608621,25.5369136086,78318,0,0,0,84.6666666667,1,127,BENIGN
2,2,3477.1148359237,28.0412486768,142647,0,0,0,108,1,135,BENIGN
5,0,2.93980629,0.489967715,10204754,0,0,1,6,0,7.2,DDoS
2,2,1221052.63157895,21052.6315789474,190,0,0,0,53,1,66.25,BENIGN
13,0,126208333.333333,541666.666666667,24,0,0,0,233,0,250.9230769231,BENIGN
2,1,42424.2424242424,3636.3636363636,825,0,0,1,14.5,0,19.3333333333,BENIGN
1,1,4796.9429651612,81.3041180536,24599,0,0,0,56.3333333333,1,84.5,BENIGN
4,4,184.3998849806,1.5366657082,5206077,0,0,0,106.6666666667,1,120,BENIGN
2,2,9081.4737934613,129.7353399066,30832,0,0,0,63.2,1,79,BENIGN
1,1,3973.9812965855,39.5421024536,50579,0,0,0,91,1,136.5,BENIGN
5,0,2.704998052,0.450833009,11090581,0,0,1,6,0,7.2,DDoS
3,5,19698.11909,13.54637262,590564,0,0,0,1292.555556,1,1454.125,DDoS
2,0,82191.7808219178,13698.6301369863,146,0,0,1,6,0,9,BENIGN
3,5,13604.24028,9.360447429,854660,0,0,0,1291.888889,1,1453.375,DDoS
1,1,342857.142857143,57142.8571428571,35,0,0,1,6,1,9,BENIGN
23,27,8244.2259702295,9.3646076267,5339252,0,0,0,863.0980392157,1,880.36,BENIGN
2,2,938864.628820961,8733.6244541485,458,0,0,0,93.6,1,117,BENIGN
3,7,222228.5933,191.1314985,52320,0,0,0,1057,2,1162.7,DDoS
2,2,963855.421686747,24096.3855421687,166,0,0,0,38.4,1,48,BENIGN
5,0,3.763388254,0.627231376,7971540,0,0,1,6,0,7.2,DDoS
2,1,0,29411.7647058824,102,0,0,1,0,0,0,BENIGN
1,3,5444444.44444444,444444.444444444,9,1,0,1,11,3,13.75,BENIGN
6,4,3829.4742715123,50.72151353,197155,0,0,0,68.6363636364,0,75.5,BENIGN
3,6,18372.71999,14.21425943,633167,0,0,0,1163.3,2,1292.555556,DDoS
4,0,901.9937171472,124.4129265031,32151,0,0,1,5.8,0,7.25,BENIGN
2,0,3000000,500000,4,0,0,1,6,0,9,BENIGN
3,5,211146.6241,145.2802092,55066,0,0,0,1291.888889,1,1453.375,DDoS
3,3,8.194936755,0.0673556446,89079394,0,0,0,110.4285714286,1,128.8333333333,BENIGN
3,4,8368.649557,5.038320023,1389352,0,0,0,1453.375,1,1661,DDoS
2,2,1926315.78947368,21052.6315789474,190,0,0,0,81.6,1,102,BENIGN
5,0,27.2630365,4.543839417,1100391,0,0,1,6,0,7.2,DDoS
2,0,125000,20833.3333333333,96,0,0,1,6,0,9,BENIGN
3,5,16521.94167,11.36211926,704094,0,0,0,1292.555556,1,1454.125,DDoS
5,0,111.960582364,0.5867955051,8520856,0,0,1,159,0,190.8,BENIGN
6,6,83.7850717521,0.4415550553,27176679,0,0,0,175.1538461538,1,189.75,BENIGN
4,4,3331.709693132,38.967364832,205300,0,0,0,80,1,90,BENIGN
4,0,42.8502192749,5.9103750724,676776,0,0,1,5.8,0,7.25,BENIGN
4,0,4.778021103,0.79633685,5023000,0,0,1,6,0,7.5,DDoS
5,1,42.6238140868,1.6186258514,3706848,0,1,1,28.4285714286,0,33.1666666667,BENIGN
8,5,164.0488684,0.182854779,71094669,0,0,1,833.5,0,897.6153846,DDoS
4,0,4.201070958,0.700178493,5712829,0,0,1,6,0,7.5,DDoS
4,2,18247.7110885046,190.7426246185,31456,0,0,0,89.5714285714,0,104.5,BENIGN
4,0,85.11604154,14.18600692,281968,0,0,1,6,0,7.5,DDoS
6,0,5.110109372,0.851684895,7044859,0,0,1,6,0,7,DDoS
23,19,66.6544067314,0.3596460795,116781476,0,0,0,181.023255814,0,185.3333333333,BENIGN
5,0,5.531120295,0.921853383,5423856,0,0,1,6,0,7.2,DDoS
2,0,0,27777.7777777778,72,0,0,1,0,0,0,BENIGN
18,12,25779.2123255386,67.3379512204,445514,0,0,0,370.4838709677,0,382.8333333333,BENIGN
3,5,6633.995934,4.564545237,1752639,0,0,0,1291.888889,1,1453.375,DDoS
4,0,2.397193366,0.399532228,10011708,0,0,1,6,0,7.5,DDoS
2,2,1536231.88405797,28985.5072463768,138,0,0,0,51.4,1,64.25,BENIGN
2,2,2.9083737746,0.0605911203,66016274,0,0,0,48,1,60,BENIGN
2,0,324324.324324324,54054.0540540541,37,0,0,1,6,0,9,BENIGN
5,0,8.468514346,1.411419058,3542534,0,0,1,6,0,7.2,DDoS
3,5,216021.9866,148.5580583,53851,0,0,0,1292.555556,1,1454.125,DDoS
2,0,12333333.3333333,666666.666666667,3,0,1,1,22.6666666667,0,34,BENIGN
2,2,2484581.49779736,17621.1453744493,227,0,0,0,118.6,1,148.25,BENIGN
1,1,0,22471.9101123596,89,0,0,1,0,1,0,BENIGN
2,2,12188.044109112,165.8237293757,24122,0,0,0,67.8,1,84.75,BENIGN
3,7,306260.5307,263.2687447,37984,0,0,0,1057.545455,2,1163.3,DDoS
3,6,13970.98915,10.80881134,832654,0,0,0,1163.3,2,1292.555556,DDoS
8,5,125.9039149,0.14033704,92634133,0,0,1,833.5,0,897.6153846,DDoS
8,6,124.7319114,0.14972535,93504540,0,0,1,777.9333333,0,833.5,DDoS
9,5,644.8738979631,2.6974109864,5190162,0,0,0,223.1333333333,0,239.0714285714,BENIGN
1,3,406779.661016949,67796.6101694915,59,0,0,1,6,3,7.5,BENIGN
1,3,71856.2874251497,11976.0479041916,334,0,0,1,6,3,7.5,BENIGN
2,2,1253731.34328358,19900.4975124378,201,0,0,0,59.8,1,74.75,BENIGN
3,5,6894.177078,4.741117221,1687366,0,0,0,1292.555556,1,1454.125,DDoS
2,2,7951.9499196346,169.190423822,23642,0,0,0,45.4,1,56.75,BENIGN
1,1,2293.273065674,33.2358415315,60176,0,0,0,64,1,96,BENIGN
2,2,1681318.68131868,21978.021978022,182,0,0,0,67.4,1,84.25,BENIGN
4,0,512.630146188,70.7076063708,56571,0,0,1,5.8,0,7.25,BENIGN
3,4,404882.1256,243.7580527,28717,0,0,0,1453.375,1,1661,DDoS
8,5,783.7156594861,2.480716721,5240421,0,0,0,293.3571428571,0,315.9230769231,BENIGN
8,5,121.5399306,0.135542515,95910866,0,0,1,833.0714286,0,897.1538462,DDoS
1,1,2730.2492032241,21.7549737309,91933,0,0,0,97.6666666667,1,146.5,BENIGN
2,1,8.6006398876,0.6000446433,4999628,0,1,1,18.5,0,24.6666666667,BENIGN
2,2,1082352.94117647,15686.2745098039,255,0,0,0,64.8,1,81,BENIGN
3,6,6435.541138,4.97892807,1807618,0,0,0,1163.3,2,1292.555556,DDoS
1,1,5392.0957486598,62.3363670365,32084,0,0,0,76.3333333333,1,114.5,BENIGN
4,0,3.941629719,0.656938287,6088852,0,0,1,6,0,7.5,DDoS
8,4,129.6688186,0.133484243,89898251,0,0,1,897.1538462,0,971.9166667,DDoS
2,2,1187050.35971223,14388.4892086331,278,0,0,0,74.2,1,92.75,BENIGN
3,5,16918.96446,11.64115556,687217,0,0,0,1291.888889,1,1453.375,DDoS
2,2,1296803.65296804,18264.8401826484,219,0,0,0,62.4,1,78,BENIGN
5,0,4.464453796,0.744075633,6719747,0,0,1,6,0,7.2,DDoS
3,1,2.0343030969,0.6781010323,5898826,0,0,0,2.4,0,3,BENIGN
1,1,800000,133333.333333333,15,0,0,1,6,1,9,BENIGN
1,1,3801.7829050865,65.5479811222,30512,0,0,0,52.6666666667,1,79,BENIGN
1,6,6.791281288,1.131880215,6184400,0,0,1,6,6,6.857142857,DDoS
4,2,917.6599670839,14.9618472894,401020,0,0,0,58.7142857143,0,68.5,BENIGN
4,0,4.685736443,0.780956074,5121927,0,0,1,6,0,7.5,DDoS
2,2,1452229.29936306,25477.7070063694,157,0,0,0,55.4,1,69.25,BENIGN
3,5,99535.39312,68.4503692,116873,0,0,0,1292.555556,1,1454.125,DDoS
3,5,39928.5702,27.47299919,291195,0,0,0,1291.888889,1,1453.375,DDoS
4,0,2.360872086,0.393478681,10165735,0,0,1,6,0,7.5,DDoS
4,0,3.058567749,0.509761292,7846810,0,0,1,6,0,7.5,DDoS
2,2,409343.715239155,4449.3882091213,899,0,0,0,80.8,1,101,BENIGN
3,5,16729.99318,11.50519603,695338,0,0,0,1292.555556,1,1454.125,DDoS
2,0,1441.2683161182,240.2113860197,8326,0,0,1,6,0,9,BENIGN
4,0,8.952040562,1.49200676,2680953,0,0,1,6,0,7.5,DDoS
1,1,117647.058823529,19607.8431372549,102,0,0,1,6,1,9,BENIGN
2,0,17647.0588235294,2941.1764705882,680,0,0,1,6,0,9,BENIGN
5,0,2.976564614,0.496094102,10078733,0,0,1,6,0,7.2,DDoS
8,5,121.6140642,0.135555418,95901737,0,0,1,833.5,0,897.6153846,DDoS
5,1,35.3157225597,1.2538126353,4785404,0,1,1,30.7142857143,0,35.8333333333,BENIGN
3,5,8930.327013,6.144544259,1301968,0,0,0,1291.888889,1,1453.375,DDoS
5,0,3.113074977,0.51884583,9636774,0,0,1,6,0,7.2,DDoS
9,6,160.4980667,0.206419532,72667542,0,0,1,729.3125,0,777.9333333,DDoS
3,3,397885.155,205.3247553,29222,0,0,0,1661,1,1937.833333,DDoS
5,0,13.69237791,2.282062985,2191000,0,0,1,6,0,7.2,DDoS
12,10,9.990159523,0.1868907394,117715838,0,0,0,51.1304347826,0,53.4545454545,BENIGN
3,4,13491.92074,8.122769865,861775,0,0,0,1453.375,1,1661,DDoS
1,1,70.1828262624,23.3942754208,85491,0,0,0,2,1,3,BENIGN
3,4,21773.26827,13.10176893,534279,0,0,0,1454.125,1,1661.857143,DDoS
3,4,6368.202258,3.833956808,1825790,0,0,0,1453.375,1,1661,DDoS
2,2,1416149.06832298,24844.7204968944,161,0,0,0,55.4,1,69.25,BENIGN
3,1,69230.7692307692,15384.6153846154,260,1,0,0,4.8,0,6,BENIGN
4,2,15366.8102616858,192.8888317366,31106,0,0,0,74.2857142857,0,86.6666666667,BENIGN
2,0,0,55555.5555555556,36,0,0,1,0,0,0,BENIGN
3,5,11403.21384,7.841976335,1020151,0,0,0,1292.555556,1,1454.125,DDoS
5,0,3.673408514,0.612234752,8166802,0,0,1,6,0,7.2,DDoS
3,5,23358.88138,16.07216402,497755,0,0,0,1291.888889,1,1453.375,DDoS
3,5,21594.06428,14.85787514,538435,0,0,0,1291.888889,1,1453.375,DDoS
3,5,11056.61848,7.603623126,1052130,0,0,0,1292.555556,1,1454.125,DDoS
4,0,5.669840911,0.944973485,4232923,0,0,1,6,0,7.5,DDoS
3,6,23177.4218,17.94072385,501652,0,0,0,1162.7,2,1291.888889,DDoS
12,7,19293.3104631218,86.9068038879,218625,0,0,0,210.9,0,222,BENIGN
3,6,610373.2479,472.4657462,19049,0,0,0,1162.7,2,1291.888889,DDoS
3,5,8203.409002,5.641474428,1418069,0,0,0,1292.555556,1,1454.125,DDoS
1,1,7252.3203108137,86.3371465573,23165,0,0,0,74,1,111,BENIGN
1,1,4990.2152641879,65.2315720809,30660,0,0,0,69.6666666667,1,104.5,BENIGN
4,0,11.84204488,1.973674147,2026677,0,0,1,6,0,7.5,DDoS
2,0,4000000,666666.666666667,3,0,0,1,6,0,9,BENIGN
3,4,339692.6493,204.5109267,34228,0,0,0,1453.375,1,1661,DDoS
4,0,4.760067791,0.793344632,5041945,0,0,1,6,0,7.5,DDoS
5,0,7.451798044,1.241966341,4025874,0,0,1,6,0,7.2,DDoS
2,0,0,144.7911387823,13813,0,0,1,0,0,0,BENIGN
2,2,2152173.91304348,21739.1304347826,184,0,0,0,86.2,1,107.75,BENIGN
9,4,117.8362675,0.131344549,98976319,0,0,1,833.5,0,897.6153846,DDoS
5,0,2.950504694,0.491750782,10167752,0,0,1,6,0,7.2,DDoS
4,0,18.7062595,3.117709917,1282993,0,0,1,6,0,7.5,DDoS
3,1,76923.0769230769,17094.0170940171,234,1,0,0,4.8,0,6,BENIGN
1,1,1017.5345961763,11.0003740127,181812,0,0,0,78.6666666667,1,118,BENIGN
4,0,6.072982062,1.012163677,3951930,0,0,1,6,0,7.5,DDoS
21,18,76.5041038214,0.3379003453,115418645,0,0,0,220.75,0,226.4102564103,BENIGN
3,4,126757.0336,76.27432606,91774,0,0,0,1454.125,1,1661.857143,DDoS
3,4,18165.7683,10.93664557,640050,0,0,0,1453.375,1,1661,DDoS
3,4,40315.3823266885,104.1356739066,67220,0,0,0,338.75,1,387.1428571429,BENIGN
3,5,189824.258,130.5419121,61283,0,0,0,1292.555556,1,1454.125,DDoS
2,2,1393939.39393939,20202.0202020202,198,0,0,0,64.8,1,81,BENIGN
3,6,35835.14661,27.73856709,324458,0,0,0,1162.7,2,1291.888889,DDoS
2,2,8852.9638183218,128.3038234539,31176,0,0,0,64.8,1,81,BENIGN
4,0,18.63369951,3.105616585,1287989,0,0,1,6,0,7.5,DDoS
3,6,85510.3571,66.15604005,136042,0,0,0,1163.3,2,1292.555556,DDoS
3,5,8879.1292,6.106166388,1310151,0,0,0,1292.555556,1,1454.125,DDoS
11,6,12587.4404211071,84.5796391932,200994,0,0,0,140.5555555556,0,148.8235294118,BENIGN
5,0,11.71902924,1.95317154,2559939,0,0,1,6,0,7.2,DDoS
3,4,12420.94693,7.477993334,936080,0,0,0,1453.375,1,1661,DDoS
3,5,13989.20279,9.625322298,831141,0,0,0,1291.888889,1,1453.375,DDoS
8,6,145.4509102,0.174595965,80185129,0,0,1,777.9333333,0,833.5,DDoS
4,0,2.990727996,0.498454666,8024802,0,0,1,6,0,7.5,DDoS
2,1,0,132.7609859716,22597,0,0,1,0,0,0,BENIGN
2,0,200000,33333.3333333333,60,0,0,1,6,0,9,BENIGN
2,2,9881.4867439532,129.1697613589,30967,0,0,0,69.2,1,86.5,BENIGN
1,3,272727.272727273,90909.0909090909,44,0,0,1,2.4,3,3,BENIGN
4,0,3.043821132,0.507303522,7884826,0,0,1,6,0,7.5,DDoS
5,0,499.8084068,83.30140113,60023,0,0,1,6,0,7.2,DDoS
2,2,1880341.88034188,17094.0170940171,234,0,0,0,97.2,1,121.5,BENIGN
3,5,13589.66751,9.345597873,856018,0,0,0,1292.555556,1,1454.125,DDoS
8,4,141.4468258,0.145533903,82455014,0,0,1,897.6153846,0,972.4166667,DDoS
2,0,22750000,500000,4,0,1,1,58.6666666667,0,88,BENIGN
2,2,2088607.59493671,25316.4556962025,158,0,0,0,74.2,1,92.75,BENIGN
2,0,12333333.3333333,666666.666666667,3,0,1,1,22.6666666667,0,34,BENIGN
7,5,1180.958501,1.216333535,9865715,0,0,1,896.6923077,0,971.4166667,DDoS
3,5,12826.50642,8.82077292,906950,0,0,0,1292.555556,1,1454.125,DDoS
2,2,2068965.51724138,19704.4334975369,203,0,0,0,92.2,1,115.25,BENIGN
3,5,17164.93119,11.80430237,677719,0,0,0,1292.555556,1,1454.125,DDoS
4,0,3.975599098,0.66259985,6036826,0,0,1,6,0,7.5,DDoS
4,0,15.1223302,2.520388367,1587057,0,0,1,6,0,7.5,DDoS
3,6,6182.670337,4.78576013,1880579,0,0,0,1162.7,2,1291.888889,DDoS
1,1,298.5792603528,5.5292455621,361713,0,0,0,49,1,73.5,BENIGN
4,0,28.15470541,4.692450902,852433,0,0,1,6,0,7.5,DDoS
1,3,250000,55555.5555555556,72,0,0,1,3.6,3,4.5,BENIGN
4,4,5443.4537775692,75.0821210699,106550,0,0,0,69.1111111111,1,77.75,BENIGN
8,6,150.6508772,0.180930967,77377578,0,0,1,777.5333333,0,833.0714286,DDoS
3,5,84041.0845,57.82477647,138349,0,0,0,1291.888889,1,1453.375,DDoS
2,0,12333333.3333333,666666.666666667,3,0,1,1,22.6666666667,0,34,BENIGN
3,4,536602.2418,322.8931224,21679,0,0,0,1454.125,1,1661.857143,DDoS
9,7,141.0959742,0.193563885,82660048,0,0,1,686.4117647,0,729.3125,DDoS
3,1,2.0429478716,0.6809826239,5873865,0,0,0,2.4,0,3,BENIGN
1,1,2710.4301981589,33.0540268068,60507,0,0,0,74.3333333333,1,111.5,BENIGN
3,6,53362.38532,41.28440367,218000,0,0,0,1163.3,2,1292.555556,DDoS
9,5,143.0210139,0.171590899,81589409,0,0,1,778.3333333,0,833.9285714,DDoS
3,4,138352.4316,83.29466081,84039,0,0,0,1453.375,1,1661,DDoS
3,7,281486.6794,241.9725603,41327,0,0,0,1057.545455,2,1163.3,DDoS
2,2,600600.600600601,12012.012012012,333,0,0,0,48.4,1,60.5,BENIGN
3,5,87724.46054,60.35913686,132540,0,0,0,1291.888889,1,1453.375,DDoS
14,9,15962.8352207314,54.8223398651,419537,0,0,0,279.0416666667,0,291.1739130435,BENIGN
4,0,2.253586089,0.375597682,10649693,0,0,1,6,0,7.5,DDoS
6,4,149.2857663017,1.9163769743,5218180,0,0,0,70.8181818182,0,77.9,BENIGN
2,2,2260869.56521739,15810.2766798419,253,0,0,0,123.4,1,154.25,BENIGN
2,2,303595.206391478,5326.2316910786,751,0,0,0,54.2,1,67.75,BENIGN
4,0,6.374652681,1.062442114,3764911,0,0,1,6,0,7.5,DDoS
5,0,2.726836186,0.454472698,11001761,0,0,1,6,0,7.2,DDoS
10,10,2785.571769376,5.9603547007,3355505,0,0,0,445.0952380952,1,467.35,BENIGN
8,6,116.653221,0.140027874,99980094,0,0,1,777.9333333,0,833.5,DDoS
8,4,144.4638036,0.148714562,80691493,0,0,1,897.1538462,0,971.9166667,DDoS
2,0,244897.959183673,40816.3265306122,49,1,0,0,6,0,9,BENIGN
4,2,8400.670546797,113.0135051139,53091,0,0,0,70.2857142857,0,82,BENIGN
3,4,6541.243629,3.936104651,1778408,0,0,0,1454.125,1,1661.857143,DDoS
4,0,2.382438096,0.397073016,10073714,0,0,1,6,0,7.5,DDoS
8,4,117.0758367,0.120520721,99567941,0,0,1,897.1538462,0,971.9166667,DDoS
1,1,3781.3345503146,65.1954232813,30677,0,0,0,55.3333333333,1,83,BENIGN
2,2,5152.1099116781,54.5196816051,73368,0,0,0,83.6,1,104.5,BENIGN
3,5,425103.2869,292.4938759,27351,0,0,0,1291.888889,1,1453.375,DDoS
3,5,100983.5326,69.44625294,115197,0,0,0,1292.555556,1,1454.125,DDoS
3,6,16840.52961,13.02886328,690774,0,0,0,1163.3,2,1292.555556,DDoS
4,0,13.81660756,2.302767927,1737040,0,0,1,6,0,7.5,DDoS
4,0,1.062540515,0.177090086,22587374,0,0,1,6,0,7.5,DDoS
3,6,6614.206358,5.117154407,1758790,0,0,0,1163.3,2,1292.555556,DDoS
4,0,6.960722384,1.160120397,3447918,0,0,1,6,0,7.5,DDoS
8,5,1116.93838,1.245620566,10436565,0,0,1,833.0714286,0,897.1538462,DDoS
4,0,3.167973478,0.52799558,7575821,0,0,1,6,0,7.5,DDoS
3,6,9960.519252,7.706066644,1167911,0,0,0,1163.3,2,1292.555556,DDoS
3,4,11045.08946,6.64966253,1052685,0,0,0,1453.375,1,1661,DDoS
2,2,7576.7304481829,128.4191601387,31148,0,0,0,56.2,1,70.25,BENIGN
5,0,179.038033485,24.1943288493,206660,0,0,1,6.1666666667,0,7.4,BENIGN
5,0,3.285784382,0.54763073,9130240,0,0,1,6,0,7.2,DDoS
4,0,3.195804122,0.53263402,7509847,0,0,1,6,0,7.5,DDoS
1,1,1548.1960150781,16.8282175552,118848,0,0,0,76.6666666667,1,115,BENIGN
1,1,169014.084507042,28169.014084507,71,0,0,1,6,1,9,BENIGN
4,0,2.037404194,0.339567366,11779695,0,0,1,6,0,7.5,DDoS
5,0,4.657804314,0.776300719,6440803,0,0,1,6,0,7.2,DDoS
3,4,6742.204706,4.057030254,1725400,0,0,0,1454.125,1,1661.857143,DDoS
4,0,2.373708332,0.395618055,10110762,0,0,1,6,0,7.5,DDoS
9,6,141.9231653,0.182436154,82220545,0,0,1,729.6875,0,778.3333333,DDoS
3,5,12426.19044,8.549885912,935685,0,0,0,1291.888889,1,1453.375,DDoS
6,9,535.567378179,1.3581590317,11044362,0,0,0,369.6875,1,394.3333333333,BENIGN
2,0,0,14184.3971631206,141,0,0,1,0,0,0,BENIGN
2,2,3783.2779116306,79.6479560343,50221,0,0,0,44.8,1,56,BENIGN
2,2,8516.6784953868,129.0405832634,30998,0,0,0,60.4,1,75.5,BENIGN
3,4,17037.19977,10.25190393,682800,0,0,0,1454.125,1,1661.857143,DDoS
2,2,7022.9880364216,163.3253031726,24491,0,0,0,41.4,1,51.75,BENIGN
5,0,7.442392163,1.240398694,4030962,0,0,1,6,0,7.2,DDoS
13,8,15650.1736225433,46.0944805152,455586,0,0,0,324.0909090909,0,339.5238095238,BENIGN
2,2,1473684.21052632,21052.6315789474,190,0,0,0,63.6,1,79.5,BENIGN
4,0,38.06907316,6.344845527,630433,0,0,1,6,0,7.5,DDoS
1,1,0,13.8010033329,144917,0,0,1,0,1,0,BENIGN
8,6,164.6591698,0.197653123,70831160,0,0,1,777.9333333,0,833.5,DDoS
8,5,145.439922,0.162196018,80149933,0,0,1,833.0714286,0,897.1538462,DDoS
15,9,28305.6729384546,80.940801921,296513,0,0,0,335.72,0,349.7083333333,BENIGN
5,0,10.18349642,1.697249404,2945943,0,0,1,6,0,7.2,DDoS
2,2,1128834.35582822,24539.8773006135,163,0,0,0,44.4,1,55.5,BENIGN
2,0,176190.476190476,9523.8095238095,210,0,1,1,24.6666666667,0,37,BENIGN
3,5,13108.63955,9.014795533,887430,0,0,0,1292.555556,1,1454.125,DDoS
3,5,31362.89618,21.56822569,370916,0,0,0,1292.555556,1,1454.125,DDoS
2,2,2178217.82178218,19801.9801980198,202,0,0,0,97.2,1,121.5,BENIGN
3,5,79367.13697,54.5806839,146572,0,0,0,1292.555556,1,1454.125,DDoS
5,0,2.73603675,0.456006125,10964765,0,0,1,6,0,7.2,DDoS
1,1,2348.1659146945,33.5452273528,59621,0,0,0,65.3333333333,1,98,BENIGN
3,6,414118.4009,320.3873127,28091,0,0,0,1163.3,2,1292.555556,DDoS
8,6,126.519357,0.151949129,92136099,0,0,1,777.5333333,0,833.0714286,DDoS
3,4,17040.26674,10.25904078,682325,0,0,0,1453.375,1,1661,DDoS
2,2,9309.8432196541,129.3033780508,30935,0,0,0,66.4,1,83,BENIGN
3,4,16667.5741,10.02948669,697942,0,0,0,1454.125,1,1661.857143,DDoS
5,0,256.9725211,42.82875351,116744,0,0,1,6,0,7.2,DDoS
3,5,48978.99036,33.6827923,237510,0,0,0,1292.555556,1,1454.125,DDoS
5,0,2.494208448,0.415701408,12027864,0,0,1,6,0,7.2,DDoS
1,2,382978.723404255,63829.7872340426,47,0,0,1,6,2,8,BENIGN
4,4,12997.3054366778,158.5037248375,50472,0,0,0,77.4444444444,1,87.125,BENIGN
2,2,1724550.89820359,23952.0958083832,167,0,0,0,66,1,82.5,BENIGN
3,5,10755.95083,7.400671426,1080983,0,0,0,1291.888889,1,1453.375,DDoS
3,6,172017.0938,133.0829402,67627,0,0,0,1163.3,2,1292.555556,DDoS
2,0,0,14.5338274835,137610,0,0,1,0,0,0,BENIGN
1,1,95.509463396,15.9182438993,125642,0,0,1,6,1,9,BENIGN
4,0,5.390962725,0.898493787,4451895,0,0,1,6,0,7.5,DDoS
1,1,2893.1163226714,32.325322041,61871,0,0,0,76,1,114,BENIGN
7,4,132.7665540714,1.8187199188,6048210,0,0,0,66.9166666667,0,73,BENIGN
3,6,106459.1112,82.36327696,109272,0,0,0,1163.3,2,1292.555556,DDoS
4,0,2.650830019,0.441805003,9053768,0,0,1,6,0,7.5,DDoS
2,0,37000000,2000000,1,0,1,1,24.6666666667,0,37,BENIGN
1,1,5214.384900955,56.6780967495,35287,0,0,0,78.6666666667,1,118,BENIGN
4,0,3.998122215,0.666353703,6002818,0,0,1,6,0,7.5,DDoS
16,13,69.1369756306,0.4749993588,61052714,0,0,0,140.7,0,145.5517241379,BENIGN
2,0,0,8658.0086580087,231,0,0,1,0,0,0,BENIGN
2,2,1264516.12903226,25806.4516129032,155,0,0,0,47.4,1,59.25,BENIGN
4,0,2.789085194,0.464847532,8604972,0,0,1,6,0,7.5,DDoS
4,0,2.931494993,0.488582499,8186949,0,0,1,6,0,7.5,DDoS
8,6,982.5530393973,2.7358278742,5117281,0,0,0,335.2,0,359.1428571429,BENIGN
2,2,6112.6883040487,51.1522033812,78198,0,0,0,102.4,1,128,BENIGN
5,0,5.781595601,0.963599267,5188879,0,0,1,6,0,7.2,DDoS
414,569,8121.5794950154,8.3955670757,117085599,0,0,0,966.3821138211,1,967.3652085453,BENIGN
2,2,9428.0589045096,166.8682991949,23971,0,0,0,52,1,65,BENIGN
5,0,7.724216629,1.287369438,3883889,0,0,1,6,0,7.2,DDoS
1,1,4043.5139573071,41.0509031199,48720,0,0,0,82.6666666667,1,124,BENIGN
3,5,422923.0322,290.9937436,27492,0,0,0,1291.888889,1,1453.375,DDoS
4,0,4.854338494,0.809056416,4944031,0,0,1,6,0,7.5,DDoS
8,5,144.113699,0.160717002,80887522,0,0,1,833.0714286,0,897.1538462,DDoS
2,0,12333333.3333333,666666.666666667,3,0,1,1,24.6666666667,0,37,BENIGN
3,5,127612.1941,87.75875119,91159,0,0,0,1292.555556,1,1454.125,DDoS
1,1,0,35714.2857142857,56,0,0,1,0,1,0,BENIGN
5,0,5.059978455,0.843329742,5928879,0,0,1,6,0,7.2,DDoS
3,3,3012.5360370574,194.3571636811,30871,0,0,0,13.2857142857,1,15.5,BENIGN
1,1,1279.3792946906,13.7567666096,145383,0,0,0,77.3333333333,1,116,BENIGN
5,0,12.24489296,2.040815494,2450001,0,0,1,6,0,7.2,DDoS
1,1,0,21052.6315789474,95,0,0,1,0,1,0,BENIGN
2,2,1921568.62745098,39215.6862745098,102,0,0,0,46.2,1,57.75,BENIGN
5,0,312.2983073,52.04971789,96062,0,0,1,6,0,7.2,DDoS
2,2,8288.813339809,129.5127084345,30885,0,0,0,57.6,1,72,BENIGN
2,0,7750000,500000,4,0,1,1,20.6666666667,0,31,BENIGN
8,4,1911.032479,1.967263425,6099844,0,0,1,897.1538462,0,971.9166667,DDoS
3,1,415254.237288136,33898.3050847458,118,0,0,1,11,0,13.75,BENIGN
3,5,173847.4184,119.5546589,66915,0,0,0,1292.555556,1,1454.125,DDoS
3,4,210712.2156,126.7932184,55208,0,0,0,1454.125,1,1661.857143,DDoS
5,0,10.5932166,1.7655361,2832001,0,0,1,6,0,7.2,DDoS
6,5,61.3998640009,0.6927164144,15879514,0,0,0,81.25,0,88.6363636364,BENIGN
4,0,2.900391843,0.48339864,8274744,0,0,1,6,0,7.5,DDoS
5,0,7.851522476,1.308587079,3820915,0,0,1,6,0,7.2,DDoS
19,13,1082.0739794831,3.2165691912,9948488,0,0,0,326.2121212121,0,336.40625,BENIGN
3,6,8558.168977,6.624539502,1358585,0,0,0,1162.7,2,1291.888889,DDoS
3,5,11167.62282,7.679960679,1041672,0,0,0,1292.555556,1,1454.125,DDoS
3,5,7241.6890324098,21.3855711551,374084,0,0,0,301,1,338.625,BENIGN
2,2,1241379.31034483,27586.2068965517,145,0,0,0,43.4,1,54.25,BENIGN
1,1,2948.3320275453,41.2354129727,48502,0,0,0,62,1,93,BENIGN
1,1,0,39215.6862745098,51,0,0,1,0,1,0,BENIGN
4,0,12.77290101,2.128816836,1878978,0,0,1,6,0,7.5,DDoS
3,4,245569.9411,147.8446364,47347,0,0,0,1453.375,1,1661,DDoS
5,0,14.32685966,2.387809944,2093969,0,0,1,6,0,7.2,DDoS
3,4,11190.74018,6.737351105,1038984,0,0,0,1453.375,1,1661,DDoS
21,19,45.9920385525,0.3471097249,115237336,0,0,0,129.2682926829,0,132.5,BENIGN
3,5,17306.0493,11.9074907,671846,0,0,0,1291.888889,1,1453.375,DDoS
5,0,29.35762579,4.892937632,1021881,0,0,1,6,0,7.2,DDoS
1,1,4000000,666666.666666667,3,0,0,1,6,1,9,BENIGN
4,2,4709.2917949647,77.625688928,77294,0,0,0,56.8571428571,0,66.3333333333,BENIGN
3,4,22482.4039,13.53546291,517160,0,0,0,1453.375,1,1661,DDoS
11,7,1014.1640961602,2.5438898733,7075778,0,0,0,377.6842105263,0,398.6666666667,BENIGN
4,0,2.648766596,0.441461099,9060821,0,0,1,6,0,7.5,DDoS
1,1,1500000,250000,8,0,0,1,6,1,9,BENIGN
2,0,4000000,666666.666666667,3,1,0,0,6,0,9,BENIGN
2,0,6000000,1000000,2,0,0,1,6,0,9,BENIGN
2,2,0,0.7639482142,5235957,0,0,0,0,1,0,BENIGN
1,1,3718.4421684389,65.2358275165,30658,0,0,0,54.3333333333,1,81.5,BENIGN
21,26,137.4740362742,0.6233747906,75396055,0,0,0,215.9375,1,220.5319148936,BENIGN
16,14,10.1897684319,0.2588425512,115900573,0,0,0,38.0967741935,0,39.3666666667,BENIGN
2,2,4345.1068172093,43.8899678506,91137,0,0,0,88.8,1,111,BENIGN
2,5,41096.27776,24.74188908,282921,0,0,0,1453.375,2,1661,DDoS
8,4,166.0411354,0.17083886,70241630,0,0,1,897.6153846,0,972.4166667,DDoS
5,0,12.87016195,2.145026991,2330973,0,0,1,6,0,7.2,DDoS
1,1,137931.034482759,22988.5057471264,87,0,0,1,6,1,9,BENIGN
3,4,8996.913377,5.413770622,1292999,0,0,0,1454.125,1,1661.857143,DDoS
3,4,43552.36247,26.22056741,266966,0,0,0,1453.375,1,1661,DDoS
8,6,164.8783452,0.197916216,70737003,0,0,1,777.9333333,0,833.5,DDoS
8,6,155.4417355,0.186588725,75031329,0,0,1,777.9333333,0,833.5,DDoS
3,6,26537.60388,20.54170765,438133,0,0,0,1162.7,2,1291.888889,DDoS
2,0,7750000,500000,4,0,1,1,20.6666666667,0,31,BENIGN
3,5,11386.11487,7.830217396,1021683,0,0,0,1292.555556,1,1454.125,DDoS
3,4,70021.36816,42.13440876,166135,0,0,0,1454.125,1,1661.857143,DDoS
2,2,5792.8104785505,128.7291217456,31073,0,0,0,41.8,1,52.25,BENIGN
8,5,157.8656232,0.176053281,73841282,0,0,1,833.0714286,0,897.1538462,DDoS
3,6,454837.0692,352.0713531,25563,0,0,0,1162.7,2,1291.888889,DDoS
3,7,373078.7743,320.8727739,31165,0,0,0,1057,2,1162.7,DDoS
2,2,1202312.13872832,23121.387283237,173,0,0,0,50.4,1,63,BENIGN
21,22,1542.6179679884,4.7475359736,9057330,0,0,0,317.5454545455,1,324.9302325581,BENIGN
3,6,285136.2288,220.7126566,40777,0,0,0,1162.7,2,1291.888889,DDoS
3,5,11199.19903,7.701675596,1038735,0,0,0,1292.555556,1,1454.125,DDoS
9,5,141.1196724,0.169309745,82688684,0,0,1,778.3333333,0,833.9285714,DDoS
1,1,96.3870905557,16.0645150926,124498,0,0,1,6,1,9,BENIGN
4,0,10.10067851,1.683446419,2376078,0,0,1,6,0,7.5,DDoS
11,7,20800.7086477167,94.9081763394,189657,0,0,0,207.6315789474,0,219.1666666667,BENIGN
2,2,2.3723586998,0.7907862333,5058257,0,0,0,2.4,1,3,BENIGN
2,2,2160919.54022988,22988.5057471264,174,0,0,0,84.4,1,105.5,BENIGN
3,6,10437.1259,8.078965605,1114004,0,0,0,1162.7,2,1291.888889,DDoS
4,0,5.661823527,0.943637255,4238917,0,0,1,6,0,7.5,DDoS
8,6,938.6210265013,2.5610396357,5466530,0,0,0,342.0666666667,0,366.5,BENIGN
5,1,34.3170964172,1.1375833066,5274339,0,1,1,32.4285714286,0,37.8333333333,BENIGN
2,2,6383.1844998227,128.9532222186,31019,0,0,0,46,1,57.5,BENIGN
7,4,140.3754729359,1.9771193371,5563650,0,0,0,65.0833333333,0,71,BENIGN
1,1,212820.512820513,2564.1025641026,780,0,0,0,72.6666666667,1,109,BENIGN
3,5,11889.55277,8.176431029,978422,0,0,0,1292.555556,1,1454.125,DDoS
4,0,16.04279147,2.673798579,1495999,0,0,1,6,0,7.5,DDoS
9,5,661.1761853957,2.4664179578,5676248,0,0,0,250.2,0,268.0714285714,BENIGN
3,5,17045.01308,11.72788378,682135,0,0,0,1291.888889,1,1453.375,DDoS
2,0,4000000,666666.666666667,3,1,0,0,6,0,9,BENIGN
3,4,88868.33698,53.50291209,130834,0,0,0,1453.375,1,1661,DDoS
3,6,431411.0884,333.765993,26965,0,0,0,1163.3,2,1292.555556,DDoS
1,1,0,39.7978270386,50254,0,0,1,0,1,0,BENIGN
3,4,9198.386742,5.537860772,1264026,0,0,0,1453.375,1,1661,DDoS
8,5,146.0130829,0.162751443,79876404,0,0,1,833.5,0,897.6153846,DDoS
1,1,222222.222222222,37037.037037037,54,0,0,1,6,1,9,BENIGN
4,0,3.137912018,0.522985336,7648398,0,0,1,6,0,7.5,DDoS
2,1,198.2545507511,12.1380337195,247157,1,0,0,13.75,0,18.3333333333,BENIGN
68,65,23813.1989912224,38.3730186323,3465977,0,0,0,615.9402985075,0,620.5714285714,BENIGN
3,4,256666.6667,154.5253863,45300,0,0,0,1453.375,1,1661,DDoS
1,1,214285.714285714,35714.2857142857,56,0,0,1,6,1,9,BENIGN
4,0,3.502188941,0.583698157,6852857,0,0,1,6,0,7.5,DDoS
3,5,8598.769429,5.913363314,1352868,0,0,0,1292.555556,1,1454.125,DDoS
2,0,0,219.5630694917,9109,0,0,1,0,0,0,BENIGN
8,6,148.8080599,0.178625811,78376131,0,0,1,777.9333333,0,833.5,DDoS
2,2,19.0500154544,0.1805688669,22152213,0,0,0,93.6,1,117,BENIGN
3,4,56384.5419,33.94614202,206209,0,0,0,1453.375,1,1661,DDoS
3,4,8461.760596,5.091749692,1374773,0,0,0,1454.125,1,1661.857143,DDoS
4,0,3.951315838,0.65855264,6073926,0,0,1,6,0,7.5,DDoS
3,4,22441.3537,13.51074877,518106,0,0,0,1453.375,1,1661,DDoS
29,25,77.6715628726,0.4504633654,119876563,0,0,0,169.2909090909,0,172.4259259259,BENIGN
2,2,1278106.50887574,23668.6390532544,169,0,0,0,50.8,1,63.5,BENIGN
2,2,1333333.33333333,26143.7908496732,153,0,0,0,49.4,1,61.75,BENIGN
2,2,13523.2455789389,160.0384092182,24994,0,0,0,74.8,1,93.5,BENIGN
31,47,805.7905755884,1.2458209097,62609320,0,0,0,638.6075949367,1,646.7948717949,BENIGN
6,7,3233.1887108306,37.3281112263,348263,0,0,0,80.4285714286,1,86.6153846154,BENIGN
5,0,10.4182692,1.7363782,2879557,0,0,1,6,0,7.2,DDoS
2,0,0,500000,4,0,0,1,0,0,0,BENIGN
5,0,7.581564365,1.263594061,3956967,0,0,1,6,0,7.2,DDoS
2,1,0,60000,50,0,0,1,0,0,0,BENIGN
2,2,1466666.66666667,26666.6666666667,150,0,0,0,53.4,1,66.75,BENIGN
3,6,251895.6627,194.9824516,46158,0,0,0,1162.7,2,1291.888889,DDoS
6,0,7.175783167,1.195963861,5016874,0,0,1,6,0,7,DDoS
4,0,2.246610637,0.374435106,10682759,0,0,1,6,0,7.5,DDoS
2,2,1821229.05027933,22346.3687150838,179,0,0,0,75.4,1,94.25,BENIGN
3,5,150610.4429,103.574619,77239,0,0,0,1292.555556,1,1454.125,DDoS
7,4,147.4010700072,2.0760714086,5298469,0,0,0,65.0833333333,0,71,BENIGN
3,4,119559.07,71.9801746,97249,0,0,0,1453.375,1,1661,DDoS
3,6,11714.10609,9.067425375,992564,0,0,0,1162.7,2,1291.888889,DDoS
3,6,11364.60219,8.792351045,1023617,0,0,0,1163.3,2,1292.555556,DDoS
2,1,0,2770.0831024931,1083,0,0,1,0,0,0,BENIGN
30,25,63.2854875568,0.5429265038,101302846,0,0,0,114.4821428571,0,116.5636363636,BENIGN
3,5,7191.976245,4.945913346,1617497,0,0,0,1292.555556,1,1454.125,DDoS
4,0,2.971100109,0.495183352,8077816,0,0,1,6,0,7.5,DDoS
8,5,143.4965418,0.159946415,81277220,0,0,1,833.5,0,897.6153846,DDoS
2,2,10295.1554651501,166.0508945992,24089,0,0,0,55.6,1,69.5,BENIGN
3,5,14789.71725,10.17087063,786560,0,0,0,1292.555556,1,1454.125,DDoS
3,4,20496.55717,12.33988993,567266,0,0,0,1453.375,1,1661,DDoS
5,0,3.469899719,0.57831662,8645783,0,0,1,6,0,7.2,DDoS
5,0,7.446162384,1.241027064,4028921,0,0,1,6,0,7.2,DDoS
4,2,2571.4134454671,45.3778843318,132223,0,0,0,53.1428571429,0,62,BENIGN
3,6,330068.6993,255.4931017,35226,0,0,0,1162.7,2,1291.888889,DDoS
1,1,0,37735.8490566038,53,0,0,1,0,1,0,BENIGN
3,4,6267.634963,3.771464346,1856043,0,0,0,1454.125,1,1661.857143,DDoS
2,0,13250000,500000,4,0,1,1,35.3333333333,0,53,BENIGN
2,2,1190909.09090909,18181.8181818182,220,0,0,0,59,1,73.75,BENIGN
3,5,706486.0926,485.8496295,16466,0,0,0,1292.555556,1,1454.125,DDoS
14,13,25.8044722365,0.4093541424,65957559,0,0,0,60.7857142857,0,63.037037037,BENIGN
2,2,1454545.45454545,27972.027972028,143,0,0,0,50.4,1,63,BENIGN
4,2,4732.9498767461,98.6031224322,60850,0,0,0,46,0,53.6666666667,BENIGN
2,0,24.293071616,4.0488452693,493968,0,0,1,6,0,9,BENIGN
7,0,0,0.1074678949,65135732,0,0,0,0,0,0,BENIGN
3,5,11703.21932,8.048289738,994000,0,0,0,1292.555556,1,1454.125,DDoS
3,1,2.045410848,0.681803616,5866792,0,0,0,2.4,0,3,BENIGN
3,1,15500000,44444.44444,90,0,0,1,279.8,0,349.75,DDoS
2,2,1219858.15602837,28368.7943262411,141,0,0,0,41.4,1,51.75,BENIGN
4,0,3.363973997,0.560662333,7134419,0,0,1,6,0,7.5,DDoS
1,1,666666.666666667,111111.111111111,18,0,0,1,6,1,9,BENIGN
7,8,5576.0641226979,15.2964451062,980620,0,0,0,341.75,1,364.5333333333,BENIGN
2,2,991.5813759419,19.6352747711,203715,0,0,0,46.4,1,58,BENIGN
5,0,5.85698073,0.976163455,5122093,0,0,1,6,0,7.2,DDoS
31,33,4789.620503502,5.3463977017,11970677,0,0,0,882.0769230769,1,895.859375,BENIGN
1,1,2076.4991108608,22.090416073,90537,0,0,0,78,1,117,BENIGN
9,4,126.3000331,0.140706181,92391108,0,0,1,833.9285714,0,898.0769231,DDoS
5,0,2.972724068,0.495454011,10091754,0,0,1,6,0,7.2,DDoS
1,1,14333333.3333333,666666.666666667,3,0,1,1,26.6666666667,1,40,BENIGN
1,1,0,13.9711635185,143152,0,0,1,0,1,0,BENIGN
13,12,42.5096967318,0.2142625843,116679261,0,0,0,190.7692307692,0,198.4,BENIGN
3,3,0.1998554357,0.0666184786,90065101,0,0,1,3.4285714286,1,4,BENIGN
2,0,12333333.3333333,666666.666666667,3,0,1,1,24.6666666667,0,37,BENIGN
5,0,21.50798197,3.584663662,1394831,0,0,1,6,0,7.2,DDoS
3,6,38868.00648,30.07066607,299295,0,0,0,1163.3,2,1292.555556,DDoS
2,0,0,632.7111673521,3161,0,0,1,0,0,0,BENIGN
2,4,17402.48427,8.980382355,668123,0,0,0,1661,2,1937.833333,DDoS
3,6,9040.186728,6.997650345,1286146,0,0,0,1162.7,2,1291.888889,DDoS
9,5,143.6955319,0.172400158,81206422,0,0,1,778.3333333,0,833.9285714,DDoS
4,0,5.921485543,0.986914257,4053037,0,0,1,6,0,7.5,DDoS
3,6,27174.39572,21.03462299,427866,0,0,0,1162.7,2,1291.888889,DDoS
5,0,1068.338022,178.056337,28081,0,0,1,6,0,7.2,DDoS
2,2,1570093.45794393,12461.0591900312,321,0,0,0,107.2,1,134,BENIGN
2,0,10333333.3333333,666666.666666667,3,0,1,1,20.6666666667,0,31,BENIGN
8,5,160.4886605,0.178886443,72671801,0,0,1,833.5,0,897.6153846,DDoS
8,5,125.6747904,0.140153751,92755277,0,0,1,833.0714286,0,897.1538462,DDoS
2,0,266666.666666667,44444.4444444444,45,0,0,1,6,0,9,BENIGN
3,6,29103.5156,22.52787825,399505,0,0,0,1162.7,2,1291.888889,DDoS
2,2,1209876.54320988,24691.3580246914,162,0,0,0,47.4,1,59.25,BENIGN
3,1,2.2680614236,0.7560204745,5290862,0,0,0,2.4,0,3,BENIGN
3,4,342141.6591,205.9853456,33983,0,0,0,1453.375,1,1661,DDoS
2,2,1463687.15083799,22346.3687150838,179,0,0,0,61.4,1,76.75,BENIGN
1,1,5070.9939148073,84.5165652468,23664,0,0,0,57.3333333333,1,86,BENIGN
1,1,0,10928.9617486339,183,0,0,1,0,1,0,BENIGN
5,0,4.323500444,0.720583407,6938822,0,0,1,6,0,7.2,DDoS
1,1,0,43478.2608695652,46,0,0,1,0,1,0,BENIGN
5,0,2.818566083,0.469761014,10643710,0,0,1,6,0,7.2,DDoS
4,0,3.629301346,0.604883558,6612843,0,0,1,6,0,7.5,DDoS
7,7,206.7721299644,0.4118380736,33993943,0,0,0,468.6,1,502.0714285714,BENIGN
3,5,407136.3541,280.1316619,28558,0,0,0,1291.888889,1,1453.375,DDoS
3,6,6437.517674,4.980457239,1807063,0,0,0,1163.3,2,1292.555556,DDoS
4,0,11.88734953,1.981224922,2018953,0,0,1,6,0,7.5,DDoS
2,2,9341.6085482117,127.9672403865,31258,0,0,0,66.2,1,82.75,BENIGN
10,8,24525.2575400273,89.3632865831,201425,0,0,0,260,0,274.4444444444,BENIGN
4,0,2.6313438,0.4385573,9120815,0,0,1,6,0,7.5,DDoS
3,4,27013.5067533767,145.9062864766,47976,0,0,0,162,1,185.1428571429,BENIGN
1,1,159144.893111639,2375.296912114,842,0,0,0,59.3333333333,1,89,BENIGN
1,3,211764.705882353,47058.8235294118,85,0,0,1,3.6,3,4.5,BENIGN
16,15,12.9525828488,0.2784535841,111329147,0,0,0,45.0625,0,46.5161290323,BENIGN
1,1,545454.545454545,90909.0909090909,22,0,0,1,6,1,9,BENIGN
1,1,913.5200974421,19.0316686967,105088,0,0,0,48,1,72,BENIGN
1,1,1105.8688563559,10.3352229566,193513,0,0,0,86,1,129,BENIGN
4,0,4.663897219,0.777316203,5145911,0,0,1,6,0,7.5,DDoS
5,0,5.032852785,0.838808798,5960834,0,0,1,6,0,7.2,DDoS
3,4,17254.4727,10.38264496,674202,0,0,0,1454.125,1,1661.857143,DDoS
5,0,7.871943423,1.31199057,3811003,0,0,1,6,0,7.2,DDoS
13,0,13000000,722222.222222222,18,0,0,0,18,0,19.3846153846,BENIGN
2,2,2105263.15789474,23391.8128654971,171,0,0,0,86.8,1,108.5,BENIGN
3,4,6414.512138,3.859845694,1813544,0,0,0,1454.125,1,1661.857143,DDoS
2,2,1575000,25000,160,0,0,0,60.2,1,75.25,BENIGN
2,2,4755.3786965639,66.0469263412,60563,0,0,0,66.4,1,83,BENIGN
8,5,149.177834,0.166364574,78141636,0,0,1,833.0714286,0,897.1538462,DDoS
2,0,3000000,500000,4,0,0,1,6,0,9,BENIGN
2,2,10461.1698941905,159.7125174686,25045,0,0,0,61.6,1,77,BENIGN
5,0,7.782276798,1.297046133,3854913,0,0,1,6,0,7.2,DDoS
2,2,5300.6959856924,86.1901786291,46409,0,0,0,55,1,68.75,BENIGN
1,1,0,31250,64,0,0,1,0,1,0,BENIGN
4,0,5.42434296,0.90405716,4424499,0,0,1,6,0,7.5,DDoS
7,2,4.3571137941,0.1405520579,64033214,0,1,1,32.5,0,36.1111111111,BENIGN
5,1,40.2853807469,1.3354269861,4492945,0,1,1,32.4285714286,0,37.8333333333,BENIGN
2,0,206896.551724138,34482.7586206897,58,0,0,1,6,0,9,BENIGN
4,0,3.939794684,0.656632447,6091688,0,0,1,6,0,7.5,DDoS
3,1,89552.2388059701,19900.4975124378,201,1,0,0,4.8,0,6,BENIGN
4,4,3420.5752785696,41.4615185281,192950,0,0,0,77.7777777778,1,87.5,BENIGN
8,5,131.6604847,0.14675352,88583906,0,0,1,833.5,0,897.6153846,DDoS
2,6,322527.8233,222.0310288,36031,0,0,0,1291.222222,3,1452.625,DDoS
5,0,3.105984902,0.51766415,9658772,0,0,1,6,0,7.2,DDoS
16,14,150.9607055335,0.5913071114,50735057,0,0,0,247.064516129,0,255.3,BENIGN
3,5,11752.70695,8.086493131,989304,0,0,0,1291.888889,1,1453.375,DDoS
2,0,4000000,666666.666666667,3,0,0,1,6,0,9,BENIGN
1,1,6609.3293225438,84.7349913147,23603,0,0,0,68,1,102,BENIGN
6,6,15567.4964219996,38.3357186669,313024,0,0,0,374.8461538462,1,406.0833333333,BENIGN
8,5,135.7900177,0.151356446,85889966,0,0,1,833.5,0,897.6153846,DDoS
1,1,6658.2914572864,83.7520938023,23880,0,0,0,68,1,102,BENIGN
2,2,213740.458015267,3816.7938931298,1048,0,0,0,51.8,1,64.75,BENIGN
2,2,1384615.38461538,21978.021978022,182,0,0,0,56.6,1,70.75,BENIGN
3,6,348293.4132,269.4610778,33400,0,0,0,1163.3,2,1292.555556,DDoS
2,0,7750000,500000,4,0,1,1,20.6666666667,0,31,BENIGN
3,5,7197.636468,4.949805875,1616225,0,0,0,1292.555556,1,1454.125,DDoS
2,2,1355555.55555556,14814.8148148148,270,0,0,0,81,1,101.25,BENIGN
2,2,3022.1333217376,43.4839326869,91988,0,0,0,63,1,78.75,BENIGN
5,0,7.339259214,1.223209869,4087606,0,0,1,6,0,7.2,DDoS
3,5,685665.4485,471.5312979,16966,0,0,0,1292.555556,1,1454.125,DDoS
2,0,37000000,2000000,1,0,1,1,22.6666666667,0,34,BENIGN
3,5,15470.6904,10.63917504,751938,0,0,0,1292.555556,1,1454.125,DDoS
5,1,32.7947861726,1.0871199836,5519170,0,1,1,32.4285714286,0,37.8333333333,BENIGN
9,6,145.0481028,0.186549048,80407808,0,0,1,729.3125,0,777.9333333,DDoS
3,6,7058.700745,5.46104244,1648037,0,0,0,1163.3,2,1292.555556,DDoS
5,7,7239.945686409,33.5960356678,357185,0,0,0,198.9230769231,1,215.5,BENIGN
1,1,0,36363.6363636364,55,0,0,1,0,1,0,BENIGN
6,4,84.8838610629,1.7465815034,5725470,0,0,0,44.1818181818,0,48.6,BENIGN
5,0,2.985904738,0.49765079,10047206,0,0,1,6,0,7.2,DDoS
3,3,6.1031582414,0.0997791538,60132801,0,0,0,58.7142857143,1,68.5,BENIGN
4,0,2.401026919,0.400171153,9995723,0,0,1,6,0,7.5,DDoS
105,272,5364.4954047216,3.4003422638,110871192,0,0,1,1573.4603174603,2,1577.6339522547,BENIGN
3,5,625107.5269,430.1075269,18600,0,0,0,1291.888889,1,1453.375,DDoS
3,6,8863.907346,6.86119946,1311724,0,0,0,1162.7,2,1291.888889,DDoS
5,0,9.514850461,1.58580841,3152966,0,0,1,6,0,7.2,DDoS
117,174,2856.5830344387,2.584909893,112576458,0,0,0,1101.3150684932,1,1105.0996563574,BENIGN
3,6,239672.6583,185.5211082,48512,0,0,0,1162.7,2,1291.888889,DDoS
3,4,9061.089684,5.455201496,1283179,0,0,0,1453.375,1,1661,DDoS
4,0,5.751384886,0.958564148,4172908,0,0,1,6,0,7.5,DDoS
2,6,69301.73478,47.70793204,167687,0,0,0,1291.222222,3,1452.625,DDoS
2,2,6579.5839380745,129.0114497662,31005,0,0,0,47.8,1,59.75,BENIGN
10,5,9297.7818641536,86.1969888519,174020,0,0,0,101.125,0,107.8666666667,BENIGN
3,6,25062.96442,19.39024154,464151,0,0,0,1163.3,2,1292.555556,DDoS
5,0,2.605139297,0.434189883,11515699,0,0,1,6,0,7.2,DDoS
5,0,4.044704774,0.674117462,7417105,0,0,1,6,0,7.2,DDoS
5,0,6.375062794,1.062510466,4705836,0,0,1,6,0,7.2,DDoS
8,5,144.5200381,0.161170155,80660095,0,0,1,833.0714286,0,897.1538462,DDoS
8,5,116.8050113,0.130195074,99850168,0,0,1,833.5,0,897.6153846,DDoS
8,6,124.5364812,0.14949076,93651273,0,0,1,777.9333333,0,833.5,DDoS
3,6,180546.9332,139.6821455,64432,0,0,0,1163.3,2,1292.555556,DDoS
7,7,478.422440031,1.3393149691,10453105,0,0,0,333.4,1,357.2142857143,BENIGN
3,1,0,0.6544970575,6111563,0,0,0,0,0,0,BENIGN
3,5,19041.24321,13.09463987,610937,0,0,0,1292.555556,1,1454.125,DDoS
5,0,2.742050385,0.457008397,10940718,0,0,1,6,0,7.2,DDoS
3,5,23616.60942,16.24949474,492323,0,0,0,1291.888889,1,1453.375,DDoS
3,5,6314.715246,4.342622021,1842205,0,0,0,1292.555556,1,1454.125,DDoS
8,6,159.725984,0.191731439,73018802,0,0,1,777.9333333,0,833.5,DDoS
3,0,6045.2418096724,585.023400936,5128,0,0,1,7.75,0,10.3333333333,BENIGN
2,2,7248.8199595415,168.5772083614,23728,0,0,0,41.4,1,51.75,BENIGN
5,0,150.6727538,25.11212564,199107,0,0,1,6,0,7.2,DDoS
3,6,61319.63526,47.46509997,189613,0,0,0,1162.7,2,1291.888889,DDoS
5,0,15.18315439,2.530525732,1975874,0,0,1,6,0,7.2,DDoS
10,5,10795.6609747236,86.5036937077,173403,0,0,0,117,0,124.8,BENIGN
3,4,49197.93786,29.60419195,236453,0,0,0,1454.125,1,1661.857143,DDoS
1,1,196721.31147541,32786.8852459016,61,0,0,1,6,1,9,BENIGN
2,2,1233082.70676692,30075.1879699248,133,0,0,0,39.4,1,49.25,BENIGN
3,0,97178.6833855799,9404.3887147336,319,0,0,1,7.75,0,10.3333333333,BENIGN
1,1,0,36363.6363636364,55,0,0,1,0,1,0,BENIGN
1,1,4380.4146792563,64.8950322853,30819,0,0,0,58.3333333333,1,87.5,BENIGN
3,6,6485.939789,5.017919548,1793572,0,0,0,1163.3,2,1292.555556,DDoS
8,7,113.2010408,0.145664889,102976085,0,0,1,728.9375,0,777.5333333,DDoS
14,12,7557.9864753889,25.5403754042,1017996,0,0,0,284.962962963,0,295.9230769231,BENIGN
2,0,12333333.3333333,666666.666666667,3,0,1,1,24.6666666667,0,37,BENIGN
3,5,283323.9972,194.8415694,41059,0,0,0,1292.555556,1,1454.125,DDoS
12,11,672.8889214437,3.69454409,6225396,0,0,0,174.5416666667,0,182.1304347826,BENIGN
3,5,40107.15468,27.58164166,290048,0,0,0,1292.555556,1,1454.125,DDoS
2,0,250000,41666.6666666667,48,0,0,1,6,0,9,BENIGN
3,4,96419.21253,58.04889375,120588,0,0,0,1453.375,1,1661,DDoS
4,2,8086.0857125086,124.401318654,48231,0,0,0,62,0,72.3333333333,BENIGN
3,5,6624.368199,4.555569982,1756092,0,0,0,1292.555556,1,1454.125,DDoS
5,0,2.686554573,0.447759096,11166719,0,0,1,6,0,7.2,DDoS
8,11,4506.7942543614,9.9568710271,1908230,0,0,0,430,1,452.6315789474,BENIGN
2,0,12333333.3333333,666666.666666667,3,0,1,1,24.6666666667,0,37,BENIGN
1,1,2342.9610179762,40.3958796203,49510,0,0,0,53.3333333333,1,80,BENIGN
2,2,2400000,23529.4117647059,170,0,0,0,89.2,1,111.5,BENIGN
3,5,59835.91801,41.14908829,194415,0,0,0,1292.555556,1,1454.125,DDoS
1,1,622.0537493318,9.7195898333,205770,0,0,0,61.3333333333,1,92,BENIGN
3,6,22179.19615,17.16803693,524230,0,0,0,1162.7,2,1291.888889,DDoS
33,36,306.9209784976,0.5914029299,116671725,0,0,0,511.5571428571,1,518.9710144928,BENIGN
3,5,706293.2815,485.9676831,16462,0,0,0,1291.888889,1,1453.375,DDoS
8,7,1047.3211953059,2.8646641009,5236216,0,0,0,342.75,0,365.6,BENIGN
2,2,1386666.66666667,26666.6666666667,150,0,0,0,50.4,1,63,BENIGN
1,1,122448.979591837,20408.1632653061,98,0,0,1,6,1,9,BENIGN
12,8,281.317936722,1.2603850212,15868167,0,0,0,212.5714285714,0,223.2,BENIGN
29,42,252251.431857941,340.2909247765,208645,0,0,0,730.9861111111,1,741.2816901408,BENIGN
5,0,4.40795118,0.73465853,6805883,0,0,1,6,0,7.2,DDoS
2,2,1027932.96089385,22346.3687150838,179,0,0,0,43.2,1,54,BENIGN
4,0,7.348256213,1.224709369,3266081,0,0,1,6,0,7.5,DDoS
2,0,73619.6319018405,12269.9386503067,163,0,0,1,6,0,9,BENIGN
3,4,190907.0012,114.9349796,60904,0,0,0,1453.375,1,1661,DDoS
3,6,13264.2759,10.2673504,876565,0,0,0,1162.7,2,1291.888889,DDoS
3,4,683298.0724,411.377527,17016,0,0,0,1453.375,1,1661,DDoS
4,0,5.420294123,0.903382354,4427804,0,0,1,6,0,7.5,DDoS
3,6,306623.7908,237.2229105,37939,0,0,0,1163.3,2,1292.555556,DDoS
10,10,34.6241375164,0.3025263217,66109950,0,0,0,109,1,114.45,BENIGN
2,2,1787439.61352657,19323.6714975845,207,0,0,0,82,1,102.5,BENIGN
2,0,2915.4518950437,485.908649174,4116,0,0,1,6,0,9,BENIGN
20,25,4766.5475029791,348.2055805748,129234,0,0,0,13.3913043478,1,13.6888888889,BENIGN
1,1,0,32258.064516129,62,0,0,1,0,1,0,BENIGN
4,0,4.407787164,0.734631194,5444909,0,0,1,6,0,7.5,DDoS
3,6,18920.86191,14.63833552,614824,0,0,0,1163.3,2,1292.555556,DDoS
52,0,3016.241299304,17.3347201109,2999760,0,0,0,174,0,177.3461538462,BENIGN
10,7,14108.7405368204,208.9273424442,81368,0,0,0,63.7777777778,0,67.5294117647,BENIGN
5,0,4.274180105,0.712363351,7018890,0,0,1,6,0,7.2,DDoS
29,29,174976.453822371,286.0059272263,202793,0,0,0,601.4237288136,1,611.7931034483,BENIGN
3,6,326720.4316,252.9013404,35587,0,0,0,1162.7,2,1291.888889,DDoS
3,4,9302.128361,5.600318098,1249929,0,0,0,1453.375,1,1661,DDoS
4,4,4725.0969415269,102.7194987288,77882,0,0,0,45.1111111111,1,50.75,BENIGN
2,2,9226.1040678732,129.0364205297,30999,0,0,0,66,1,82.5,BENIGN
11,10,333.3995901746,1.189903364,17648492,0,0,0,267.4545454545,0,280.1904761905,BENIGN
1,1,3842.7720063829,65.1317289217,30707,0,0,0,56.3333333333,1,84.5,BENIGN
3,6,12011.24615,9.292634348,968509,0,0,0,1163.3,2,1292.555556,DDoS
3,5,13255.26329,9.120332527,877161,0,0,0,1291.888889,1,1453.375,DDoS
3,7,11832.04942,10.17635625,982670,0,0,0,1057,2,1162.7,DDoS
16,14,43.8097099829,0.4552446482,65898633,0,0,0,93.1290322581,0,96.2333333333,BENIGN
8,5,142.6327907,0.158983647,81769416,0,0,1,833.5,0,897.6153846,DDoS
3,4,6615.981864,3.981077371,1758318,0,0,0,1454.125,1,1661.857143,DDoS
1,1,3437.3691127833,28.8854547293,69239,0,0,0,97.6666666667,1,146.5,BENIGN
1,1,7812.250884857,63.7734766111,31361,0,0,0,99.3333333333,1,149,BENIGN
8,8,271.2239714288,0.9086230199,17609063,0,0,0,280.9411764706,1,298.5,BENIGN
3,5,385581.7037,265.1640703,30170,0,0,0,1292.555556,1,1454.125,DDoS
8,5,144.2526702,0.160871984,80809596,0,0,1,833.0714286,0,897.1538462,DDoS
2,2,3815789.47368421,52631.5789473684,76,0,0,0,67.4,1,84.25,BENIGN
2,0,5136.9863013699,856.1643835616,2336,0,0,1,6,0,9,BENIGN
2,2,2028673.83512545,14336.917562724,279,0,0,0,119.8,1,149.75,BENIGN
2,2,1719696.96969697,15151.5151515152,264,0,0,0,97,1,121.25,BENIGN
1,1,4186.2790019578,41.6545174324,48014,0,0,0,86,1,129,BENIGN
3,6,9443.887898,7.306369043,1231802,0,0,0,1163.3,2,1292.555556,DDoS
4,2,6229.1505272644,94.8601603137,63251,0,0,0,62.4285714286,0,72.8333333333,BENIGN
1,1,0,20.6349370119,96923,0,0,1,0,1,0,BENIGN
2,2,4891.7297156275,65.223062875,61328,0,0,0,68.6,1,85.75,BENIGN
3,5,8696.529761,5.980592976,1337660,0,0,0,1292.555556,1,1454.125,DDoS
2,2,3688.5178415584,65.8663900278,60729,0,0,0,51,1,63.75,BENIGN
3,6,60235.59871,46.60194175,193125,0,0,0,1163.3,2,1292.555556,DDoS
3,4,14713.84749,8.858427148,790208,0,0,0,1453.375,1,1661,DDoS
2,2,2000000,24691.3580246914,162,0,0,0,70.8,1,88.5,BENIGN
2,2,6165.0495479653,82.7523429257,48337,0,0,0,67.6,1,84.5,BENIGN
13,9,6178.2987036051,19.5347185225,1126200,0,0,0,302.5217391304,0,316.2727272727,BENIGN
4,0,2.250609704,0.375101617,10663777,0,0,1,6,0,7.5,DDoS
2,0,1800.7202881153,300.1200480192,6664,0,0,1,6,0,9,BENIGN
3,4,17958.50694,10.80628802,647771,0,0,0,1454.125,1,1661.857143,DDoS
3,5,6373.310659,4.382918015,1825268,0,0,0,1292.555556,1,1454.125,DDoS
2,0,0,500000,4,0,0,1,0,0,0,BENIGN
5,0,46.44171333,7.740285555,645971,0,0,1,6,0,7.2,DDoS
2,2,705234.159779614,11019.2837465565,363,0,0,0,57.8,1,72.25,BENIGN
2,2,5841.8797870959,129.8195508244,30812,0,0,0,41.8,1,52.25,BENIGN
2,2,12107.260092936,85.2623950207,46914,0,0,0,119.4,1,149.25,BENIGN
3,4,21276.3001604579,48.6236046762,143963,0,0,0,382.875,1,437.5714285714,BENIGN
8,5,145.2928525,0.162032005,80231063,0,0,1,833.0714286,0,897.1538462,DDoS
3,0,6.823870193,0.5532867724,5422143,0,0,1,9.25,0,12.3333333333,BENIGN
55,68,953.0618281539,1.0633280862,115674552,0,0,0,889.0725806452,1,896.3008130081,BENIGN
4,0,3.082535267,0.513755878,7785799,0,0,1,6,0,7.5,DDoS
2,2,1867549.66887417,26490.0662251656,151,0,0,0,66.8,1,83.5,BENIGN
2,2,4369.176764942,74.6867823067,53557,0,0,0,53,1,66.25,BENIGN
2,0,12333333.3333333,666666.666666667,3,0,1,1,24.6666666667,0,37,BENIGN
9,4,164.8669854,0.183766682,70741877,0,0,1,833.5,0,897.6153846,DDoS
1,1,413793.103448276,68965.5172413793,29,0,0,1,6,1,9,BENIGN
2,2,7021.6500877706,167.1821449469,23926,0,0,0,40.4,1,50.5,BENIGN
2,2,1593406.59340659,21978.021978022,182,0,0,0,66.6,1,83.25,BENIGN
3,6,6310.984574,4.882563498,1843294,0,0,0,1163.3,2,1292.555556,DDoS
1,1,266666.666666667,44444.4444444444,45,0,0,1,6,1,9,BENIGN
3,6,162010.3947,125.4058272,71767,0,0,0,1162.7,2,1291.888889,DDoS
2,2,2103896.1038961,25974.025974026,154,0,0,0,75.2,1,94,BENIGN
8,4,144.3180214,0.148488061,80814578,0,0,1,897.6153846,0,972.4166667,DDoS
1,1,280.4721280823,46.7453546804,42785,0,0,1,6,1,9,BENIGN
3,4,7163.192269,4.312578127,1623159,0,0,0,1453.375,1,1661,DDoS
4,0,9.449827127,1.574971188,2539729,0,0,1,6,0,7.5,DDoS
2,2,2125560.53811659,17937.2197309417,223,0,0,0,100.8,1,126,BENIGN
4,0,7.928770568,1.321461761,3026951,0,0,1,6,0,7.5,DDoS
4,2,8303.1485093341,83.5887433826,71780,0,0,0,90.1428571429,0,105.1666666667,BENIGN
8,5,141.8756038,0.158221056,82163527,0,0,1,833.0714286,0,897.1538462,DDoS
2,2,2.9958676651,0.0417542532,95798624,0,0,0,66.2,1,82.75,BENIGN
2,0,4000000,666666.666666667,3,1,0,0,6,0,9,BENIGN
5,0,14.66396068,2.443993446,2045832,0,0,1,6,0,7.2,DDoS
3,4,3666.4943339808,19.5620886722,357835,0,0,0,164,1,187.4285714286,BENIGN
4,0,375.6574005,62.60956674,63888,0,0,1,6,0,7.5,DDoS
9,9,4002.5281033875,16.3220448258,1102803,0,0,0,232.3157894737,1,245.2222222222,BENIGN
13,16,222.1267999256,0.2707383347,107114495,0,1,1,893,1,923.7931034483,BENIGN
8,5,115.4547052,0.128756212,100966002,0,0,1,833.0714286,0,897.1538462,DDoS
2,2,10.7193323007,0.1211223989,33024445,0,0,0,80.4,1,100.5,BENIGN
3,0,0,2138.2751247327,1403,0,0,1,0,0,0,BENIGN
2,0,4000000,666666.666666667,3,0,0,1,6,0,9,BENIGN
1,1,5700.9927590839,65.5286524033,30521,0,0,0,75.6666666667,1,113.5,BENIGN
12,10,62.9739459985,0.3620137998,60771164,0,0,0,166.3913043478,0,173.9545454545,BENIGN
1,1,0,12195.1219512195,164,0,0,1,0,1,0,BENIGN
3,7,14361.67913,12.35200751,809585,0,0,0,1057,2,1162.7,DDoS
2,2,1207920.79207921,19801.9801980198,202,0,0,0,55.4,1,69.25,BENIGN
1,1,0,30769.2307692308,65,0,0,1,0,1,0,BENIGN
3,5,15490.87295,10.65855196,750571,0,0,0,1291.888889,1,1453.375,DDoS
4,2,7714.6171693736,174.0139211137,34480,0,0,0,43.5714285714,0,50.8333333333,BENIGN
4,0,2.046780185,0.341130031,11725734,0,0,1,6,0,7.5,DDoS
2,2,1439252.3364486,18691.5887850467,214,0,0,0,70.2,1,87.75,BENIGN
3,0,0,0.3332535006,9002156,0,0,0,0,0,0,BENIGN
5,0,6.180647979,1.030107997,4853860,0,0,1,6,0,7.2,DDoS
3,5,96609.08509,66.47223538,120351,0,0,0,1291.888889,1,1453.375,DDoS
3,5,6508.361619,4.475792397,1787393,0,0,0,1292.555556,1,1454.125,DDoS
4,0,2.320038706,0.386673118,10344655,0,0,1,6,0,7.5,DDoS
2,2,10533.9225659412,55.5879818783,71958,0,0,0,158.4,1,198,BENIGN
2,2,1846153.84615385,21978.021978022,182,0,0,0,74.4,1,93,BENIGN
5,0,4.904503593,0.817417266,6116827,0,0,1,6,0,7.2,DDoS
2,2,6071.009881092,83.7380673254,47768,0,0,0,66.4,1,83,BENIGN
8,5,117.7138217,0.131275601,99028303,0,0,1,833.0714286,0,897.1538462,DDoS
1,2,0,93.946700905,31933,0,0,1,0,2,0,BENIGN
2,2,5.9566637865,0.07516295,53217709,0,0,0,72.6,1,90.75,BENIGN
1,1,0,40816.3265306122,49,0,0,1,0,1,0,BENIGN
4,2,6823.3634589204,49.2069480211,121934,0,0,0,125.2857142857,0,146.1666666667,BENIGN
2,2,1054054.05405405,18018.018018018,222,0,0,0,55,1,68.75,BENIGN
8,5,123.4970354,0.137654245,94439514,0,0,1,833.5,0,897.6153846,DDoS
2,0,4000000,666666.666666667,3,0,0,1,6,0,9,BENIGN
1,1,0,27027.027027027,74,0,0,1,0,1,0,BENIGN
3,4,10269.93336,6.179793136,1132724,0,0,0,1454.125,1,1661.857143,DDoS
2,2,4117.6111755017,30.5008235222,131144,0,0,0,118.2,1,147.75,BENIGN
7,7,61.2255077811,0.3892629923,35965402,0,0,0,146.8,1,157.2857142857,BENIGN
4,2,7551.1432009627,90.2527075812,66480,0,0,0,77.5714285714,0,90.5,BENIGN
2,0,3000000,500000,4,1,0,0,6,0,9,BENIGN
2,0,7750000,500000,4,0,1,1,20.6666666667,0,31,BENIGN
6,5,248.6862986858,2.8056915749,3920602,0,0,0,81.25,0,88.6363636364,BENIGN
16,14,20.1756925283,0.2597728652,115485503,0,0,0,75.1612903226,0,77.6666666667,BENIGN
1,1,0,9661.8357487923,207,0,0,1,0,1,0,BENIGN
2,2,1622377.62237762,27972.027972028,143,0,0,0,56.4,1,70.5,BENIGN
4,0,11.76481546,1.960802576,2039981,0,0,1,6,0,7.5,DDoS
4,0,4.158826989,0.693137831,5770858,0,0,1,6,0,7.5,DDoS
5,0,20.39323597,3.398872662,1471076,0,0,1,6,0,7.2,DDoS
3,6,10254.93198,7.933842333,1134381,0,0,0,1163.3,2,1292.555556,DDoS
4,0,2.396951078,0.399491846,10012720,0,0,1,6,0,7.5,DDoS
7,4,76.8931919912,1.8508208138,5943309,0,0,0,38.0833333333,0,41.5454545455,BENIGN
2,2,1693430.65693431,29197.0802919708,137,0,0,0,56.4,1,70.5,BENIGN
2,0,0,7142.8571428572,280,0,0,1,0,0,0,BENIGN
2,2,1367647.05882353,14705.8823529412,272,0,0,0,83,1,103.75,BENIGN
9,9,2036.5965419111,5.711863159,3151336,0,0,0,337.7894736842,1,356.5555555556,BENIGN
3,0,7051.8653321201,682.4385805278,4396,0,0,1,7.75,0,10.3333333333,BENIGN
3,4,155853.7305,93.83126458,74602,0,0,0,1453.375,1,1661,DDoS
2,6,16319.70386,11.23462962,712084,0,0,0,1291.222222,3,1452.625,DDoS
8,6,151.7015975,0.182192877,76841643,0,0,1,777.5333333,0,833.0714286,DDoS
3,6,8694.709778,6.726759047,1337940,0,0,0,1163.3,2,1292.555556,DDoS
3,6,14037.51382,10.86027889,828708,0,0,0,1163.3,2,1292.555556,DDoS
1,1,5185.0920746653,62.849600905,31822,0,0,0,73.3333333333,1,110,BENIGN
1,1,7168.6923653426,65.169930594,30689,0,0,0,88.6666666667,1,133,BENIGN
3,4,9026.431055,5.434335373,1288106,0,0,0,1453.375,1,1661,DDoS
3,4,9345.170925,5.626231743,1244172,0,0,0,1453.375,1,1661,DDoS
5,0,4.30662294,0.71777049,6966015,0,0,1,6,0,7.2,DDoS
3,6,53584.84305,41.4779038,216983,0,0,0,1162.7,2,1291.888889,DDoS
3,4,27717.3798315425,147.7697325368,47371,0,0,0,164.125,1,187.5714285714,BENIGN
2,2,3966703.66259711,4439.5116537181,901,0,0,0,1009.2,1,1261.5,BENIGN
1,1,522.4660397074,87.0776732846,22968,0,0,1,6,1,9,BENIGN
26,24,140.8149951612,0.4257573779,117437777,0,0,0,324.2549019608,0,330.74,BENIGN
2,2,719764.01179941,11799.4100294985,339,0,0,0,55.4,1,69.25,BENIGN
2,2,2445414.84716157,17467.2489082969,229,0,0,0,120.8,1,151,BENIGN
3,3,0.1995886434,0.0665295478,90185492,0,0,1,3.4285714286,1,4,BENIGN
1,1,5728.4013714091,42.5903447688,46959,0,0,0,112.6666666667,1,169,BENIGN
8,6,141.8489064,0.170359843,82178991,0,0,1,777.5333333,0,833.0714286,DDoS
3,4,248101.8598,149.2919297,46888,0,0,0,1454.125,1,1661.857143,DDoS
3,4,47182.90426,28.40632406,246424,0,0,0,1453.375,1,1661,DDoS
3,4,107924.8154,64.94229413,107788,0,0,0,1454.125,1,1661.857143,DDoS
2,2,1943319.83805668,16194.3319838057,247,0,0,0,107.2,1,134,BENIGN
5,0,13.42310707,2.237184512,2234952,0,0,1,6,0,7.2,DDoS
2,2,2164251.20772947,19323.6714975845,207,0,0,0,96.4,1,120.5,BENIGN
5,0,9.163108835,1.527184806,3273998,0,0,1,6,0,7.2,DDoS
8,6,143.0927821,0.171765322,81506557,0,0,1,777.9333333,0,833.5,DDoS
5,0,8.928653806,1.488108968,3359969,0,0,1,6,0,7.2,DDoS
4,4,14873.3441784801,232.3960027888,34424,0,0,0,62.4444444444,1,70.25,BENIGN
3,6,57773.3389,44.72005247,201252,0,0,0,1162.7,2,1291.888889,DDoS
11,9,81.6138778201,0.2215661133,90266511,0,0,0,350.8095238095,0,368.35,BENIGN
3,6,262840.2206,203.4542002,44236,0,0,0,1162.7,2,1291.888889,DDoS
1,1,2990.0551756038,33.0392837083,60534,0,0,0,81.6666666667,1,122.5,BENIGN
6,10,3024.3698663402,27.1700830216,588883,0,0,0,104.7647058824,1,111.3125,BENIGN
3,5,11871.75282,8.164190026,979889,0,0,0,1292.555556,1,1454.125,DDoS
4,0,5.312334266,0.885389044,4517788,0,0,1,6,0,7.5,DDoS
3,4,6341.015413,3.817589051,1833618,0,0,0,1453.375,1,1661,DDoS
11,6,15180.4678453965,120.7617938099,140773,0,0,0,118.7222222222,0,125.7058823529,BENIGN
9,6,121.5820351,0.156368904,95927001,0,0,1,729.3125,0,777.9333333,DDoS
3,4,41932.3731607926,108.8748561297,64294,0,0,0,337,1,385.1428571429,BENIGN
1,3,558139.534883721,93023.2558139535,43,0,0,1,6,3,7.5,BENIGN
5,0,3.021890271,0.503648378,9927561,0,0,1,6,0,7.2,DDoS
2,0,4000000,666666.666666667,3,0,0,1,6,0,9,BENIGN
2,2,9298.7462724853,128.2585692757,31187,0,0,0,66.6,1,83.25,BENIGN
1,1,0,38461.5384615385,52,0,0,1,0,1,0,BENIGN
2,2,394849.785407725,17167.3819742489,233,0,0,0,23,1,28.75,BENIGN
6,6,71.8549946874,0.9666591214,12413890,0,0,0,71.3076923077,1,77.25,BENIGN
1,1,0,60606.0606060606,33,0,0,1,0,1,0,BENIGN
1,1,400000,66666.6666666667,30,0,0,1,6,1,9,BENIGN
3,5,6870.865181,4.725085657,1693091,0,0,0,1292.555556,1,1454.125,DDoS
7,7,133291.07088352,328.7079429927,42591,0,0,0,378.4666666667,1,405.5,BENIGN
2,2,7449.1048376857,169.2978372201,23627,0,0,0,42.4,1,53,BENIGN
2,2,1699.8370989447,28.3306183157,141190,0,0,0,55.2,1,69,BENIGN
9,5,130.3648796,0.156406574,89510304,0,0,1,778.3333333,0,833.9285714,DDoS
4,0,2.962503226,0.493750538,8101257,0,0,1,6,0,7.5,DDoS
3,6,27312.6615,21.14164905,425700,0,0,0,1162.7,2,1291.888889,DDoS
5,0,9.481827603,1.580304601,3163947,0,0,1,6,0,7.2,DDoS
8,4,161.9443007,0.166709411,71981539,0,0,1,897.1538462,0,971.9166667,DDoS
2,2,1653061.2244898,20408.1632653061,196,0,0,0,70.8,1,88.5,BENIGN
5,0,10.39863875,1.733106458,2884993,0,0,1,6,0,7.2,DDoS
2,6,6362.730965,4.380160719,1826417,0,0,0,1291.222222,3,1452.625,DDoS
2,2,1566666.66666667,16666.6666666667,240,0,0,0,82.8,1,103.5,BENIGN
2,2,1370629.37062937,27972.027972028,143,0,0,0,47.4,1,59.25,BENIGN
5,0,3.038779075,0.506463179,9872386,0,0,1,6,0,7.2,DDoS
7,6,1151.69766,1.284384454,10121580,0,0,1,833.0714286,0,897.1538462,DDoS
3,4,20813.56757,12.53074508,558626,0,0,0,1453.375,1,1661,DDoS
1,1,4900.3377259784,33.1103900404,60404,0,0,0,115.3333333333,1,173,BENIGN
4,2,7335.5263157895,98.6842105263,60800,0,0,0,69,0,80.5,BENIGN
3,6,21586.6854,16.70077956,538897,0,0,0,1163.3,2,1292.555556,DDoS
12,7,3479.8520848646,9.0447591809,2100664,0,0,0,365.5,0,384.7368421053,BENIGN
2,2,1819354.83870968,25806.4516129032,155,0,0,0,64,1,80,BENIGN
3,6,342701.4288,265.1347768,33945,0,0,0,1163.3,2,1292.555556,DDoS
18,15,11.6911005351,0.2845179334,115985659,0,0,0,39.8823529412,0,41.0909090909,BENIGN
2,2,1764.797014664,26.9434658727,148459,0,0,0,58.8,1,73.5,BENIGN
5,0,7.91781101,1.319635168,3788926,0,0,1,6,0,7.2,DDoS
2,0,55045.871559633,9174.3119266055,218,0,0,1,6,0,9,BENIGN
7,0,0,0.1108514829,63147554,0,0,0,0,0,0,BENIGN
2,2,1361702.12765957,17021.2765957447,235,0,0,0,70.4,1,88,BENIGN
2,2,508287.29281768,22099.4475138122,181,0,0,0,23,1,28.75,BENIGN
2,2,2466666.66666667,16666.6666666667,240,0,0,0,135.2,1,169,BENIGN
4,0,3.944823102,0.657470517,6083923,0,0,1,6,0,7.5,DDoS
2,0,4000000,666666.666666667,3,0,0,1,6,0,9,BENIGN
3,6,796097.227,616.2273194,14605,0,0,0,1162.7,2,1291.888889,DDoS
5,0,7.455399934,1.242566656,4023929,0,0,1,6,0,7.2,DDoS
2,2,9354.9015786396,129.9291885922,30786,0,0,0,66.4,1,83,BENIGN
3,6,6474.439967,5.01160744,1795831,0,0,0,1162.7,2,1291.888889,DDoS
2,2,2660.6425702811,50.2008032129,79680,0,0,0,49.8,1,62.25,BENIGN
4,0,2.5948241674,0.2805215316,14259155,0,0,1,7.4,0,9.25,BENIGN
6,6,32634.4374625028,94.7298620102,126676,0,0,0,318,1,344.5,BENIGN
1,1,0,666666.666666667,3,0,0,1,0,1,0,BENIGN
3,6,80583.82228,62.34457152,144359,0,0,0,1163.3,2,1292.555556,DDoS
3,8,280110.7633,264.8687696,41530,0,0,0,969.4166667,2,1057.545455,DDoS
1,2,0,61224.4897959184,49,0,0,1,0,2,0,BENIGN
3,6,6819.570109,5.27603636,1705826,0,0,0,1163.3,2,1292.555556,DDoS
4,0,11.75890713,1.959817855,2041006,0,0,1,6,0,7.5,DDoS
4,0,406.3870498,67.73117497,59057,0,0,1,6,0,7.5,DDoS
2,2,6676.4236733486,65.7775731364,60811,0,0,0,88.4,1,110.5,BENIGN
2,0,4000000,666666.666666667,3,0,0,1,6,0,9,BENIGN
3,6,13128.4188,10.15694741,886093,0,0,0,1163.3,2,1292.555556,DDoS
3,6,229960.2665,177.9113211,50587,0,0,0,1163.3,2,1292.555556,DDoS
5,0,4.239781702,0.706630284,7075836,0,0,1,6,0,7.2,DDoS
4,0,2.406052666,0.401008778,9974844,0,0,1,6,0,7.5,DDoS
5,0,3.173955285,0.528992547,9451929,0,0,1,6,0,7.2,DDoS
1,1,0,83333.3333333333,24,0,0,1,0,1,0,BENIGN
1,1,0,24691.3580246914,81,0,0,1,0,1,0,BENIGN
3,5,27039.90554,18.59531026,430216,0,0,0,1292.555556,1,1454.125,DDoS
8,5,128.2457935,0.142947382,90942554,0,0,1,833.5,0,897.6153846,DDoS
2,2,1263157.89473684,16194.3319838057,247,0,0,0,70.8,1,88.5,BENIGN
3,6,23223.64008,17.96722778,500912,0,0,0,1163.3,2,1292.555556,DDoS
2,2,1484949.83277592,13377.9264214047,299,0,0,0,98.2,1,122.75,BENIGN
5,1,32.8406586787,1.1659405448,5146060,0,1,1,30.7142857143,0,35.8333333333,BENIGN
3,4,18748.56964,11.28169754,620474,0,0,0,1454.125,1,1661.857143,DDoS
18,19,52.1891116773,0.3140854151,117802350,0,0,0,161.7894736842,1,166.1621621622,BENIGN
1,1,1550.7883173947,23.4967926878,85118,0,0,0,63.3333333333,1,95,BENIGN
8,8,41.830957561,0.3677446819,43508447,0,0,0,107.0588235294,1,113.75,BENIGN
2,2,5996.2364048098,127.5794979747,31353,0,0,0,45.4,1,56.75,BENIGN
3,0,7750000,750000,4,0,0,1,7.75,0,10.3333333333,BENIGN
10,7,1073.4879155932,3.3210727143,5118828,0,0,0,305.2777777778,0,323.2352941176,BENIGN
3,4,342016.2879,205.8036633,34013,0,0,0,1454.125,1,1661.857143,DDoS
2,2,3467.4063800277,55.4785020804,72100,0,0,0,57.4,1,71.75,BENIGN
8,4,126.1423951,0.129854057,92411437,0,0,1,897.1538462,0,971.9166667,DDoS
2,2,2084210.52631579,21052.6315789474,190,0,0,0,86.2,1,107.75,BENIGN
8,6,161.3535482,0.193784822,72245080,0,0,1,777.5333333,0,833.0714286,DDoS
17,15,111.2339244031,0.4670015194,68522261,0,0,0,230.9696969697,0,238.1875,BENIGN
2,0,12000000,2000000,1,0,0,1,6,0,9,BENIGN
2,0,43321.2996389892,7220.2166064982,277,0,0,1,6,0,9,BENIGN
2,2,1625806.4516129,25806.4516129032,155,0,0,0,59.8,1,74.75,BENIGN
1,1,4059.0221749039,33.2706735648,60113,0,0,0,100.6666666667,1,151,BENIGN
8,6,883.2451929696,2.4554076056,5701701,0,0,0,335.7333333333,0,359.7142857143,BENIGN
5,0,16.15547164,2.692578607,1856956,0,0,1,6,0,7.2,DDoS
2,2,8649.2813942902,130.064381869,30754,0,0,0,60,1,75,BENIGN
1,1,236.8804096784,6.2336949915,320837,0,0,0,38,1,57,BENIGN
3,5,108937.5012,74.91618752,106786,0,0,0,1292.555556,1,1454.125,DDoS
4,0,2.106799273,0.351133212,11391688,0,0,1,6,0,7.5,DDoS
3,6,6702.704198,5.188297737,1734673,0,0,0,1162.7,2,1291.888889,DDoS
13,14,81.0235694171,0.4144035564,65153881,0,0,0,188.5357142857,1,195.5185185185,BENIGN
4,0,0,53.7013666998,74486,0,0,1,0,0,0,BENIGN
3,4,10065.22006,6.059735138,1155166,0,0,0,1453.375,1,1661,DDoS
8,6,1112.496735,1.336103139,10478233,0,0,1,777.5333333,0,833.0714286,DDoS
3,0,5769.2307692308,961.5384615385,3120,0,0,1,6,0,8,BENIGN
5,0,3.316852263,0.55280871,9044720,0,0,1,6,0,7.2,DDoS
4,0,4.631486155,0.771914359,5181922,0,0,1,6,0,7.5,DDoS
17,32,1023.7993532564,0.9346281939,52427265,0,0,0,1073.5,1,1095.4081632653,BENIGN
2,2,13841.7256880437,129.3619223182,30921,0,0,0,98.8,1,123.5,BENIGN
3,0,12250000,750000,4,0,0,1,13.75,0,18.3333333333,BENIGN
3,4,259531.25,156.25,44800,0,0,0,1453.375,1,1661,DDoS
3,4,59876.88,36.03010058,194282,0,0,0,1454.125,1,1661.857143,DDoS
2,0,18.0026898736,0.3396733938,5888009,0,1,1,53,0,79.5,BENIGN
1,3,216867.469879518,48192.7710843374,83,0,0,1,3.6,3,4.5,BENIGN
2,0,235294.117647059,39215.6862745098,51,0,0,1,6,0,9,BENIGN
2,2,1746835.44303797,25316.4556962025,158,0,0,0,64,1,80,BENIGN
2,2,1816425.12077295,19323.6714975845,207,0,0,0,84.4,1,105.5,BENIGN
2,2,6659.5704031224,109.1732852971,36639,0,0,0,55.2,1,69,BENIGN
8,6,1457.211158,1.750103475,7999527,0,0,1,777.5333333,0,833.0714286,DDoS
3,6,150299.0995,116.2805721,77399,0,0,0,1163.3,2,1292.555556,DDoS
8,5,128.2291188,0.142928796,90954380,0,0,1,833.5,0,897.6153846,DDoS
8,5,131.609095,0.146771745,88572906,0,0,1,833.0714286,0,897.1538462,DDoS
3,4,26652.33228,16.04595562,436247,0,0,0,1453.375,1,1661,DDoS
3,6,6235.397095,4.824084402,1865639,0,0,0,1163.3,2,1292.555556,DDoS
3,4,8190.609631,4.928588276,1420285,0,0,0,1454.125,1,1661.857143,DDoS
4,0,3.307222354,0.551203726,7256845,0,0,1,6,0,7.5,DDoS
3,4,25809.01374,15.53022403,450734,0,0,0,1454.125,1,1661.857143,DDoS
2,0,9250000,500000,4,0,1,1,24.6666666667,0,37,BENIGN
8,5,162.2814024,0.180884698,71868987,0,0,1,833.5,0,897.6153846,DDoS
13,11,6342.0860964395,26.2069673407,915787,0,0,0,232.32,0,242,BENIGN
8,6,809.9096968441,2.7615040808,5069701,0,0,0,273.7333333333,0,293.2857142857,BENIGN
3,4,27011.4587833529,144.0062539859,48609,0,0,0,164.125,1,187.5714285714,BENIGN
4,0,4.986802635,0.831133772,4812703,0,0,1,6,0,7.5,DDoS
4,0,1.987641343,0.331273557,12074613,0,0,1,6,0,7.5,DDoS
5,0,5.818582419,0.969763736,5155895,0,0,1,6,0,7.2,DDoS
3,1,563218.390804598,45977.0114942529,87,0,0,1,11,0,13.75,BENIGN
2,0,12000000,2000000,1,1,0,0,6,0,9,BENIGN
30,28,205.2710008753,0.5314103754,109143522,0,0,0,379.7288135593,0,386.275862069,BENIGN
9,5,155.8104749,0.186935183,74892269,0,0,1,778.3333333,0,833.9285714,DDoS
2,2,5000.5208875925,69.4516789943,57594,0,0,0,66,1,82.5,BENIGN
1,1,3412.3100695339,42.9221392394,46596,0,0,0,66.6666666667,1,100,BENIGN
8,4,144.4423463,0.148615978,80745019,0,0,1,897.6153846,0,972.4166667,DDoS
10,4,15539.8775872541,130.822781853,107015,0,0,0,110.8666666667,0,118.7857142857,BENIGN
3,5,6324.389593,4.349275057,1839387,0,0,0,1292.555556,1,1454.125,DDoS
3,5,53752.55425,36.98464213,216306,0,0,0,1291.888889,1,1453.375,DDoS
8,7,164.7544527,0.211893749,70790196,0,0,1,729.3125,0,777.9333333,DDoS
1,1,1196.8132614055,17.8628844986,111964,0,0,0,59,1,88.5,BENIGN
4,0,2.047998427,0.341333071,11718759,0,0,1,6,0,7.5,DDoS
3,5,115952.2907,79.78139897,100274,0,0,0,1291.888889,1,1453.375,DDoS
3,1,2.0693173012,0.6897724337,5799014,0,0,0,2.4,0,3,BENIGN
1,1,2293.9537932165,32.7707684745,61030,0,0,0,64.6666666667,1,97,BENIGN
3,6,58928.11914,45.59039562,197410,0,0,0,1163.3,2,1292.555556,DDoS
10,6,970.2955756499,2.8242185211,5665284,0,0,0,323.3529411765,0,343.5625,BENIGN
5,0,1674.294006,279.049001,17918,0,0,1,6,0,7.2,DDoS
3,5,14606.52702,10.0500745,796014,0,0,0,1291.888889,1,1453.375,DDoS
2,0,454.5626728285,75.7604454714,26399,0,0,1,6,0,9,BENIGN
5,0,2.492143518,0.415357253,12037830,0,0,1,6,0,7.2,DDoS
3,5,13006.75676,8.949346698,893920,0,0,0,1291.888889,1,1453.375,DDoS
4,0,15.97887593,2.663145988,1501983,0,0,1,6,0,7.5,DDoS
2,2,1577689.24302789,15936.2549800797,251,0,0,0,86.2,1,107.75,BENIGN
2,2,21387.2591852869,166.4378146715,24033,0,0,0,110.4,1,138,BENIGN
2,3,182.619291902,16.6017538093,301173,0,0,1,9.1666666667,1,11,BENIGN
7,7,444.6963666261,1.267457071,11045739,0,0,0,327.4666666667,1,350.8571428571,BENIGN
3,4,6166.246413,3.710455162,1886561,0,0,0,1454.125,1,1661.857143,DDoS
180,0,0,1.5719733775,114505756,0,0,0,0,0,0,BENIGN
3,5,6348.452725,4.365823244,1832415,0,0,0,1292.555556,1,1454.125,DDoS
2,2,3645.2400325468,65.0935720098,61450,0,0,0,53,1,66.25,BENIGN
3,5,6175.631499,4.246974296,1883694,0,0,0,1292.555556,1,1454.125,DDoS
5,0,4.171905305,0.695317551,7190959,0,0,1,6,0,7.2,DDoS
9,11,103.2879506072,0.4337096393,46113801,0,0,0,226.8095238095,1,238.15,BENIGN
3,5,175393.8937,120.6181681,66325,0,0,0,1292.555556,1,1454.125,DDoS
4,0,2.396706446,0.399451074,10013742,0,0,1,6,0,7.5,DDoS
5,0,3.131601808,0.521933635,9579762,0,0,1,6,0,7.2,DDoS
3,3,8.0956654707,0.061099362,98200698,0,0,0,121.7142857143,1,142,BENIGN
1,1,0,34482.7586206897,58,0,0,1,0,1,0,BENIGN
3,4,9547.892947,5.745315106,1218384,0,0,0,1454.125,1,1661.857143,DDoS
5,0,7.305797296,1.217632883,4106328,0,0,1,6,0,7.2,DDoS
16,14,15.6892317266,0.2604742401,115174537,0,0,0,58.2903225806,0,60.2333333333,BENIGN
3,6,290696.8023,225.0168763,39997,0,0,0,1162.7,2,1291.888889,DDoS
43,61,550546.478497017,578.7552310569,179696,0,0,0,942.2,1,951.2596153846,BENIGN
1,1,375000,62500,32,0,0,1,6,1,9,BENIGN
3,4,6318.856899,3.804248585,1840048,0,0,0,1453.375,1,1661,DDoS
4,0,2.400665945,0.400110991,9997226,0,0,1,6,0,7.5,DDoS
5,0,2.71107553,0.451845922,11065719,0,0,1,6,0,7.2,DDoS
4,0,4.072648584,0.678774764,5892971,0,0,1,6,0,7.5,DDoS
1,1,3743.7194180815,65.6792880365,30451,0,0,0,54.3333333333,1,81.5,BENIGN
5,0,7.49007752,1.248346253,4005299,0,0,1,6,0,7.2,DDoS
2,2,1241379.31034483,15325.6704980843,261,0,0,0,70.8,1,88.5,BENIGN
4,0,1.982054479,0.330342413,12108648,0,0,1,6,0,7.5,DDoS
5,0,5.15120327,0.858533878,5823882,0,0,1,6,0,7.2,DDoS
1,1,0,57142.8571428571,35,0,0,1,0,1,0,BENIGN
3,5,7157.905877,4.922483196,1625196,0,0,0,1292.555556,1,1454.125,DDoS
6,6,222.7322746548,3.4532135605,3475024,0,0,0,62.1538461538,1,67.3333333333,BENIGN
10,5,17534.3008569023,247.6596166229,60567,0,0,0,66.375,0,70.8,BENIGN
3,4,12815.16007,7.711348792,907753,0,0,0,1454.125,1,1661.857143,DDoS
2,2,16471.7509471257,164.7175094713,24284,0,0,0,87.2,1,109,BENIGN
1,1,0,9803.9215686275,204,0,0,1,0,1,0,BENIGN
2,2,6031.7268834067,80.4230251121,49737,0,0,0,69,1,86.25,BENIGN
2,2,68.4564217828,22.8188072609,175294,1,0,0,3.6,1,4.5,BENIGN
3,5,44568.31983,30.64957953,261015,0,0,0,1292.555556,1,1454.125,DDoS
10,6,5593.2812621435,38.8590969146,411744,0,0,0,135.4705882353,0,143.9375,BENIGN
2,2,5074.6879476161,81.8498056067,48870,0,0,0,57.2,1,71.5,BENIGN
2,2,9523.8095238095,126.9841269841,31500,0,0,0,69.4,1,86.75,BENIGN
4,0,5.370706288,0.895117715,4468686,0,0,1,6,0,7.5,DDoS
10,8,21508.6870464042,87.9700901693,204615,0,0,0,231.6315789474,0,244.5,BENIGN
3,6,7311.799571,5.656855166,1590990,0,0,0,1163.3,2,1292.555556,DDoS
2,0,0,666666.666666667,3,0,0,1,0,0,0,BENIGN
4,0,2.548105038,0.424684173,9418764,0,0,1,6,0,7.5,DDoS
8,6,601.9313826497,1.9791074112,7073896,0,0,0,283.8666666667,0,304.1428571429,BENIGN
3,4,417171.9709,251.1571167,27871,0,0,0,1453.375,1,1661,DDoS
8,4,160.3305166,0.165048143,72706059,0,0,1,897.1538462,0,971.9166667,DDoS
3,6,11961.60189,9.259002065,972027,0,0,0,1162.7,2,1291.888889,DDoS
2,2,15574.3436526604,127.1374992054,31462,0,0,0,104.8,1,131,BENIGN
5,0,3.431665026,0.571944171,8742112,0,0,1,6,0,7.2,DDoS
4,0,3.974447614,0.662407936,6038575,0,0,1,6,0,7.5,DDoS
3,3,5.1962151516,0.0622301216,96416331,0,0,0,78.7142857143,1,91.8333333333,BENIGN
5,0,337.0104923,56.16841538,89018,0,0,1,6,0,7.2,DDoS
1,1,602.9995361542,10.3076843787,194030,0,0,0,52.6666666667,1,79,BENIGN
7,10,6938.9276337267,15.7219471909,1081291,0,0,0,416.8333333333,1,441.3529411765,BENIGN
3,5,139912.2016,96.21745144,83145,0,0,0,1292.555556,1,1454.125,DDoS
3,5,59103.26432,40.64524324,196825,0,0,0,1292.555556,1,1454.125,DDoS
1,1,315789.47368421,52631.5789473684,38,0,0,1,6,1,9,BENIGN
3,5,12857.44459,8.846611914,904301,0,0,0,1291.888889,1,1453.375,DDoS
1,1,4356.8916690007,62.2413095572,32133,0,0,0,65.3333333333,1,98,BENIGN
8,4,141.8695369,0.145968828,82209333,0,0,1,897.6153846,0,972.4166667,DDoS
2,2,1181818.18181818,15151.5151515152,264,0,0,0,70.8,1,88.5,BENIGN
3,6,6768.247592,5.236330124,1718761,0,0,0,1163.3,2,1292.555556,DDoS
3,6,309204.0529,239.3426056,37603,0,0,0,1162.7,2,1291.888889,DDoS
8,6,133.1876439,0.159957709,87523134,0,0,1,777.5333333,0,833.0714286,DDoS
3,2,228.9581133851,63.5994759403,78617,1,0,0,4,0,4.8,BENIGN
4,2,5246.6223572473,62.212913327,96443,0,0,0,77.1428571429,0,90,BENIGN
2,2,6456.1230364339,82.2436055597,48636,0,0,0,71.8,1,89.75,BENIGN
3,6,447664.1268,346.3403371,25986,0,0,0,1163.3,2,1292.555556,DDoS
9,5,114.4257886,0.137354115,101926324,0,0,1,777.9333333,0,833.5,DDoS
4,0,584.8950844,97.48251407,41033,0,0,1,6,0,7.5,DDoS
3,5,17705.48592,12.1760412,657028,0,0,0,1292.555556,1,1454.125,DDoS
5,0,2.674822855,0.445803809,11215696,0,0,1,6,0,7.2,DDoS
3,5,6476.897414,4.454154501,1796076,0,0,0,1292.555556,1,1454.125,DDoS
8,6,735.3212520143,2.3918442212,5853224,0,0,0,286.9333333333,0,307.4285714286,BENIGN
9,6,164.9313726,0.212012219,70750639,0,0,1,729.6875,0,778.3333333,DDoS
5,0,3.825144973,0.637524162,7842840,0,0,1,6,0,7.2,DDoS
4,0,6.034869476,1.005811579,3976888,0,0,1,6,0,7.5,DDoS
3,5,9423.874247,6.480786897,1234418,0,0,0,1292.555556,1,1454.125,DDoS
8,4,144.1681759,0.148410235,80856957,0,0,1,897.1538462,0,971.9166667,DDoS
1,1,2197.0094438615,32.7911857293,60992,0,0,0,61.6666666667,1,92.5,BENIGN
1,1,2178.1773108536,24.0682575785,83097,0,0,0,81.6666666667,1,122.5,BENIGN
2,1,87378.640776699,14563.1067961165,206,0,0,1,6,0,8,BENIGN
2,0,0,666666.666666667,3,0,0,1,0,0,0,BENIGN
3,1,5233.7528898022,128.4356537375,31144,0,0,1,33.8,0,42.25,BENIGN
3,4,11229.9324270889,61.5098020263,113803,0,0,0,159.75,1,182.5714285714,BENIGN
6,3,139.6840372246,1.6179618211,5562554,0,0,0,77.7,0,86.3333333333,BENIGN
11,6,23130.4796286746,146.123431322,116340,0,0,0,149.5,0,158.2941176471,BENIGN
2,2,2361702.12765957,21276.5957446809,188,0,0,0,98.2,1,122.75,BENIGN
5,0,14.50669266,2.41778211,2068011,0,0,1,6,0,7.2,DDoS
3,5,27696.498,19.0468481,420017,0,0,0,1292.555556,1,1454.125,DDoS
3,4,13518.19556,8.138588536,860100,0,0,0,1453.375,1,1661,DDoS
2,1,207729.468599034,14492.7536231884,207,0,1,1,20,0,26.6666666667,BENIGN
3,6,490239.069,379.4746384,23717,0,0,0,1162.7,2,1291.888889,DDoS
1,1,0,37037.037037037,54,0,0,1,0,1,0,BENIGN
3,6,15286.425,11.82651294,761002,0,0,0,1163.3,2,1292.555556,DDoS
5,0,2.984807331,0.497467888,10050900,0,0,1,6,0,7.2,DDoS
2,2,3359.3915064441,42.2564969364,94660,0,0,0,70.2,1,87.75,BENIGN
1,1,2240.6981543723,39.3104939364,50877,0,0,0,52.3333333333,1,78.5,BENIGN
8,6,115.7293916,0.13891893,100778202,0,0,1,777.9333333,0,833.5,DDoS
8,6,119.0995615,0.143037991,97876095,0,0,1,777.5333333,0,833.0714286,DDoS
8,5,162.6974833,0.181348477,71685190,0,0,1,833.5,0,897.6153846,DDoS
3,6,10419.51233,8.061171754,1116463,0,0,0,1163.3,2,1292.555556,DDoS
2,2,1630573.24840764,25477.7070063694,157,0,0,0,58.8,1,73.5,BENIGN
5,0,13.05021331,2.175035551,2298813,0,0,1,6,0,7.2,DDoS
4,0,14.35399831,2.392333051,1672008,0,0,1,6,0,7.5,DDoS
3,6,7471.697725,5.780562153,1556942,0,0,0,1163.3,2,1292.555556,DDoS
3,6,140339.2366,108.5750133,82892,0,0,0,1163.3,2,1292.555556,DDoS
2,0,0,10471.2041884817,191,0,0,1,0,0,0,BENIGN
2,2,1293.444154351,23.952669525,166996,0,0,0,50.6,1,63.25,BENIGN
3,6,10520.07115,8.138970203,1105791,0,0,0,1163.3,2,1292.555556,DDoS
9,5,142.4409039,0.170894906,81921693,0,0,1,778.3333333,0,833.9285714,DDoS
2,0,10333333.3333333,666666.666666667,3,0,1,1,20.6666666667,0,31,BENIGN
2,2,13286.2644415918,128.3697047497,31160,0,0,0,92.6,1,115.75,BENIGN
3,6,9548.237766,7.387100481,1218340,0,0,0,1163.3,2,1292.555556,DDoS
5,0,7.392993808,1.232165635,4057896,0,0,1,6,0,7.2,DDoS
8,6,145.2014361,0.174296502,80322897,0,0,1,777.9333333,0,833.5,DDoS
2,0,3000000,500000,4,1,0,0,6,0,9,BENIGN
3,6,16280.47253,12.59556888,714537,0,0,0,1163.3,2,1292.555556,DDoS
3,5,7034.290427,4.837473001,1653756,0,0,0,1292.555556,1,1454.125,DDoS
4,0,3.909528302,0.65158805,6138848,0,0,1,6,0,7.5,DDoS
3,5,20680.33741,14.22184297,562515,0,0,0,1292.555556,1,1454.125,DDoS
4,0,3.952574378,0.658762396,6071992,0,0,1,6,0,7.5,DDoS
8,6,143.6382127,0.172420044,81197056,0,0,1,777.9333333,0,833.5,DDoS
3,5,27249.16333,18.74888678,426692,0,0,0,1291.888889,1,1453.375,DDoS
5,0,5.858395549,0.976399258,5120856,0,0,1,6,0,7.2,DDoS
4,1,272.1366125795,56.6951276207,88191,1,0,0,5,0,6,BENIGN
1,1,0,85.9143433996,23279,0,0,1,0,1,0,BENIGN
2,2,1486238.53211009,18348.623853211,218,0,0,0,70.8,1,88.5,BENIGN
2,2,2152380.95238095,19047.619047619,210,0,0,0,97,1,121.25,BENIGN
5,0,3.103751587,0.517291931,9665722,0,0,1,6,0,7.2,DDoS
13,0,32500000,650000,20,0,0,0,50,0,53.8461538462,BENIGN
3,4,315214.4445,189.773898,36886,0,0,0,1453.375,1,1661,DDoS
3,6,107870.1513,83.49800996,107787,0,0,0,1162.7,2,1291.888889,DDoS
3,6,442740.2474,342.5309229,26275,0,0,0,1163.3,2,1292.555556,DDoS
5,0,26.83451957,4.472419928,1117963,0,0,1,6,0,7.2,DDoS
4,0,2.75078727,0.458464545,8724775,0,0,1,6,0,7.5,DDoS
4,0,3.177470884,0.529578481,7553177,0,0,1,6,0,7.5,DDoS
2,2,12304.0620259565,168.5487948761,23732,0,0,0,64.6,1,80.75,BENIGN
2,2,919642.857142857,17857.1428571429,224,0,0,0,47.8,1,59.75,BENIGN
1,1,9765.2903888984,85.6604420079,23348,0,0,0,92.6666666667,1,139,BENIGN
4,0,3.237191445,0.539531908,7413834,0,0,1,6,0,7.5,DDoS
2,2,3502.237540651,37.0607147159,107931,0,0,0,82.6,1,103.25,BENIGN
5,0,17.82463412,2.970772353,1683064,0,0,1,6,0,7.2,DDoS
10,5,1835.6339663252,15.8883493912,944088,0,0,0,108.3125,0,115.5333333333,BENIGN
2,0,4000000,666666.666666667,3,0,0,1,6,0,9,BENIGN
18,14,38268.1794456196,175.8193456224,182005,0,0,0,211.0606060606,0,217.65625,BENIGN
1,1,319391.634980989,3802.2813688213,526,0,0,0,74.6666666667,1,112,BENIGN
1,1,342857.142857143,57142.8571428571,35,0,0,1,6,1,9,BENIGN
8,4,137.3233852,0.141364041,84887217,0,0,1,897.1538462,0,971.9166667,DDoS
5,0,7.363589504,1.227264917,4074100,0,0,1,6,0,7.2,DDoS
5,0,4.19415,0.699025,7152820,0,0,1,6,0,7.2,DDoS
2,0,49.9981250703,8.3330208451,240009,0,0,1,6,0,9,BENIGN
3,5,86566.65327,59.53178253,134382,0,0,0,1292.555556,1,1454.125,DDoS
2,2,2057971.01449275,19323.6714975845,207,0,0,0,92,1,115,BENIGN
8,4,126.5957628,0.130320765,92080491,0,0,1,897.1538462,0,971.9166667,DDoS
5,0,3.747282752,0.624547125,8005801,0,0,1,6,0,7.2,DDoS
2,0,9.2414331914,0.2497684646,8007416,0,1,1,37,0,55.5,BENIGN
8,6,114.3463199,0.137258722,101997161,0,0,1,777.9333333,0,833.5,DDoS
7,2,4.3562209599,0.1405232568,64046338,0,1,1,32.5,0,36.1111111111,BENIGN
16,15,48.979243577,0.2642918278,117294584,0,0,0,179.53125,0,185.3225806452,BENIGN
2,1,0,54545.4545454545,55,0,0,1,0,0,0,BENIGN
3,0,120786.516853933,8426.9662921348,356,0,0,1,12.25,0,16.3333333333,BENIGN
7,2,4.0600326697,0.1400011265,64285197,0,1,1,30.7,0,34.1111111111,BENIGN
3,5,65566.10154,45.08972856,177424,0,0,0,1292.555556,1,1454.125,DDoS
3,6,114062.4387,88.24567596,101988,0,0,0,1163.3,2,1292.555556,DDoS
8,6,148.6462398,0.178523407,78421089,0,0,1,777.5333333,0,833.0714286,DDoS
8,5,118.6965207,0.132303418,98258988,0,0,1,833.5,0,897.6153846,DDoS
4,0,2.960848698,0.493474783,8105784,0,0,1,6,0,7.5,DDoS
4,2,1621.1620964394,29.6554042032,202324,0,0,0,51.7142857143,0,60.3333333333,BENIGN
3,5,9239.953645,6.354304922,1258989,0,0,0,1292.555556,1,1454.125,DDoS
9,5,157.3287681,0.18875677,74169525,0,0,1,778.3333333,0,833.9285714,DDoS
15,12,35.2991197708,0.4428792908,60964693,0,0,0,76.8571428571,0,79.7037037037,BENIGN
2,2,1602094.2408377,20942.4083769633,191,0,0,0,67.8,1,84.75,BENIGN
2,2,2088888.88888889,22222.2222222222,180,0,0,0,81.2,1,101.5,BENIGN
1,1,109090.909090909,18181.8181818182,110,0,0,1,6,1,9,BENIGN
5,0,7.4112338,1.235205633,4047909,0,0,1,6,0,7.2,DDoS
1,1,6988.2558478113,64.7060726649,30909,0,0,0,90.3333333333,1,135.5,BENIGN
8,4,1169.358924,1.203766586,9968710,0,0,1,897.1538462,0,971.9166667,DDoS
1,1,203389.830508475,33898.3050847458,59,0,0,1,6,1,9,BENIGN
25,27,179.3439799948,0.4505259401,115420657,0,0,0,390.5660377358,1,398.0769230769,BENIGN
5,0,109.0913058,18.1818843,274999,0,0,1,6,0,7.2,DDoS
3,6,53867.60809,41.69678101,215844,0,0,0,1162.7,2,1291.888889,DDoS
3,1,91370.5583756345,20304.5685279188,197,1,0,0,4.8,0,6,BENIGN
4,0,4.519559524,0.753259921,5310252,0,0,1,6,0,7.5,DDoS
9,9,467.0214550512,1.2029745551,14962910,0,0,0,367.7894736842,1,388.2222222222,BENIGN
2,2,1818181.81818182,20202.0202020202,198,0,0,0,83.6,1,104.5,BENIGN
8,5,116.2916819,0.129622898,100290922,0,0,1,833.5,0,897.6153846,DDoS
1,1,421.8815918999,70.31359865,28444,0,0,1,6,1,9,BENIGN
8,6,145.1676604,0.17434565,80300254,0,0,1,777.5333333,0,833.0714286,DDoS
10,5,13284.3316730797,103.6219319273,144757,0,0,0,120.1875,0,128.2,BENIGN
2,0,3000000,500000,4,1,0,0,6,0,9,BENIGN
4,0,2.501611976,0.416935329,9593814,0,0,1,6,0,7.5,DDoS
2,2,4184.9212057804,65.3893938403,61172,0,0,0,59.2,1,74,BENIGN
4,0,3.968351077,0.661391846,6047852,0,0,1,6,0,7.5,DDoS
2,2,12782.7768900849,168.1944327643,23782,0,0,0,67.6,1,84.5,BENIGN
1,1,5366.7262969589,894.4543828265,2236,1,0,1,6,1,9,BENIGN
2,2,4666666.66666667,5649.7175141243,708,0,0,0,711.6,1,889.5,BENIGN
2,0,18000000,666666.666666667,3,0,0,0,27,0,40.5,BENIGN
1,1,155844.155844156,25974.025974026,77,0,0,1,6,1,9,BENIGN
2,2,7457.5605926798,130.8343963628,30573,0,0,0,55.4,1,69.25,BENIGN
37,45,55.841026165,0.6863984628,119464137,0,0,0,80.3734939759,1,81.3536585366,BENIGN
2,0,175355.450236967,9478.672985782,211,0,1,1,24.6666666667,0,37,BENIGN
2,0,0,666666.666666667,3,0,0,1,0,0,0,BENIGN
1,1,560.4783665666,6.8770351726,290823,0,0,0,69,1,103.5,BENIGN
4,0,2.989202626,0.498200438,8028897,0,0,1,6,0,7.5,DDoS
8,5,161.9356097,0.180499265,72022454,0,0,1,833.5,0,897.6153846,DDoS
5,0,7.907768011,1.317961335,3793738,0,0,1,6,0,7.2,DDoS
3,4,23231.37264,13.98637727,500487,0,0,0,1453.375,1,1661,DDoS
5,0,2.721905624,0.453650937,11021690,0,0,1,6,0,7.2,DDoS
3,5,97663.56317,67.16311402,119113,0,0,0,1292.555556,1,1454.125,DDoS
2,2,1303571.42857143,17857.1428571429,224,0,0,0,66.6,1,83.25,BENIGN
5,0,7.453536517,1.242256086,4024935,0,0,1,6,0,7.2,DDoS
4,0,4.428823002,0.738137167,5419047,0,0,1,6,0,7.5,DDoS
1,1,0,33333.3333333333,60,0,0,1,0,1,0,BENIGN
5,0,7.509591626,1.251598604,3994891,0,0,1,6,0,7.2,DDoS
29,39,287987.250898023,348.4481247854,195151,0,0,0,814.5072463768,1,826.4852941176,BENIGN
3,1,0,0.7914784679,5053833,0,0,0,0,0,0,BENIGN
5,0,13.64306734,2.273844557,2198919,0,0,1,6,0,7.2,DDoS
1,1,3292.6529609305,32.7627160292,61045,0,0,0,86.3333333333,1,129.5,BENIGN
5,0,5.684114435,0.947352406,5277867,0,0,1,6,0,7.2,DDoS
2,2,17291.0662824208,142.313302736,28107,0,0,0,103.4,1,129.25,BENIGN
4,0,11.84197477,1.973662461,2026689,0,0,1,6,0,7.5,DDoS
3,4,29174.91153,17.55560739,398733,0,0,0,1454.125,1,1661.857143,DDoS
3,4,27861.8762306015,148.2014693117,47233,0,0,0,164.5,1,188,BENIGN
4,0,2.907253877,0.484542313,8255213,0,0,1,6,0,7.5,DDoS
2,1,0,7092.1985815603,423,0,0,1,0,0,0,BENIGN
1,1,235294.117647059,39215.6862745098,51,0,0,1,6,1,9,BENIGN
20,15,33.1895530596,0.29985399,116723476,0,0,1,107.6111111111,0,110.6857142857,BENIGN
13,0,18055555.5555556,361111.111111111,36,0,0,0,50,0,53.8461538462,BENIGN
5,0,4.5100398,0.7516733,6651826,0,0,1,6,0,7.2,DDoS
2,1,3515.4327497715,210.9259649863,14223,0,1,1,22,0,29.3333333333,BENIGN
1,1,480000,80000,25,0,0,1,6,1,9,BENIGN
1,1,111111.111111111,18518.5185185185,108,0,0,1,6,1,9,BENIGN
1,1,5210.7080049502,65.1338500619,30706,0,0,0,71,1,106.5,BENIGN
1,1,1020.7119465828,21.2648322205,94052,0,0,0,48,1,72,BENIGN
2,0,27724.0490006447,1289.4906511928,1551,0,1,1,26.6666666667,0,40,BENIGN
3,4,6468.793756,3.892508922,1798326,0,0,0,1454.125,1,1661.857143,DDoS
4,0,3.533909184,0.588984864,6791346,0,0,1,6,0,7.5,DDoS
3,4,106061.1586,63.82086395,109682,0,0,0,1454.125,1,1661.857143,DDoS
1,1,72289.156626506,12048.1927710843,166,0,0,1,6,1,9,BENIGN
8,8,872.1007629403,3.1554980115,5070515,0,0,0,260.1176470588,1,276.375,BENIGN
2,0,12333333.3333333,666666.666666667,3,0,1,1,22.6666666667,0,34,BENIGN
8,5,159.553656,0.177935792,73060062,0,0,1,833.0714286,0,897.1538462,DDoS
3,4,27070.9935763744,145.9914907817,47948,0,0,0,162.25,1,185.4285714286,BENIGN
8,5,385.1517756271,0.8906035367,14596843,0,0,0,401.5714285714,0,432.4615384615,BENIGN
3,5,42273.23628,29.08625529,275044,0,0,0,1291.888889,1,1453.375,DDoS
5,0,2.533643834,0.422273972,11840654,0,0,1,6,0,7.2,DDoS
8,6,707.4927663896,2.4081932238,5813487,0,0,0,274.2,0,293.7857142857,BENIGN
4,0,7.607310626,1.267885104,3154860,0,0,1,6,0,7.5,DDoS
3,4,6292.618385,3.786497782,1848674,0,0,0,1454.125,1,1661.857143,DDoS
3,6,208914.7496,161.6292226,55683,0,0,0,1163.3,2,1292.555556,DDoS
8,5,125.7086248,0.140191483,92730312,0,0,1,833.0714286,0,897.1538462,DDoS
3,6,8227.626521,6.365394884,1413895,0,0,0,1163.3,2,1292.555556,DDoS
2,2,1304964.53900709,28368.7943262411,141,0,0,0,43.2,1,54,BENIGN
3,5,19892.1348,13.67979699,584804,0,0,0,1292.555556,1,1454.125,DDoS
8,5,882.5545223416,2.4694810139,5264264,0,0,0,331.8571428571,0,357.3846153846,BENIGN
4,0,3.204783246,0.534130541,7488806,0,0,1,6,0,7.5,DDoS
2,2,4.3233828177,0.071460873,55974687,0,0,0,60.6,1,75.75,BENIGN
5,0,20.61895349,3.436492249,1454972,0,0,1,6,0,7.2,DDoS
15,15,135890.564626698,186.9624828618,160460,0,0,0,703.3870967742,1,726.8333333333,BENIGN
2,0,37000000,2000000,1,0,1,1,24.6666666667,0,37,BENIGN
2,2,1247058.82352941,23529.4117647059,170,0,0,0,51.4,1,64.25,BENIGN
5,0,2.547411575,0.424568596,11776660,0,0,1,6,0,7.2,DDoS
3,5,181238.8994,124.6377715,64186,0,0,0,1292.555556,1,1454.125,DDoS
3,4,549350.3425,330.7347035,21165,0,0,0,1453.375,1,1661,DDoS
2,0,9250000,500000,4,0,1,1,24.6666666667,0,37,BENIGN
2,0,12333333.3333333,666666.666666667,3,0,1,1,22.6666666667,0,34,BENIGN
2,0,857142.857142857,142857.142857143,14,0,0,1,6,0,9,BENIGN
5,0,14.79283376,2.465472293,2028009,0,0,1,6,0,7.2,DDoS
1,1,1032.0028380078,21.5000591252,93023,0,0,0,48,1,72,BENIGN
2,2,1872000,16000,250,0,0,0,109,1,136.25,BENIGN
3,6,249876.4265,193.4194408,46531,0,0,0,1162.7,2,1291.888889,DDoS
8,6,151.4018405,0.18183287,76993780,0,0,1,777.5333333,0,833.0714286,DDoS
2,0,27272.7272727273,4545.4545454546,440,0,0,1,6,0,9,BENIGN
8,5,785.0829459427,2.2196777506,5856706,0,0,0,328.4285714286,0,353.6923076923,BENIGN
3,0,170967.741935484,9677.4193548387,310,0,0,1,13.25,0,17.6666666667,BENIGN
2,2,1381818.18181818,24242.4242424242,165,0,0,0,53,1,66.25,BENIGN
1,1,5156.1895759034,85.9364929317,23273,0,0,0,57.3333333333,1,86,BENIGN
4,0,4.807821364,0.801303561,4991866,0,0,1,6,0,7.5,DDoS
8,5,156.3927777,0.174321025,74575055,0,0,1,833.5,0,897.6153846,DDoS
2,2,837.6274203319,29.9152650119,133711,0,0,0,28,1,35,BENIGN
5,0,7.387521295,1.231253549,4060902,0,0,1,6,0,7.2,DDoS
3,7,214952.5799,184.8736389,54091,0,0,0,1057,2,1162.7,DDoS
1,2,6000000,1500000,2,0,0,1,3,2,4,BENIGN
3,4,8568.461841,5.1586164,1356953,0,0,0,1453.375,1,1661,DDoS
1,1,7223.2706448884,65.0745103143,30734,0,0,0,89.6666666667,1,134.5,BENIGN
2,2,2060606.06060606,20202.0202020202,198,0,0,0,89.2,1,111.5,BENIGN
8,4,1455.541371,1.498369774,8008704,0,0,1,897.1538462,0,971.9166667,DDoS
6,0,11.7076407,1.95127345,3074915,0,0,1,6,0,7,DDoS
5,0,158.6814628,26.44691047,189058,0,0,1,6,0,7.2,DDoS
3,2,308.4086115643,12.4358311115,402064,0,0,1,29.5,0,35.4,BENIGN
2,2,3042.0442537385,32.0215184604,124916,0,0,0,82.2,1,102.75,BENIGN
46,42,487.5338128843,0.9292191101,94703175,0,0,0,518.7752808989,0,524.6704545455,BENIGN
4,0,11.88687852,1.98114642,2019033,0,0,1,6,0,7.5,DDoS
1,1,3883.872220604,64.7312036767,30897,0,0,0,55.3333333333,1,83,BENIGN
3,5,11223.30449,7.718252896,1036504,0,0,0,1292.555556,1,1454.125,DDoS
8,5,123.4020169,0.137619132,94463610,0,0,1,833.0714286,0,897.1538462,DDoS
3,4,74324.19482,44.72357635,156517,0,0,0,1454.125,1,1661.857143,DDoS
18,16,210.2797531024,0.4858985732,69973451,0,0,0,420.4,0,432.7647058824,BENIGN
10,5,13423.9042535986,115.5241329914,129843,0,0,0,108.9375,0,116.2,BENIGN
3,3,1435.2959333282,92.5997376341,64795,0,0,0,13.2857142857,1,15.5,BENIGN
5,0,2.441264598,0.406877433,12288713,0,0,1,6,0,7.2,DDoS
9,6,163.8293494,0.210595616,71226554,0,0,1,729.6875,0,778.3333333,DDoS
14,9,23259.6072290729,75.0309910615,306540,0,0,0,297.0833333333,0,310,BENIGN
6,7,247.7457863816,1.8681526815,6958746,0,0,0,123.1428571429,1,132.6153846154,BENIGN
2,0,70175.4385964912,11695.9064327485,171,0,0,1,6,0,9,BENIGN
3,4,10943.46332,6.585080653,1063009,0,0,0,1454.125,1,1661.857143,DDoS
3,4,17276.58728,10.39595211,673339,0,0,0,1454.125,1,1661.857143,DDoS
2,2,1526785.71428571,17857.1428571429,224,0,0,0,75.4,1,94.25,BENIGN
2,0,0,6514.657980456,307,0,0,1,0,0,0,BENIGN
5,0,4.213170117,0.702195019,7120529,0,0,1,6,0,7.2,DDoS
15,10,21577.7765160704,64.5191260497,387482,0,0,0,321.5769230769,0,334.44,BENIGN
12,10,47162.6802008531,197.9734715548,111126,0,0,0,227.8695652174,0,238.2272727273,BENIGN
2,0,0,666666.666666667,3,0,0,1,0,0,0,BENIGN
6,6,40305.5950632252,93.2640070881,128667,0,0,0,398.9230769231,1,432.1666666667,BENIGN
2,2,1693251.53374233,24539.8773006135,163,0,0,0,64.8,1,81,BENIGN
5,0,4.908486987,0.818081164,6111863,0,0,1,6,0,7.2,DDoS
8,6,1421.670213,1.706540597,8203731,0,0,1,777.9333333,0,833.5,DDoS
4,0,5.973060006,0.995510001,4018041,0,0,1,6,0,7.5,DDoS
3,6,17432.59432,13.49388053,666969,0,0,0,1162.7,2,1291.888889,DDoS
1,1,1016.2678129164,15.0558194506,132839,0,0,0,59,1,88.5,BENIGN
6,0,4.238313792,0.706385632,8493944,0,0,1,6,0,7,DDoS
1,1,514.8659985523,6.0572470418,330183,0,0,0,75.3333333333,1,113,BENIGN
1,1,974.7770134449,10.1013162015,197994,0,0,0,80.3333333333,1,120.5,BENIGN
4,0,5.921957483,0.986992914,4052714,0,0,1,6,0,7.5,DDoS
3,0,8600000,600000,5,0,0,1,12.25,0,16.3333333333,BENIGN
10,5,9949.9843202704,79.7274384637,188141,0,0,0,117,0,124.8,BENIGN
3,4,373054.8336,224.5965284,31167,0,0,0,1453.375,1,1661,DDoS
8,5,130.3589164,0.145377534,89422345,0,0,1,833.0714286,0,897.1538462,DDoS
3,6,208432.6766,161.3394762,55783,0,0,0,1162.7,2,1291.888889,DDoS
2,2,2747252.74725275,14652.0146520147,273,0,0,0,158.8,1,198.5,BENIGN
1,1,75000,12500,160,0,0,1,6,1,9,BENIGN
4,0,4.104754708,0.684125785,5846878,0,0,1,6,0,7.5,DDoS
1,1,2367.6563789207,23.9157209992,83627,0,0,0,82.6666666667,1,124,BENIGN
3,5,647058.8235,445.2111971,17969,0,0,0,1291.888889,1,1453.375,DDoS
5,0,9.311131458,1.551855243,3221950,0,0,1,6,0,7.2,DDoS
3,6,7467.352399,5.777200343,1557848,0,0,0,1163.3,2,1292.555556,DDoS
3,5,16178.3133,11.12580645,719049,0,0,0,1292.555556,1,1454.125,DDoS
3,5,142825.5718,98.22097263,81449,0,0,0,1292.555556,1,1454.125,DDoS
3,4,22252.24829,13.39689843,522509,0,0,0,1453.375,1,1661,DDoS
3,5,23409.31181,16.09855536,496939,0,0,0,1292.555556,1,1454.125,DDoS
2,4,14851.44086,7.667898216,782483,0,0,0,1660.142857,2,1936.833333,DDoS
2,2,1112107.62331839,17937.2197309417,223,0,0,0,58.4,1,73,BENIGN
1,1,5928.9181353227,65.152946542,30697,0,0,0,80,1,120,BENIGN
2,2,11625.9894459103,164.907651715,24256,0,0,0,64.4,1,80.5,BENIGN
5,0,2.695263048,0.449210508,11130639,0,0,1,6,0,7.2,DDoS
5,0,2.499861049,0.416643508,12000667,0,0,1,6,0,7.2,DDoS
1,1,5466.2695165461,65.4643055874,30551,0,0,0,72.6666666667,1,109,BENIGN
1,1,0,13245.0331125828,151,0,0,1,0,1,0,BENIGN
2,0,10333333.3333333,666666.666666667,3,0,1,1,20.6666666667,0,31,BENIGN
2,0,2176470.58823529,117647.058823529,17,0,1,1,24.6666666667,0,37,BENIGN
2,0,130434.782608696,21739.1304347826,92,0,0,1,6,0,9,BENIGN
3,5,202612.5577,139.3364103,57415,0,0,0,1292.555556,1,1454.125,DDoS
2,2,1019108.28025478,25477.7070063694,157,0,0,0,38.4,1,48,BENIGN
3,5,124777.3175,85.85349102,93182,0,0,0,1291.888889,1,1453.375,DDoS
26,22,131837.061502277,240.2041735475,199830,0,0,0,537.6530612245,0,548.8541666667,BENIGN
3,6,323205.6485,250.1806861,35974,0,0,0,1162.7,2,1291.888889,DDoS
1,1,153846.153846154,25641.0256410256,78,0,0,1,6,1,9,BENIGN
5,0,7.911688676,1.318614779,3791858,0,0,1,6,0,7.2,DDoS
2,1,407.9054711966,39.474723019,75998,0,1,1,15.5,0,20.6666666667,BENIGN
1,1,1298.8699831147,17.3182664415,115485,0,0,0,65.6666666667,1,98.5,BENIGN
8,4,141.7267005,0.145896921,82249851,0,0,1,897.1538462,0,971.9166667,DDoS
3,4,11123.2396,6.696712584,1045289,0,0,0,1453.375,1,1661,DDoS
4,0,18.95656734,3.159427891,1266052,0,0,1,6,0,7.5,DDoS
2,2,3418.542873318,43.5483168576,91852,0,0,0,69.2,1,86.5,BENIGN
2,2,17801.8575851393,128.9989680083,31008,0,0,0,117.2,1,146.5,BENIGN
1,1,0,16528.9256198347,121,0,0,1,0,1,0,BENIGN
2,2,3953.5623942506,67.0095321059,59693,0,0,0,56.2,1,70.25,BENIGN
3,5,17047.11231,11.72932816,682051,0,0,0,1291.888889,1,1453.375,DDoS
4,0,11.57210409,1.928684016,2073953,0,0,1,6,0,7.5,DDoS
2,2,4739.4333108619,81.7143674287,48951,0,0,0,52.4,1,65.5,BENIGN
2,2,1177914.11042945,24539.8773006135,163,0,0,0,46.4,1,58,BENIGN
1,1,0,52631.5789473684,38,0,0,1,0,1,0,BENIGN
5,0,3.823207738,0.63720129,7846814,0,0,1,6,0,7.2,DDoS
3,6,9694.0051,7.499875002,1200020,0,0,0,1163.3,2,1292.555556,DDoS
8,6,143.8333496,0.17274315,81045182,0,0,1,777.5333333,0,833.0714286,DDoS
37,46,568.2504795241,0.7096397966,116960746,0,0,0,791.2261904762,1,800.7590361446,BENIGN
5,0,3.913992877,0.652332146,7664807,0,0,1,6,0,7.2,DDoS
5,3,6372.1951291383,58.9335965701,135746,0,0,0,96.1111111111,0,108.125,BENIGN
3,0,7750000,750000,4,0,0,1,7.75,0,10.3333333333,BENIGN
5,0,4.366172236,0.727695373,6871007,0,0,1,6,0,7.2,DDoS
3,0,23378.5822021116,2262.443438914,1326,0,0,1,7.75,0,10.3333333333,BENIGN
3,6,9848.373837,7.623235962,1180601,0,0,0,1162.7,2,1291.888889,DDoS
5,0,3.733299551,0.622216592,8035787,0,0,1,6,0,7.2,DDoS
5,0,11.2911166,1.881852767,2656956,0,0,1,6,0,7.2,DDoS
3,5,183808.6506,126.4702163,63256,0,0,0,1291.888889,1,1453.375,DDoS
24,21,129.351540309,0.3849493627,116898492,0,0,0,328.7173913043,0,336.0222222222,BENIGN
3,5,134074.7997,92.20307728,86765,0,0,0,1292.555556,1,1454.125,DDoS
1,1,2393.5786063595,41.2685966614,48463,0,0,0,55.3333333333,1,83,BENIGN
4,0,2.216533939,0.369422323,10827716,0,0,1,6,0,7.5,DDoS
2,2,1000000,21276.5957446809,188,0,0,0,45.4,1,56.75,BENIGN
8,5,143.8284895,0.160316416,81089637,0,0,1,833.5,0,897.6153846,DDoS
6,0,37.15519208,6.192532013,968909,0,0,1,6,0,7,DDoS
3,1,350.017500875,77.7816668611,51426,1,0,0,4.8,0,6,BENIGN
3,6,13537.1489,10.473166,859339,0,0,0,1163.3,2,1292.555556,DDoS
3,5,15578.50587,10.7133196,746734,0,0,0,1292.555556,1,1454.125,DDoS
2,2,653465.346534653,19801.9801980198,202,0,0,0,31.4,1,39.25,BENIGN
2,1,1773424.19080068,5110.7325383305,587,0,0,1,261.75,0,349,BENIGN
4,0,2.146086428,0.357681071,11183147,0,0,1,6,0,7.5,DDoS
2,2,4564.7816667246,46.3429610835,86313,0,0,0,87.2,1,109,BENIGN
4,2,608.0619661918,9.3547994799,641382,0,0,0,61.1428571429,0,71.3333333333,BENIGN
1,1,4524.8868778281,66.056742742,30277,0,0,0,61,1,91.5,BENIGN
2,2,7391.2313119436,167.9825298169,23812,0,0,0,42.4,1,53,BENIGN
4,0,2.987438568,0.497906428,8033638,0,0,1,6,0,7.5,DDoS
2,2,5055.9636556816,73.2748355896,54589,0,0,0,62.6,1,78.25,BENIGN
2,2,410714.285714286,17857.1428571429,224,0,0,0,23,1,28.75,BENIGN
2,2,952380.952380952,23809.5238095238,168,0,0,0,38.4,1,48,BENIGN
2,6,9154.519823,6.298800945,1270083,0,0,0,1291.888889,3,1453.375,DDoS
4,0,3.987407104,0.664567851,6018949,0,0,1,6,0,7.5,DDoS
3,5,264990.7697,182.3278711,43877,0,0,0,1291.888889,1,1453.375,DDoS
3,5,13312.46002,9.154962619,873843,0,0,0,1292.555556,1,1454.125,DDoS
5,0,8.976800357,1.496133393,3341948,0,0,1,6,0,7.2,DDoS
3,1,2.0329693415,0.6776564472,5902696,0,0,0,2.4,0,3,BENIGN
3,5,1168190.495,803.7777555,9953,0,0,0,1291.888889,1,1453.375,DDoS
6,7,341.9954543941,0.8707287323,14930023,0,0,0,364.7142857143,1,392.7692307692,BENIGN
3,6,15033.15358,11.63056668,773823,0,0,0,1163.3,2,1292.555556,DDoS
9,7,85.3734339013,0.181645604,88083607,0,0,0,442.3529411765,0,470,BENIGN
4,0,13.83297262,2.305495437,1734985,0,0,1,6,0,7.5,DDoS
3,6,412144.1991,319.024494,28211,0,0,0,1162.7,2,1291.888889,DDoS
2,2,5.3472149906,0.0374585989,106784560,0,0,0,123,1,153.75,BENIGN
1,4,136363.636363636,56818.1818181818,88,0,0,1,2,4,2.4,BENIGN
3,4,498713.2195,300.2487776,23314,0,0,0,1453.375,1,1661,DDoS
1,1,3313.2134890434,32.8040939509,60968,0,0,0,82.6666666667,1,124,BENIGN
2,2,1342465.75342466,27397.2602739726,146,0,0,0,47.4,1,59.25,BENIGN
1,1,2404.8756382804,32.9435018943,60710,0,0,0,64.6666666667,1,97,BENIGN
8,5,145.4856824,0.162247051,80124723,0,0,1,833.0714286,0,897.1538462,DDoS
3,5,19814.14546,13.63319547,586803,0,0,0,1291.888889,1,1453.375,DDoS
1,1,190476.19047619,31746.0317460317,63,0,0,1,6,1,9,BENIGN
1,1,0,111111.111111111,18,0,0,1,0,1,0,BENIGN
8,6,130.6591675,0.156840294,89262776,0,0,1,777.9333333,0,833.5,DDoS
4,2,5503.5977911236,111.5594146849,53783,0,0,0,47.1428571429,0,55,BENIGN
1,1,2997.7309991885,33.1240994385,60379,0,0,0,81.6666666667,1,122.5,BENIGN
2,0,155.8320130899,25.9720021816,77006,0,0,1,6,0,9,BENIGN
2,0,0,42553.1914893617,47,0,0,1,0,0,0,BENIGN
2,0,4000000,666666.666666667,3,0,0,1,6,0,9,BENIGN
4,2,17854.8572891335,191.9877127864,31252,0,0,0,84.5714285714,0,98.6666666667,BENIGN
4,0,2.320916174,0.386819362,10340744,0,0,1,6,0,7.5,DDoS
8,5,142.8126133,0.159184084,81666456,0,0,1,833.5,0,897.6153846,DDoS
4,1,4186.6148514653,100.1582500351,49921,0,0,1,35.8333333333,0,43,BENIGN
4,0,4.010789693,0.668464949,5983859,0,0,1,6,0,7.5,DDoS
2,2,1397.9617372695,17.2587868799,231766,0,0,0,71.8,1,89.75,BENIGN
3,5,61500.80359,42.29402808,189152,0,0,0,1292.555556,1,1454.125,DDoS
4,0,3.236624346,0.539437391,7415133,0,0,1,6,0,7.5,DDoS
2,0,19666666.6666667,666666.666666667,3,0,1,1,37.3333333333,0,56,BENIGN
17,24,3211.1151998354,22.0898864418,1856053,0,0,0,141.9047619048,1,145.3658536585,BENIGN
5,0,4.995136402,0.832522734,6005842,0,0,1,6,0,7.2,DDoS
2,2,1981481.48148148,18518.5185185185,216,0,0,0,93,1,116.25,BENIGN
2,0,7750000,500000,4,0,1,1,20.6666666667,0,31,BENIGN
3,6,10668.64027,8.253912354,1090392,0,0,0,1163.3,2,1292.555556,DDoS
4,0,12.02940588,2.00490098,1995111,0,0,1,6,0,7.5,DDoS
3,4,141853.7442,85.35856695,82007,0,0,0,1454.125,1,1661.857143,DDoS
1,1,0,42553.1914893617,47,0,0,1,0,1,0,BENIGN
2,0,3000000,500000,4,1,0,0,6,0,9,BENIGN
1,1,150000,25000,80,0,0,1,6,1,9,BENIGN
5,0,5.055713968,0.842618995,5933880,0,0,1,6,0,7.2,DDoS
3,1,0,0.7630783037,5241926,0,0,0,0,0,0,BENIGN
3,4,254595.9905,153.1996848,45692,0,0,0,1454.125,1,1661.857143,DDoS
8,6,145.976441,0.1752268,79896454,0,0,1,777.9333333,0,833.5,DDoS
3,4,20740.65886,12.48041021,560879,0,0,0,1454.125,1,1661.857143,DDoS
7,4,142.5888921245,2.0082942553,5477285,0,0,0,65.0833333333,0,71,BENIGN
3,5,9497.731964,6.534949317,1224187,0,0,0,1291.888889,1,1453.375,DDoS
4,0,10.26102333,1.710170555,2338948,0,0,1,6,0,7.5,DDoS
2,2,1592592.59259259,18518.5185185185,216,0,0,0,75.4,1,94.25,BENIGN
8,5,144.2655757,0.160803608,80843957,0,0,1,833.5,0,897.6153846,DDoS
3,4,14408.06545,8.669858,807395,0,0,0,1454.125,1,1661.857143,DDoS
1,1,181818.181818182,30303.0303030303,66,0,0,1,6,1,9,BENIGN
3,6,18421.08182,14.25902953,631179,0,0,0,1162.7,2,1291.888889,DDoS
2,2,6.292277836,0.0680246253,58802235,0,0,0,82,1,102.5,BENIGN
4,0,2.373209549,0.395534925,10112887,0,0,1,6,0,7.5,DDoS
2,0,0,138.8888888889,14400,0,0,1,0,0,0,BENIGN
2,2,3.7127933093,0.0495039108,80801697,0,0,0,71.6,1,89.5,BENIGN
9,6,141.0975954,0.181374919,82701622,0,0,1,729.6875,0,778.3333333,DDoS
2,6,9882.164059,6.802969836,1175957,0,0,0,1291.222222,3,1452.625,DDoS
3,6,304842.5579,235.9665452,38141,0,0,0,1162.7,2,1291.888889,DDoS
3,6,9148.583279,7.077903336,1271563,0,0,0,1163.3,2,1292.555556,DDoS
3,6,8849.981666,6.846886873,1314466,0,0,0,1163.3,2,1292.555556,DDoS
5,0,833.2375589013,143.6616480864,34804,0,0,1,4.8333333333,0,5.8,BENIGN
2,0,222222.222222222,37037.037037037,54,0,0,1,6,0,9,BENIGN
3,4,230014.8295,138.4083045,50575,0,0,0,1454.125,1,1661.857143,DDoS
1,1,0,38461.5384615385,52,0,0,1,0,1,0,BENIGN
2,2,5687.510098562,129.2615931491,30945,0,0,0,42.4,1,53,BENIGN
20,21,1321.3353059684,4.2129829337,9731822,0,0,0,306.1666666667,1,313.6341463415,BENIGN
3,4,476848.624,287.0852643,24383,0,0,0,1453.375,1,1661,DDoS
3,4,6655.411262,4.004803476,1747901,0,0,0,1454.125,1,1661.857143,DDoS
2,2,9588.2921905883,168.2156524665,23779,0,0,0,52.4,1,65.5,BENIGN
2,2,1349019.60784314,15686.2745098039,255,0,0,0,75.4,1,94.25,BENIGN
3,6,208357.2145,161.1978794,55832,0,0,0,1163.3,2,1292.555556,DDoS
5,0,2.865676843,0.477612807,10468731,0,0,1,6,0,7.2,DDoS
2,0,10333333.3333333,666666.666666667,3,0,1,1,20.6666666667,0,31,BENIGN
8,6,125.989329,0.151234726,92571332,0,0,1,777.9333333,0,833.5,DDoS
8,5,164.09655,0.182907927,71074011,0,0,1,833.5,0,897.6153846,DDoS
8,6,161.5500646,0.194020838,72157198,0,0,1,777.5333333,0,833.0714286,DDoS
11,8,1175.57493279,3.5091789039,5414372,0,0,0,318.25,0,335,BENIGN
3,5,18582.41404,12.77910361,626022,0,0,0,1292.555556,1,1454.125,DDoS
5,0,3.386850845,0.564475141,8857786,0,0,1,6,0,7.2,DDoS
3,4,337699.6805,203.3110659,34430,0,0,0,1453.375,1,1661,DDoS
3,5,6125.817004,4.212716929,1899012,0,0,0,1292.555556,1,1454.125,DDoS
3,4,26724.12802,16.08918003,435075,0,0,0,1453.375,1,1661,DDoS
3,7,13591.83578,11.68989058,855440,0,0,0,1057,2,1162.7,DDoS
8,5,129.1212419,0.143923188,90325959,0,0,1,833.5,0,897.6153846,DDoS
3,5,212672.1662,146.3298641,54671,0,0,0,1291.888889,1,1453.375,DDoS
10,5,13823.5623495157,104.9890811356,142872,0,0,0,123.4375,0,131.6666666667,BENIGN
3,4,11497.46785,6.918445366,1011788,0,0,0,1454.125,1,1661.857143,DDoS
3,5,26963.19303,18.54255516,431440,0,0,0,1292.555556,1,1454.125,DDoS
3,5,31219.45718,21.48066203,372428,0,0,0,1291.888889,1,1453.375,DDoS
5,0,3.740281813,0.623380302,8020786,0,0,1,6,0,7.2,DDoS
1,1,2261.001829356,41.1091241701,48651,0,0,0,52.3333333333,1,78.5,BENIGN
35,43,373.4847346296,0.6699739962,116422429,0,0,0,550.4050632911,1,557.4615384615,BENIGN
1,1,806.4516129032,14.6627565982,136400,0,0,0,49.6666666667,1,74.5,BENIGN
10,6,791.1570017057,2.700770648,5924235,0,0,0,275.7058823529,0,292.9375,BENIGN
2,2,1907172.99578059,16877.6371308017,237,0,0,0,97,1,121.25,BENIGN
24,31,4635.229368344,5.4501799055,10091410,0,0,0,835.2857142857,1,850.4727272727,BENIGN
1,1,3127.115638802,32.2383055547,62038,0,0,0,81,1,121.5,BENIGN
16,12,76.9941396512,0.4568416847,61290379,0,0,0,162.724137931,0,168.5357142857,BENIGN
4,0,12.80985163,2.134975272,1873558,0,0,1,6,0,7.5,DDoS
4,0,2.697311118,0.449551853,8897750,0,0,1,6,0,7.5,DDoS
4,0,235294.117647059,78431.3725490196,51,0,0,1,2.4,0,3,BENIGN
2,2,2066420.66420664,14760.147601476,271,0,0,0,119.6,1,149.5,BENIGN
8,3,118.6483586,0.11196122,98248304,0,0,1,971.9166667,0,1060.272727,DDoS
1,1,367556.468172485,4106.7761806982,487,0,0,0,76,1,114,BENIGN
2,0,12333333.3333333,666666.666666667,3,0,1,1,24.6666666667,0,37,BENIGN
2,0,0,666666.666666667,3,0,0,1,0,0,0,BENIGN
4,0,31.7427567,5.29045945,756078,0,0,1,6,0,7.5,DDoS
2,2,961038.961038961,25974.025974026,154,0,0,0,35.4,1,44.25,BENIGN
1,1,375000,62500,32,0,0,1,6,1,9,BENIGN
2,0,9250000,500000,4,0,1,1,24.6666666667,0,37,BENIGN
2,1,178423.236514523,12448.132780083,241,0,1,1,20,0,26.6666666667,BENIGN
1,1,4615.2335439102,65.4643055874,30551,0,0,0,63.6666666667,1,95.5,BENIGN
4,0,7.952041239,1.325340207,3018093,0,0,1,6,0,7.5,DDoS
4,0,2.554882332,0.425813722,9393779,0,0,1,6,0,7.5,DDoS
1,1,102564.102564103,17094.0170940171,117,0,0,1,6,1,9,BENIGN
10,11,679.970648794,3.2848823613,6392923,0,0,0,197.5909090909,1,207,BENIGN
2,2,1684729.06403941,19704.4334975369,203,0,0,0,75.8,1,94.75,BENIGN
2,0,97.1463266545,16.1910544424,123525,0,0,1,6,0,9,BENIGN
6,4,4223.8817100063,53.264586507,187742,0,0,0,72.0909090909,0,79.3,BENIGN
11,6,125.3478486142,1.1334645885,14998263,0,0,0,104.4444444444,0,110.5882352941,BENIGN
21,20,56.0744124735,0.3490285276,117468908,0,0,0,156.8333333333,0,160.6585365854,BENIGN
4,0,6.389614746,1.064935791,3756095,0,0,1,6,0,7.5,DDoS
3,5,9705.781252,6.674654003,1198564,0,0,0,1292.555556,1,1454.125,DDoS
7,3,132.2890803992,1.7429391357,5737435,0,0,0,69,0,75.9,BENIGN
8,5,134.049469,0.149493274,86960434,0,0,1,833.0714286,0,897.1538462,DDoS
2,2,1177570.09345794,18691.5887850467,214,0,0,0,56.8,1,71,BENIGN
3,6,8036.187367,6.217285851,1447577,0,0,0,1163.3,2,1292.555556,DDoS
2,0,0,454.0295119183,4405,0,0,1,0,0,0,BENIGN
17,15,80.7092692299,0.5104143509,62694162,0,0,0,153.3333333333,0,158.125,BENIGN
2,0,0,666666.666666667,3,0,0,1,0,0,0,BENIGN
4,0,6.406991309,1.067831885,3745908,0,0,1,6,0,7.5,DDoS
3,6,470157.7032,363.9304488,24730,0,0,0,1162.7,2,1291.888889,DDoS
13,8,36233.9087235333,143.1092877928,146741,0,0,0,241.6818181818,0,253.1904761905,BENIGN
5,0,11.23614443,1.872690738,2669955,0,0,1,6,0,7.2,DDoS
7,5,98.4041048143,0.2984957679,40201575,0,0,0,304.3076923077,0,329.6666666667,BENIGN
5,0,283.564596,47.260766,105796,0,0,1,6,0,7.2,DDoS
3,7,29324.5295,25.22106261,396494,0,0,0,1057,2,1162.7,DDoS
3,5,17637.24851,12.12911442,659570,0,0,0,1292.555556,1,1454.125,DDoS
1,1,0,32786.8852459016,61,0,0,1,0,1,0,BENIGN
2,2,9.8302287577,0.1276653085,31331926,0,0,0,74,1,92.5,BENIGN
1,1,0,23529.4117647059,85,0,0,1,0,1,0,BENIGN
4,0,11.06513445,1.844189075,2168975,0,0,1,6,0,7.5,DDoS
4,0,6.529777144,1.088296191,3675470,0,0,1,6,0,7.5,DDoS
10,10,3476.702803554,14.9439192072,1338337,0,0,0,221.5714285714,1,232.65,BENIGN
4,0,3.436418244,0.572736374,6984016,0,0,1,6,0,7.5,DDoS
8,5,156.7789668,0.174841432,74353086,0,0,1,833.0714286,0,897.1538462,DDoS
9,9,15.5839853306,0.2962109144,60767511,0,0,0,49.8421052632,1,52.6111111111,BENIGN
2,2,2009569.37799043,19138.7559808612,209,0,0,0,90.6,1,113.25,BENIGN
2,2,1560439.56043956,21978.021978022,182,0,0,0,65.4,1,81.75,BENIGN
3,5,9964.819467,6.85279427,1167407,0,0,0,1292.555556,1,1454.125,DDoS
8,4,145.2376502,0.149434262,80302869,0,0,1,897.6153846,0,972.4166667,DDoS
16,8,74.1490385878,0.3093840275,77573494,0,1,1,246.2,0,256.4583333333,BENIGN
39,37,314.2413095474,0.6544182475,116133681,0,0,0,473.9480519481,0,480.1842105263,BENIGN
3,6,41795.55996,32.33560042,278331,0,0,0,1163.3,2,1292.555556,DDoS
3,6,18123.71889,14.02885267,641535,0,0,0,1162.7,2,1291.888889,DDoS
5,0,5.853675669,0.975612612,5124985,0,0,1,6,0,7.2,DDoS
4,0,2.587094259,0.431182376,9276817,0,0,1,6,0,7.5,DDoS
6,0,3.083323477,0.513887246,11675713,0,0,1,6,0,7,DDoS
2,0,0,666666.666666667,3,0,0,1,0,0,0,BENIGN
9,7,67540.2656914864,180.5889456992,88599,0,0,0,352,0,374,BENIGN
4,0,5.929225796,0.988204299,4047746,0,0,1,6,0,7.5,DDoS
1,1,0,45454.5454545455,44,0,0,1,0,1,0,BENIGN
4,0,2.989236879,0.498206146,8028805,0,0,1,6,0,7.5,DDoS
3,2,11919.1078197235,54.7753116715,91282,0,0,0,181.3333333333,0,217.6,BENIGN
8,6,154.4655278,0.185416907,75505520,0,0,1,777.9333333,0,833.5,DDoS
2,2,8730.7686019325,65.3990157448,61163,0,0,0,116.8,1,146,BENIGN
4,0,55.42801979,9.238003298,432994,0,0,1,6,0,7.5,DDoS
4,0,5.994386257,0.999064376,4003746,0,0,1,6,0,7.5,DDoS
5,0,13.06649233,2.177748722,2295949,0,0,1,6,0,7.2,DDoS
3,3,0.199411636,0.0664705453,90265545,0,0,1,3.4285714286,1,4,BENIGN
38,55,3501.1474495483,3.6898035334,25204594,0,1,1,942.8723404255,1,953.0107526882,BENIGN
1,1,157894.736842105,26315.7894736842,76,0,0,1,6,1,9,BENIGN
4,2,6352.1018942294,97.7246445266,61397,0,0,0,61.5714285714,0,71.8333333333,BENIGN
3,4,26798.65857,16.13405091,433865,0,0,0,1453.375,1,1661,DDoS
1,1,5335.1440488893,64.6684127138,30927,0,0,0,72.3333333333,1,108.5,BENIGN
2,2,2235849.05660377,18867.9245283019,212,0,0,0,100.8,1,126,BENIGN
2,1,462500,37500,80,0,1,1,17,0,22.6666666667,BENIGN
5,0,3.242275818,0.540379303,9252760,0,0,1,6,0,7.2,DDoS
10,6,2260.7368261308,35.7075905411,448084,0,0,0,59.5882352941,0,63.3125,BENIGN
1,1,2561.041779707,43.4074877916,46075,0,0,0,54,1,81,BENIGN
1,1,0,24390.243902439,82,0,0,1,0,1,0,BENIGN
3,5,13934.96457,9.58800349,834376,0,0,0,1291.888889,1,1453.375,DDoS
1,1,179104.47761194,29850.7462686567,67,0,0,1,6,1,9,BENIGN
3,5,18830.02315,12.94938409,617790,0,0,0,1292.555556,1,1454.125,DDoS
1,3,290322.580645161,64516.1290322581,62,0,0,1,3.6,3,4.5,BENIGN
15,12,15601.1217754682,44.1772719389,611174,0,0,0,340.5357142857,0,353.1481481481,BENIGN
5,0,57.6559401,9.60932335,520328,0,0,1,6,0,7.2,DDoS
3,5,26790.69039,18.42392531,434218,0,0,0,1292.555556,1,1454.125,DDoS
26,20,73.8781518866,0.3892331906,118181083,0,0,0,185.7659574468,0,189.8043478261,BENIGN
3,5,15630.68952,10.74920624,744241,0,0,0,1292.555556,1,1454.125,DDoS
8,4,131.5444418,0.135415055,88616439,0,0,1,897.1538462,0,971.9166667,DDoS
4,0,18.76464522,3.12744087,1279001,0,0,1,6,0,7.5,DDoS
3,4,67024.65387,40.33117658,173563,0,0,0,1454.125,1,1661.857143,DDoS
2,2,8023.8790640948,128.3820650255,31157,0,0,0,56.8,1,71,BENIGN
3,5,118805.9153,81.70268393,97916,0,0,0,1292.555556,1,1454.125,DDoS
2,2,1552380.95238095,19047.619047619,210,0,0,0,75.4,1,94.25,BENIGN
11,6,37.1241853499,0.5685686045,29899646,0,0,0,61.6666666667,0,65.2941176471,BENIGN
4,0,3.170061935,0.528343656,7570830,0,0,1,6,0,7.5,DDoS
8,6,155.4781789,0.186632471,75013742,0,0,1,777.9333333,0,833.5,DDoS
1,1,400000,4938.2716049383,405,0,0,0,71,1,106.5,BENIGN
3,4,18246.4821400959,98.40167564,71137,0,0,0,162.25,1,185.4285714286,BENIGN
3,7,11199.41466,9.62727986,1038715,0,0,0,1057.545455,2,1163.3,DDoS
23,20,52.5035755133,0.3705931955,116030193,0,0,0,138.4545454545,0,141.6744186047,BENIGN
3,4,918950.944,552.9662691,12659,0,0,0,1454.125,1,1661.857143,DDoS
4,0,2.390733993,0.398455666,10038758,0,0,1,6,0,7.5,DDoS
3,5,18401.72486,12.65484388,632169,0,0,0,1292.555556,1,1454.125,DDoS
4,0,799.0145487,133.1690915,30037,0,0,1,6,0,7.5,DDoS
3,4,109327.5692,65.78638222,106405,0,0,0,1454.125,1,1661.857143,DDoS
3,6,12867.67959,9.955223616,904048,0,0,0,1163.3,2,1292.555556,DDoS
3,5,12454.4454,8.564907007,934044,0,0,0,1292.555556,1,1454.125,DDoS
3,6,6676.105305,5.165043217,1742483,0,0,0,1163.3,2,1292.555556,DDoS
8,6,137.3705343,0.164896466,84901759,0,0,1,777.9333333,0,833.5,DDoS
3,4,17456.83087,10.50983195,666043,0,0,0,1453.375,1,1661,DDoS
3,7,258406.4896,222.2469163,44995,0,0,0,1057,2,1162.7,DDoS
1,1,119.4647977063,19.9107996177,100448,0,0,1,6,1,9,BENIGN
38,49,222435.935549081,258.6360663535,336380,0,0,0,850.2613636364,1,860.0344827586,BENIGN
338,0,920.6663755724,13.9996956516,24143382,0,0,0,65.7699115044,0,65.9644970414,BENIGN
2,0,9250000,500000,4,0,1,1,24.6666666667,0,37,BENIGN
2,0,31000000,500000,4,0,0,0,62,0,93,BENIGN
4,0,12.95152944,2.15858824,1853063,0,0,1,6,0,7.5,DDoS
2,2,1917159.76331361,23668.6390532544,169,0,0,0,70.8,1,88.5,BENIGN
3,6,19736.98729,15.27761981,589097,0,0,0,1162.7,2,1291.888889,DDoS
12,7,80425.5255119698,285.8905490603,66459,0,0,0,267.25,0,281.3157894737,BENIGN
5,0,7.484174713,1.247362452,4008458,0,0,1,6,0,7.2,DDoS
8,5,161.3217567,0.179815042,72296510,0,0,1,833.5,0,897.6153846,DDoS
6,0,4.152360727,0.692060121,8669767,0,0,1,6,0,7,DDoS
8,9,55510.8709312555,213.6483599346,79570,0,0,0,245.3888888889,1,259.8235294118,BENIGN
4,0,981.3943979,163.565733,24455,0,0,1,6,0,7.5,DDoS
8,6,116.4027702,0.139727238,100195210,0,0,1,777.9333333,0,833.5,DDoS
8,6,143.5814551,0.172440625,81187365,0,0,1,777.5333333,0,833.0714286,DDoS
3,5,142177.9516,97.77560499,81820,0,0,0,1292.555556,1,1454.125,DDoS
2,2,1414965.98639456,27210.8843537415,147,0,0,0,50.4,1,63,BENIGN
1,1,0,35714.2857142857,56,0,0,1,0,1,0,BENIGN
5,0,4.046487123,0.674414521,7413838,0,0,1,6,0,7.2,DDoS
2,2,730593.607305936,18264.8401826484,219,0,0,0,38.4,1,48,BENIGN
4,0,644.9532409,107.4922068,37212,0,0,1,6,0,7.5,DDoS
2,0,4000000,666666.666666667,3,0,0,1,6,0,9,BENIGN
2,0,0,666666.666666667,3,0,0,1,0,0,0,BENIGN
5,0,14.46424439,2.410707398,2074080,0,0,1,6,0,7.2,DDoS
4,0,16.97215365,2.828692274,1414081,0,0,1,6,0,7.5,DDoS
2,0,4000000,666666.666666667,3,0,0,1,6,0,9,BENIGN
9,4,142.9225391,0.159306611,81603644,0,0,1,833.5,0,897.6153846,DDoS
1,1,375000,62500,32,0,0,1,6,1,9,BENIGN
3,5,10296.70405,7.081030892,1129779,0,0,0,1292.555556,1,1454.125,DDoS
5,0,2.653775216,0.442295869,11304650,0,0,1,6,0,7.2,DDoS
8,4,124.5079655,0.128171535,93624532,0,0,1,897.1538462,0,971.9166667,DDoS
8,4,159.9395907,0.164561013,72921282,0,0,1,897.6153846,0,972.4166667,DDoS
3,5,54658.64775,37.58868581,212830,0,0,0,1292.555556,1,1454.125,DDoS
2,2,1283950.61728395,24691.3580246914,162,0,0,0,50.4,1,63,BENIGN
3,4,16791.78305,10.10944193,692422,0,0,0,1453.375,1,1661,DDoS
8,4,164.739431,0.169499543,70796651,0,0,1,897.6153846,0,972.4166667,DDoS
8,5,126.3343271,0.140816793,92318535,0,0,1,833.5,0,897.6153846,DDoS
2,0,0,5586.592178771,358,0,0,1,0,0,0,BENIGN
4,0,6.912526016,1.152087669,3471958,0,0,1,6,0,7.5,DDoS
2,2,2962.6469472886,47.4023511566,84384,0,0,0,57.4,1,71.75,BENIGN
6,4,2.365537107,0.0857078662,116675405,0,1,1,29.2727272727,0,32.2,BENIGN
9,6,142.7402036,0.183580816,81707884,0,0,1,729.3125,0,777.9333333,DDoS
3,5,6954.349861,4.78249797,1672766,0,0,0,1292.555556,1,1454.125,DDoS
5,1,33.2368119177,1.1017727708,5445769,0,1,1,32.4285714286,0,37.8333333333,BENIGN
1,1,4112.27154047,65.274151436,30640,0,0,0,60.3333333333,1,90.5,BENIGN
4,4,2633.5726397056,36.0763375302,221752,0,0,0,69.8888888889,1,78.625,BENIGN
1,1,488095.238095238,3968.253968254,504,0,0,0,109.3333333333,1,164,BENIGN
3,5,42910.52346,29.50951497,271099,0,0,0,1292.555556,1,1454.125,DDoS
2,2,2074074.07407407,49382.7160493827,81,0,0,0,38.8,1,48.5,BENIGN
3,1,2.3712973427,0.7904324476,5060521,0,0,0,2.4,0,3,BENIGN
4,4,18338.6233208297,256.4842422494,31191,0,0,0,68.4444444444,1,77,BENIGN
5,0,2.487218598,0.414536433,12061666,0,0,1,6,0,7.2,DDoS
4,0,2.810369608,0.468394935,8539802,0,0,1,6,0,7.5,DDoS
3,4,9067.369629,5.456166716,1282952,0,0,0,1454.125,1,1661.857143,DDoS
2,2,464831.804281346,12232.4159021407,327,0,0,0,34.8,1,43.5,BENIGN
4,0,2.562323994,0.427053999,9366497,0,0,1,6,0,7.5,DDoS
1,1,8342.0229405631,65.1720542231,30688,0,0,0,106.6666666667,1,160,BENIGN
3,5,10064.72343,6.925069878,1155223,0,0,0,1291.888889,1,1453.375,DDoS
4,0,4.00810171,0.668016952,5987872,0,0,1,6,0,7.5,DDoS
3,6,17119.0723,13.25119555,679184,0,0,0,1162.7,2,1291.888889,DDoS
2,1,0,60000,50,0,0,1,0,0,0,BENIGN
4,2,20790.6659219264,186.1850679576,32226,0,0,0,101,0,117.8333333333,BENIGN
2,2,7856.0159696062,128.7871470427,31059,0,0,0,55.8,1,69.75,BENIGN
5,3,8005.4874141463,72.202817715,110799,0,0,0,98.5555555556,0,110.875,BENIGN
2,2,4929.8445202882,84.2708465007,47466,0,0,0,52.8,1,66,BENIGN
2,0,4000000,666666.666666667,3,0,0,1,6,0,9,BENIGN
1,1,0,20.7030764772,96604,0,0,1,0,1,0,BENIGN
8,5,128.5384007,0.143347277,90688852,0,0,1,833.0714286,0,897.1538462,DDoS
3,5,21673.67821,14.90496223,536734,0,0,0,1292.555556,1,1454.125,DDoS
1,1,0,38461.5384615385,52,0,0,1,0,1,0,BENIGN
2,2,1744.8961786774,29.081602978,137544,0,0,0,55.2,1,69,BENIGN
3,4,19794.65155,11.91116314,587684,0,0,0,1454.125,1,1661.857143,DDoS
15,10,14889.9063342486,44.3997684108,563066,0,0,0,322.4615384615,0,335.36,BENIGN
8,4,148.8443822,0.15314521,78357005,0,0,1,897.6153846,0,972.4166667,DDoS
3,4,6490.566712,3.907625955,1791369,0,0,0,1453.375,1,1661,DDoS
3,4,6694.322176,4.030296313,1736845,0,0,0,1453.375,1,1661,DDoS
1,1,4293.893129771,32.9033956304,60784,0,0,0,102,1,153,BENIGN
2,2,344537.81512605,4201.6806722689,952,0,0,0,76,1,95,BENIGN
1,1,0,35714.2857142857,56,0,0,1,0,1,0,BENIGN
3,6,22603.99939,17.49686029,514378,0,0,0,1162.7,2,1291.888889,DDoS
4,0,136111.111111111,11111.1111111111,360,0,0,1,11,0,13.75,BENIGN
8,5,161.1037503,0.179572044,72394342,0,0,1,833.5,0,897.6153846,DDoS
3,6,9441.205306,7.304293626,1232152,0,0,0,1163.3,2,1292.555556,DDoS
4,0,198.3159669,33.05266115,121019,0,0,1,6,0,7.5,DDoS
1,1,1928.2626052636,30.1291032072,66381,0,0,0,61.3333333333,1,92,BENIGN
20,17,23.1542089345,0.3185964041,116134393,0,0,0,70.7631578947,0,72.6756756757,BENIGN
3,1,0,0.7498774419,5334205,0,0,0,0,0,0,BENIGN
4,6,6616.346864,5.687567149,1758221,0,0,0,1057.545455,1,1163.3,DDoS
3,6,287704.4515,222.7006161,40413,0,0,0,1162.7,2,1291.888889,DDoS
2,2,265091.86351706,2624.6719160105,1524,0,0,0,86.8,1,108.5,BENIGN
3,5,8537.373853,5.871141651,1362597,0,0,0,1292.555556,1,1454.125,DDoS
2,0,12000000,2000000,1,1,0,0,6,0,9,BENIGN
4,4,208.7388699633,1.526426837,5240998,0,0,0,125.2222222222,1,140.875,BENIGN
3,6,7450.732488,5.764342164,1561323,0,0,0,1163.3,2,1292.555556,DDoS
3,4,13852.30558,8.335437039,839788,0,0,0,1454.125,1,1661.857143,DDoS
144,182,115089.093481261,100.961050094,3228968,0,0,0,1136.4495412844,1,1139.9355828221,BENIGN
10,6,9317.1073540007,78.9585368983,202638,0,0,0,111.0588235294,0,118,BENIGN
2,0,9.2422134352,0.2497895523,8006740,0,1,1,37,0,55.5,BENIGN
3,4,8785.84899,5.286765489,1324061,0,0,0,1454.125,1,1661.857143,DDoS
14,7,8776.3644820125,26.5414248448,791216,0,0,0,315.6363636364,0,330.6666666667,BENIGN
1,1,0,42553.1914893617,47,0,0,1,0,1,0,BENIGN
2,2,7938.4445203585,65.06921738,61473,0,0,0,103.4,1,129.25,BENIGN
3,6,26424.57961,20.45422005,440007,0,0,0,1162.7,2,1291.888889,DDoS
3,4,18007.76253,10.84151868,645666,0,0,0,1453.375,1,1661,DDoS
1,1,4179.3189016228,65.3018578379,30627,0,0,0,61.3333333333,1,92,BENIGN
2,2,1562913.90728477,26490.0662251656,151,0,0,0,54.2,1,67.75,BENIGN
1,1,0,21.0214313493,95141,0,0,1,0,1,0,BENIGN
1,1,214285.714285714,35714.2857142857,56,0,0,1,6,1,9,BENIGN
5,0,9.460740921,1.576790154,3170999,0,0,1,6,0,7.2,DDoS
2,2,1241877.25631769,14440.4332129964,277,0,0,0,75.4,1,94.25,BENIGN
8,5,146.771345,0.163596629,79463740,0,0,1,833.5,0,897.6153846,DDoS
2,2,1991031.39013453,17937.2197309417,223,0,0,0,98.2,1,122.75,BENIGN
1,1,5529.3543665637,65.0512278419,30745,0,0,0,74.3333333333,1,111.5,BENIGN
3,1,2.0802534026,0.6934178009,5768528,0,0,0,2.4,0,3,BENIGN
1,1,0,39215.6862745098,51,0,0,1,0,1,0,BENIGN
3,6,24110.30147,18.66282904,482242,0,0,0,1162.7,2,1291.888889,DDoS
4,0,2.398385886,0.399730981,10006730,0,0,1,6,0,7.5,DDoS
3,0,4500000,750000,4,0,0,1,6,0,8,BENIGN
3,6,29878.55333,23.12780425,389142,0,0,0,1162.7,2,1291.888889,DDoS
3,5,509107.6276,350.2933707,22838,0,0,0,1291.888889,1,1453.375,DDoS
3,5,8607.091065,5.919086093,1351560,0,0,0,1292.555556,1,1454.125,DDoS
5,0,5.071329946,0.845221658,5915608,0,0,1,6,0,7.2,DDoS
3,4,14665.0148993873,78.1241280789,89601,0,0,0,164.25,1,187.7142857143,BENIGN
3,4,190525.3499,114.7052076,61026,0,0,0,1453.375,1,1661,DDoS
8,5,659.3253861087,2.2361674979,5813518,0,0,0,273.7857142857,0,294.8461538462,BENIGN
5,0,3.456704659,0.576117443,8678786,0,0,1,6,0,7.2,DDoS
4,0,5.873615937,0.97893599,4086069,0,0,1,6,0,7.5,DDoS
2,1,448.5757719241,74.762628654,40127,0,0,1,6,0,8,BENIGN
4,0,3.425152637,0.570858773,7006987,0,0,1,6,0,7.5,DDoS
1,1,0,30303.0303030303,66,0,0,1,0,1,0,BENIGN
3,6,23039.36527,17.83385976,504658,0,0,0,1162.7,2,1291.888889,DDoS
9,4,131.7371147,0.146763432,88577923,0,0,1,833.9285714,0,898.0769231,DDoS
22,16,89.5381750734,0.3355474017,113247785,0,0,1,260,0,266.8421052632,BENIGN
1,1,1341.5503290991,20.9617238922,95412,0,0,0,61.3333333333,1,92,BENIGN
1,1,0,20408.1632653061,98,0,0,1,0,1,0,BENIGN
5,0,4.819425756,0.803237626,6224808,0,0,1,6,0,7.2,DDoS
3,6,18055.27302,13.97587143,643967,0,0,0,1162.7,2,1291.888889,DDoS
2,0,12000000,2000000,1,1,0,0,6,0,9,BENIGN
8,4,140.9507912,0.145023536,82745190,0,0,1,897.6153846,0,972.4166667,DDoS
6,6,232.0993385169,3.4902156168,3438183,0,0,0,64.1538461538,1,69.5,BENIGN
4,0,3.725063609,0.620843935,6442843,0,0,1,6,0,7.5,DDoS
2,2,1619047.61904762,19047.619047619,210,0,0,0,77.2,1,96.5,BENIGN
12,9,1179.8467486853,5.0074336545,4193765,0,0,0,286.2727272727,0,299.9047619048,BENIGN
2,2,19068.2005974703,127.1213373165,31466,0,0,0,129.4,1,161.75,BENIGN
4,0,11.49430242,1.91571707,2087991,0,0,1,6,0,7.5,DDoS
3,1,2.2315430469,0.7438476823,5377445,0,0,0,2.4,0,3,BENIGN
1,1,127659.574468085,21276.5957446809,94,0,0,1,6,1,9,BENIGN
2,2,5564.5206165489,74.1936082207,53913,0,0,0,69.2,1,86.5,BENIGN
5,0,3.359504997,0.5599175,8929887,0,0,1,6,0,7.2,DDoS
2,0,4000000,666666.666666667,3,1,0,0,6,0,9,BENIGN
3,5,6290.465079,4.328177572,1848353,0,0,0,1291.888889,1,1453.375,DDoS
2,2,9458.460888842,84.4505436504,47365,0,0,0,96.4,1,120.5,BENIGN
3,5,178095.1944,122.4758493,65319,0,0,0,1292.555556,1,1454.125,DDoS
3,5,6325.565715,4.350083875,1839045,0,0,0,1292.555556,1,1454.125,DDoS
15,19,73.5551435463,0.4522377723,75181690,0,0,0,158,1,162.6470588235,BENIGN
2,0,3000000,500000,4,1,0,0,6,0,9,BENIGN
8,4,115.7729088,0.119118143,100740321,0,0,1,897.6153846,0,972.4166667,DDoS
3,4,652293.3722,392.5086913,17834,0,0,0,1454.125,1,1661.857143,DDoS
5,0,658.4474263788,113.5254183412,44043,0,0,1,4.8333333333,0,5.8,BENIGN
1,1,1020.2671824684,21.2555663014,94093,0,0,0,48,1,72,BENIGN
2,2,1918367.34693878,20408.1632653061,196,0,0,0,84.4,1,105.5,BENIGN
2,0,7155.6350626118,1192.6058437686,1677,0,0,1,6,0,9,BENIGN
3,5,13609.03321,9.363745217,854359,0,0,0,1291.888889,1,1453.375,DDoS
8,6,119.124818,0.142994723,97905711,0,0,1,777.9333333,0,833.5,DDoS
7,4,1443.447663,1.362794979,8071647,0,0,1,971.4166667,0,1059.727273,DDoS
1,1,2540.8860836073,40.3315251366,49589,0,0,0,58.3333333333,1,87.5,BENIGN
16,13,9225.8291849254,15.1611631644,1912782,0,0,0,588.2333333333,0,608.5172413793,BENIGN
3,5,238142.0295,163.7699851,48849,0,0,0,1292.555556,1,1454.125,DDoS
3,5,21360.04333,14.68927591,544615,0,0,0,1292.555556,1,1454.125,DDoS
3,5,17403.05732,11.97423743,668101,0,0,0,1291.888889,1,1453.375,DDoS
13,0,30952380.952381,619047.619047619,21,0,0,0,50,0,53.8461538462,BENIGN
4,0,2.442805028,0.407134171,9824771,0,0,1,6,0,7.5,DDoS
3,4,28279.62952,17.02566497,411144,0,0,0,1453.375,1,1661,DDoS
10,6,4003.8604833308,34.2393200071,467299,0,0,0,110.0588235294,0,116.9375,BENIGN
2,2,1485380.11695906,23391.8128654971,171,0,0,0,59.8,1,74.75,BENIGN
31,35,300.2621097603,0.568743521,116045278,0,0,0,520.0597014925,1,527.9393939394,BENIGN
4,2,5461.9636746512,65.8067912609,91176,0,0,0,76.1428571429,0,88.8333333333,BENIGN
1,1,3178.5917549907,21.4769713175,93123,0,0,0,112,1,168,BENIGN
1,1,5333.2460818637,65.4386022315,30563,0,0,0,71.3333333333,1,107,BENIGN
2,0,0,666666.666666667,3,0,0,1,0,0,0,BENIGN
8,4,142.5315868,0.146650008,81827476,0,0,1,897.6153846,0,972.4166667,DDoS
22,29,226.008141418,0.4341726387,117464795,0,0,0,510.5384615385,1,520.5490196078,BENIGN
10,7,25573.0205849433,82.7290865736,205490,0,0,0,291.9444444444,0,309.1176470588,BENIGN
3,4,560688.6242,337.5608815,20737,0,0,0,1453.375,1,1661,DDoS
1,1,2196.8088460973,21.022094221,95138,0,0,0,86.6666666667,1,130,BENIGN
2,2,7110.9218650202,85.1607408984,46970,0,0,0,74.4,1,93,BENIGN
2,2,8952.2652428302,127.889503469,31277,0,0,0,62.8,1,78.5,BENIGN
2,2,7.8303527965,2.6101175988,1532498,0,0,0,2.4,1,3,BENIGN
5,0,4.147203036,0.691200506,7233791,0,0,1,6,0,7.2,DDoS
11,10,987.1119952138,2.3518665645,8929078,0,0,0,400.6363636364,0,419.7142857143,BENIGN
2,2,1618768.32844575,11730.2052785924,341,0,0,0,117.2,1,146.5,BENIGN
8,7,148.6620821,0.191295465,78412732,0,0,1,728.9375,0,777.5333333,DDoS
1,1,16150.7402422611,2691.7900403769,743,1,0,1,6,1,9,BENIGN
2,0,100840.336134454,16806.7226890756,119,0,0,1,6,0,9,BENIGN
3,5,24564.77647,16.90188456,473320,0,0,0,1291.888889,1,1453.375,DDoS
2,2,11.1292880535,0.0644242434,62088428,0,0,0,147.2,1,184,BENIGN
8,7,162.6817859,0.209228054,71692107,0,0,1,729.3125,0,777.9333333,DDoS
8,5,142.3897932,0.158794485,81866823,0,0,1,833.0714286,0,897.1538462,DDoS
4,0,3.41657729,0.569429548,7024574,0,0,1,6,0,7.5,DDoS
2,2,5343.8276719138,82.850041425,48280,0,0,0,58.8,1,73.5,BENIGN
4,0,1.992733663,0.332122277,12043757,0,0,1,6,0,7.5,DDoS
2,0,0,3189.7926634769,627,0,0,1,0,0,0,BENIGN
3,4,14252.66908,8.576350346,816198,0,0,0,1454.125,1,1661.857143,DDoS
2,0,0,9523.8095238095,210,0,0,1,0,0,0,BENIGN
5,0,12.82885157,2.138141929,2338479,0,0,1,6,0,7.2,DDoS
1,2,21958.882589987,51.2260091524,58564,0,1,1,635.25,2,847,BENIGN
2,1,149390.243902439,9146.3414634146,328,0,1,1,21.5,0,28.6666666667,BENIGN
2,0,631578.947368421,105263.157894737,19,0,0,1,6,0,9,BENIGN
5,0,5.879536528,0.979922755,5102443,0,0,1,6,0,7.2,DDoS
3,5,9365.575452,6.440694887,1242102,0,0,0,1292.555556,1,1454.125,DDoS
13,8,5788.3846622921,21.8901634987,959335,0,0,0,252.4090909091,0,264.4285714286,BENIGN
2,2,1672727.27272727,24242.4242424242,165,0,0,0,64,1,80,BENIGN
3,1,2.03419447,0.6780648233,5899141,0,0,0,2.4,0,3,BENIGN
2,2,13130.7929969104,128.7332646756,31072,0,0,0,89.2,1,111.5,BENIGN
1,1,1022.6374750151,15.4945071972,129078,0,0,0,60.6666666667,1,91,BENIGN
3,5,12949.82929,8.905581907,898313,0,0,0,1292.555556,1,1454.125,DDoS
4,0,3.78078802,0.630131337,6347883,0,0,1,6,0,7.5,DDoS
1,1,0,85.9401856308,23272,0,0,1,0,1,0,BENIGN
3,0,25163.3986928105,980.3921568627,3060,0,1,1,30.75,0,41,BENIGN
2,0,15500000,1000000,2,0,1,1,20.6666666667,0,31,BENIGN
1,1,5793.9525620134,120.7073450419,16569,0,0,0,48,1,72,BENIGN
6,3,19993.5379644588,116.3166397415,77375,0,0,0,154.7,0,171.8888888889,BENIGN
3,1,8.3260512656,0.7745163968,5164513,0,0,1,9.8,0,12.25,BENIGN
2,2,1173652.69461078,23952.0958083832,167,0,0,0,47.4,1,59.25,BENIGN
2,1,0,68181.8181818182,44,0,0,1,0,0,0,BENIGN
3,5,25493.18677,17.53163364,456318,0,0,0,1292.555556,1,1454.125,DDoS
2,0,4000000,666666.666666667,3,0,0,1,6,0,9,BENIGN
5,0,2.705691151,0.450948525,11087740,0,0,1,6,0,7.2,DDoS
13,9,6723.6612255758,25.4508855751,864410,0,0,0,252.6956521739,0,264.1818181818,BENIGN
5,0,23.94269078,3.990448463,1252992,0,0,1,6,0,7.2,DDoS
1,1,81081.0810810811,13513.5135135135,148,0,0,1,6,1,9,BENIGN
2,2,2086419.75308642,24691.3580246914,162,0,0,0,75,1,93.75,BENIGN
4,0,6.158709956,1.026451659,3896920,0,0,1,6,0,7.5,DDoS
5,0,3.265160412,0.544193402,9187910,0,0,1,6,0,7.2,DDoS
5,0,2.60288443,0.433814072,11525675,0,0,1,6,0,7.2,DDoS
8,6,130.2507494,0.156430513,89496606,0,0,1,777.5333333,0,833.0714286,DDoS
1,1,4297.2946576814,65.1105251164,30717,0,0,0,60.6666666667,1,91,BENIGN
1,1,500000,83333.3333333333,24,0,0,1,6,1,9,BENIGN
8,7,1096.6730769771,3.011734924,4980518,0,0,0,341.375,0,364.1333333333,BENIGN
7,6,81.152298055,0.6995887763,18582345,0,0,0,107.7142857143,0,116,BENIGN
10,11,38.7802427508,0.3226565364,65084688,0,0,0,114.7272727273,1,120.1904761905,BENIGN
2,5,9878.017906,5.947030648,1177058,0,0,0,1453.375,2,1661,DDoS
1,1,67039.1061452514,11173.1843575419,179,0,0,1,6,1,9,BENIGN
4,0,6.227318937,1.037886489,3853986,0,0,1,6,0,7.5,DDoS
3,6,171770.7164,132.8923277,67724,0,0,0,1163.3,2,1292.555556,DDoS
3,6,12450.65973,9.632591552,934328,0,0,0,1163.3,2,1292.555556,DDoS
4,0,7.2073717,1.201228617,3329924,0,0,1,6,0,7.5,DDoS
2,2,4.1376183756,0.0440172168,90873533,0,0,0,85,1,106.25,BENIGN
2,2,5715.6696536692,64.5838378946,61935,0,0,0,77.4,1,96.75,BENIGN
4,0,2.017151673,0.336191945,11897965,0,0,1,6,0,7.5,DDoS
2,2,5709.2808252506,129.7563823921,30827,0,0,0,42.4,1,53,BENIGN
8,4,129.1963359,0.132997858,90227017,0,0,1,897.1538462,0,971.9166667,DDoS
2,0,9.2417078776,0.2497758886,8007178,0,1,1,37,0,55.5,BENIGN
18,14,528.0382598169,1.8296940243,17489263,0,0,0,279.8484848485,0,288.59375,BENIGN
2,2,121.5404498671,1.3392887038,2986660,0,0,0,81.6,1,102,BENIGN
3,6,221534.1818,171.4808323,52484,0,0,0,1162.7,2,1291.888889,DDoS
8,6,143.819641,0.172637827,81094626,0,0,1,777.9333333,0,833.5,DDoS
3,4,35011.94855,21.06796526,332258,0,0,0,1454.125,1,1661.857143,DDoS
2,6,80252.06894,55.21773041,144881,0,0,0,1291.888889,3,1453.375,DDoS
2,2,1342857.14285714,28571.4285714286,140,0,0,0,45.4,1,56.75,BENIGN
5,1,35.0624411711,1.1622908676,5162219,0,1,1,32.4285714286,0,37.8333333333,BENIGN
3,4,6695.610182,4.028992631,1737407,0,0,0,1454.125,1,1661.857143,DDoS
8,10,1125.0644382394,3.3791356396,5326806,0,0,0,315.4210526316,1,332.9444444444,BENIGN
3,4,100222.2758,60.30739541,116072,0,0,0,1454.125,1,1661.857143,DDoS
4,0,6.28113743,1.046856238,3820964,0,0,1,6,0,7.5,DDoS
5,0,4.177252521,0.696208753,7181754,0,0,1,6,0,7.2,DDoS
3,1,145454.545454545,72727.2727272727,55,0,1,1,2.4,0,3,BENIGN
2,0,0,666666.666666667,3,0,0,1,0,0,0,BENIGN
2,2,5647.1206251231,131.3283866308,30458,0,0,0,41.4,1,51.75,BENIGN
3,5,12378.03386,8.512358881,939810,0,0,0,1292.555556,1,1454.125,DDoS
1,1,4000000,666666.666666667,3,0,0,1,6,1,9,BENIGN
2,0,39.5262124666,6.5877020778,303596,0,0,1,6,0,9,BENIGN
31,25,589.8386122296,1.503594423,37244086,0,0,0,385.4035087719,0,392.2857142857,BENIGN
2,2,993630.573248408,25477.7070063694,157,0,0,0,37.4,1,46.75,BENIGN
4,0,11.13196293,1.855327154,2155954,0,0,1,6,0,7.5,DDoS
2,2,2080000,22857.1428571429,175,0,0,0,80.8,1,101,BENIGN
8,6,127.5246827,0.15315652,91409755,0,0,1,777.5333333,0,833.0714286,DDoS
2,0,14333333.3333333,666666.666666667,3,0,0,1,16.3333333333,0,24.5,BENIGN
3,6,6468.459241,5.004395527,1798419,0,0,0,1163.3,2,1292.555556,DDoS
3,5,70814.61461,48.69912463,164274,0,0,0,1292.555556,1,1454.125,DDoS
3,5,301358.1463,207.350578,38582,0,0,0,1291.888889,1,1453.375,DDoS
1,1,244897.959183673,40816.3265306122,49,0,0,1,6,1,9,BENIGN
2,2,3008264.46280992,33057.8512396694,121,0,0,0,89.4,1,111.75,BENIGN
3,5,22275.36976,15.31874478,522236,0,0,0,1292.555556,1,1454.125,DDoS
2,2,5111.0674267741,65.5265054715,61044,0,0,0,69,1,86.25,BENIGN
3,5,12340.24126,8.490748268,942202,0,0,0,1291.888889,1,1453.375,DDoS
1,1,3832.7865657583,64.9624841654,30787,0,0,0,56.3333333333,1,84.5,BENIGN
9,6,155.529778,0.199926872,75027433,0,0,1,729.6875,0,778.3333333,DDoS
3,4,21292.48476,12.81246396,546343,0,0,0,1454.125,1,1661.857143,DDoS
8,8,868.7440165796,3.1433523893,5090107,0,0,0,260.1176470588,1,276.375,BENIGN
2,3,173.3786686445,48.1607412901,103819,0,0,1,3,1,3.6,BENIGN
1,1,7948.314702257,85.0087133931,23527,0,0,0,80,1,120,BENIGN
2,4,473302.6514,244.3693235,24553,0,0,0,1660.142857,2,1936.833333,DDoS
5,0,3.681624863,0.613604144,8148576,0,0,1,6,0,7.2,DDoS
5,0,19.12042233,3.186737055,1569003,0,0,1,6,0,7.2,DDoS
3,6,28661.01515,22.18535619,405673,0,0,0,1162.7,2,1291.888889,DDoS
5,0,2.62450223,0.437417038,11430739,0,0,1,6,0,7.2,DDoS
8,4,115.4712163,0.118807734,101003526,0,0,1,897.6153846,0,972.4166667,DDoS
3,7,6218.558227,5.348377249,1869726,0,0,0,1057,2,1162.7,DDoS
2,0,86330.9352517986,14388.4892086331,139,0,0,1,6,0,9,BENIGN
5,0,7.602805131,1.267134188,3945912,0,0,1,6,0,7.2,DDoS
4,0,5.859509471,0.976584912,4095906,0,0,1,6,0,7.5,DDoS
2,0,56338.0281690141,9389.6713615024,213,0,0,1,6,0,9,BENIGN
4,0,796.0199005,132.6699834,30150,0,0,1,6,0,7.5,DDoS
1,1,6413.7727330267,84.3917464872,23699,0,0,0,73.3333333333,1,110,BENIGN
2,2,83.177399286,1.1316652964,3534614,0,0,0,67.2,1,84,BENIGN
2,0,461538.461538462,76923.0769230769,26,0,0,1,6,0,9,BENIGN
1,1,384433.962264151,4716.9811320755,424,0,0,0,71.3333333333,1,107,BENIGN
8,5,161.9792072,0.18064079,71966027,0,0,1,833.0714286,0,897.1538462,DDoS
3,5,105534.8411,72.57618231,110229,0,0,0,1292.555556,1,1454.125,DDoS
1,1,333333.333333333,55555.5555555556,36,0,0,1,6,1,9,BENIGN
4,0,4.276624168,0.712770695,5611903,0,0,1,6,0,7.5,DDoS
3,6,112542.5894,87.11475918,103312,0,0,0,1162.7,2,1291.888889,DDoS
3,6,19519.78672,15.10949346,595652,0,0,0,1162.7,2,1291.888889,DDoS
3,4,6324.619968,3.805754301,1839320,0,0,0,1454.125,1,1661.857143,DDoS
2,2,9321.7614914818,128.5760205722,31110,0,0,0,66.6,1,83.25,BENIGN
4,0,5.033785088,0.838964181,4767784,0,0,1,6,0,7.5,DDoS
3,6,17691.80699,13.6874635,657536,0,0,0,1163.3,2,1292.555556,DDoS
3,6,25221.4711,19.51287199,461234,0,0,0,1163.3,2,1292.555556,DDoS
2,0,102564.102564103,17094.0170940171,117,0,0,1,6,0,9,BENIGN
16,14,10.2465860453,0.2602858437,115257901,0,0,0,38.0967741935,0,39.3666666667,BENIGN
1,1,575.1642042449,10.2707893615,194727,0,0,0,53.3333333333,1,80,BENIGN
3,5,146533.4811,100.7708974,79388,0,0,0,1292.555556,1,1454.125,DDoS
3,0,50.0105522265,1.0002110445,2999367,0,0,0,50,0,66.6666666667,BENIGN
6,0,6.487786382,1.08129773,5548888,0,0,1,6,0,7,DDoS
3,4,18867.4655,11.35324151,616564,0,0,0,1454.125,1,1661.857143,DDoS
3,4,217471.7715,130.8606894,53492,0,0,0,1454.125,1,1661.857143,DDoS
1,1,0,10.2163829918,195764,0,0,1,0,1,0,BENIGN
2,0,5067.5675675676,844.5945945946,2368,0,0,1,6,0,9,BENIGN
4,4,607329.842931937,20942.4083769633,382,0,0,0,29,1,32.625,BENIGN
8,5,141.4234811,0.157716844,82426199,0,0,1,833.0714286,0,897.1538462,DDoS
3,5,16248.90875,11.17435486,715925,0,0,0,1292.555556,1,1454.125,DDoS
4,0,3.110195389,0.518365898,7716557,0,0,1,6,0,7.5,DDoS
2,2,1.2916259303,0.0890776504,44904642,0,0,1,12.8,1,16,BENIGN
4,4,5393.4075964072,82.9755014832,96414,0,0,0,63.4444444444,1,71.375,BENIGN
3,4,10789.1472,6.495573267,1077657,0,0,0,1453.375,1,1661,DDoS
3,5,38970.09288,26.81351535,298357,0,0,0,1291.888889,1,1453.375,DDoS
2,2,3.2425642576,0.0510640041,78333066,0,0,0,60,1,75,BENIGN
3,5,22365.59388,15.38872891,519861,0,0,0,1291.888889,1,1453.375,DDoS
1,1,4713.4300022913,65.4643055874,30551,0,0,0,66.3333333333,1,99.5,BENIGN
4,0,2.38470569,0.397450948,10064135,0,0,1,6,0,7.5,DDoS
2,0,0,10000,200,0,0,1,0,0,0,BENIGN
2,2,4524.2284338497,52.9149524427,75593,0,0,0,77.4,1,96.75,BENIGN
2,2,1108433.73493976,24096.3855421687,166,0,0,0,43,1,53.75,BENIGN
1,1,0,30303.0303030303,66,0,0,1,0,1,0,BENIGN
8,5,163.1734776,0.181972652,71439306,0,0,1,833.0714286,0,897.1538462,DDoS
